gene,counts
MT-CO3,470350.0
MT-CO2,449796.0
MT-CO1,446115.0
MT-ATP6,369410.0
MT-ND1,285596.0
MT-ND4,278152.0
MT-ND3,234935.0
MT-CYB,230458.0
MT-ND2,227793.0
MALAT1,181468.0
MTRNR2L12,138231.0
MAP1B,94096.0
SPARCL1,90227.0
CALM1,85926.0
HSP90AA1,84536.0
MBP,80930.0
FTH1,62354.0
MT3,59376.0
SNAP25,55584.0
CLU,55184.0
TUBA1B,51318.0
MT-ND5,50701.0
GNAS,48577.0
RPL37A,47695.0
MAP2,47416.0
RPL41,47186.0
CST3,46797.0
SYT1,45759.0
EEF1A1,45011.0
TMSB10,44945.0
CALM2,43777.0
NDUFA4,42150.0
GAPDH,41228.0
NRGN,39368.0
HSP90AB1,37527.0
TMSB4X,36997.0
IDS,36449.0
GPM6A,36307.0
ACTB,35471.0
VSNL1,35414.0
RTN4,35309.0
CAMK2N1,34868.0
PEBP1,34360.0
RPL34,34029.0
NEFL,33444.0
RPS24,32661.0
SLC1A2,32620.0
PPIA,32394.0
CPE,32107.0
MAP1A,31922.0
RPL32,30679.0
ATP5F1E,30379.0
RPL21,30153.0
RPL31,29758.0
STMN1,29706.0
CHN1,29275.0
RPL37,28974.0
CKB,28958.0
RPLP1,28825.0
RPS21,28716.0
GAP43,28280.0
OLFM1,27945.0
RPS27,27931.0
RPL9,27796.0
YWHAH,27484.0
TPT1,27421.0
RPL13,26941.0
UQCRB,26774.0
MT-ATP8,26371.0
RPL17,26117.0
BASP1,26110.0
RPL38,25990.0
PLP1,25710.0
RPS27A,25670.0
FTL,25580.0
UCHL1,25397.0
GFAP,25067.0
CALM3,24632.0
RPL26,24385.0
UBB,23996.0
RPS8,23836.0
MEG3,23718.0
STMN2,23543.0
COX4I1,23531.0
RTN1,23516.0
MTRNR2L8,23466.0
CCK,23436.0
YWHAB,23210.0
COX6A1,23167.0
RPS3A,22993.0
GPM6B,22876.0
RPL13A,22872.0
RPS12,22387.0
CCNI,22323.0
TTC3,22213.0
YWHAE,22134.0
RTN3,22116.0
SEPTIN7,22075.0
RPL36,22013.0
RPS23,21934.0
RPL6,21813.0
RPS29,21460.0
COX6C,21451.0
RPS18,21357.0
HSPA8,21340.0
ATP1B1,21320.0
ACTG1,21163.0
UBC,21065.0
YWHAG,21054.0
ARPP19,20680.0
DPYSL2,20674.0
RPS15,20606.0
RPS6,20368.0
SELENOW,20368.0
RPL15,20151.0
RPS14,20101.0
COX7C,20048.0
DYNLL1,19932.0
RPL35,19717.0
RPS28,19527.0
YWHAZ,19525.0
DST,19367.0
NEFM,19358.0
RPS25,19101.0
RPL24,19098.0
PPP3CA,18966.0
LMO4,18867.0
PRNP,18829.0
SLC17A7,18682.0
PTGDS,18461.0
ATP6V0C,18457.0
HMGB1,18268.0
PTMA,18265.0
SNHG14,18255.0
PRKCB,17786.0
PSAP,17718.0
MT-ND4L,17630.0
TUBA1A,17617.0
ANK2,17559.0
GLUL,17416.0
MIF,17303.0
RPL7,17259.0
RPLP2,17153.0
SERINC1,17153.0
THY1,17073.0
NUCKS1,17046.0
RPL4,16705.0
RPL39,16535.0
DKK3,16522.0
RPS11,16470.0
BEX3,16337.0
RPL3,16036.0
NORAD,16010.0
RPL23A,15843.0
C1orf61,15838.0
ATP2B1,15818.0
KIF5C,15797.0
RPL35A,15722.0
NDUFS5,15593.0
COX5B,15496.0
ATP5MD,15441.0
CFL1,15409.0
ATP5ME,15390.0
NTRK2,15287.0
SPTBN1,15284.0
TSC22D1,15218.0
KIF5A,15145.0
DSTN,15128.0
ITM2B,15098.0
MAN1A2,15062.0
HINT1,15053.0
MORF4L1,15052.0
BEX1,15039.0
SOD1,15038.0
EIF4A2,15019.0
APOE,15001.0
TUBB2A,14805.0
TSPAN7,14763.0
TPI1,14759.0
LDHB,14725.0
MDH1,14690.0
MEF2C,14674.0
RPS7,14640.0
VAMP2,14436.0
APC,14436.0
ENC1,14394.0
NDRG2,14193.0
RPL36A,14173.0
ENO2,14148.0
SEC62,14044.0
EIF1,14034.0
RPL7A,14024.0
OAZ1,13994.0
RPL5,13983.0
CLSTN1,13966.0
FAU,13944.0
MOBP,13931.0
RB1CC1,13883.0
ANKRD12,13869.0
UQCR11,13853.0
ATRX,13831.0
RPL30,13825.0
RPL10,13815.0
RPL27,13807.0
MTURN,13638.0
ATP5F1B,13555.0
SKP1,13493.0
APP,13441.0
GUK1,13418.0
PEA15,13394.0
RPL19,13381.0
NAP1L1,13291.0
RPS19,13241.0
RPL28,13225.0
PREPL,13219.0
SRP14,13153.0
PKM,13085.0
TLE5,13038.0
RPL14,13037.0
RPL22,13018.0
SARAF,13007.0
NACA,12902.0
ATP1A2,12861.0
RPSA,12796.0
TOMM7,12787.0
TSPYL1,12780.0
FBXL16,12581.0
ARL6IP1,12525.0
SERPINI1,12438.0
RPS20,12339.0
AQP4,12311.0
CCDC88A,12225.0
SNRPN,12027.0
LINC00632,12024.0
RPL11,11955.0
ALDOC,11916.0
CHCHD2,11824.0
MTCH1,11802.0
EEF2,11788.0
UBA52,11768.0
RAB6B,11686.0
ATP5MPL,11661.0
STXBP1,11633.0
NECAB1,11617.0
SYT11,11565.0
NDFIP1,11545.0
RPL23,11531.0
NDRG4,11448.0
NAPB,11434.0
PFN2,11361.0
RPL27A,11257.0
ATP5F1A,11212.0
FXYD6,11182.0
RPL12,11115.0
KLC1,11108.0
MYO5A,11092.0
RPS4X,11067.0
TMA7,10989.0
UQCRH,10989.0
PJA2,10914.0
UQCRQ,10903.0
GNB1,10853.0
NGRN,10832.0
RPL18,10807.0
COX7A2,10766.0
RPL8,10765.0
CREG2,10714.0
RPS13,10712.0
NDUFA13,10638.0
GABRB2,10635.0
GNAO1,10542.0
MRFAP1,10518.0
PGAM1,10481.0
ITM2C,10373.0
CADM2,10306.0
RGS4,10281.0
PFDN5,10245.0
NDUFB9,10243.0
FAM107A,10242.0
ELOB,10232.0
SCG3,10216.0
OIP5-AS1,10200.0
GPX4,10188.0
RPL29,10186.0
CELF4,10123.0
CLTC,10082.0
RPS17,10078.0
HSP90B1,10072.0
NSF,10044.0
PCLO,9993.0
EEF1A2,9958.0
DNM1,9934.0
KIF3A,9887.0
ENO1,9867.0
RPS9,9850.0
NCL,9848.0
AHCYL1,9832.0
PCDH9,9829.0
RPS16,9827.0
DYNC1H1,9823.0
GRIA2,9811.0
SLC1A3,9810.0
ATP1A1,9764.0
S100B,9739.0
RPL18A,9706.0
MZT2B,9694.0
TMEM59L,9688.0
EID1,9672.0
ATP5IF1,9655.0
NDUFA5,9629.0
MARCKS,9595.0
DDX24,9587.0
NDUFB8,9558.0
FBXW7,9531.0
NDUFB1,9524.0
GCC2,9505.0
NRXN1,9481.0
PRDX5,9473.0
SCN2A,9429.0
NCDN,9393.0
COX7B,9377.0
NRCAM,9350.0
REEP5,9324.0
COX6B1,9300.0
TERF2IP,9228.0
COPS9,9224.0
SLC22A17,9217.0
GPI,9211.0
CYCS,9151.0
AP2M1,9079.0
RAC1,9072.0
SNCA,9049.0
COX8A,9017.0
OXR1,9014.0
PRKACB,9007.0
RPS2,9007.0
PINK1,9004.0
SERF2,8999.0
GDI1,8881.0
TMOD2,8869.0
UQCR10,8866.0
RNF11,8861.0
SNCB,8830.0
HSPH1,8815.0
ATP5PF,8801.0
GABRA1,8764.0
ATP6V1E1,8750.0
MYL6,8741.0
MLLT11,8733.0
UBL5,8733.0
ATP5MG,8715.0
PRKAR1A,8704.0
PGK1,8657.0
NDUFB2,8655.0
AUXG01000058.1,8619.0
SCD5,8588.0
SPTAN1,8569.0
SYN2,8565.0
GTF2I,8538.0
PCSK1N,8509.0
KIF21A,8505.0
KIF1A,8379.0
NDUFA1,8360.0
GHITM,8354.0
MYCBP2,8282.0
KTN1,8228.0
RPL10A,8227.0
SUB1,8198.0
HNRNPK,8197.0
TAX1BP1,8173.0
CANX,8124.0
BEX2,8120.0
CCDC85B,8089.0
SCD,8066.0
EEF1B2,8040.0
MAPK10,8035.0
TAGLN3,8033.0
SCN3B,8007.0
NDUFA3,8001.0
KIF1B,7980.0
TPM3,7975.0
PSIP1,7918.0
PIK3R1,7890.0
ARHGAP5,7879.0
SNX3,7847.0
OPTN,7844.0
BEX5,7842.0
RPS5,7837.0
NPTX1,7828.0
ARF3,7816.0
TOMM20,7799.0
PNMA2,7774.0
MT2A,7764.0
PHYHIP,7756.0
SNHG6,7750.0
RPS3,7741.0
DCLK1,7704.0
NPTN,7688.0
EIF5,7666.0
ANK3,7648.0
ATP5PO,7640.0
NCAM1,7637.0
GNG3,7620.0
PARK7,7619.0
UGP2,7613.0
ATP2A2,7598.0
PLCB1,7594.0
NEGR1,7582.0
FGF12,7580.0
SEPTIN3,7577.0
BAALC,7567.0
PMP2,7563.0
TCEAL2,7533.0
RPS15A,7515.0
LGALS1,7515.0
CAMK2B,7490.0
AKAP9,7475.0
KIF5B,7436.0
PRDX2,7424.0
CA11,7353.0
DNAJC6,7319.0
SYP,7306.0
RPS10,7291.0
SET,7271.0
EEF1G,7229.0
BSCL2,7217.0
RNF187,7211.0
HNRNPA2B1,7203.0
HNRNPDL,7188.0
ATP5MC3,7186.0
NUDT3,7168.0
GOLGB1,7154.0
MICOS10,7139.0
QKI,7131.0
RBFOX1,7127.0
ROCK2,7102.0
MAP4,7091.0
TSPAN3,7090.0
BDP1,7087.0
PGM2L1,7069.0
PI4KA,7065.0
HIGD1A,7059.0
HNRNPA1,7040.0
TRIM2,7036.0
CNTN1,7034.0
SLC25A3,7026.0
DYNLL2,7012.0
YWHAQ,7012.0
TCF4,7007.0
GABARAP,6985.0
AKAP11,6984.0
PSD3,6971.0
GABARAPL1,6950.0
HOPX,6943.0
TMBIM6,6936.0
FAIM2,6923.0
CAMSAP2,6921.0
MGST3,6900.0
PLD3,6900.0
AKAP12,6882.0
PTN,6876.0
APLP2,6872.0
ACTR2,6866.0
TCEAL4,6834.0
B4GAT1,6786.0
TUBB,6784.0
BCAS1,6749.0
CHCHD10,6748.0
RUFY3,6747.0
DDX5,6730.0
CTSB,6727.0
TMEM130,6727.0
LSAMP,6722.0
NEDD8,6719.0
CTNND2,6713.0
NCALD,6711.0
CAMTA1,6703.0
PCMT1,6671.0
TTLL7,6659.0
NTM,6657.0
STMN3,6632.0
BOD1L1,6627.0
SRPK2,6622.0
C9orf16,6618.0
ZC3H13,6617.0
ATP6V0B,6605.0
LMO3,6603.0
CSDE1,6572.0
CYFIP2,6558.0
PAK1,6544.0
DNAJA1,6526.0
SYT4,6522.0
BTBD8,6513.0
NCKAP1,6509.0
PRKAR1B,6489.0
RPS26,6472.0
SORL1,6468.0
NDUFB7,6460.0
PAFAH1B1,6450.0
ATP5MF,6424.0
MORF4L2,6424.0
DMTN,6409.0
EIF4G2,6406.0
CACYBP,6396.0
ENSA,6396.0
DYNLRB1,6396.0
SON,6395.0
B2M,6392.0
PAK3,6380.0
ATP5PD,6378.0
SHTN1,6366.0
PABPC1,6361.0
TUBB4A,6354.0
OSBPL1A,6343.0
OCIAD1,6336.0
RUNDC3A,6325.0
PEG3,6315.0
HDGFL3,6314.0
BPTF,6297.0
PRXL2A,6296.0
MOAP1,6271.0
GNAQ,6269.0
BNIP3,6268.0
NME2,6268.0
ATP2B2,6266.0
ATP9A,6265.0
RPLP0,6250.0
WBP2,6247.0
CLIP3,6246.0
APBB1,6228.0
PPP2R1A,6200.0
ARL6IP4,6194.0
CD81,6190.0
PPP2CB,6187.0
ATP6V1A,6186.0
ADD3,6171.0
COX5A,6163.0
KIF3C,6162.0
SCG5,6159.0
PTMS,6156.0
GABBR1,6155.0
GABARAPL2,6143.0
NAA38,6128.0
PRRC2C,6127.0
ZEB2,6117.0
TBCA,6108.0
PIN1,6108.0
CRYAB,6103.0
PPP1CB,6098.0
RAB3A,6084.0
RSF1,6081.0
CAMK2A,6065.0
RTL8C,6060.0
LDHA,6046.0
PPP1R12A,6036.0
ATP6V1B2,6029.0
MAPK1,6026.0
RPL36AL,6019.0
SYN1,6014.0
ATP5F1D,5997.0
ZC3H15,5996.0
SERINC3,5992.0
WSB2,5991.0
SLC25A6,5981.0
TRIM44,5966.0
GRIN1,5963.0
MACF1,5954.0
GOT1,5948.0
RACK1,5941.0
MAPRE2,5941.0
ASH1L,5938.0
HNRNPU,5937.0
EDF1,5936.0
ST13,5931.0
BEX4,5920.0
SMARCA2,5917.0
DDAH1,5886.0
ARHGAP21,5885.0
TTYH1,5885.0
QDPR,5869.0
RNASEK,5860.0
SCOC,5828.0
PPIG,5826.0
G3BP2,5809.0
CPLX2,5805.0
GOLGA4,5802.0
SV2B,5781.0
C4orf48,5781.0
HPCAL4,5775.0
ZNF483,5754.0
S100A13,5754.0
PRDX1,5709.0
PPP3CB,5705.0
PCBP2,5705.0
NELL2,5691.0
RAB2A,5688.0
OGA,5686.0
MAPK8IP2,5673.0
CHL1,5662.0
SCAMP5,5656.0
ABI2,5653.0
NDUFB4,5642.0
TMEM160,5640.0
SLIRP,5631.0
BMERB1,5607.0
DIRAS2,5601.0
ITPR1,5596.0
ATP6V1G2,5590.0
SEPTIN11,5589.0
SRP9,5581.0
MYT1L,5579.0
LUC7L3,5573.0
CEND1,5572.0
JUND,5568.0
ARL6IP5,5555.0
LY6H,5539.0
PPFIA2,5531.0
SLC39A10,5520.0
SNAP91,5504.0
MAPT,5500.0
PTGES3,5490.0
CTSD,5486.0
DBI,5484.0
SPOCK1,5475.0
NRN1,5473.0
SYNE1,5457.0
MT1E,5454.0
CTXN1,5449.0
CIRBP,5447.0
MLF2,5446.0
GJA1,5422.0
SLC25A4,5411.0
DDX17,5409.0
ZFAND5,5409.0
AKT3,5389.0
HP1BP3,5388.0
INPP5F,5387.0
TUBA4A,5376.0
WNK1,5372.0
ATP6V0A1,5367.0
HNRNPC,5351.0
SOD2,5339.0
EIF5B,5334.0
NEMF,5323.0
NSG2,5312.0
RAN,5311.0
RAB6A,5307.0
RCAN2,5305.0
SEZ6L2,5304.0
BSG,5302.0
EIF4H,5300.0
PTPN11,5285.0
PCM1,5276.0
GRIN2A,5274.0
DYNC1LI2,5268.0
PLEKHB1,5267.0
NDUFAB1,5256.0
HTRA1,5253.0
MTPN,5246.0
DYNC1I2,5241.0
TXN,5230.0
NDUFA11,5215.0
ATP6AP2,5215.0
CELF2,5213.0
PAIP2,5211.0
CD63,5196.0
SNX10,5193.0
GABBR2,5184.0
SIRPA,5166.0
TACC1,5162.0
ARF1,5159.0
ATP1A3,5150.0
MARCH6,5133.0
FEZ1,5133.0
NPM1,5132.0
PLEKHB2,5131.0
TCAF1,5121.0
FKBP3,5116.0
CNKSR2,5114.0
CHMP3,5096.0
C18orf32,5085.0
GAS7,5085.0
H3F3A,5078.0
ARHGDIG,5056.0
GPRC5B,5054.0
HIPK2,5050.0
KLHDC3,5041.0
PTP4A2,5036.0
EIF4B,5035.0
KMT2E,5011.0
ATP1B2,5005.0
EIF1AX,5002.0
INA,5001.0
EIF2S2,5001.0
H3F3B,4988.0
ABR,4987.0
HNRNPA3,4985.0
ACO2,4984.0
DNAJB6,4978.0
DNAJC8,4974.0
PPP2CA,4969.0
RAD21,4964.0
APLP1,4960.0
MPHOSPH8,4957.0
CALY,4952.0
CLASP2,4950.0
CSRP1,4947.0
AK5,4947.0
ADCY1,4938.0
MAST3,4938.0
ZFR,4936.0
RHBDD2,4924.0
NARS,4902.0
KIAA0408,4900.0
NDUFA2,4899.0
FAM171B,4897.0
DCTN1,4897.0
IQSEC1,4894.0
PNISR,4860.0
HABP4,4853.0
RAPGEF4,4848.0
PDE4DIP,4825.0
VDAC1,4824.0
RABEP1,4824.0
NDUFC2,4820.0
NPTXR,4819.0
SUMO2,4801.0
SNU13,4798.0
SLC12A5,4794.0
EPS15,4785.0
UBE2V2,4777.0
DLGAP1,4775.0
C12orf57,4766.0
SLC8A1,4763.0
PSD,4762.0
NCOA7,4760.0
CLTA,4751.0
ZMAT2,4742.0
SARS,4741.0
ENHO,4740.0
S100A6,4737.0
TPPP,4736.0
PNMA1,4727.0
EIF4G3,4727.0
WASF1,4710.0
ATP6V0E2,4706.0
BCLAF1,4703.0
TTC9B,4694.0
TUBB3,4692.0
ALDH2,4670.0
EIF3A,4666.0
EVL,4666.0
PDXP,4665.0
PPA1,4664.0
CNTNAP2,4663.0
PGRMC1,4659.0
ANXA6,4657.0
KIFAP3,4654.0
ARID4B,4653.0
SV2A,4651.0
NUDC,4651.0
ARGLU1,4649.0
C11orf58,4649.0
CAMKV,4648.0
PSMA7,4642.0
SLC24A2,4641.0
SH3GL2,4641.0
SNRPD2,4636.0
SEPTIN8,4632.0
MAP9,4613.0
CNP,4590.0
CNBP,4579.0
SLC25A23,4559.0
GABRG2,4552.0
KIAA1109,4548.0
DTNA,4546.0
VAPA,4543.0
UBE2M,4542.0
ARPC2,4541.0
VTI1B,4538.0
ISCU,4526.0
AAK1,4518.0
CAP2,4513.0
R3HDM1,4512.0
LIMCH1,4504.0
MAGED1,4498.0
DDN,4495.0
AP2B1,4493.0
ZNF638,4493.0
HSPD1,4490.0
C4orf3,4489.0
COX7A2L,4481.0
TSPYL4,4479.0
FKBP8,4469.0
BNIP3L,4462.0
MAP7D2,4455.0
ACOT7,4455.0
PACSIN1,4451.0
FIS1,4448.0
ID2,4447.0
PTPRA,4441.0
SCG2,4440.0
PDZD4,4435.0
SPAG9,4435.0
ACSL3,4433.0
CFAP36,4433.0
NDUFB10,4431.0
SNHG29,4422.0
HSBP1,4414.0
RIMS2,4407.0
CD59,4400.0
MYL12B,4392.0
NSA2,4388.0
SRI,4380.0
DNM1L,4377.0
SAP18,4377.0
CDC42BPA,4375.0
ATP6V1D,4368.0
DGKZ,4366.0
NCOR1,4359.0
MXRA7,4353.0
RBX1,4349.0
ATP6V1C1,4347.0
ZCRB1,4346.0
WAC,4345.0
FAM3C,4343.0
ABAT,4341.0
MRPS21,4338.0
PCBP1,4327.0
FKBP1A,4320.0
GLS,4319.0
SCRN1,4318.0
SNCG,4318.0
SFPQ,4307.0
SECISBP2L,4305.0
SERBP1,4304.0
BAZ2B,4299.0
CTNNB1,4296.0
BMPR2,4296.0
HSPE1,4294.0
N4BP2L2,4280.0
HSPA9,4264.0
NBEA,4259.0
DYNC1I1,4258.0
PTPRZ1,4253.0
ANKRD11,4244.0
ATP5MC2,4238.0
MAP1LC3B,4227.0
UBE2D3,4226.0
CDK5R1,4224.0
SRSF11,4217.0
EPB41L2,4205.0
KIAA1549L,4202.0
SSB,4201.0
ATP6V1F,4200.0
GUCY1B1,4198.0
USP22,4193.0
TMX4,4191.0
NAP1L3,4190.0
TUBB4B,4188.0
ANKS1B,4179.0
RAD50,4176.0
NAP1L5,4173.0
UQCRFS1,4171.0
PNMA8A,4165.0
PHACTR1,4159.0
CABP1,4158.0
SPRYD3,4157.0
NUDT4,4151.0
SLU7,4150.0
ADD1,4149.0
RHOA,4147.0
CHGA,4143.0
SSBP3,4143.0
RBM25,4141.0
ZNF106,4134.0
RBM39,4117.0
HLF,4112.0
PPP2R5C,4112.0
TPR,4105.0
GLUD1,4100.0
ACSL6,4088.0
PDS5B,4083.0
SORT1,4083.0
MZT2A,4081.0
CCDC144A,4078.0
GRINA,4076.0
NFIA,4074.0
NDUFC1,4061.0
YPEL3,4060.0
POMP,4055.0
SERPINE2,4050.0
FRRS1L,4048.0
TOLLIP,4047.0
MICOS13,4038.0
ZBTB7A,4037.0
RALBP1,4037.0
NDUFS1,4028.0
PPP2R2C,4024.0
PSMC5,4023.0
SULT4A1,4022.0
NSMF,4022.0
LARP1,4007.0
CHD5,3999.0
SSX2IP,3997.0
ATP5PB,3996.0
PCNP,3996.0
HK1,3994.0
ATP6V0D1,3994.0
CHGB,3991.0
MYH10,3990.0
NAT8L,3990.0
BRWD1,3986.0
SEPTIN4,3986.0
NGEF,3977.0
PSMB4,3974.0
ELAVL3,3971.0
CAMKK2,3965.0
RAB3C,3964.0
CAMK1D,3963.0
PPP2R2B,3959.0
RIMS3,3957.0
TAOK1,3952.0
NCS1,3950.0
ELAVL4,3942.0
NCAM2,3941.0
ARPP21,3940.0
WASF3,3939.0
MAP4K4,3939.0
SLC6A1,3929.0
PFKP,3928.0
PHPT1,3924.0
STX1B,3895.0
FBXO2,3894.0
NAP1L2,3891.0
NUAK1,3886.0
SMARCA5,3883.0
ATRNL1,3882.0
ITSN1,3879.0
CISD1,3878.0
MTDH,3876.0
VPS35,3873.0
PHYHIPL,3869.0
RHEB,3869.0
ATCAY,3868.0
SLC4A10,3866.0
ERC2,3863.0
CUTA,3854.0
AGT,3850.0
PSMD1,3848.0
CBX3,3847.0
NDUFV1,3845.0
APOD,3845.0
SELENOH,3844.0
C1orf122,3839.0
KCNMA1,3838.0
PAFAH1B2,3838.0
TPD52,3835.0
HERC1,3834.0
RPH3A,3831.0
AP2S1,3827.0
RETREG2,3827.0
PCDH7,3825.0
ATP6V1H,3825.0
ITFG1,3821.0
BRK1,3821.0
TPRG1L,3819.0
PPM1K,3813.0
GRIN2B,3812.0
CAMK2G,3809.0
PTPRN,3806.0
H2AFV,3802.0
NDRG3,3789.0
TULP4,3788.0
VIM,3787.0
DDX6,3785.0
SRRM2,3783.0
EIF3K,3778.0
DDX1,3772.0
SHC3,3766.0
STUB1,3765.0
RGS5,3765.0
UQCRC1,3764.0
PEX5L,3757.0
KALRN,3755.0
ATXN10,3754.0
TCEAL3,3752.0
RCN2,3744.0
TAF1D,3743.0
ATP2B4,3736.0
PSMC1,3733.0
HMGCS1,3732.0
TRIM37,3728.0
RIMS1,3718.0
PKP4,3715.0
POLR2L,3710.0
C11orf87,3704.0
RSRC2,3702.0
NDUFA8,3701.0
ATL1,3697.0
GADD45GIP1,3697.0
CDC42,3692.0
PPP1R9A,3691.0
HMGN2,3690.0
MGLL,3690.0
CXXC5,3686.0
PRDX6,3686.0
THRA,3682.0
PRMT2,3681.0
BLOC1S1,3680.0
TCF25,3668.0
C1QTNF4,3668.0
RTF1,3662.0
METRN,3659.0
MDH2,3653.0
MAPK9,3651.0
ARNT2,3646.0
CDKL5,3645.0
CCND2,3644.0
KHDRBS3,3636.0
ARID4A,3633.0
SPOCK2,3632.0
PET100,3623.0
CEP290,3623.0
H2AFZ,3622.0
BSN,3622.0
PCDH10,3621.0
NDFIP2,3616.0
SOX2-OT,3614.0
NSD3,3610.0
ATP5F1C,3604.0
TSC22D4,3599.0
PDP1,3595.0
NFIB,3590.0
PDXK,3589.0
TRAPPC5,3589.0
CRYM,3588.0
DPP6,3585.0
CHMP4B,3583.0
ARHGEF12,3582.0
FAM217B,3580.0
U2SURP,3575.0
PCDH17,3575.0
EFR3A,3570.0
RAB7A,3570.0
CXCL14,3566.0
OAT,3565.0
STMN4,3563.0
UBL3,3562.0
TBCB,3556.0
VXN,3555.0
TUBB2B,3554.0
EEA1,3554.0
CDC42SE2,3552.0
EPB41L1,3539.0
POLR2I,3535.0
NDUFB11,3531.0
CCSER2,3530.0
NDUFAF8,3526.0
ARPC3,3520.0
MRTFB,3520.0
BTF3,3512.0
GSTP1,3512.0
OXCT1,3512.0
ELOC,3511.0
UNC13A,3509.0
KCNAB2,3505.0
SYNJ1,3505.0
AZIN1,3505.0
GABRB3,3504.0
ZNF91,3504.0
PITHD1,3503.0
BLCAP,3500.0
KIAA0513,3495.0
SLC25A5,3491.0
PNMA8B,3491.0
SYT13,3489.0
NDUFB5,3488.0
DNM3,3485.0
CTNNA2,3484.0
SNN,3478.0
SRSF5,3477.0
TMEM30A,3475.0
CAPNS1,3468.0
SH3BGRL,3468.0
HBB,3466.0
NEBL,3462.0
SBDS,3462.0
TGOLN2,3461.0
ATP5MC1,3460.0
PIP4K2B,3460.0
RAB1A,3458.0
OGFRL1,3458.0
MPRIP,3457.0
CLDND1,3457.0
BCAP31,3456.0
CCDC91,3452.0
ANKRD17,3449.0
TCEAL7,3444.0
EPB41L3,3443.0
PPP3R1,3441.0
NRSN1,3436.0
UBXN4,3431.0
NENF,3431.0
MYL6B,3430.0
DAZAP2,3427.0
NECAP1,3423.0
NDUFB6,3422.0
CLTB,3417.0
HSPA12A,3415.0
DCTN2,3414.0
FMNL2,3413.0
UBE2QL1,3413.0
LANCL1,3403.0
HACD3,3401.0
RPRD1A,3401.0
IDI1,3401.0
RFPL1S,3398.0
PSMB7,3398.0
ARFGEF3,3398.0
CEP170,3397.0
AGAP3,3396.0
STARD7,3390.0
ROMO1,3387.0
VDAC2,3383.0
RAB11A,3381.0
TXNL4A,3380.0
SELENOM,3380.0
NAPA,3374.0
GDA,3374.0
MAP2K1,3374.0
NRXN3,3370.0
OPCML,3368.0
HOOK3,3368.0
GMFB,3367.0
EIF3J,3367.0
METAP2,3366.0
KPNB1,3365.0
KMT2A,3363.0
OLA1,3363.0
RDX,3362.0
ARMCX3,3362.0
NEFH,3362.0
SATB1,3360.0
PSMD7,3358.0
RYR2,3358.0
ARHGEF9,3357.0
SGTB,3352.0
ARL8B,3352.0
AKAP6,3352.0
TOP2B,3351.0
EIF1B,3347.0
MRPL33,3345.0
CSNK1A1,3345.0
PRKCZ,3343.0
SQSTM1,3342.0
KIDINS220,3342.0
NPDC1,3335.0
SEC11C,3331.0
SLTM,3331.0
CCT4,3330.0
CLIP1,3328.0
MEF2A,3326.0
MAP1LC3A,3325.0
SYNGR1,3325.0
CBX6,3325.0
YPEL5,3320.0
ASPH,3313.0
FUT9,3312.0
RIF1,3309.0
JPH4,3309.0
ADD2,3308.0
FRA10AC1,3306.0
NUDCD3,3303.0
DUSP3,3302.0
NDUFV2,3297.0
B3GAT1,3292.0
GNG2,3287.0
DEK,3287.0
CAPZA2,3284.0
UQCRC2,3284.0
TIMP2,3283.0
HDDC2,3282.0
MPC2,3282.0
MAP7D1,3276.0
CCDC25,3275.0
STAU2,3274.0
IGFBP7,3266.0
CADPS,3266.0
UBE3A,3263.0
SAT1,3263.0
ALDH6A1,3259.0
SYNGR3,3256.0
BCAP29,3256.0
SUMO3,3256.0
PHF3,3255.0
NHP2,3254.0
HNRNPM,3252.0
ANAPC11,3252.0
NDUFS6,3251.0
SLC6A17,3250.0
GUCY1A2,3250.0
PRDM2,3238.0
DLG2,3237.0
SRRM1,3234.0
CSRNP3,3231.0
LONRF2,3230.0
PRRC2B,3228.0
HNRNPD,3222.0
DNAJB14,3216.0
NPEPPS,3215.0
TMEM59,3214.0
LINGO1,3212.0
GLO1,3210.0
COX17,3209.0
DZIP3,3209.0
UBE2N,3209.0
CRIP2,3207.0
YTHDC1,3207.0
UNC80,3205.0
METTL7A,3204.0
NREP,3204.0
ZBTB18,3201.0
FXYD1,3199.0
DBNDD2,3199.0
SH3BGRL3,3198.0
FHL1,3197.0
NFE2L1,3196.0
FBXO9,3195.0
NLK,3195.0
ATXN7L3B,3193.0
ELMOD1,3191.0
COPRS,3190.0
RBFOX2,3187.0
MT-ND6,3186.0
TTC1,3177.0
ADGRB2,3174.0
APBA2,3173.0
LAMTOR4,3171.0
C1orf43,3167.0
NME1,3166.0
LZTS3,3165.0
ERLEC1,3165.0
MFSD6,3160.0
KIAA2026,3159.0
XRCC6,3158.0
GPRASP1,3158.0
HCFC1R1,3156.0
C19orf53,3151.0
WDR82,3150.0
PSMC3,3150.0
ZRANB2,3149.0
GPBP1,3149.0
RBM26,3146.0
CMAS,3145.0
FAM49A,3144.0
CDK2AP1,3143.0
AMPH,3133.0
NCOA1,3133.0
COX20,3132.0
COX7A1,3132.0
GSTM3,3131.0
SENP6,3129.0
OTUD6B-AS1,3127.0
HTATSF1,3127.0
PCP4,3126.0
GABRD,3125.0
SEPTIN2,3125.0
UBQLN1,3123.0
PURA,3123.0
ANKRD36C,3122.0
CHD9,3121.0
USP11,3117.0
VDAC3,3114.0
SCRG1,3112.0
C6orf62,3110.0
EIF3E,3106.0
ZMAT3,3094.0
PBX1,3094.0
FAM168B,3091.0
FMR1,3090.0
PKIA,3089.0
ARL3,3089.0
MRPL20,3087.0
C1orf115,3086.0
HPRT1,3085.0
FLOT1,3084.0
NR2F1,3084.0
NRXN2,3084.0
CAB39,3081.0
WASL,3081.0
KCTD16,3080.0
SYNPR,3077.0
RNPS1,3071.0
CAP1,3071.0
CDIP1,3064.0
CDKN2D,3063.0
SOX2,3063.0
PSMD8,3062.0
DNAJA4,3062.0
AARS,3061.0
EIF4A1,3059.0
CYP51A1,3058.0
LRP1,3057.0
TNRC6B,3054.0
SESN3,3050.0
ZNF292,3048.0
JMJD1C,3046.0
CRMP1,3044.0
FAM192A,3042.0
PTPRN2,3037.0
TPM1,3035.0
SMDT1,3032.0
MBNL2,3032.0
MIAT,3031.0
AHI1,3030.0
SPIN1,3030.0
GNB5,3029.0
NMNAT2,3028.0
RAB14,3026.0
ST8SIA3,3025.0
SCN8A,3024.0
ATP6AP1,3023.0
PSMD2,3018.0
RHOBTB3,3018.0
MRPL41,3017.0
SYT7,3014.0
TRIR,3012.0
ZFAS1,3012.0
METTL9,3011.0
STX1A,3006.0
NMT1,3006.0
CHD2,3002.0
PTOV1,3002.0
MARF1,2996.0
CCPG1,2996.0
NFIC,2995.0
CWC15,2995.0
EDIL3,2991.0
JTB,2990.0
KIF3B,2988.0
GSTO1,2984.0
FUS,2982.0
ADAR,2982.0
SDCCAG8,2980.0
ALCAM,2980.0
RHOB,2979.0
SPCS1,2978.0
RORB,2977.0
RPL7L1,2977.0
CACNB4,2976.0
TXNL1,2974.0
PPP2R5E,2972.0
C1orf21,2972.0
CHURC1,2969.0
CAPZB,2969.0
PRKCA,2967.0
ROCK1,2967.0
SUMO1,2967.0
HIST1H4C,2963.0
RDH11,2962.0
DNAJC5,2959.0
RABAC1,2958.0
ZMYND11,2957.0
KCNC2,2950.0
PRUNE2,2946.0
TCEAL5,2945.0
MAP2K4,2941.0
NDUFS2,2940.0
TNR,2939.0
IL6ST,2938.0
BCAN,2934.0
GGNBP2,2932.0
FXYD7,2928.0
DNAJC7,2927.0
XRCC5,2926.0
ZYG11B,2922.0
HPCA,2921.0
PLPP3,2918.0
ERMN,2917.0
LYNX1,2917.0
CTBP1,2917.0
EIF3H,2916.0
BAZ1B,2914.0
OPA1,2913.0
S100A1,2911.0
PSMC6,2908.0
CNTNAP1,2903.0
RBMX,2902.0
RAP2A,2901.0
NDUFA12,2900.0
CBX5,2899.0
CNRIP1,2896.0
SCN1A,2895.0
ABHD17A,2894.0
MAL2,2894.0
PSMA4,2892.0
LY6E,2890.0
CAMLG,2889.0
ITPK1,2887.0
CDK14,2886.0
ARHGEF7,2883.0
TCP1,2880.0
MAPK8IP3,2878.0
RAB11FIP4,2877.0
ATP8A1,2876.0
RANGAP1,2873.0
HUWE1,2871.0
SGIP1,2871.0
HNRNPA0,2871.0
NDUFA10,2871.0
SLK,2870.0
MAPK8IP1,2868.0
CLSTN2,2867.0
TESPA1,2864.0
SMAP2,2860.0
EPHB6,2856.0
NISCH,2856.0
LRPAP1,2855.0
SLC9A6,2851.0
TUFM,2851.0
SEZ6L,2851.0
CPLX1,2850.0
PEG10,2846.0
SLC30A9,2845.0
CCT6A,2842.0
DHCR24,2842.0
TSPAN13,2840.0
TRIP11,2840.0
ARHGAP35,2839.0
NDUFB3,2836.0
DMXL2,2833.0
SPARC,2833.0
REEP2,2831.0
LAMTOR5,2829.0
SPCS2,2824.0
SEC63,2821.0
COPA,2819.0
LSM4,2818.0
RAD23A,2818.0
SDHC,2814.0
CTSF,2814.0
MRPL51,2813.0
DYNLT3,2812.0
PSMD4,2812.0
GNPTAB,2810.0
CMPK1,2808.0
GATM,2808.0
IRS2,2807.0
PFDN2,2804.0
HPCAL1,2804.0
IPCEF1,2804.0
DDX3X,2801.0
DOK6,2800.0
PUM1,2800.0
UBE2B,2799.0
SOBP,2793.0
CASC4,2792.0
NDUFA6,2788.0
COX14,2787.0
GFOD1,2785.0
DOC2A,2782.0
NBL1,2781.0
DHX36,2779.0
HBA2,2778.0
CADM3,2776.0
GDI2,2775.0
STRBP,2775.0
RAP1GDS1,2774.0
CCAR1,2774.0
EPN1,2770.0
ATPAF1,2769.0
COMMD6,2769.0
NCAN,2768.0
NAPG,2768.0
TBL1XR1,2765.0
BLOC1S6,2765.0
TSPYL2,2764.0
KCNA2,2759.0
PHF24,2756.0
EPHA4,2756.0
SSU72,2756.0
SRSF3,2755.0
DCAF6,2753.0
ESF1,2752.0
SCAMP1,2751.0
DCTN3,2749.0
SH3GLB2,2749.0
NAP1L4,2748.0
UBQLN2,2747.0
FAM133B,2746.0
SHOC2,2745.0
GRIA3,2744.0
PPM1L,2743.0
MICU3,2743.0
HNRNPUL2,2736.0
SUPT16H,2736.0
RNMT,2736.0
ARHGEF4,2734.0
THRB,2729.0
ETFB,2729.0
TMEM245,2729.0
PRPF4B,2727.0
OST4,2727.0
PTPRD,2724.0
KCNQ3,2724.0
CEP350,2723.0
TLK1,2722.0
CD47,2717.0
CALD1,2715.0
BCL2L2,2715.0
RAB5A,2713.0
OSBPL8,2704.0
THRAP3,2703.0
CCDC92,2702.0
RAP1GAP,2702.0
AURKAIP1,2702.0
HDLBP,2702.0
SCARB2,2701.0
PAQR6,2700.0
NDUFV3,2700.0
CAPRIN1,2700.0
SDCBP,2697.0
CALR,2696.0
PRRT2,2696.0
RAD23B,2694.0
NDUFS8,2694.0
AASDHPPT,2693.0
PON2,2693.0
CHD4,2692.0
LMBRD2,2692.0
UROS,2690.0
SCAPER,2684.0
PPP1R7,2680.0
LARP7,2679.0
DRAP1,2679.0
ANKH,2677.0
HSPA5,2676.0
GRSF1,2675.0
CHMP5,2673.0
KIAA0232,2673.0
SF3B1,2671.0
ANKRD26,2671.0
UBE2K,2668.0
TF,2667.0
TLN2,2664.0
NFIX,2661.0
GAD1,2660.0
PDAP1,2655.0
H1FX,2654.0
RANBP2,2654.0
RPS4Y1,2652.0
DNER,2652.0
KHDRBS1,2651.0
CCSAP,2650.0
PHACTR3,2648.0
PFDN4,2645.0
AP2A2,2643.0
ANP32B,2641.0
SC5D,2641.0
PPM1A,2641.0
ATP6V1G1,2637.0
ACYP2,2636.0
ARL2,2635.0
GRB2,2635.0
SELENOT,2633.0
SMAP1,2631.0
SVIP,2631.0
TCERG1,2630.0
LUZP1,2630.0
FASN,2628.0
KCNJ3,2626.0
FEM1B,2623.0
UHMK1,2623.0
ZKSCAN1,2621.0
GTF3A,2620.0
MAPK3,2620.0
TCEAL8,2617.0
RABGAP1L,2616.0
CACNG8,2613.0
SEM1,2611.0
SNHG8,2611.0
ENAH,2609.0
MARCKSL1,2609.0
IPO5,2604.0
UBA1,2603.0
MADD,2603.0
HOMER1,2603.0
SF3B2,2602.0
IK,2602.0
ITSN2,2601.0
CPEB4,2601.0
NOL7,2600.0
COPS8,2599.0
FGFR3,2599.0
PSMA6,2595.0
NKTR,2594.0
RSL24D1,2592.0
CAMK4,2589.0
EIF5A,2585.0
TMEM14A,2583.0
PPT1,2583.0
RAPGEF5,2581.0
SIRT2,2579.0
CELF1,2577.0
ATOX1,2575.0
ZBTB4,2574.0
SNRNP27,2574.0
SCAF11,2573.0
RAB40B,2572.0
METTL26,2572.0
PSMB6,2571.0
A2M,2566.0
MBOAT7,2566.0
HNRNPR,2565.0
TSPAN5,2565.0
DLG1,2564.0
ZFP91,2562.0
ARHGDIA,2561.0
THOC7,2561.0
TIMM17A,2561.0
ERBIN,2558.0
ZCCHC17,2557.0
FAM204A,2557.0
COA3,2555.0
JPH3,2555.0
CNDP2,2553.0
RWDD1,2552.0
GCSH,2550.0
BAG4,2550.0
USP8,2546.0
DDT,2545.0
GOLIM4,2545.0
ADGRL1,2545.0
AMZ2,2544.0
DNAJB2,2543.0
EIF3F,2543.0
FOXO3,2542.0
UBE2V1,2541.0
DAAM1,2541.0
FOXP1,2540.0
AGAP1,2540.0
PTEN,2540.0
CLCN3,2539.0
SPECC1,2539.0
USP33,2537.0
DOCK3,2537.0
CCDC47,2535.0
ENOPH1,2534.0
USP46,2534.0
MIGA1,2532.0
SMARCC2,2532.0
POLR2K,2530.0
KCNIP4,2530.0
PSMD12,2529.0
SCN2B,2529.0
CYC1,2526.0
EHBP1,2522.0
RAPGEF2,2520.0
AMD1,2519.0
NDUFS3,2519.0
CAND1,2518.0
PTK2B,2516.0
SLC2A13,2512.0
TMEM132B,2511.0
ABLIM1,2511.0
CMIP,2511.0
GRIA4,2510.0
PKIG,2509.0
NUDT21,2509.0
ZEB1,2507.0
CBX1,2506.0
SREBF2,2504.0
UBXN6,2504.0
TMEM183A,2502.0
VPS13C,2499.0
NNAT,2497.0
GRM3,2493.0
ECHS1,2493.0
RAB31,2491.0
DZIP1,2490.0
EZR,2489.0
CIR1,2489.0
GLRB,2488.0
HECTD1,2487.0
TCEAL6,2487.0
AP3D1,2486.0
PITPNB,2482.0
RSL1D1,2479.0
RAB18,2479.0
SSBP1,2479.0
MRFAP1L1,2478.0
PNKD,2477.0
PARP1,2477.0
TJP1,2475.0
ERI3,2473.0
PURB,2471.0
EMC4,2471.0
SPINT2,2471.0
KCNK1,2470.0
BZW1,2470.0
ASAH1,2469.0
PTPA,2467.0
LRPPRC,2466.0
ARHGAP26,2465.0
ITGB1BP1,2465.0
EPRS,2464.0
TMEM178A,2462.0
PALM,2460.0
VPS29,2459.0
FAM162A,2459.0
CDC37,2455.0
PRKCE,2454.0
BRSK1,2454.0
GABRA5,2454.0
STRAP,2454.0
SCN1B,2453.0
PDCD5,2452.0
IFI6,2451.0
RAB11FIP2,2451.0
SSR4,2450.0
STK39,2449.0
FAM171A1,2449.0
CYP46A1,2448.0
COX16,2448.0
MAGED2,2448.0
KIAA0930,2444.0
SBNO1,2443.0
ZBTB20,2443.0
TECR,2441.0
HLA-A,2438.0
ELAVL2,2436.0
ATF4,2434.0
TOP1,2432.0
ANP32A,2431.0
PPP1R1B,2431.0
CCT2,2430.0
RSRC1,2429.0
DMAC1,2426.0
EIF4E,2426.0
CSPG5,2423.0
ARHGAP32,2421.0
GNAI2,2420.0
TP53INP2,2419.0
RAB5B,2419.0
DENR,2418.0
ZNHIT1,2418.0
TOMM6,2417.0
PITPNA,2416.0
EXOSC6,2416.0
IFI27L2,2416.0
MFN2,2415.0
IPO7,2415.0
WDR47,2415.0
AGAP2,2414.0
CCT7,2414.0
SPIRE1,2411.0
TCEA2,2411.0
PUM2,2409.0
FGD5-AS1,2408.0
PHIP,2406.0
BIN1,2406.0
MT1G,2401.0
GAS5,2401.0
AP1S1,2398.0
MIA3,2397.0
C14orf132,2396.0
LAMTOR1,2395.0
SMARCD3,2394.0
MYO10,2394.0
SUGT1,2392.0
MOCS2,2392.0
EIF2AK2,2392.0
BABAM1,2390.0
CKAP5,2390.0
MAPRE3,2390.0
SERP1,2390.0
FAM168A,2387.0
TRIM9,2387.0
AC107398.3,2384.0
DDB1,2384.0
KIFC2,2383.0
HNRNPH1,2381.0
TAF13,2380.0
HTR2A,2378.0
CAMKK1,2377.0
NOVA1,2375.0
VPS41,2375.0
CHST1,2374.0
DCTN5,2374.0
KCNQ2,2373.0
CFDP1,2372.0
BAIAP2,2369.0
GOT2,2369.0
ETNPPL,2367.0
CHD3,2366.0
NRDC,2365.0
TM9SF3,2364.0
NDUFA7,2363.0
NSG1,2362.0
PFKM,2362.0
TAOK3,2361.0
GPR155,2360.0
CAMK2D,2360.0
RRAGA,2360.0
KMT2C,2359.0
ARPC1A,2358.0
LUC7L2,2357.0
UNC13C,2356.0
TAF7,2356.0
RERE,2353.0
SERP2,2352.0
FBXW11,2350.0
SYTL2,2350.0
ISCA1,2348.0
PPFIBP1,2348.0
PRDX3,2347.0
OMG,2346.0
GLG1,2346.0
TMEM9,2345.0
SCAND1,2345.0
CHMP2A,2343.0
RABGAP1,2342.0
SRP72,2342.0
OTUB1,2339.0
DNAJA2,2339.0
BTBD3,2339.0
TNRC6A,2336.0
DMD,2333.0
HSPA4,2333.0
ARPC4,2333.0
CERS6,2333.0
PNN,2327.0
ASRGL1,2325.0
MFSD4A,2325.0
RNF157,2325.0
SDHA,2324.0
SVOP,2324.0
SUCLA2,2323.0
PFDN1,2322.0
UBE2D2,2321.0
LARS,2320.0
CNOT7,2318.0
ECPAS,2317.0
SLITRK4,2314.0
KBTBD11,2314.0
CCNY,2313.0
TRIP12,2312.0
FAM131A,2311.0
SLC4A4,2311.0
MAP2K2,2311.0
GOLM1,2310.0
RFK,2309.0
COPS6,2307.0
VPS28,2306.0
RTF2,2303.0
TMEM219,2299.0
SYNPO,2297.0
PRPF40A,2296.0
SYF2,2291.0
CAST,2290.0
ZHX1,2290.0
CBR1,2289.0
PFN1,2288.0
GNL1,2288.0
SNRNP25,2288.0
KCNB1,2287.0
ARPC5L,2283.0
RNF220,2281.0
ACTR3,2278.0
CDC42BPB,2277.0
CNN3,2277.0
AZI2,2276.0
PHF14,2274.0
FOXG1,2272.0
PPDPF,2271.0
PSMA1,2268.0
NDUFS4,2267.0
CERT1,2266.0
TOMM70,2263.0
COBL,2263.0
MCRIP1,2262.0
OLIG1,2262.0
SPATS2L,2258.0
RABL6,2256.0
MRPL1,2256.0
WBP11,2253.0
KRT222,2252.0
SELENOK,2252.0
H2AFY,2249.0
ZC3H6,2239.0
ANKIB1,2239.0
LDB2,2238.0
PSMB1,2238.0
BRD4,2235.0
NDN,2234.0
SRSF2,2233.0
PCSK2,2233.0
VCP,2232.0
NIPBL,2230.0
ARPC5,2229.0
RBBP6,2229.0
DDX42,2228.0
CLCN4,2227.0
ADCY2,2226.0
RFC1,2226.0
OAZ2,2226.0
HERC2,2226.0
DEAF1,2224.0
PA2G4,2224.0
IGIP,2223.0
CACNG3,2220.0
STX12,2220.0
FEZ2,2220.0
EHD3,2220.0
CHD6,2219.0
USP9X,2218.0
GABRA2,2216.0
CADM1,2214.0
RBPJ,2213.0
NEDD4L,2213.0
CELF5,2212.0
COPE,2212.0
SNTA1,2210.0
TYRO3,2210.0
ATXN2,2209.0
HSD17B12,2206.0
ACTR10,2206.0
AGGF1,2206.0
GIT1,2202.0
GET1,2200.0
UBE2L3,2199.0
GLRX5,2197.0
RBFOX3,2197.0
ST6GALNAC6,2195.0
PSMB3,2193.0
UBR3,2193.0
REX1BD,2192.0
BAG1,2191.0
FXR1,2190.0
C1QBP,2189.0
STK25,2187.0
UFC1,2187.0
FZD3,2184.0
CD99L2,2182.0
LSM3,2182.0
SYT16,2181.0
FBXL17,2181.0
RBM8A,2181.0
KCNMB4,2179.0
UBE2Q1,2179.0
TMEM230,2179.0
HEPACAM,2178.0
CCT3,2178.0
MXI1,2176.0
MRAS,2176.0
MCFD2,2175.0
AMER2,2170.0
SMIM14,2169.0
NEAT1,2169.0
RPS19BP1,2168.0
DUT,2168.0
ADGRB3,2167.0
PAPOLA,2166.0
STX7,2166.0
STXBP5,2164.0
CSTB,2164.0
RAB10,2164.0
MPP6,2163.0
PRPF8,2161.0
GDAP1,2160.0
MINDY2,2160.0
YBX1,2160.0
HINT3,2159.0
BEND6,2154.0
ROGDI,2154.0
TTBK2,2153.0
SUPT5H,2150.0
NTRK3,2150.0
ELMO1,2149.0
RALB,2149.0
TM2D3,2148.0
NEUROD6,2148.0
C12orf76,2148.0
ENTPD6,2148.0
FAM234B,2147.0
PTK2,2147.0
C3orf14,2145.0
MPC1,2145.0
PKD1,2143.0
PGP,2143.0
HDAC2,2143.0
TPGS2,2143.0
KIAA1191,2142.0
GNB2,2142.0
SLC38A1,2141.0
WSB1,2139.0
TRMT112,2137.0
STXBP5L,2135.0
USP7,2135.0
MYO6,2134.0
C9orf78,2134.0
ABHD2,2132.0
MTRNR2L1,2132.0
PHAX,2131.0
PDE2A,2127.0
PSMB5,2127.0
HECTD4,2125.0
USF2,2125.0
MFF,2125.0
PLEKHA1,2124.0
PRKAR2B,2124.0
ZNF706,2124.0
ADGRG1,2124.0
CDC40,2121.0
CYB5R3,2121.0
SLC4A1AP,2121.0
TCEA1,2120.0
LYRM7,2120.0
KPNA4,2118.0
CRBN,2118.0
THOC2,2118.0
SUGP2,2118.0
AFF4,2117.0
SF1,2116.0
LRRC8B,2114.0
CACNA2D1,2112.0
GSPT1,2112.0
PNPLA8,2110.0
CHP1,2109.0
KLHL42,2107.0
ANXA7,2107.0
DDRGK1,2106.0
HBA1,2105.0
GAD2,2105.0
DIRAS1,2105.0
FGF13,2102.0
SEC61G,2102.0
KCNQ5,2098.0
EPDR1,2098.0
SIPA1L1,2097.0
KIAA1211L,2097.0
ANP32E,2096.0
TRAK1,2095.0
SSBP4,2095.0
MRPL28,2095.0
RNF141,2092.0
MRPS24,2086.0
MBNL1,2086.0
ACTN4,2085.0
CACNA1A,2083.0
PDCD6,2083.0
RETREG1,2082.0
MTLN,2082.0
MSMO1,2081.0
CELSR2,2080.0
NSRP1,2080.0
USP34,2079.0
EIF3I,2077.0
CDV3,2076.0
RASGRF2,2076.0
RUFY2,2075.0
WBP4,2073.0
USP14,2072.0
MEAF6,2071.0
TBRG1,2071.0
ID4,2069.0
PSMD14,2069.0
TNPO2,2068.0
NF1,2067.0
CDC5L,2067.0
GPR37L1,2066.0
PGBD5,2065.0
CNIH2,2065.0
VBP1,2065.0
FAM32A,2063.0
LRRN3,2062.0
CIAO1,2062.0
KCNJ6,2062.0
PCYOX1,2061.0
APPL1,2060.0
SPEN,2059.0
CCT8,2059.0
PNRC1,2059.0
AP3M2,2058.0
ANAPC5,2056.0
IGSF8,2055.0
UCHL5,2054.0
FGFR1OP2,2053.0
TMEM205,2052.0
CCDC186,2051.0
GRIA1,2051.0
AKR1B1,2050.0
MTRNR2L10,2049.0
AKTIP,2047.0
SYNM,2047.0
JPT1,2047.0
MYO9A,2046.0
ZSCAN18,2046.0
MMD,2046.0
SUCLG1,2046.0
PHF20L1,2042.0
VSTM2A,2041.0
TBR1,2041.0
YIPF4,2039.0
REPS2,2036.0
UBE2E3,2035.0
MRPL57,2033.0
PFKL,2032.0
HNRNPH2,2032.0
COX11,2032.0
NIPSNAP2,2028.0
NNT,2028.0
HSPA4L,2027.0
SYT5,2026.0
DHX30,2021.0
SLC44A1,2020.0
CEP170B,2020.0
TMEM246,2019.0
BHLHE41,2018.0
YARS,2017.0
FDFT1,2016.0
ZNF365,2015.0
CCM2,2013.0
DPP8,2011.0
SLC25A36,2011.0
MAP7,2010.0
GPR162,2010.0
KLHDC2,2010.0
FAM49B,2009.0
PLPPR4,2008.0
HNRNPH3,2008.0
SCP2,2008.0
CUL5,2007.0
LMBRD1,2006.0
CSNK2B,2006.0
RAB3GAP1,2006.0
VPS4A,2005.0
LMO7,2004.0
SASH1,2004.0
RASGRF1,2003.0
ARAP2,2002.0
PIP4K2A,2001.0
SEL1L,2001.0
RPS27L,2001.0
FBXO11,2000.0
SLC35F1,2000.0
TSR2,1999.0
KRR1,1998.0
SPTBN2,1998.0
TMEM106B,1995.0
SYBU,1994.0
SLC26A4-AS1,1993.0
MICAL2,1990.0
HSPB1,1990.0
EEF1D,1989.0
EMC3,1987.0
CCT5,1987.0
WDR7,1986.0
TNIK,1986.0
GARS,1985.0
GNG10,1985.0
NDUFS7,1985.0
PAM,1984.0
GNAZ,1982.0
NSFL1C,1982.0
BAD,1982.0
LINC00641,1981.0
RBBP4,1981.0
GTDC1,1980.0
CCDC6,1979.0
PRPF19,1977.0
CDS2,1975.0
CCDC136,1974.0
ATP2C1,1973.0
ATXN1,1971.0
MAP6,1971.0
PRKACA,1970.0
ACTR1A,1970.0
ATMIN,1967.0
HIGD2A,1967.0
PAQR8,1967.0
IMPAD1,1967.0
XIAP,1965.0
MYEF2,1965.0
AGPAT3,1965.0
PPP1R9B,1964.0
ACSL4,1964.0
PPP1R12B,1961.0
ALDH7A1,1960.0
CCP110,1957.0
TMED10,1957.0
NPY,1956.0
TMEM258,1956.0
GTF2H5,1955.0
AP3S1,1955.0
HAGH,1954.0
SOWAHA,1953.0
FAM200B,1953.0
TTC19,1951.0
MAPK6,1949.0
SORBS1,1948.0
AP2A1,1947.0
VSTM2L,1945.0
FDPS,1943.0
AK1,1942.0
WDR13,1941.0
PLK2,1941.0
FAM177A1,1940.0
MRPS33,1938.0
HMGN3,1938.0
DNAJC15,1937.0
SELENOF,1936.0
CDK5R2,1935.0
TFPT,1934.0
SLMAP,1933.0
VPS53,1933.0
BACE1,1932.0
SURF1,1931.0
STAU1,1931.0
UBE2Z,1931.0
CUL3,1930.0
FAM155A,1930.0
ASAP1,1929.0
MMP24OS,1927.0
ZBTB38,1927.0
CTNNA1,1926.0
TUBG2,1925.0
SETD2,1921.0
ANXA11,1921.0
YME1L1,1920.0
SLC25A11,1919.0
ENY2,1918.0
R3HDM2,1918.0
ILRUN,1918.0
TUSC2,1918.0
EBNA1BP2,1916.0
NRSN2,1916.0
SH3BP5,1914.0
UFM1,1910.0
KLF9,1909.0
SH3GL3,1908.0
HRAS,1908.0
TRAPPC2L,1908.0
STOX2,1907.0
CRIM1,1907.0
HLA-B,1905.0
HS6ST3,1904.0
CETN2,1903.0
RNPC3,1903.0
MAGI2,1902.0
NOP56,1902.0
SAR1A,1901.0
ERH,1901.0
CWF19L2,1899.0
SLC25A46,1898.0
OPALIN,1898.0
RAB4A,1897.0
OGT,1897.0
PRR13,1897.0
ARID1B,1896.0
CIAO2B,1895.0
USP47,1894.0
YY1,1893.0
TMEM132A,1891.0
HADHB,1890.0
NR2F1-AS1,1888.0
YJEFN3,1887.0
HMOX2,1886.0
SMS,1885.0
ANKHD1,1884.0
ASTN1,1882.0
FBXO21,1882.0
LINC01578,1880.0
BCAS2,1873.0
RALGAPA1,1872.0
MPPED1,1872.0
SARNP,1872.0
TTL,1870.0
PDIA3,1868.0
WDR83OS,1867.0
TIMM8B,1867.0
LONP2,1866.0
PRRT1,1865.0
MRPL52,1864.0
VAPB,1864.0
GDE1,1864.0
LAMP1,1861.0
CUEDC2,1861.0
FGF1,1858.0
GRK2,1858.0
TMX2,1857.0
CS,1855.0
TCEAL9,1855.0
ZFP36L1,1855.0
EIF3L,1855.0
USP16,1854.0
SYNCRIP,1854.0
RBM17,1853.0
PYGB,1853.0
ESD,1853.0
ERICH3,1852.0
MRPS26,1852.0
ZNF428,1849.0
VPS26B,1849.0
WIPI2,1847.0
SHISA4,1846.0
SMARCA4,1845.0
CWC27,1845.0
SLC38A2,1844.0
CYSTM1,1844.0
GPC1,1844.0
XPO1,1842.0
HIVEP2,1842.0
SMIM13,1841.0
UPF3A,1839.0
BAP1,1839.0
BAG6,1838.0
GPRASP2,1838.0
MAT2A,1838.0
SH3KBP1,1836.0
DDHD2,1836.0
INPP4A,1834.0
RAMP1,1833.0
ZNF207,1832.0
ILF3,1832.0
RUSC1,1832.0
RPN2,1831.0
MIR100HG,1831.0
EIF3M,1831.0
NOLC1,1830.0
PLEKHA5,1829.0
HSD11B1L,1828.0
DLD,1828.0
MSL1,1827.0
ATP1B3,1827.0
ARFGAP2,1827.0
SACS,1826.0
MEA1,1825.0
SCN3A,1824.0
ELL2,1824.0
VPS13A,1823.0
TRIM23,1822.0
LHX2,1821.0
KCNV1,1820.0
DLG4,1820.0
RANBP1,1820.0
DGKB,1819.0
KCND3,1819.0
SRP19,1818.0
PICALM,1818.0
SMARCA1,1815.0
KIF2A,1815.0
TSNAX,1814.0
SPART,1814.0
NIPAL3,1813.0
VGF,1812.0
ZNF25,1809.0
TUSC3,1809.0
EMC2,1809.0
SLC8A2,1807.0
IMMT,1806.0
PPME1,1805.0
BCL11A,1804.0
ATXN7L3,1803.0
HMGCR,1803.0
PWWP3A,1803.0
COPS7A,1802.0
GLYR1,1802.0
PAIP1,1802.0
FAM81A,1802.0
CIPC,1802.0
EGFL7,1802.0
UBE2R2,1802.0
ANKRD46,1800.0
RAB3IP,1799.0
FSCN1,1798.0
AHNAK,1798.0
AL627171.2,1797.0
ARL1,1797.0
SFXN5,1797.0
ACTN1,1795.0
ADIRF,1794.0
JAK1,1794.0
BRD7,1793.0
ADGRL3,1793.0
NR3C1,1792.0
FYN,1791.0
CMSS1,1790.0
SLIT1,1790.0
EFHD2,1790.0
FLOT2,1790.0
MLC1,1789.0
TOMM5,1788.0
FLRT2,1787.0
TCEAL1,1786.0
ETS2,1786.0
WIPF2,1784.0
IDH3A,1782.0
ASPHD1,1782.0
REEP1,1782.0
UBA2,1782.0
GRK3,1779.0
TMEM161B-AS1,1779.0
NBR1,1776.0
CA10,1776.0
BTBD10,1776.0
WDR60,1776.0
PALM2-AKAP2,1775.0
SMC3,1775.0
ZRANB1,1774.0
HAPLN4,1773.0
COPS4,1773.0
MSRB2,1771.0
MTUS1,1771.0
TRA2B,1771.0
BLOC1S2,1770.0
ANKRD36,1769.0
P4HB,1768.0
RNF145,1765.0
EIF2S3,1764.0
RNF130,1764.0
RAB22A,1764.0
KPNA5,1763.0
PDE8B,1763.0
ABI1,1762.0
KLHL2,1762.0
GPR158,1761.0
ZBTB44,1761.0
FAM126B,1760.0
SLC12A2,1759.0
HCG18,1759.0
TAFA5,1759.0
PART1,1756.0
MAP3K13,1756.0
DLGAP4,1755.0
CSNK1E,1754.0
NCOA4,1753.0
BAIAP3,1753.0
FBXO44,1753.0
TTC37,1751.0
TTC7B,1751.0
SNORC,1750.0
CLVS2,1749.0
PHB2,1749.0
LHPP,1749.0
KCNJ10,1748.0
TM9SF2,1748.0
ADAM22,1748.0
PPP1R2,1748.0
NDUFAF4,1748.0
RLIM,1747.0
NOP53,1747.0
TP53BP1,1747.0
NCEH1,1747.0
TPM4,1747.0
EVI5,1747.0
DNAJC21,1745.0
AK3,1745.0
SETX,1744.0
DYRK1A,1743.0
AP1S2,1743.0
UROD,1742.0
TIMM13,1742.0
AATK,1742.0
MRPS7,1741.0
PPP1CC,1741.0
USO1,1738.0
YTHDF2,1738.0
TMED2,1737.0
ATP13A2,1736.0
PHF20,1736.0
TMEM47,1735.0
LAPTM4A,1735.0
NDUFAF2,1735.0
SREK1,1735.0
HNRNPL,1734.0
SMIM10L1,1734.0
HARS,1733.0
CDKN1B,1733.0
PDK3,1732.0
DDX18,1731.0
C2orf80,1730.0
COPS2,1730.0
LAGE3,1730.0
MEGF9,1729.0
EWSR1,1729.0
RAB21,1728.0
GRAMD1B,1728.0
SNRNP70,1728.0
SNRPB2,1728.0
EI24,1727.0
LSM7,1727.0
NAV3,1726.0
DNTTIP2,1726.0
VOPP1,1725.0
GOLGA8A,1724.0
PTPRT,1724.0
CLSTN3,1723.0
C7orf50,1723.0
GABRG1,1723.0
CHRM3,1721.0
JAKMIP2,1721.0
PDE1A,1720.0
MCTS1,1720.0
SPOP,1720.0
CEP126,1720.0
PRKDC,1719.0
SSR3,1718.0
CLPTM1,1718.0
ST3GAL5,1717.0
CD200,1716.0
ERGIC2,1715.0
SLC4A7,1715.0
CREBL2,1714.0
PPP1R1A,1713.0
PRKCG,1712.0
ALKBH5,1712.0
ZBTB16,1711.0
SPOCK3,1711.0
PDPK1,1710.0
NFASC,1709.0
MAT2B,1709.0
INF2,1708.0
FADS1,1708.0
GRM5,1707.0
SAT2,1707.0
MTIF3,1706.0
TMEFF1,1706.0
CIT,1705.0
MT1X,1704.0
FBXL5,1704.0
GSK3B,1704.0
CRK,1704.0
ZNF148,1703.0
DENND5B,1702.0
TMEM14C,1702.0
TMCO1,1701.0
ADAM23,1701.0
PSMC2,1701.0
CDC27,1701.0
SLITRK1,1701.0
SORBS2,1700.0
TMEM167A,1700.0
ACTR1B,1698.0
POLR2E,1696.0
FAM20B,1695.0
SMIM29,1694.0
PMPCB,1692.0
NDRG1,1692.0
OS9,1689.0
TMEM33,1689.0
DARS,1689.0
TMEM151B,1688.0
CDH13,1688.0
FDX2,1687.0
LRRC47,1687.0
DAD1,1686.0
FBXW5,1686.0
SDHB,1686.0
UBAP2,1685.0
CMTM4,1685.0
PDHB,1685.0
PSMB2,1685.0
APMAP,1684.0
RBIS,1683.0
ACAT1,1682.0
PGRMC2,1682.0
TSC22D3,1681.0
AL161772.1,1679.0
NUTF2,1678.0
FUNDC2,1678.0
PTGES2,1677.0
CLOCK,1676.0
SSR1,1676.0
PRELID1,1676.0
CREBBP,1675.0
PNCK,1675.0
ARRB1,1674.0
BBX,1674.0
RBM5,1673.0
GGCT,1671.0
ABCF1,1671.0
CBX7,1670.0
BECN1,1670.0
EPM2AIP1,1669.0
ABHD12,1669.0
PIK3CB,1668.0
MYL9,1665.0
VPS51,1665.0
ABCA2,1665.0
TAFA2,1664.0
UTRN,1663.0
TRIM33,1663.0
LAMP2,1662.0
DPP10,1662.0
CCDC82,1661.0
ARL8A,1660.0
DCXR,1660.0
NUCB2,1660.0
TAGLN,1660.0
RALYL,1659.0
YAF2,1658.0
SNX17,1658.0
IGFBP5,1658.0
DHRS7,1657.0
TMEM14B,1657.0
ADNP,1657.0
TKT,1657.0
LYSMD2,1656.0
NEUROD2,1656.0
PRAF2,1654.0
CEBPZ,1654.0
GOLGA2,1654.0
FNBP1,1651.0
P4HTM,1651.0
MGST1,1651.0
TAF9,1651.0
PYURF,1650.0
ANTKMT,1650.0
FIBP,1650.0
MCF2L,1649.0
RHOQ,1649.0
PLEC,1647.0
HMGN1,1646.0
AKIRIN1,1646.0
MRPL55,1644.0
FABP3,1643.0
LINC00672,1642.0
ACP1,1642.0
LINC00844,1641.0
PDHA1,1641.0
RBBP7,1641.0
PSMA2,1640.0
RANBP9,1640.0
MAGEH1,1639.0
URI1,1638.0
CYLD,1638.0
ZNF358,1637.0
ZNF644,1637.0
DIO2,1636.0
FARP1,1635.0
ALDH5A1,1635.0
UPF2,1635.0
YLPM1,1635.0
BRI3,1634.0
FAM199X,1634.0
HS6ST1,1634.0
ZMYND8,1633.0
PUF60,1629.0
TAF10,1629.0
CNPY2,1628.0
MOSMO,1627.0
CSNK2A1,1625.0
PPP1R16B,1624.0
API5,1623.0
ANKRD40,1623.0
CPLANE1,1623.0
RTRAF,1622.0
LINC00461,1621.0
SAE1,1621.0
KAT6B,1621.0
GNG7,1620.0
MZT1,1619.0
KNDC1,1619.0
EIF4G1,1618.0
ERP29,1618.0
PTPN4,1617.0
CX3CL1,1617.0
ITPR2,1617.0
SRSF7,1616.0
STXBP6,1616.0
DDX46,1616.0
PLEKHM2,1614.0
LPAR1,1614.0
EGLN1,1614.0
POLE4,1613.0
AIDA,1612.0
GNAI1,1612.0
EXOC5,1612.0
PLPPR2,1612.0
NKAIN3-IT1,1611.0
ADSS,1611.0
DDX39B,1611.0
SLC1A4,1611.0
FRG1,1610.0
VPS26A,1610.0
PLAAT3,1609.0
RAB3B,1608.0
AL162231.1,1608.0
HSPA13,1606.0
ARL4C,1606.0
UBE2H,1606.0
CDIPT,1606.0
AHSA1,1605.0
PMVK,1605.0
GSN,1604.0
LRRFIP1,1604.0
RAB3GAP2,1604.0
ZC3H14,1604.0
NT5C3B,1604.0
NFE2L2,1602.0
MKLN1,1602.0
LGI4,1601.0
PXK,1601.0
FBXO41,1601.0
SIK3,1601.0
CISD2,1599.0
CDK5,1597.0
ACTN2,1597.0
AFG3L2,1597.0
CFL2,1597.0
FBXL15,1596.0
B3GALT2,1595.0
ADH5,1595.0
PODXL2,1594.0
PABPN1,1594.0
MAZ,1593.0
EIF2S1,1592.0
CPNE5,1592.0
AGPAT1,1592.0
TTC14,1589.0
MEF2D,1588.0
HLA-E,1587.0
EIF4E3,1587.0
SNRPE,1585.0
AMFR,1585.0
RAB5C,1584.0
CREBRF,1582.0
KPNA1,1581.0
LRRC7,1580.0
HCN1,1579.0
PTPRF,1579.0
MAGEE1,1578.0
NDEL1,1578.0
MARK3,1578.0
LNPEP,1578.0
MICU1,1575.0
TIMM10,1574.0
PRRC2A,1573.0
EPB41L4A-AS1,1572.0
CACNA1E,1571.0
TARDBP,1569.0
RNF13,1569.0
MPHOSPH10,1569.0
PIGX,1569.0
SNPH,1569.0
BCR,1568.0
SGSM2,1568.0
RIDA,1566.0
ATAD1,1566.0
KPNA3,1566.0
KCTD1,1566.0
KRAS,1566.0
NDUFAF3,1564.0
LDOC1,1563.0
DPYSL3,1563.0
BUD31,1563.0
RBM3,1562.0
CTTN,1561.0
LYRM2,1559.0
AIG1,1558.0
RBM27,1558.0
MAGI1,1557.0
PIK3C2A,1557.0
NME3,1556.0
MRPS34,1555.0
ODF2L,1555.0
GRIPAP1,1555.0
GRHPR,1552.0
GIGYF2,1552.0
HSPB8,1551.0
ZER1,1551.0
GSK3A,1551.0
NRIP3,1550.0
TNK2,1550.0
PPM1B,1549.0
PPP2R2A,1548.0
MRPS36,1547.0
TMF1,1547.0
TOM1L2,1547.0
VMA21,1547.0
MAN2A2,1547.0
FAM120A,1546.0
MRPL34,1545.0
UBE2E2,1544.0
MRPS23,1543.0
SMARCC1,1542.0
FNDC4,1542.0
ZNF770,1542.0
EXOC7,1540.0
ACADVL,1540.0
CADPS2,1540.0
GALNT17,1539.0
FKBP4,1538.0
TMEM181,1537.0
SLC25A22,1537.0
FABP7,1536.0
BIRC6,1536.0
COPS5,1536.0
KCMF1,1535.0
LARP6,1535.0
SMAD2,1534.0
FTX,1534.0
MRPL27,1534.0
PLCG2,1534.0
SLC25A18,1534.0
C1orf216,1534.0
VEGFB,1533.0
LPGAT1,1533.0
EPAS1,1532.0
CHCHD1,1532.0
EFCAB14,1532.0
WNK2,1532.0
AP3B2,1532.0
PSMD13,1531.0
MRPL21,1531.0
GPATCH2L,1530.0
MED29,1530.0
MT1M,1530.0
PTPRK,1529.0
PITRM1,1527.0
SAMD8,1526.0
AC245060.5,1526.0
CBLN2,1525.0
PBXIP1,1521.0
RNF7,1520.0
FAM184A,1520.0
SRGAP3,1519.0
POLR2J,1519.0
SF3B5,1518.0
PSMF1,1517.0
LRIG1,1516.0
KBTBD6,1516.0
TADA3,1515.0
TPP1,1515.0
JUN,1515.0
SPG7,1514.0
POLR2A,1512.0
DDA1,1512.0
BRINP1,1511.0
CDK13,1511.0
ANAPC13,1511.0
CNTN2,1511.0
C6orf89,1510.0
PIP5K1C,1510.0
BRD2,1510.0
CCDC7,1509.0
UBAC1,1509.0
RNASE1,1509.0
ACBD7,1507.0
DSTYK,1506.0
C1D,1505.0
CPEB3,1505.0
VPS36,1504.0
NAXE,1504.0
UBE2E1,1503.0
TAPBP,1503.0
CGGBP1,1502.0
PRICKLE2,1502.0
NOP58,1501.0
PPP4R3B,1501.0
JPX,1500.0
PPFIA3,1500.0
ZNHIT3,1500.0
DNAJC19,1500.0
IDH3B,1499.0
L1CAM,1499.0
BTBD6,1497.0
ERBB4,1497.0
ATG12,1496.0
SRSF9,1496.0
GOLGA7,1496.0
DACT3,1495.0
KCNF1,1495.0
RAP1GAP2,1495.0
ENDOD1,1495.0
UBE2I,1495.0
IARS,1495.0
BTBD2,1494.0
PCGF5,1493.0
CNST,1493.0
DLG3,1492.0
NRIP1,1492.0
CLK1,1492.0
DBP,1492.0
NONO,1491.0
ATN1,1491.0
DCTN6,1491.0
PTPN5,1490.0
DDX21,1490.0
GABRA4,1489.0
ORC4,1489.0
SRSF8,1489.0
KCNQ1OT1,1489.0
LRP11,1488.0
MPDZ,1487.0
OGDHL,1486.0
CASP8AP2,1486.0
SDC3,1486.0
ARMC1,1484.0
VPS13D,1484.0
ADAP1,1483.0
ATF2,1483.0
DTX3,1482.0
TIMP3,1481.0
RAB1B,1480.0
PRPF6,1480.0
EXOC1,1479.0
LINC00599,1478.0
KIF1BP,1478.0
UBLCP1,1478.0
GNPTG,1477.0
PSMB10,1476.0
DCAF8,1476.0
DOCK9,1476.0
TMEM248,1476.0
FGF14,1475.0
ZNF24,1474.0
FAT3,1473.0
DCTN4,1473.0
LPIN1,1472.0
HADHA,1472.0
NIN,1471.0
DNAJC18,1471.0
AKAP5,1469.0
SEC31A,1469.0
FMN2,1468.0
FRY,1468.0
ETV1,1468.0
RBM6,1467.0
PHB,1467.0
HDHD2,1466.0
TOMM22,1465.0
B4GALNT4,1465.0
SRRM4,1465.0
TALDO1,1465.0
DPP7,1464.0
PAPSS1,1463.0
ITGAV,1462.0
GTF3C6,1462.0
TRAP1,1461.0
TRIO,1461.0
WAC-AS1,1461.0
COMMD7,1460.0
SLC4A8,1459.0
SFXN1,1459.0
ICA1L,1459.0
DBNL,1458.0
USP48,1458.0
CDK17,1457.0
EIF4EBP2,1457.0
CDH2,1457.0
CHD8,1457.0
SEC23A,1455.0
ANKMY2,1454.0
EIF3G,1454.0
NDUFA9,1454.0
RASD1,1454.0
PIP4P2,1454.0
SNHG32,1453.0
SRP68,1453.0
SETD3,1453.0
EMC10,1452.0
TMEM155,1451.0
ZNF280D,1451.0
DICER1,1451.0
CADM4,1450.0
SRCIN1,1449.0
PPP2R3C,1448.0
RBSN,1447.0
SCLT1,1447.0
ALKBH7,1447.0
DCAF7,1446.0
ACBD5,1445.0
HIF1A,1445.0
FAM169A,1445.0
SSTR2,1444.0
ZMIZ1,1444.0
MLLT1,1443.0
ETNK1,1442.0
APEX1,1442.0
PRPF38B,1441.0
UBTF,1439.0
RNF208,1438.0
GALNT8,1438.0
CASKIN1,1438.0
PDIA6,1438.0
GOPC,1437.0
USP5,1437.0
CNIH1,1436.0
ATRN,1436.0
CRIPT,1435.0
SLBP,1435.0
GLRX2,1435.0
GET3,1435.0
TRAPPC1,1435.0
GOLGA8B,1434.0
PEX19,1434.0
TRIL,1434.0
FRMPD4,1433.0
SEC22B,1433.0
EIF2AK1,1432.0
STOML2,1432.0
PSAT1,1432.0
TSN,1432.0
POLR2B,1431.0
IPO9,1430.0
RNF10,1429.0
STOM,1429.0
RPAIN,1429.0
DOCK4,1429.0
CDK16,1428.0
DNAJC2,1427.0
SEC61B,1426.0
EGR3,1425.0
POU3F3,1424.0
POLR2F,1424.0
CLDN10,1424.0
AFDN,1424.0
DHX9,1424.0
CHMP2B,1424.0
DYNC1LI1,1424.0
FABP5,1423.0
TERF1,1423.0
SKAP2,1423.0
RGCC,1422.0
SLC30A3,1421.0
ATP8A2,1421.0
BOLA3,1420.0
CAMTA2,1420.0
CCNDBP1,1420.0
CORO2B,1419.0
WDR45B,1419.0
SLC41A3,1418.0
STK24,1418.0
NABP2,1418.0
GRAMD2B,1418.0
PSMD10,1417.0
AAMP,1417.0
PPP4R2,1417.0
FBXO3,1416.0
NQO2,1414.0
HYOU1,1413.0
FAM131B,1413.0
SMYD2,1411.0
TMEM50A,1411.0
REV3L,1411.0
MRPL12,1411.0
ROBO2,1410.0
RUSC2,1409.0
GPATCH4,1409.0
IRF2BP2,1409.0
AC010642.2,1409.0
LRRC4B,1409.0
BRI3BP,1408.0
INSIG1,1408.0
PIK3R2,1408.0
ADCYAP1R1,1407.0
ACAP3,1405.0
SLITRK5,1404.0
NUFIP2,1404.0
TSTD1,1403.0
KLC2,1403.0
PIK3C3,1402.0
AGFG1,1402.0
ZSCAN16-AS1,1401.0
SPRED1,1400.0
MOB4,1400.0
PARM1,1399.0
CRYZL1,1399.0
CD74,1398.0
RNF20,1398.0
SMIM26,1397.0
TOGARAM1,1397.0
SLC7A11,1396.0
CASC3,1396.0
GNAL,1395.0
KLF13,1395.0
ZMYM4,1395.0
POLR1D,1395.0
SERGEF,1394.0
ARMCX2,1394.0
MSI2,1394.0
MRPS35,1394.0
SELENOP,1394.0
BORCS7,1394.0
SAFB2,1393.0
TBC1D5,1392.0
CHPT1,1392.0
IDH3G,1391.0
SLC2A3,1390.0
PPIB,1390.0
NPM2,1390.0
DGKI,1389.0
MKRN1,1389.0
ATE1,1389.0
PABPC4,1388.0
RNF41,1388.0
RNF6,1385.0
NKIRAS1,1384.0
AP1M1,1383.0
SF3B6,1383.0
LARP1B,1383.0
CERK,1382.0
MIER1,1381.0
SNRPD1,1380.0
APC2,1380.0
OLFM3,1380.0
MTMR9,1377.0
RPS6KA5,1377.0
TANC2,1377.0
TBC1D9B,1376.0
LAMTOR2,1376.0
CACNB2,1375.0
ABCA3,1374.0
KCNH3,1373.0
LRATD1,1372.0
HERPUD1,1372.0
STOML1,1372.0
MAGI3,1371.0
UBE4A,1371.0
ILF2,1371.0
LANCL2,1371.0
UBXN1,1370.0
LIFR,1369.0
PDLIM5,1369.0
ECH1,1369.0
PSD2,1369.0
RHOT1,1369.0
FBXL3,1369.0
IL17D,1369.0
FTO,1368.0
ZFYVE16,1368.0
VKORC1L1,1368.0
TAF15,1368.0
LGI3,1368.0
TNRC6C,1367.0
LAMTOR3,1367.0
WLS,1366.0
ZFC3H1,1365.0
NSD2,1365.0
TBC1D24,1365.0
SESTD1,1365.0
CCNL2,1365.0
SHISA5,1365.0
PITPNM3,1364.0
GALNT11,1364.0
WDFY3,1364.0
SLC48A1,1363.0
NOP10,1363.0
MTMR6,1363.0
SPP1,1363.0
AGTPBP1,1363.0
TOX4,1363.0
SNRPF,1362.0
ANAPC16,1362.0
WARS,1361.0
SPPL3,1361.0
RASAL2,1360.0
RAB5IF,1360.0
AK4,1359.0
CRY2,1359.0
LASP1,1358.0
XPA,1358.0
TRUB2,1358.0
H1F0,1358.0
DEXI,1357.0
ZNF326,1357.0
CSPP1,1357.0
FAM13B,1357.0
VCAN,1357.0
B4GALNT1,1356.0
NEK1,1355.0
PLA2G12A,1355.0
ALDH1A1,1355.0
LAPTM4B,1354.0
LPIN2,1354.0
CSE1L,1354.0
RAB30,1354.0
ATP2B3,1353.0
HBS1L,1353.0
TRAK2,1353.0
LCMT1,1352.0
PMEPA1,1352.0
RGS7,1351.0
PPCS,1351.0
NTPCR,1351.0
NASP,1350.0
NMT2,1350.0
ARIH1,1348.0
NUDT16,1348.0
NELFE,1348.0
RTN4R,1348.0
VEZT,1348.0
UBE2W,1348.0
TIAM1,1347.0
ELOVL4,1347.0
ARL5A,1347.0
MRPS5,1347.0
WDR26,1347.0
ICE1,1346.0
SMARCE1,1346.0
PTCD3,1345.0
CLIP2,1345.0
IGBP1,1345.0
SUPT4H1,1345.0
RAB15,1345.0
PIAS2,1345.0
PSMA5,1344.0
NACC2,1344.0
MLEC,1344.0
NR1D2,1343.0
LMTK2,1343.0
DBNDD1,1342.0
STT3B,1342.0
GAMT,1341.0
ARHGEF2,1341.0
SNRNP200,1341.0
C2orf69,1340.0
VAMP1,1340.0
DIXDC1,1339.0
ZNF664,1339.0
SOGA3,1339.0
CLNS1A,1339.0
UBR5,1338.0
SLC25A12,1338.0
RPAP2,1338.0
CEP63,1337.0
NAA50,1337.0
LLPH,1337.0
NAA15,1337.0
PPIL4,1337.0
AP1B1,1336.0
ARHGEF3,1336.0
ARF4,1336.0
RNF146,1335.0
FARSA,1335.0
ITPKA,1335.0
ZMYM2,1334.0
SSBP2,1334.0
CTDNEP1,1333.0
MCTP1,1333.0
SCCPDH,1333.0
PDCD6IP,1332.0
NAPEPLD,1332.0
SLC7A14,1332.0
KCTD12,1331.0
RAB11B,1331.0
SHANK2,1331.0
TMEM9B,1330.0
ZCCHC24,1330.0
CLCN6,1330.0
MANBAL,1329.0
ACTR3B,1329.0
DHX29,1328.0
CDH8,1328.0
PRDM8,1328.0
GTF2F1,1328.0
RNASEH2B,1328.0
FBXO34,1327.0
MPHOSPH6,1327.0
NIPA1,1326.0
EDNRB,1325.0
PCF11,1325.0
FAM219A,1324.0
RNF115,1324.0
SCAI,1323.0
UQCC2,1323.0
BTF3L4,1323.0
DNAL1,1322.0
ACLY,1321.0
HDAC5,1320.0
GPATCH11,1320.0
BRSK2,1320.0
CEP68,1319.0
SNX6,1317.0
DNAJB1,1317.0
PPP6C,1317.0
SNX27,1317.0
CAMK2N2,1315.0
MED4,1314.0
EIF2A,1314.0
TSR3,1313.0
HSD17B4,1312.0
MIB1,1310.0
PANK3,1310.0
AP5M1,1308.0
PPP5C,1308.0
PPP1R11,1307.0
TLE4,1307.0
IDH2,1306.0
USP10,1305.0
CFAP97,1305.0
UBE2G2,1305.0
NCBP2,1304.0
PSMD11,1304.0
MTCH2,1303.0
SLC3A2,1301.0
NUB1,1301.0
TSC1,1300.0
TUT4,1300.0
TMEFF2,1300.0
TMEM70,1299.0
RSRP1,1299.0
TMEM50B,1298.0
C11orf49,1298.0
PREX2,1298.0
TMEM126B,1297.0
NUMA1,1297.0
CUL1,1296.0
MKKS,1296.0
ZHX3,1296.0
LRRC4C,1295.0
KCNC1,1295.0
C5orf24,1295.0
INTS1,1295.0
SH3PXD2A,1293.0
SNRK,1292.0
CCDC85A,1291.0
OGDH,1291.0
SLC20A1,1288.0
IBTK,1288.0
LARGE1,1288.0
CACUL1,1287.0
ZDHHC21,1287.0
KCTD17,1286.0
ARMC10,1286.0
CCDC124,1286.0
TMEM178B,1286.0
PIAS1,1285.0
HLTF,1284.0
NCOR2,1284.0
MRPS18C,1284.0
RC3H2,1282.0
CYHR1,1282.0
COA5,1281.0
KAT2B,1280.0
NOMO1,1279.0
RASGRP1,1279.0
EAPP,1279.0
ETF1,1278.0
AGPAT5,1278.0
SGCB,1278.0
B4GALT6,1278.0
ASB8,1277.0
SAMD12,1277.0
GNL3,1275.0
PDK2,1275.0
SCFD1,1275.0
COA8,1275.0
NAV1,1274.0
PPP1R12C,1274.0
TMEM144,1274.0
MSL3,1273.0
ZMIZ2,1272.0
ALDOA,1272.0
SYAP1,1271.0
C12orf10,1270.0
PPP1CA,1270.0
PCNX2,1269.0
AMPD2,1269.0
BRD8,1268.0
SDAD1,1268.0
COA6,1268.0
MYH11,1268.0
ATG3,1267.0
MTX2,1267.0
CCDC28A,1267.0
ADGRB1,1267.0
RGL1,1266.0
COPZ1,1266.0
OSBPL6,1265.0
CMC2,1264.0
PCNT,1264.0
IARS2,1263.0
ATG13,1262.0
HTT,1262.0
HLA-C,1261.0
MEIS3,1261.0
CHML,1260.0
FAM102A,1260.0
SPRYD7,1260.0
C2orf74,1260.0
RMND5A,1258.0
SRSF10,1258.0
MCUR1,1257.0
LRRC8A,1257.0
ERCC6L2,1257.0
GPS1,1257.0
SAFB,1256.0
LNPK,1256.0
BTRC,1255.0
MAST1,1254.0
STEAP2,1254.0
KCNJ9,1252.0
APPBP2,1252.0
STAG2,1252.0
TRIM8,1250.0
SF3A1,1249.0
AKIRIN2,1249.0
ATG9A,1249.0
GBA,1248.0
EFNB3,1248.0
BCAT1,1248.0
SRSF4,1247.0
CHCHD6,1247.0
TBC1D9,1247.0
NCKIPSD,1246.0
NRBP1,1246.0
DENND5A,1245.0
HIPK1,1245.0
SLC6A8,1245.0
GTF2A1,1245.0
CACNB3,1245.0
CLASP1,1244.0
GSTA4,1243.0
DPY30,1243.0
FKBP1B,1243.0
FAM98A,1241.0
MBOAT2,1241.0
EIF2AK4,1240.0
KPNA6,1240.0
PIANP,1239.0
AHCTF1,1239.0
ACADM,1237.0
POLR2G,1237.0
PPP1R14A,1236.0
LPCAT4,1236.0
FAM229B,1236.0
IQSEC2,1236.0
RNF168,1235.0
BICD1,1234.0
MT1F,1233.0
DNAJC10,1232.0
ITGB8,1232.0
TM7SF3,1232.0
MAPK1IP1L,1232.0
COPS3,1232.0
TGFBR3L,1231.0
GOLGA3,1230.0
PDE4B,1229.0
MTFR1L,1229.0
AFTPH,1229.0
PACS2,1228.0
FAM228B,1227.0
KIAA1143,1227.0
SPCS3,1227.0
MPP1,1227.0
CHRM1,1227.0
SETD5,1226.0
TMEM141,1226.0
EPN2,1226.0
GNA11,1226.0
EMC7,1226.0
SUDS3,1226.0
TFG,1226.0
METTL5,1225.0
RIMBP2,1224.0
PCMTD1,1224.0
MECP2,1224.0
SNW1,1223.0
FADS2,1222.0
FOXN3,1221.0
EP300,1221.0
MRPL24,1221.0
TSC22D2,1220.0
NLRP1,1220.0
HDGF,1220.0
NNT-AS1,1220.0
POLR3H,1219.0
ARID5B,1219.0
SBF1,1219.0
VPS4B,1219.0
ACBD3,1218.0
SDF4,1217.0
LIN7C,1217.0
PHKB,1217.0
NFYB,1217.0
RAB12,1217.0
MAPKAP1,1217.0
MDN1,1216.0
ZC2HC1A,1216.0
MARS,1215.0
PSME1,1215.0
GPALPP1,1215.0
PRPS1,1215.0
SMG1,1214.0
FNIP2,1213.0
USP12,1213.0
SLC66A2,1213.0
IMP4,1213.0
THAP5,1213.0
CTR9,1213.0
GPAA1,1213.0
SNRPC,1213.0
TM7SF2,1212.0
KDM5A,1212.0
TRA2A,1211.0
LZIC,1211.0
CENPC,1211.0
TIAM2,1211.0
YIPF3,1211.0
WBP1,1210.0
GPD1L,1210.0
IGSF21,1209.0
AIMP1,1209.0
SUN2,1209.0
NRBP2,1208.0
PSMA3,1207.0
SNX5,1207.0
FAXC,1206.0
CPT1C,1205.0
ZDHHC17,1205.0
EIF4E2,1204.0
VCPIP1,1203.0
TDP2,1203.0
IP6K2,1203.0
PPFIA1,1202.0
B3GALNT1,1202.0
ACIN1,1202.0
IST1,1202.0
EFR3B,1201.0
HNRNPUL1,1201.0
DCUN1D1,1201.0
SENP2,1201.0
MYLK,1200.0
HPF1,1200.0
IFT57,1200.0
CRELD1,1199.0
BANF1,1198.0
UBA5,1198.0
UBP1,1198.0
TMEM25,1198.0
PTTG1IP,1197.0
SELENOI,1197.0
KCTD2,1197.0
CASD1,1196.0
DUSP26,1195.0
TXN2,1195.0
RSBN1L,1195.0
C22orf39,1194.0
CCDC173,1194.0
PTBP2,1194.0
TMEM170B,1194.0
SMIM10L2A,1194.0
RO60,1194.0
LGALS8,1193.0
VMP1,1192.0
ULK2,1192.0
CHMP1B,1191.0
CAPZA1,1191.0
VTA1,1191.0
PTS,1191.0
POGZ,1191.0
FAR1,1191.0
PFDN6,1191.0
CCND3,1190.0
ERGIC3,1190.0
UBE2S,1190.0
DDX10,1190.0
DCUN1D4,1189.0
CCDC34,1189.0
FBLL1,1189.0
BCCIP,1189.0
SACM1L,1188.0
NT5DC3,1188.0
PSPC1,1188.0
MRPS25,1187.0
PPP2R5D,1187.0
MEGF8,1186.0
RNF181,1186.0
UBL7,1186.0
PAK5,1186.0
POLDIP2,1186.0
PLEKHA3,1186.0
HAX1,1185.0
LUC7L,1185.0
WASHC1,1185.0
C19orf12,1184.0
RAB27B,1183.0
TNPO1,1183.0
PNRC2,1182.0
USP9Y,1182.0
MRPL42,1182.0
DEF8,1182.0
WTAP,1182.0
CSNK1D,1181.0
MAGEF1,1181.0
KAZN,1181.0
DPY19L1,1181.0
TPPP3,1181.0
FYTTD1,1180.0
ARFGEF1,1180.0
SESN1,1179.0
SNX2,1179.0
PJA1,1179.0
GASK1B,1178.0
SEH1L,1178.0
ZNF385D,1178.0
MAL,1177.0
WDR48,1177.0
ABCE1,1176.0
RNF19A,1176.0
DLAT,1176.0
FUBP1,1176.0
JAZF1,1175.0
BRAF,1175.0
TPMT,1175.0
HIKESHI,1175.0
ABCC5,1174.0
ABCF2,1174.0
CACNA1B,1174.0
SPAG16,1173.0
SLC23A2,1173.0
UBQLN4,1173.0
PHGDH,1173.0
B4GALT2,1172.0
CASTOR3,1172.0
CAMSAP1,1172.0
NIPSNAP1,1172.0
TOR1AIP2,1172.0
FNBP4,1171.0
CWC22,1171.0
RPS6KA2,1171.0
AC005261.1,1171.0
ALDH9A1,1170.0
C1orf52,1170.0
C11orf68,1170.0
MRPS30,1169.0
SMC6,1168.0
GALNT9,1167.0
MAPK8,1166.0
SUN1,1165.0
LNX1,1164.0
SRSF6,1164.0
TAB2,1163.0
TARSL2,1163.0
MPP5,1163.0
CKMT1A,1162.0
SCYL1,1161.0
GTF3C1,1161.0
ABHD8,1160.0
COMT,1160.0
MTREX,1159.0
ZNF33A,1158.0
MRPL54,1158.0
PCDH8,1158.0
TRAPPC6B,1158.0
EBAG9,1158.0
MRPS15,1158.0
PITPNC1,1157.0
CSNK1G3,1156.0
ZNF302,1155.0
ZNF704,1154.0
SRSF1,1154.0
PSMD6,1154.0
C12orf29,1152.0
CYB5B,1152.0
MAP3K5,1151.0
PDE1C,1149.0
IFIT1,1149.0
TMEM65,1149.0
IRGQ,1149.0
FARSB,1149.0
PPP1R21,1148.0
PDE4A,1148.0
TMEM184B,1146.0
DAAM2,1146.0
NAA20,1145.0
LGI1,1144.0
RUNX1T1,1143.0
RNF167,1143.0
HEXIM1,1142.0
SNAP47,1141.0
PMP22,1141.0
POLE3,1141.0
MAST4,1140.0
TMEM38A,1140.0
SUZ12,1140.0
EID2,1140.0
CAMK1,1139.0
SLC9A3R1,1139.0
ARL2BP,1139.0
PWP1,1139.0
BMI1,1139.0
NUCB1,1139.0
RBM4,1138.0
C3,1138.0
CHID1,1138.0
WDR1,1137.0
LINC00662,1137.0
ABTB1,1137.0
PCSK1,1137.0
TPD52L1,1137.0
IMP3,1136.0
DGCR2,1136.0
MMUT,1136.0
NLGN2,1135.0
TMEM8B,1135.0
TMEM147,1134.0
BMS1,1134.0
MIEN1,1134.0
SNX14,1134.0
ACOT8,1133.0
PAK2,1133.0
AP3S2,1133.0
TENM2,1133.0
MRPL35,1132.0
PDXDC1,1132.0
PLEKHO1,1132.0
BRMS1L,1132.0
MAP1S,1132.0
GTF2A2,1131.0
SPECC1L,1131.0
MED10,1131.0
KDSR,1130.0
CDC16,1130.0
LONP1,1130.0
RGS7BP,1130.0
ACACA,1130.0
MLLT6,1130.0
JAKMIP1,1129.0
DCAF11,1129.0
ARID1A,1129.0
FBXO7,1129.0
SSR2,1128.0
GBA2,1128.0
NALCN,1128.0
SAR1B,1128.0
ITPRID2,1128.0
LETMD1,1128.0
IWS1,1127.0
IFNAR1,1127.0
AC138649.1,1127.0
PDZD8,1127.0
GSKIP,1127.0
LYRM4,1126.0
PGD,1126.0
ZADH2,1126.0
ARFGEF2,1125.0
TTC33,1125.0
COQ4,1124.0
RAP1A,1124.0
MYH9,1124.0
MSANTD4,1123.0
NAA30,1123.0
NCK2,1123.0
TMED4,1123.0
NAT14,1122.0
SSRP1,1122.0
TMEM268,1122.0
SPAG7,1121.0
GATAD1,1121.0
KRTCAP2,1120.0
PARP6,1120.0
PNPLA6,1120.0
B4GALT5,1120.0
PDHX,1120.0
STUM,1120.0
CZIB,1119.0
GPS2,1119.0
ERC1,1118.0
SREK1IP1,1118.0
SENP5,1118.0
XPOT,1117.0
CACNB1,1117.0
FAM120AOS,1117.0
MGAT5,1117.0
RNF5,1117.0
RASA1,1117.0
DEGS1,1116.0
SNHG25,1116.0
LIMK1,1116.0
PAIP2B,1116.0
C8orf33,1116.0
ANAPC15,1115.0
STX8,1114.0
KCNAB1,1114.0
FAM98B,1114.0
HNRNPAB,1113.0
GPR22,1113.0
ADARB1,1113.0
GLOD4,1113.0
THUMPD1,1113.0
DDR1,1112.0
SATB2,1111.0
SNRPG,1111.0
RALA,1111.0
SLAIN1,1111.0
NKAP,1110.0
TMX3,1110.0
RPAP3,1110.0
CDS1,1109.0
ECHDC1,1109.0
SDC4,1109.0
ACAA1,1108.0
MAGI2-AS3,1107.0
TMEM151A,1107.0
ARHGEF17,1106.0
GDAP1L1,1105.0
CNTN4,1104.0
TMED7,1104.0
TIAL1,1104.0
MNAT1,1103.0
TIPRL,1103.0
SEMA6B,1103.0
VAMP4,1103.0
SPTBN4,1102.0
DCLK2,1102.0
KRT10,1102.0
SH3BGRL2,1102.0
ACTR6,1102.0
FNTA,1102.0
OTUD5,1101.0
NUDT14,1101.0
CD99,1100.0
ZNF37A,1100.0
SEPTIN9,1100.0
SEPTIN5,1100.0
SCRT1,1100.0
FRYL,1099.0
RANBP6,1099.0
SNHG5,1099.0
CLPX,1099.0
IFITM3,1098.0
PRKAA2,1098.0
KIAA0319L,1098.0
PIN4,1098.0
CARTPT,1097.0
ACSBG1,1097.0
STAT1,1096.0
MRPL37,1096.0
NEURL1,1096.0
CASTOR2,1096.0
ABHD14A,1096.0
MED13L,1096.0
GATB,1095.0
TIMM23,1095.0
APEH,1095.0
STX16,1094.0
CLIP4,1094.0
PCNX1,1094.0
PRKRA,1094.0
LRRTM3,1094.0
BAZ2A,1094.0
LRP1B,1093.0
AKAP8L,1092.0
TLCD4,1092.0
NAE1,1091.0
WDR17,1091.0
DMWD,1091.0
FASTK,1090.0
TUBGCP2,1090.0
SPATS2,1090.0
MRPL4,1090.0
CUX1,1089.0
SMG7,1089.0
PLEKHA2,1089.0
DESI1,1089.0
PPP6R2,1089.0
TP53BP2,1089.0
MRPS28,1088.0
SUPT7L,1087.0
MATK,1087.0
CLPTM1L,1087.0
IPO13,1087.0
PCNX4,1086.0
AC009041.2,1086.0
SMIM7,1085.0
SIAE,1085.0
TRIM69,1085.0
CHTOP,1085.0
TMEM256,1084.0
NARF,1084.0
MLST8,1084.0
WDR61,1083.0
FAM50A,1083.0
ACVR1B,1083.0
RNF14,1083.0
C5orf63,1082.0
UBE2Q2,1082.0
PPID,1082.0
MYSM1,1081.0
MED13,1081.0
PADI2,1081.0
YIPF5,1081.0
AMN1,1081.0
AHNAK2,1080.0
ACTA2,1080.0
ARF5,1080.0
SURF4,1080.0
TRHDE,1080.0
CSGALNACT1,1080.0
TEX2,1079.0
GOLPH3,1079.0
ENTPD4,1079.0
PPP6R1,1079.0
APOO,1078.0
USE1,1078.0
ASAP2,1078.0
FBXO33,1078.0
TLK2,1078.0
MYRIP,1078.0
OCIAD2,1077.0
USP1,1077.0
SMIM12,1077.0
KCNN1,1076.0
HSDL1,1076.0
EHMT2,1075.0
HDAC11,1075.0
LAMP5,1075.0
NSD1,1075.0
EBLN3P,1073.0
ERCC5,1072.0
TRNP1,1072.0
CREB3,1071.0
KARS,1071.0
PBRM1,1070.0
ACAT2,1070.0
ME2,1070.0
TSG101,1069.0
CHPF,1069.0
KMT5B,1069.0
CINP,1069.0
RIOK3,1068.0
RIPOR1,1067.0
PRKAR2A,1067.0
TMEM127,1067.0
RYBP,1067.0
PDCD10,1066.0
UBAP2L,1066.0
FXR2,1066.0
NBDY,1066.0
UFL1,1066.0
NADK2,1066.0
SDC2,1065.0
MRPL18,1064.0
STRN,1064.0
UHRF1BP1L,1064.0
BRINP2,1063.0
FOXJ3,1063.0
TMEM131,1063.0
BHLHE40,1062.0
MRPL3,1062.0
NUP50,1062.0
DMTF1,1062.0
CCDC90B,1061.0
SERPINF1,1061.0
STXBP3,1061.0
PLXNA2,1061.0
JMY,1061.0
WWP1,1061.0
RABGGTB,1061.0
MPP2,1061.0
FERMT2,1061.0
PIP4K2C,1061.0
PRMT1,1060.0
CPSF6,1060.0
ZNF667-AS1,1060.0
RER1,1060.0
PSME3,1060.0
ZNF32,1059.0
EIF3B,1059.0
ZFYVE21,1059.0
AKAP1,1059.0
PIK3CA,1059.0
SIN3B,1059.0
ITM2A,1059.0
RING1,1059.0
NUS1,1059.0
PPP4R4,1059.0
SYNPO2,1058.0
ZFYVE9,1058.0
RHOC,1058.0
CRKL,1058.0
HSPBP1,1057.0
PAM16,1057.0
HELZ,1056.0
ANO3,1056.0
EGLN2,1055.0
SNAPC3,1055.0
MAP4K3-DT,1055.0
TMEM150C,1055.0
MAN2B2,1054.0
CFAP298,1054.0
MARCH2,1054.0
SLF2,1054.0
SEC14L1,1054.0
GAS6,1054.0
ETFA,1054.0
IFT22,1053.0
ZNF451,1053.0
LGMN,1052.0
PELP1,1052.0
FGFR2,1051.0
DGUOK,1051.0
PDS5A,1050.0
KCNA1,1049.0
AKAP7,1049.0
DNPH1,1049.0
LYRM9,1047.0
RNFT2,1047.0
SEMA4D,1047.0
AVL9,1046.0
MRPS11,1046.0
CNR1,1046.0
YY1AP1,1046.0
C3orf80,1046.0
ORMDL1,1046.0
NELFB,1046.0
BAG5,1046.0
EIF3D,1045.0
SKIL,1045.0
KLHL24,1044.0
C2CD2L,1044.0
CALB1,1044.0
LRRC4,1043.0
EGR1,1043.0
PLPBP,1043.0
ZNF655,1043.0
KDM1A,1042.0
CAB39L,1042.0
YTHDF3,1040.0
PSMG3,1040.0
GNPAT,1040.0
ATF6,1040.0
DYNC2H1,1039.0
CENPX,1039.0
SUPT6H,1039.0
ABHD10,1038.0
HS2ST1,1038.0
TMEM35A,1038.0
CXADR,1038.0
COL5A3,1038.0
SOX9,1037.0
TXNRD1,1037.0
PEF1,1037.0
MIR99AHG,1037.0
MORN2,1036.0
TRUB1,1036.0
BRD9,1036.0
PPP2R5A,1036.0
ADO,1036.0
LMBR1,1035.0
POMGNT1,1035.0
CLINT1,1035.0
ELOVL5,1035.0
TMBIM4,1035.0
USP25,1034.0
AFF3,1034.0
MRPS10,1034.0
FBXO45,1034.0
FNDC3A,1034.0
DBT,1033.0
CTCF,1033.0
RUVBL2,1032.0
PNMA8C,1032.0
PDCD4,1032.0
EIF6,1032.0
FH,1032.0
C17orf49,1031.0
STIP1,1031.0
TSC2,1031.0
ADI1,1031.0
TRMT10C,1031.0
OCRL,1030.0
BBS2,1030.0
CNTNAP4,1030.0
LPP,1030.0
TFRC,1030.0
SNAPC5,1029.0
ARMC8,1029.0
RPN1,1029.0
DENND10,1028.0
HSPA1B,1027.0
CNOT2,1027.0
GIPC1,1027.0
CCDC30,1027.0
CALU,1027.0
ICAM5,1027.0
DCP2,1026.0
DAG1,1026.0
RNF38,1026.0
PIGT,1026.0
EXOC6B,1026.0
NAA10,1025.0
MTIF2,1025.0
AGL,1024.0
SH3GLB1,1024.0
PRKCSH,1024.0
ZC3H7B,1024.0
KLHDC10,1023.0
MGA,1023.0
EFEMP1,1023.0
PRR14L,1023.0
C6orf136,1023.0
PSMD3,1022.0
BTBD1,1022.0
CCDC43,1022.0
GATAD2B,1021.0
COPB1,1020.0
TSPOAP1,1019.0
RTL6,1019.0
ME1,1019.0
TMED8,1018.0
RMDN3,1018.0
GAK,1018.0
SYNJ2BP,1018.0
LRRC58,1018.0
CHMP4A,1017.0
SAMD4B,1017.0
LDLRAD4,1017.0
DHX15,1017.0
SST,1016.0
FAM13A,1016.0
LRRC49,1016.0
EVI2A,1016.0
FIP1L1,1015.0
ST8SIA1,1015.0
TMEM208,1015.0
MBD4,1014.0
ST8SIA5,1014.0
LMTK3,1014.0
GALNT1,1014.0
MFAP1,1014.0
DVL1,1014.0
TEF,1014.0
KAT2A,1014.0
APBA1,1013.0
TMEM126A,1013.0
OPN3,1013.0
STX6,1013.0
PSEN1,1013.0
CGREF1,1013.0
CHIC1,1013.0
SNF8,1012.0
CCDC112,1012.0
TCTEX1D2,1011.0
FRMD4A,1011.0
PANK2,1011.0
TBCD,1010.0
RAB26,1010.0
ADRM1,1009.0
KCNT1,1009.0
HGS,1009.0
FAM216A,1009.0
AACS,1009.0
MBTPS1,1009.0
RNF44,1009.0
SHISAL1,1009.0
SRM,1008.0
CCNC,1008.0
PGM1,1008.0
KCND2,1006.0
CHM,1006.0
MAEA,1006.0
PEAK1,1006.0
VPS39,1005.0
PLEKHA6,1005.0
MRPL47,1005.0
LSM14A,1005.0
CAPRIN2,1004.0
ITGB1,1004.0
RNH1,1004.0
MRPS18B,1004.0
NCBP2AS2,1004.0
TMEM259,1003.0
ARCN1,1003.0
SMIM19,1003.0
CTSA,1003.0
AC008780.1,1003.0
INSR,1003.0
PNMA3,1002.0
CCDC3,1002.0
COA1,1002.0
FER,1002.0
SYNGAP1,1002.0
UBE2O,1002.0
COTL1,1001.0
BLVRB,1001.0
SHC2,1001.0
LZTFL1,1001.0
CRTC1,1001.0
DDX41,1001.0
PRCP,1000.0
IVD,1000.0
TMEM271,999.0
ELP2,998.0
SSNA1,998.0
UACA,998.0
FAM92A,997.0
CTIF,997.0
RASSF2,996.0
SLC39A6,996.0
PER3,996.0
TIMM17B,996.0
SPRY2,995.0
TASOR2,995.0
DBN1,995.0
DIP2C,995.0
PHLDA3,995.0
LTBP3,994.0
XPO7,993.0
GPATCH8,993.0
DPM3,993.0
KCNN3,993.0
TNS3,992.0
AP1AR,992.0
DUSP1,992.0
EZH1,992.0
CD164,992.0
ZBTB11,992.0
M6PR,992.0
BLVRA,992.0
CDC34,991.0
RNF111,991.0
NBN,991.0
STMP1,990.0
CLPB,990.0
RTCB,990.0
FOCAD,989.0
SLC35B4,988.0
MACO1,988.0
MTSS2,987.0
RPL26L1,987.0
ACAP2,986.0
RARS,986.0
DENND4B,986.0
TRIM28,986.0
WDR6,986.0
FAM172A,986.0
ALAD,985.0
MRPL15,984.0
CIZ1,984.0
TMEM165,984.0
WIPF3,984.0
TXNDC17,983.0
WASHC3,983.0
POLR2C,983.0
ZNF721,983.0
SRGAP2C,983.0
RCN1,982.0
PDCD7,982.0
HCN2,982.0
NFU1,982.0
STARD3NL,982.0
DRG1,981.0
BCL7B,981.0
NFX1,981.0
HOOK1,981.0
SRPRB,981.0
SLCO1A2,981.0
PDZD2,980.0
RNF170,980.0
B3GAT3,980.0
IMPA1,979.0
NLGN4X,979.0
RTN2,979.0
MARCH1,979.0
MRPL40,978.0
PPP2R2D,978.0
PPM1G,978.0
AL391807.1,978.0
CDKL2,978.0
CEBPZOS,978.0
DGCR6L,977.0
TFDP2,977.0
F3,977.0
GABRB1,977.0
HACD2,977.0
PRKAG2-AS1,976.0
SRPK1,976.0
AC093323.1,975.0
ZBTB41,975.0
ACTL6B,974.0
RBM10,974.0
GTPBP4,974.0
CYTH1,974.0
CDH18,974.0
CDC37L1,974.0
PPP2R5B,974.0
ZDBF2,974.0
PARG,973.0
BROX,972.0
C12orf49,972.0
NUDT11,972.0
PIP4P1,972.0
LARP4B,972.0
STAC2,971.0
MED19,970.0
SGTA,970.0
PLBD2,970.0
C2CD5,970.0
RCHY1,969.0
COPG1,969.0
INTS10,969.0
TERF2,969.0
PPIP5K2,969.0
ETV5,969.0
EXTL2,968.0
TOX,968.0
DOP1A,968.0
PMM1,968.0
DHPS,968.0
SEC61A2,968.0
ARRB2,967.0
SLITRK2,967.0
SLC6A15,967.0
SULT1A1,966.0
XPO6,966.0
DISP2,966.0
ARHGAP23,966.0
UXT,966.0
BCL2L1,966.0
OBSL1,966.0
INPP5A,965.0
BAIAP2-DT,965.0
PCBD1,964.0
GP1BB,963.0
UBA3,963.0
CCDC115,963.0
APOL2,963.0
LHFPL6,962.0
JOSD1,962.0
GSR,961.0
DMAP1,961.0
C15orf61,961.0
SURF6,961.0
SLC44A2,961.0
FAM210B,961.0
HSDL2,961.0
STRN3,961.0
CSTF3,960.0
SDR39U1,960.0
CRTAP,960.0
RTCA,960.0
HECW2,960.0
SYNJ2,959.0
PIH1D1,959.0
CPD,959.0
AP1G1,959.0
IFNGR2,958.0
NEIL2,958.0
CTNND1,957.0
SDHD,957.0
CCDC50,957.0
DDX50,957.0
ARHGAP44,956.0
SIK2,956.0
GMPS,956.0
CYB561,956.0
ECI1,956.0
BSDC1,955.0
FAHD1,955.0
CORO1A,955.0
NBAS,955.0
DGKE,954.0
GJB6,954.0
ACER3,953.0
DCUN1D5,953.0
ARIH2,953.0
CISD3,953.0
EFHD1,952.0
FAM13C,952.0
CPNE6,952.0
THOP1,952.0
TMEM167B,952.0
AQR,951.0
TARBP1,951.0
TRIM36,951.0
AKAP13,951.0
MRPS6,951.0
CCDC66,950.0
PHF10,950.0
NACAD,950.0
PSMG2,950.0
DLGAP2,950.0
CPNE4,949.0
FAM153CP,949.0
ERO1A,949.0
MAF,949.0
UBXN2B,949.0
SMCHD1,949.0
DTNB,947.0
RRAGC,947.0
HM13,946.0
EPHX1,946.0
BRD3,946.0
GFPT1,946.0
PAICS,946.0
NEXMIF,945.0
PI4KB,945.0
CCDC12,945.0
NECAB3,944.0
GLRX,944.0
TUB,944.0
C12orf43,944.0
COLGALT2,944.0
ESCO1,943.0
ZBTB8OS,943.0
FBL,943.0
CNOT1,943.0
CPSF7,943.0
SLC25A44,942.0
PREX1,942.0
RASL10A,942.0
SHISA9,941.0
LIN7B,941.0
MRPS16,941.0
GAS2L1,941.0
OSBP,941.0
HAGHL,941.0
NXPE3,941.0
CARS,941.0
RNF8,941.0
PHC2,941.0
ABLIM2,940.0
IP6K1,940.0
LINC00667,940.0
CTSL,940.0
LIN7A,940.0
POP7,940.0
CUL4B,939.0
THYN1,939.0
MAOB,939.0
PARVA,939.0
RHOBTB2,939.0
PARP2,938.0
SNHG9,938.0
TBC1D15,938.0
PLS3,938.0
GDPD1,937.0
UBL4A,937.0
TM2D1,937.0
OXA1L,937.0
MRPL43,937.0
TNKS,936.0
SVBP,936.0
SEPHS2,936.0
RAP1B,935.0
IAH1,935.0
ERVK3-1,935.0
ACADSB,935.0
RASSF4,935.0
RPRD2,935.0
CNOT4,935.0
DIS3L,934.0
ZFAND6,934.0
TIMMDC1,934.0
PSMC4,934.0
ACOT13,934.0
CYFIP1,934.0
ZNF532,933.0
PRR36,933.0
MICU2,933.0
TASOR,933.0
UBE2G1,933.0
ESYT2,932.0
LRRFIP2,932.0
CEP57,931.0
KLHL23,931.0
SMC2,931.0
LYRM1,931.0
GORASP2,931.0
CENPB,931.0
ZBTB47,930.0
AAGAB,930.0
UBE2F,930.0
MAFG,930.0
KPNA2,930.0
B3GAT2,930.0
RCOR3,929.0
FAM107B,929.0
DROSHA,929.0
SIPA1L2,928.0
BRD3OS,928.0
UGCG,928.0
AC104072.1,928.0
PITPNM1,928.0
MIR124-2HG,927.0
EXOC4,927.0
ENPP2,927.0
PC,926.0
GRPEL1,926.0
LINC01963,926.0
NET1,926.0
MID1IP1,926.0
IREB2,926.0
DIPK1B,926.0
STK32C,925.0
ORAI2,925.0
KIAA0100,925.0
ABL2,925.0
ERCC1,925.0
APBB2,924.0
MARCH7,924.0
CA2,923.0
GPHN,923.0
EPHA5,923.0
ZNF512,923.0
DNAJC12,923.0
ASMTL,923.0
TTYH3,923.0
MON2,922.0
GSTM5,922.0
PDZD11,922.0
TTC9,922.0
DPF1,922.0
MTRF1L,922.0
RIC8A,922.0
FAM8A1,921.0
TARS,921.0
LINC00294,921.0
GATC,921.0
GKAP1,920.0
TRAPPC3,920.0
ASH2L,920.0
FBXO25,920.0
TMEM203,920.0
DUSP8,919.0
FAM53C,919.0
PCMTD2,918.0
PPHLN1,918.0
AKR1A1,918.0
SEC22C,917.0
TIA1,917.0
CDKN2AIPNL,917.0
TRIQK,917.0
INPP1,917.0
FBXO32,916.0
GIHCG,916.0
TXNIP,916.0
SCN4B,916.0
GPX3,915.0
BTBD9,915.0
SLC35E1,915.0
KXD1,914.0
PMS2,914.0
CIB1,914.0
MRO,913.0
NKAPD1,913.0
PTDSS1,913.0
INTU,913.0
DLGAP1-AS4,912.0
LGALS3,912.0
RNF144A,912.0
TLE1,912.0
IFT80,912.0
FN3KRP,912.0
SMU1,911.0
ABCD3,911.0
TXNDC15,911.0
YPEL2,911.0
MCAM,910.0
UBR1,910.0
TUG1,910.0
SYT17,910.0
CKMT1B,910.0
SUMF2,910.0
SEPTIN6,909.0
SKA2,909.0
GRIK5,909.0
DDX3Y,909.0
CAPN2,909.0
DTNBP1,908.0
MAP3K10,908.0
CXXC4,908.0
SFXN3,908.0
PCYT2,908.0
ASPDH,908.0
RXRB,908.0
GYG1,908.0
EFNB2,908.0
ZC3H8,908.0
GOSR2,907.0
DIP2B,907.0
RBM23,907.0
JADE1,907.0
SECISBP2,906.0
EXTL3,906.0
MAX,906.0
RAB11FIP3,906.0
GFM1,906.0
MRPL38,906.0
CDH10,905.0
PPA2,905.0
COPB2,905.0
MGAT5B,905.0
WDR43,905.0
APCDD1,904.0
NICN1,904.0
PAAF1,903.0
CDK5RAP3,903.0
MYBPC1,903.0
CFAP20,903.0
MRPL16,902.0
STS,902.0
DLC1,902.0
GPT2,902.0
ANKRD9,902.0
TAPT1,902.0
CCNH,902.0
PRPF31,901.0
CRYL1,901.0
WAPL,901.0
RNF175,900.0
ELP1,900.0
UBN2,900.0
MBD1,900.0
AUP1,900.0
OFD1,899.0
PEPD,899.0
TK2,899.0
AK6,899.0
PSME2,899.0
ZMAT1,899.0
RAPGEF1,899.0
HIP1R,899.0
RAB39B,898.0
UTP11,898.0
MSH3,898.0
RUBCN,898.0
MICAL3,898.0
PHLPP1,898.0
AGPAT4,898.0
ADAM11,897.0
RRP7A,897.0
USP15,897.0
NMRAL1,897.0
PLEKHH1,896.0
IQCA1,896.0
NFKBIA,896.0
ARMCX1,896.0
WDR45,895.0
SNX13,895.0
RPA1,895.0
KLF6,895.0
TRO,894.0
LRRCC1,894.0
OLMALINC,894.0
SLC9A7,894.0
FRMPD2,894.0
BBS7,893.0
DUSP6,893.0
CREM,893.0
PRPSAP1,892.0
SH3YL1,892.0
TMCC2,892.0
LRRTM2,892.0
DENND4A,892.0
UBE3C,891.0
NOVA2,891.0
MED28,891.0
FKBP9,891.0
ELAVL1,891.0
IQSEC3,890.0
SRP54,890.0
SETD7,890.0
ADGRV1,890.0
DNMT1,890.0
TOMM40,890.0
CHMP1A,890.0
RBM22,889.0
WFS1,889.0
NOSIP,888.0
PHACTR2,888.0
VAT1L,888.0
MMADHC,888.0
MTOR,888.0
RIMKLA,888.0
PLXNB1,888.0
KCNC4,888.0
RABGEF1,887.0
MESD,887.0
DFFA,886.0
PAXX,886.0
VPS45,886.0
FAF1,885.0
UBAP1,885.0
SLC11A2,885.0
N4BP2L1,884.0
ZPR1,884.0
IVNS1ABP,884.0
EXOC6,884.0
TMEM242,883.0
STIM1,883.0
MBD3,883.0
RGMB,883.0
RALGAPB,883.0
DECR1,883.0
MAP3K2,882.0
AIFM3,882.0
HS3ST4,882.0
KANSL1,882.0
CALN1,882.0
ADAM10,882.0
ECSIT,881.0
PRPF38A,881.0
ALDH3A2,881.0
ACOX1,881.0
FSD1L,881.0
ATF7IP,880.0
EXOC3,880.0
HMGA1,880.0
STAT2,880.0
COQ10B,879.0
ENPP4,879.0
TPP2,879.0
RNASEH2C,878.0
SLC36A4,878.0
ARHGAP1,878.0
UPF3B,878.0
ZNF580,878.0
RALY,877.0
SGCE,877.0
CALCOCO2,877.0
SLF1,876.0
HCFC1,876.0
SLC4A3,876.0
EMX2,876.0
ZNF518A,875.0
RIC3,875.0
EIPR1,875.0
FSD1,875.0
REPS1,875.0
BDH1,874.0
PTPRM,874.0
CD2BP2,874.0
SOS1,874.0
MINK1,873.0
DANCR,873.0
NPLOC4,872.0
CREG1,872.0
PLCL1,872.0
GRIK2,872.0
STAM,872.0
C12orf45,872.0
VPS50,871.0
FAM174A,871.0
KCTD20,871.0
POLR2M,871.0
HMG20A,871.0
ANO5,871.0
DCAF10,871.0
AIF1L,871.0
MTSS1,870.0
DNAJC13,870.0
CMBL,870.0
MRPS27,869.0
POU3F2,869.0
NOL4,869.0
TENM3,869.0
KRT17,868.0
CCDC106,867.0
SF3A3,867.0
SAP30BP,867.0
PEX5,867.0
USP32,866.0
NUDT9,866.0
TMEM222,866.0
SART3,865.0
PDE1B,865.0
MRPL2,865.0
RCAN1,864.0
RPA2,864.0
TOPORS,864.0
SMIM10L2B,864.0
MGAT3,864.0
AIP,864.0
RELCH,863.0
LSM5,863.0
TMCC1,863.0
DR1,863.0
DIS3,862.0
GAPVD1,862.0
TRAPPC4,862.0
MRPL10,862.0
FUNDC1,862.0
CHORDC1,862.0
KCNJ4,861.0
RPF2,861.0
ZNF711,861.0
RNF103,861.0
SIVA1,861.0
TM2D2,861.0
SQLE,861.0
BDH2,861.0
AP003469.4,861.0
POLK,861.0
HMGN5,861.0
DDX52,860.0
TMEM94,860.0
CETN3,860.0
WDR33,860.0
RAB11FIP5,860.0
DNAJB9,860.0
AK9,860.0
RRAGD,859.0
AMOT,859.0
CUL2,859.0
RFX3,859.0
XKR4,858.0
PEX11B,858.0
PTPMT1,858.0
MAP4K2,858.0
JADE2,857.0
UNC5A,857.0
SFSWAP,857.0
RAB40C,857.0
TRAPPC12,857.0
NSL1,857.0
ADIPOR1,857.0
PNPO,856.0
CASK,856.0
WRNIP1,856.0
ATG2B,856.0
TPGS1,856.0
TMEM87A,856.0
UTP18,855.0
MYDGF,855.0
BID,855.0
MAN1B1,855.0
ANKRD28,855.0
TATDN2,854.0
BCAR1,854.0
PQBP1,854.0
DGKH,854.0
NAA35,854.0
HSF1,854.0
LINC00342,853.0
CABIN1,853.0
PRXL2B,853.0
KIF16B,852.0
ABCA5,852.0
GLRX3,852.0
SLC2A1,852.0
CYTH3,852.0
CCDC181,851.0
JAM2,851.0
MARK1,851.0
FKBP2,851.0
LMAN1,851.0
NMRK1,851.0
TSEN15,851.0
KAT6A,850.0
YEATS2,850.0
ENDOG,850.0
KEAP1,849.0
NR2C2,849.0
MACROD2,849.0
PLXNA4,849.0
MINDY3,849.0
HS3ST2,848.0
CABLES1,848.0
TSPYL5,848.0
CCNG2,848.0
NAB1,848.0
FBXO28,848.0
AHCY,847.0
MPI,847.0
USF3,846.0
TMTC1,846.0
RASGEF1A,846.0
OLFM2,846.0
HSPA1A,846.0
LRRC6,846.0
CTBP2,845.0
MVD,845.0
THAP12,845.0
TECPR2,845.0
SGSM3,845.0
INAFM1,844.0
FBXW4,844.0
GUCY1A1,844.0
MDM2,844.0
BUD23,844.0
SMIM30,843.0
POLR2H,843.0
YTHDC2,843.0
IMPDH2,843.0
PLCXD3,842.0
CNNM1,842.0
KIAA1671,842.0
DMXL1,842.0
ETFRF1,842.0
DCTPP1,842.0
CPNE3,841.0
FAM122B,841.0
SNRPD3,841.0
CALCOCO1,841.0
NOS1AP,841.0
FBXL2,840.0
RPP21,840.0
DAPK1,840.0
BTG1,840.0
JKAMP,839.0
RPS6KB1,839.0
ATM,839.0
KIF1C,839.0
ICA1,838.0
DDX27,838.0
STAMBP,838.0
ADORA1,838.0
CITED2,838.0
ZFAND2A,838.0
EPB41L4B,837.0
CLUAP1,837.0
GGA3,837.0
CASC15,837.0
APRT,837.0
GOLGA7B,837.0
DTD1,837.0
NRG3,837.0
ANKLE2,837.0
EIF2B5,836.0
TNKS2,836.0
KAT7,836.0
PLCB4,836.0
FAM102B,836.0
MDM4,835.0
ST6GALNAC5,835.0
ANKRD10,835.0
HECA,835.0
MLH3,834.0
DCAF5,834.0
NFATC2IP,834.0
RNF34,834.0
EIF4ENIF1,833.0
COMMD9,833.0
MYBBP1A,833.0
ARFRP1,833.0
CDC73,833.0
ATG4B,832.0
AC124016.2,832.0
TBC1D10B,832.0
ILK,832.0
SNX1,832.0
RNF150,832.0
RGS12,832.0
PFKFB3,831.0
RBL2,831.0
ITPKB,830.0
C5orf30,830.0
SSPN,830.0
MON1B,830.0
ASNSD1,830.0
INTS11,830.0
TRAF3IP1,830.0
MTMR4,830.0
IRF2BPL,830.0
GCLC,829.0
XRN2,829.0
GRASP,828.0
ABHD16A,828.0
QSER1,828.0
GTF2H1,827.0
SLC1A1,827.0
DGLUCY,827.0
RXFP1,827.0
ZYX,826.0
CARM1,826.0
C2orf49,826.0
ULK1,826.0
MYPOP,826.0
ANAPC7,826.0
UBXN7,825.0
HSPA2,825.0
HMGB2,825.0
SMPD1,824.0
KCNH5,824.0
RASSF8,824.0
EFNA5,824.0
MRPL14,824.0
SAMD1,824.0
AGO1,823.0
EEF1E1,822.0
TWF2,822.0
KATNAL1,822.0
ELK1,822.0
TOR1AIP1,822.0
ZSWIM6,822.0
CDO1,822.0
HDAC9,822.0
MRVI1,822.0
PLRG1,822.0
FBXO31,822.0
HECW1,821.0
SNX4,821.0
CLCN7,821.0
ARHGEF25,821.0
IGF1R,821.0
TSHZ1,820.0
CD46,820.0
KIF21B,820.0
RORA,820.0
POGK,820.0
MED15,820.0
ARL14EP,820.0
GID8,820.0
CEP85L,819.0
CBLN4,819.0
SEC16A,818.0
ADGRA1,818.0
LYST,818.0
MAG,818.0
KNOP1,818.0
COG1,817.0
TMED9,817.0
SND1,816.0
PDPR,816.0
SNRPA1,816.0
GMPR2,816.0
KCNS1,815.0
YKT6,815.0
BEND5,814.0
TWF1,814.0
SH2D5,814.0
SF3B3,814.0
CPEB2,814.0
DAP3,814.0
BRPF3,813.0
GPD2,813.0
ZNHIT6,813.0
UTP3,813.0
DPM1,813.0
NAMPT,812.0
AHCYL2,812.0
MGRN1,812.0
DDHD1,812.0
CDYL,812.0
ANKRD13C,811.0
AC068587.4,811.0
WASF2,811.0
RHOU,810.0
FOXK2,810.0
XPR1,810.0
PKN2,810.0
DPCD,810.0
MTX3,809.0
PLEKHJ1,809.0
TOMM34,809.0
SCAMP3,809.0
NR1D1,809.0
CSNK2A2,809.0
UBFD1,808.0
MCM3AP,808.0
CDC123,808.0
POLD2,808.0
G3BP1,808.0
CPEB1,808.0
GINM1,808.0
TMEM54,807.0
YIPF6,807.0
ERG28,807.0
RGMA,807.0
ARHGAP12,806.0
BIRC2,806.0
TYW3,806.0
DCN,805.0
CCNL1,804.0
MRPL30,804.0
RIPOR2,804.0
HNRNPLL,804.0
SLC27A4,804.0
ARL16,804.0
SLC27A5,804.0
ACYP1,803.0
SPATA2,803.0
ANKRD13D,803.0
MFGE8,803.0
FASTKD2,803.0
MMS19,802.0
OSTF1,802.0
ELMO2,802.0
YPEL4,802.0
HINT2,801.0
OSBPL2,801.0
RNF4,801.0
BUB3,800.0
CDK19,799.0
CHCHD7,799.0
PISD,799.0
CAMK1G,799.0
KLHL9,799.0
GPR26,798.0
COL6A1,798.0
PSMA3-AS1,798.0
ZNF84,798.0
ECI2,798.0
XRN1,798.0
FMN1,797.0
TRIM24,797.0
LRP4,797.0
CREB1,797.0
RBM33,797.0
ZC3H7A,797.0
ZNF827,796.0
TBC1D14,796.0
PTRHD1,796.0
SCYL2,796.0
KLHL5,795.0
NUMB,795.0
NTSR2,795.0
PCDH19,795.0
RAB9B,795.0
LETM1,794.0
SPRN,794.0
INIP,794.0
FAM89B,794.0
CORO6,794.0
CACNA2D3,794.0
PARL,793.0
TIMM50,793.0
MROH1,793.0
PLCL2,793.0
PALLD,793.0
SMC5,793.0
FAM219B,793.0
ITGAE,793.0
RNF40,792.0
SS18L2,792.0
C20orf194,792.0
MSH2,792.0
MTA3,792.0
BOD1,791.0
TAF11,791.0
FAF2,791.0
EPHX4,791.0
PDCD2,790.0
GPR27,790.0
GON4L,790.0
WASHC4,790.0
GPCPD1,790.0
SUCO,790.0
MAP4K3,790.0
PLEKHM3,790.0
MRPL23,789.0
C12orf4,789.0
EXTL1,789.0
PER1,789.0
USP53,788.0
TMOD3,788.0
AMIGO1,788.0
SNTG1,788.0
ITCH,788.0
GGT7,788.0
TOB2,788.0
MORN4,787.0
ASB3,787.0
RAD51C,787.0
SEMA5A,787.0
TBPL1,787.0
SEC61A1,787.0
CD27-AS1,787.0
MMAB,786.0
NAGK,786.0
RIMKLB,786.0
PMPCA,785.0
HIPK3,785.0
SLC20A2,785.0
MTMR10,785.0
PCGF3,785.0
CLDN11,785.0
GCA,785.0
CIAPIN1,785.0
CHD1,785.0
DHX40,784.0
WDR70,784.0
ATP6V0E1,784.0
RBM18,784.0
UBE2A,783.0
BORCS8,783.0
NECAB2,783.0
MAF1,783.0
DAZAP1,782.0
FAM171A2,782.0
PPP4R3A,781.0
VGLL4,781.0
OTUD7A,781.0
GNB4,781.0
LINC02693,781.0
ZMPSTE24,781.0
LSM10,781.0
AARSD1,781.0
USP2,781.0
MRTO4,780.0
CPB2-AS1,780.0
EFTUD2,780.0
CDC42EP4,780.0
SRGAP2,779.0
BCL7A,779.0
HMCES,779.0
PTPN12,778.0
TMEM123,778.0
RHOT2,778.0
KHSRP,777.0
RYR3,777.0
ZBED5,777.0
GALNT16,777.0
MAPK4,776.0
CBX4,776.0
TOB1,776.0
TFE3,776.0
ABHD6,776.0
PID1,775.0
SH2B1,775.0
UBE4B,775.0
RPA3,775.0
ZNRF1,774.0
DDX54,774.0
CCNT2,773.0
LEPROT,773.0
MRPS17,773.0
RTN4RL2,773.0
UNC119,773.0
POLR3A,773.0
TNFSF12,772.0
GANAB,772.0
NTAN1,772.0
INTS3,771.0
STK11,771.0
DIP2A,771.0
SAMHD1,771.0
SLC25A33,771.0
CYTH2,771.0
ZNF146,771.0
CRIM1-DT,771.0
LAP3,771.0
KDM3B,771.0
PRKCI,771.0
ZMYM3,770.0
ZNF622,770.0
TPD52L2,770.0
RBP4,770.0
SLIT2,769.0
TMEM41B,769.0
POLR3GL,769.0
SHFL,769.0
PVALB,768.0
USP4,768.0
PDE4D,768.0
LRRC59,768.0
RAB13,768.0
SOX6,767.0
ME3,767.0
NCOA2,767.0
HERC4,766.0
NOC2L,766.0
EPC1,766.0
POR,766.0
MRPL9,766.0
KDM5B,766.0
MCRIP2,765.0
ARFIP2,765.0
SYNRG,765.0
CCDC59,764.0
NLGN4Y,764.0
ZNF667,764.0
TMEM263,764.0
MRPL22,764.0
PHLDB1,764.0
DDX23,763.0
LTA4H,763.0
DPYSL4,763.0
SLC25A27,762.0
PRCC,762.0
NUMBL,762.0
CEP295,762.0
MLLT3,762.0
LRRC41,762.0
MFAP3L,762.0
LTN1,761.0
CDK5RAP2,761.0
EDC4,761.0
MRPL32,761.0
IER3IP1,761.0
PEX26,760.0
FAM241B,760.0
C2orf72,760.0
L3MBTL2,759.0
DERL1,759.0
REPIN1,759.0
DCK,759.0
CCNQ,759.0
MXD4,758.0
PPFIA4,758.0
ZNF385A,758.0
RNF24,758.0
BCAS3,758.0
VCL,758.0
CES2,758.0
VAMP7,757.0
RNF112,757.0
PPM1H,757.0
GDF11,757.0
NR1H2,757.0
ARL4A,757.0
SLC18B1,756.0
ZNF281,756.0
TRAPPC9,756.0
DGCR9,756.0
ANKRD18A,756.0
EP400,755.0
STIM2,755.0
UBR2,755.0
CORO1C,755.0
ZNF771,754.0
SCAF8,754.0
PPP6R3,754.0
DENND11,754.0
EIF2B4,754.0
NKRF,754.0
PTPN23,754.0
ZFP90,754.0
ZDHHC14,754.0
TRPC4AP,753.0
CNOT8,753.0
CLDN5,753.0
UQCC1,753.0
SERPINB6,753.0
GUF1,753.0
CIC,753.0
MIEF1,753.0
SERTM1,752.0
SPTLC1,752.0
MTHFD1,752.0
GGPS1,751.0
HHATL,751.0
THSD7A,751.0
NEK7,750.0
SRRM3,750.0
TMED5,750.0
ZDHHC4,750.0
LEPROTL1,749.0
FN1,749.0
NOL8,749.0
MAP3K20,749.0
LEO1,749.0
NUBP2,748.0
ZNF710-AS1,748.0
BICD2,748.0
RSBN1,748.0
SHANK3,748.0
ZDHHC3,747.0
TMOD1,747.0
C11orf74,747.0
ZNF397,747.0
DCTD,747.0
DNAJA3,746.0
LRRTM4,746.0
NUDT16L1,746.0
KDELR2,745.0
MAP3K9,745.0
LINC02217,745.0
MFSD14A,745.0
FLYWCH1,745.0
UQCC3,745.0
SRD5A1,745.0
RAPH1,744.0
TM6SF1,744.0
LINC01184,744.0
NLN,744.0
AGO3,744.0
RNASEH1,743.0
WDFY3-AS2,743.0
PSENEN,743.0
JCAD,742.0
RPF1,742.0
GRN,742.0
CNDP1,742.0
ILF3-DT,742.0
MTMR7,742.0
ACAA2,742.0
MAP3K12,741.0
RBM28,741.0
PHF6,741.0
STX4,741.0
MRPS18A,741.0
KAT14,739.0
NUP58,739.0
PAXBP1,739.0
TMEM237,739.0
BRIX1,739.0
ZFAND1,738.0
CLUH,738.0
MED16,738.0
MRPL17,738.0
ATAT1,738.0
REV1,738.0
ICMT,737.0
CERS1,737.0
GTF2F2,737.0
PTPRG,737.0
ATRAID,737.0
TMUB2,737.0
NT5C2,737.0
BZW2,737.0
CCN3,737.0
TRIM27,737.0
LSM14B,737.0
PHYH,737.0
UBE2D4,736.0
CERCAM,736.0
SMC1A,736.0
SRPRA,736.0
SPON1,735.0
OSGIN2,735.0
USP24,735.0
NCBP3,735.0
ZFHX4,735.0
KIF22,735.0
NPAS2,734.0
PHLDA1,734.0
FLNA,734.0
FAM161A,733.0
CRNKL1,733.0
GNG5,733.0
TAC1,733.0
KIAA1217,733.0
JUNB,733.0
UBE2J1,733.0
PYCR2,733.0
MSN,732.0
LRP8,732.0
PFKFB2,732.0
PWWP2A,732.0
UNC50,732.0
ANXA5,731.0
NECTIN1,731.0
DIPK1A,731.0
IMMP1L,731.0
DOCK7,730.0
MPG,730.0
RND1,730.0
EXOSC10,730.0
PCSK7,730.0
FILIP1,729.0
ARF6,729.0
RUNDC1,729.0
ITPA,729.0
CKAP4,728.0
NF2,728.0
SEC14L2,728.0
STK38L,728.0
LENG8,728.0
PLPP1,728.0
ZNF791,728.0
CEP78,728.0
SPATA7,728.0
MTR,728.0
CYB5R1,727.0
TMEM250,727.0
AUTS2,727.0
PDZRN3,726.0
RPS6KA3,726.0
PRKAG2,726.0
NUDT2,725.0
ILKAP,725.0
MRPL19,725.0
FBXW2,725.0
NKAIN2,725.0
VSTM2B,725.0
POMGNT2,725.0
PCP4L1,725.0
VPS35L,725.0
ULK3,724.0
AC100810.1,724.0
NR2F6,724.0
CHRDL1,724.0
ORC3,724.0
QSOX1,724.0
CPSF2,723.0
KLHL7,723.0
MDP1,723.0
FOS,723.0
CYBRD1,723.0
MED21,723.0
WWC1,723.0
FDX1,723.0
ISOC2,723.0
TRAM1,723.0
DNAJC3,723.0
NME4,723.0
CTTNBP2,723.0
SS18L1,722.0
RNF126,722.0
CYB5D2,722.0
BCAS4,721.0
GPSM1,721.0
FADS3,721.0
GABPB1-AS1,721.0
MIR4458HG,721.0
RANBP3,721.0
NETO2,721.0
ADCY5,721.0
DAB2IP,721.0
PPIE,720.0
PACS1,719.0
RBM42,719.0
MAP4K5,719.0
SCAF1,719.0
MED31,719.0
PRPSAP2,719.0
THAP4,719.0
RRP15,718.0
MORC3,718.0
INKA2,718.0
SLC35A5,717.0
NAXD,717.0
FUT8,717.0
OGFOD1,717.0
ELP3,717.0
GABRA3,716.0
KSR2,716.0
ATL2,716.0
MAN2C1,716.0
TMPO,715.0
MIA2,715.0
LINC01551,715.0
PGAP1,715.0
TMEM192,715.0
CCZ1,715.0
HES4,715.0
ASTN2,715.0
KITLG,715.0
DDX25,714.0
KDM2A,714.0
SLC7A5,714.0
EDEM3,714.0
MAP3K7,714.0
KLHL12,714.0
SMIM20,714.0
ANKRD33B,713.0
RNF216,713.0
SAMM50,713.0
SLC35B1,713.0
MTMR2,712.0
FOXRED2,712.0
TPM2,712.0
CLEC2L,712.0
IGFBP6,712.0
SFT2D1,712.0
EVI5L,711.0
SRA1,711.0
MGAT4A,711.0
THUMPD3,711.0
SNX12,711.0
CPNE1,710.0
PPP1R3C,710.0
NLGN1,710.0
QARS,710.0
KCNIP2,709.0
OSTM1,709.0
DYNC2LI1,709.0
SELENOS,709.0
TMEM18,709.0
CSRNP2,709.0
CDK9,709.0
QRICH1,709.0
TMEM63B,709.0
PHF1,709.0
FAM214A,709.0
NMD3,709.0
DYM,709.0
PAK1IP1,708.0
SPSB3,708.0
TSPAN14,708.0
TOM1,708.0
SYNDIG1,708.0
CLK4,708.0
S1PR1,707.0
TAF9B,707.0
C16orf58,707.0
ANLN,707.0
MFSD12,706.0
C12orf65,706.0
SMPD4,706.0
MEIS2,706.0
PUM3,706.0
SLC39A9,706.0
CTDSPL,706.0
LZTS1,705.0
TNFRSF21,705.0
MSRA,705.0
UBE2J2,705.0
FBXL20,705.0
MAN1C1,704.0
MEG8,704.0
SDHAF2,703.0
SPTLC2,703.0
EPC2,703.0
ACBD6,703.0
BCKDHA,703.0
NLGN3,703.0
FAM189B,703.0
SGK3,703.0
ALDH1L1,703.0
NT5DC1,703.0
RNF114,702.0
NDUFAF5,702.0
AP3B1,701.0
PPIF,701.0
SREBF1,701.0
VPS11,701.0
LSM12,701.0
TAF3,701.0
PPP1R3F,701.0
PPM1E,701.0
S100A16,701.0
FNIP1,701.0
KATNBL1,701.0
FAAP20,701.0
TTF1,701.0
PTAR1,700.0
ASS1,700.0
POLR2J3,700.0
KLF7,700.0
SPG21,700.0
MGAT4C,699.0
SYNE2,699.0
RRM1,699.0
PIGS,699.0
UFD1,699.0
C9orf24,699.0
SPAST,698.0
DDIT3,698.0
TMTC3,698.0
CEP41,698.0
MALSU1,698.0
TESK1,697.0
CAPN1,697.0
CFLAR,697.0
NPAS3,697.0
RESF1,697.0
FAM136A,696.0
CENPV,696.0
NUDCD2,696.0
ATIC,696.0
RPS6KA4,696.0
LUZP2,696.0
FAM106A,696.0
PELI3,696.0
TEX264,696.0
VPS8,696.0
SSTR1,696.0
DLX6-AS1,695.0
LINC00882,695.0
UNC5D,695.0
TIMM21,695.0
C1orf198,695.0
CHMP7,695.0
TTYH2,695.0
AEBP2,694.0
HSD17B11,694.0
MARK2,694.0
MRPS14,694.0
AKT1,694.0
RND2,694.0
ZDHHC22,693.0
AP4S1,693.0
DNAJC4,693.0
MRPS22,693.0
UGGT2,692.0
PIKFYVE,692.0
RALGDS,692.0
RUNDC3B,692.0
TBC1D13,691.0
SNRPB,691.0
RRM2B,691.0
DCAKD,691.0
COL16A1,691.0
ADCY3,691.0
HES6,690.0
ANKRD34A,690.0
RAB4B,690.0
SMIM27,690.0
PRICKLE1,690.0
AHDC1,690.0
CDYL2,689.0
RPUSD3,689.0
MRPS2,689.0
CARNS1,689.0
SOCS7,689.0
FOXK1,689.0
NPC2,689.0
PRSS3,689.0
HES1,688.0
ENPP5,688.0
NETO1,687.0
ATXN3,687.0
UNC13B,687.0
MYADM,687.0
ERGIC1,687.0
NCOA6,687.0
DLGAP3,686.0
N4BP1,686.0
OTUD6B,686.0
TXNDC12,685.0
PUS7L,685.0
SRGAP2B,685.0
FAXDC2,685.0
DMAC2L,685.0
SLC25A29,684.0
TRPC1,684.0
NBPF20,684.0
MRPL36,684.0
ARFGAP3,684.0
PRMT7,684.0
NIPA2,683.0
PHLPP2,683.0
TAF6,683.0
UBE2L6,683.0
MAPK14,683.0
TFAM,683.0
USP27X,683.0
GADD45A,682.0
MESP1,682.0
TENT4B,682.0
ROBO1,682.0
ARFGAP1,682.0
SGPP1,682.0
NTN4,681.0
LSM1,681.0
GPBP1L1,681.0
CTNNBIP1,681.0
RICTOR,681.0
HSPB11,681.0
ATXN2L,681.0
AKR7A2,681.0
FCF1,680.0
ZNF131,680.0
PLLP,680.0
CBFA2T2,680.0
PLXNB2,679.0
SAP30L,679.0
KAT8,678.0
BCKDK,678.0
BABAM2,678.0
GPR37,678.0
RAF1,678.0
TRAPPC13,678.0
SOCS5,677.0
TNPO3,677.0
ZCCHC12,677.0
AGO2,676.0
SOX5,676.0
MTF2,676.0
PAK6,676.0
TNFAIP1,676.0
NFYC,676.0
SNTB2,676.0
ZFAND3,676.0
MBD2,676.0
GTPBP6,675.0
OSGEP,675.0
SLC35E2A,675.0
LEMD3,675.0
CLIC4,675.0
MAPKAPK5,675.0
KCTD10,674.0
SUSD4,674.0
GLCCI1,674.0
COMMD1,674.0
AJAP1,674.0
SELENBP1,673.0
TACC2,673.0
YPEL1,673.0
RELL2,673.0
FBXO22,672.0
WDR41,672.0
DTWD1,671.0
SYMPK,671.0
C20orf27,671.0
NECTIN3,671.0
SULF2,671.0
SMAD4,671.0
TMED3,671.0
TRAF3,671.0
R3HCC1,670.0
SLC25A26,670.0
PAX6,670.0
ZNF652,670.0
ABCB6,670.0
ZCCHC10,670.0
SLC25A28,670.0
RILPL1,670.0
KCNH1,669.0
CPNE8,669.0
UAP1,669.0
BBIP1,669.0
ERBB3,669.0
PIGK,669.0
NIFK,668.0
AGK,668.0
PCCB,668.0
UBA6,668.0
CD9,668.0
GNA12,668.0
SLC27A1,667.0
RPS6KC1,667.0
COMMD4,667.0
HEY1,667.0
SLC25A25,667.0
FOPNL,667.0
PAF1,667.0
PPP1R10,666.0
MTERF4,666.0
ELOF1,666.0
SNX19,666.0
PNMA6A,666.0
TPST2,666.0
KIAA0319,666.0
MFSD14C,665.0
GOLT1B,665.0
DACH2,665.0
PPTC7,665.0
ZNF385B,665.0
PPP1R14B,664.0
INSIG2,664.0
CDH22,664.0
VIP,664.0
CHKA,664.0
SLC5A3,664.0
HSD17B10,664.0
SOS2,664.0
ACP2,663.0
KLHL8,663.0
NME7,663.0
TGS1,663.0
MRPS31,663.0
PLTP,663.0
LINC02609,663.0
SEC13,663.0
CEP97,662.0
LCOR,662.0
SMAD5,662.0
LIG4,662.0
AUH,662.0
FOXRED1,662.0
FGD4,662.0
TAFA1,662.0
MRPL46,661.0
NELL1,661.0
IFT81,661.0
STAT5B,661.0
ZNF609,661.0
GLT1D1,661.0
MTMR12,661.0
WDR12,661.0
LIPA,661.0
MARK4,661.0
SH3GL1,661.0
NTNG2,661.0
C19orf25,660.0
MMP17,660.0
SNUPN,660.0
TIMM10B,660.0
SCO1,660.0
SHPRH,660.0
SLC9A3R2,659.0
CRTAC1,659.0
DPH3,659.0
HMGCLL1,659.0
ADGRF5,658.0
SLC25A40,658.0
CHST2,658.0
HEXA,658.0
MAP6D1,657.0
CEP83,657.0
EMD,657.0
DNAJC16,657.0
CNOT6L,657.0
ALKBH6,657.0
TUBGCP4,657.0
G6PC3,656.0
IRAK1,656.0
STXBP5-AS1,656.0
ALS2,656.0
BCL6,656.0
WBP1L,656.0
KBTBD7,656.0
FMC1,656.0
LIX1,656.0
BLZF1,655.0
KCTD3,655.0
MPV17,655.0
SEMA6D,654.0
CLPP,654.0
TOR1A,654.0
MYRF,654.0
ZFP36L2,654.0
EPOP,654.0
TRIM41,653.0
ZSWIM7,653.0
LHFPL4,653.0
SLC43A2,653.0
EMC6,653.0
HHIP,653.0
PRPS2,653.0
SLC35E3,653.0
PTPRE,653.0
AC118549.1,652.0
KCTD6,652.0
POM121,652.0
PANTR1,652.0
EMC1,651.0
NUP133,651.0
KRIT1,651.0
NME5,651.0
RAB8B,651.0
MAP3K4,650.0
ST3GAL3,650.0
CEBPG,650.0
EHBP1L1,650.0
CHD7,650.0
TBC1D20,649.0
ASIC1,649.0
FAM110B,649.0
ADAM17,649.0
SIGIRR,649.0
SIRT5,649.0
BMP2K,648.0
MMGT1,648.0
DVL3,648.0
TECPR1,648.0
HDAC4,648.0
RAI1,648.0
SLC12A6,647.0
UNC79,647.0
BRF1,647.0
RABL3,647.0
CEP112,647.0
KLF16,647.0
NANOS3,647.0
SCAP,647.0
HDGFL2,647.0
COASY,646.0
FIG4,646.0
AKAP10,646.0
IDNK,646.0
CSNK1G2,645.0
GPR137C,645.0
ODR4,645.0
ZNF248,645.0
LINC00205,645.0
POLRMT,645.0
NOL9,645.0
DNAJC24,645.0
DNAJB4,645.0
RIT2,645.0
ILVBL,644.0
NSUN5,644.0
R3HDM4,644.0
SLC15A2,644.0
SNAP29,644.0
INTS6,643.0
STX5,643.0
PPIL1,643.0
TTC39B,643.0
MCL1,642.0
UVRAG,642.0
SMNDC1,642.0
DENND6B,642.0
STK4,642.0
RGS6,642.0
HEXB,642.0
FAM135A,642.0
PLXNA1,642.0
GIT2,642.0
RAPGEFL1,641.0
TM9SF4,641.0
PDGFRA,641.0
FAM160B1,641.0
DOCK1,641.0
DAGLA,641.0
UBR7,640.0
AL353709.1,640.0
CHST10,640.0
INO80E,640.0
TTC17,640.0
MAPKAPK5-AS1,639.0
TMEM120A,639.0
NAV2,639.0
ZFYVE27,639.0
CCDC14,639.0
LINC00320,639.0
GGA2,639.0
RTL8A,639.0
NFS1,638.0
GARS-DT,638.0
MPND,638.0
TIMM9,637.0
UBXN2A,637.0
PLXDC2,637.0
ADGRL2,637.0
CEP70,637.0
KCTD8,637.0
TOPBP1,637.0
MOB1B,636.0
LINC00634,636.0
LRRC20,636.0
GSTK1,635.0
PHC3,635.0
GNA13,635.0
SNHG16,635.0
SLC7A1,635.0
C12orf73,635.0
CEBPB,635.0
PDK4,635.0
GCAT,635.0
DSEL,635.0
FBRSL1,634.0
CYB5A,634.0
CARMIL1,634.0
JAM3,634.0
TUBGCP6,634.0
PCYT1A,634.0
KCNIP3,633.0
NAA60,633.0
BRCC3,633.0
NTHL1,633.0
DUSP7,633.0
RRBP1,632.0
ING5,632.0
GALNT2,632.0
PPP1R14C,632.0
ARHGAP33,632.0
MECR,632.0
REXO2,632.0
VIRMA,631.0
TFCP2,631.0
PANX2,631.0
WDTC1,631.0
ARHGEF10,631.0
ZNF277,631.0
COQ9,630.0
NACC1,630.0
TLN1,630.0
GCLM,630.0
MRAP2,630.0
CTSH,630.0
CCDC174,629.0
ERICH1,629.0
MARCH5,629.0
WDR18,629.0
PIGQ,628.0
NOTCH2,628.0
NRBF2,628.0
SOX8,628.0
FSTL5,628.0
RASA2,628.0
AXL,628.0
FRS2,627.0
SPIDR,627.0
GPAT4,627.0
MKRN2,627.0
KANSL3,626.0
ARMCX4,626.0
TBC1D23,626.0
PIK3R3,626.0
ZNF195,626.0
SEC24B,626.0
TBC1D12,626.0
POM121C,625.0
STRN4,625.0
FECH,625.0
MIS18BP1,625.0
SMG5,625.0
PYROXD1,624.0
KDM3A,624.0
NFAT5,624.0
TMEM240,624.0
SP3,624.0
PCDH20,623.0
ZNF331,623.0
BCLAF3,623.0
RMDN1,623.0
SLAIN2,623.0
THEMIS,622.0
VPS9D1,622.0
FZR1,622.0
CRLS1,622.0
MAOA,622.0
TAOK2,622.0
TUBGCP5,622.0
GRB10,621.0
SPTSSB,621.0
ELF2,621.0
MMP16,621.0
AQP1,621.0
TDRD3,621.0
DPY19L3,620.0
GLS2,620.0
GFRA2,620.0
STRIP1,620.0
GBF1,620.0
VARS,620.0
IPO8,620.0
MBD5,620.0
EIF1AY,619.0
POP4,619.0
MRPS30-DT,619.0
CCDC171,619.0
CFAP410,618.0
FAM98C,618.0
DNAJC9,618.0
RSPH3,618.0
NSMCE1,618.0
GPR176,618.0
EXT2,617.0
TCOF1,617.0
YIF1B,617.0
AC092683.1,617.0
GGA1,616.0
MRPL13,616.0
RAE1,616.0
ZNF318,616.0
MRPL48,616.0
TRAPPC11,615.0
PRRT3,615.0
SLC25A39,615.0
PEX16,615.0
FUBP3,615.0
OGFR,614.0
ZNF462,614.0
ARL10,614.0
RASSF8-AS1,614.0
ASXL2,614.0
KIAA1841,614.0
USB1,614.0
RB1,614.0
RRAGB,614.0
CAVIN1,613.0
HIVEP1,613.0
DKC1,613.0
PARVB,613.0
VKORC1,613.0
MAPK11,613.0
NCLN,613.0
DUS1L,613.0
ANGEL2,612.0
BOLA2,612.0
TXNDC16,612.0
MRS2,612.0
EMX2OS,612.0
TMEM19,612.0
AC012146.1,612.0
ISG15,611.0
ABHD17B,611.0
AGPS,611.0
ADIPOR2,611.0
ZDHHC8,611.0
ING4,610.0
BOP1,610.0
IFI27,610.0
CCKBR,609.0
ATP13A3,609.0
PRMT5,609.0
GNPDA1,608.0
MAN2A1,608.0
AL049838.1,608.0
CCNB1IP1,608.0
POU6F1,608.0
ELAC2,608.0
RBBP5,608.0
SEC23B,608.0
SPRED2,607.0
EML2,607.0
SMARCAD1,607.0
CD83,607.0
SLIT3,606.0
ILDR2,606.0
C16orf72,606.0
ATP13A4,606.0
TSPAN31,606.0
MGAT1,606.0
DNAJC1,606.0
AC007325.4,606.0
EIF5A2,605.0
ACSS1,605.0
PEX1,605.0
KLHL21,604.0
SPEF2,604.0
FCHSD2,604.0
LTV1,604.0
STARD10,604.0
NEO1,604.0
CTNNBL1,604.0
UBALD2,604.0
SEC14L5,604.0
LSM8,603.0
HLA-DRA,603.0
ZBTB43,603.0
IQGAP1,603.0
BCL11B,603.0
CUL4A,603.0
SPTSSA,602.0
MRPS9,602.0
PET117,602.0
SEMA7A,602.0
MED24,602.0
SLC16A7,602.0
PDE8A,602.0
TCF20,602.0
UGGT1,601.0
KIZ,601.0
DTX1,601.0
RXRA,601.0
FGF2,601.0
DELE1,601.0
PGAM5,601.0
SNX21,601.0
EIF2B1,601.0
SLC6A7,601.0
PLCG1,601.0
RGS11,600.0
GORASP1,600.0
ANKRD24,600.0
CREBZF,600.0
UBN1,600.0
ARL6,600.0
EAF1,599.0
FAN1,599.0
HIBCH,598.0
SMARCB1,598.0
AK2,598.0
VPS25,598.0
TRAPPC8,598.0
KRCC1,597.0
CRLF1,597.0
RABEPK,597.0
HNRNPF,597.0
CMTR1,596.0
HADH,596.0
TBRG4,596.0
SKI,595.0
APBB3,595.0
CHERP,595.0
OARD1,595.0
HTRA2,595.0
CDKL3,595.0
DHCR7,595.0
GPRIN1,595.0
FAM181B,595.0
IFI27L1,595.0
ORMDL3,594.0
RNF214,594.0
TOMM40L,594.0
GLT8D1,594.0
RPGRIP1L,594.0
NR4A1,594.0
MANF,594.0
ZFHX3,594.0
KLF12,594.0
RGS2,593.0
ITIH5,593.0
PI4K2A,593.0
DRP2,593.0
WIF1,593.0
MYO1B,593.0
NR3C2,593.0
URGCP,593.0
TPBG,593.0
DUSP22,592.0
DNAJC11,592.0
COMMD3,592.0
ATG5,592.0
ZNF639,592.0
SYT14,592.0
LRRK2,592.0
KIF13A,592.0
LMAN2,592.0
HACE1,591.0
HOMER2,591.0
SGMS1,591.0
TCF12,591.0
C16orf87,591.0
RABIF,591.0
WDR37,591.0
SETBP1,591.0
ZNF529,590.0
NRDE2,590.0
SLC2A11,590.0
HEATR5B,590.0
ARHGAP20,590.0
CYP4V2,589.0
PLXDC1,589.0
CCDC84,589.0
ALAS1,589.0
RHPN1,589.0
OTUD4,589.0
NELFCD,589.0
PPP1R3E,589.0
IKZF5,589.0
IER5,589.0
U2AF2,589.0
IFT27,588.0
ANAPC1,588.0
EXOSC9,588.0
LINC01128,588.0
PCBP4,588.0
GNG4,588.0
ARHGAP29,588.0
MTRES1,588.0
UCHL3,588.0
RAD1,588.0
APTX,587.0
FGFR1,587.0
HGSNAT,587.0
WDFY1,587.0
IFITM10,587.0
GMCL1,587.0
P2RX7,586.0
COG6,586.0
PREP,586.0
OXSR1,586.0
TIMM44,586.0
UTP23,586.0
GLRA3,586.0
PTPRR,585.0
STARD13,585.0
DIAPH1,585.0
TSFM,585.0
ATG14,585.0
RNF180,585.0
RBM12,584.0
SYT12,584.0
RPP30,584.0
AMOTL2,584.0
FAHD2A,584.0
ANKRD39,584.0
CRAT,584.0
SNX9,584.0
ARHGEF26,584.0
CENPT,583.0
ANKRD36B,583.0
VAMP3,583.0
RNASET2,583.0
UPF1,583.0
BMPR1B,583.0
LRFN5,583.0
ZDHHC9,583.0
BRAP,583.0
HRH3,582.0
ESRRA,582.0
IGFBP2,582.0
TBC1D4,582.0
SALL2,581.0
KHDRBS2,581.0
MIB2,581.0
LRP6,581.0
GALC,581.0
SLC30A1,581.0
CSMD1,581.0
PTPN13,581.0
CDK10,581.0
SLC2A6,580.0
CACNG7,580.0
LRSAM1,580.0
SNX30,580.0
SLC32A1,580.0
CCAR2,580.0
ELOVL6,579.0
CNIH4,579.0
XPC,579.0
JOSD2,578.0
MRPS12,578.0
ASXL1,578.0
CTDSP2,578.0
LONRF1,578.0
PDGFA,578.0
TMEM170A,577.0
ELOA,577.0
DPY19L4,577.0
GPR107,577.0
EMC9,577.0
PSMG1,577.0
IFT74,577.0
GPR137,576.0
HEBP2,576.0
DNAJC27,576.0
SIGMAR1,576.0
SENP7,576.0
GNS,576.0
MGAT4B,576.0
GSS,576.0
PAQR4,576.0
SCARB1,575.0
WWP2,575.0
AC093297.2,575.0
DNAJB12,575.0
CCDC146,574.0
DDX56,574.0
ANKRD50,574.0
TBK1,574.0
MPHOSPH9,574.0
DGAT1,573.0
PRMT8,573.0
METAP1,573.0
STARD4,573.0
EGFR,573.0
MCRS1,573.0
AFAP1L2,573.0
MLLT10,572.0
LYPLA1,572.0
NCSTN,572.0
CEP162,572.0
PICK1,572.0
INO80B,572.0
TRPM7,571.0
TRIB2,571.0
MRPL50,571.0
TANK,570.0
SEMA6A,570.0
PER2,570.0
NOTCH3,570.0
HDDC3,570.0
ANKFY1,570.0
TSHZ2,569.0
HMBOX1,569.0
IFRD1,569.0
LRRC73,569.0
ABCF3,568.0
GRIK1,568.0
BBOF1,568.0
KAT5,568.0
BCL2L13,568.0
OBI1,568.0
KMT5A,568.0
PARD6A,568.0
VPS16,568.0
LITAF,568.0
SLCO3A1,568.0
HERPUD2,568.0
UBE3B,567.0
RFTN1,567.0
SMIM8,567.0
ARHGEF6,567.0
GFM2,567.0
LRP3,567.0
RBM14,567.0
GTF3C3,567.0
TMEM175,566.0
MSANTD3,566.0
SLC25A37,566.0
ARV1,566.0
PGGT1B,566.0
RP9,566.0
PTPRO,566.0
TCF7L2,566.0
CD320,565.0
TENT4A,565.0
SAV1,565.0
SLC22A23,565.0
SAMD4A,565.0
SMIM15,565.0
CHCHD5,565.0
ADAM9,565.0
RBP1,565.0
RHBDL1,564.0
LINC02607,564.0
SGSM1,564.0
USP20,564.0
MTMR3,564.0
IFT20,564.0
ZFAND2B,564.0
APH1A,564.0
SDHAF4,564.0
MFSD10,563.0
KDELR1,563.0
SIRT3,563.0
GAA,563.0
DENND1A,563.0
UCK1,563.0
URM1,563.0
FAM149A,563.0
SEC11A,563.0
SH3RF1,563.0
PAFAH1B3,562.0
WIZ,562.0
SPATA20,562.0
DDI2,562.0
HIRIP3,562.0
PLPPR5,562.0
NAA25,562.0
HERC3,562.0
PIK3IP1,562.0
PHF23,562.0
BMP7,561.0
SDF2,561.0
ELP6,561.0
C14orf119,561.0
SEC24C,561.0
NT5C3A,561.0
RASL10B,561.0
SELENOO,561.0
TNRC18,561.0
BIVM,560.0
ZDHHC20,560.0
GOSR1,560.0
ADRB1,560.0
RLF,560.0
ANKRD42,560.0
C17orf75,560.0
C18orf25,560.0
PDP2,559.0
LAPTM5,559.0
FNDC10,559.0
ANKS1A,559.0
MFHAS1,559.0
SUGP1,559.0
CNTRL,559.0
MOB1A,559.0
ADGRA3,559.0
AC008771.1,559.0
FAM193A,559.0
CTDSPL2,559.0
VRK1,559.0
SOCS4,559.0
PPM1F,558.0
POLR3K,558.0
STX17,558.0
TSR1,558.0
UXS1,557.0
A1BG,557.0
ZMAT4,557.0
CRCP,557.0
MEGF10,557.0
TFDP1,556.0
DDIT4,556.0
PHKG2,556.0
C16orf70,556.0
NIPAL2,556.0
WDR75,556.0
PGM3,556.0
LIMS1,555.0
CEP104,555.0
ASB13,555.0
CLDN12,555.0
MEST,555.0
GM2A,555.0
GSPT2,555.0
MCM4,554.0
PAQR3,554.0
MAPK12,554.0
GAB1,554.0
KIAA1549,554.0
POLR2D,553.0
ATG101,553.0
LSS,553.0
PPP1R13B,553.0
GRK4,553.0
CELF3,553.0
KBTBD2,553.0
GAREM1,553.0
GPSM2,553.0
NUDT22,553.0
MED25,552.0
SORCS1,552.0
TPCN1,552.0
POU2F1,552.0
CARMIL2,552.0
FAM3A,552.0
DHX33,551.0
CBL,551.0
BEGAIN,551.0
PHTF1,551.0
OAF,551.0
RALGPS1,551.0
UTP4,551.0
SLC35A1,550.0
TUT7,550.0
SELENON,550.0
ERCC3,550.0
IFNGR1,550.0
GPR180,550.0
CMC1,550.0
TBC1D17,550.0
CEP95,550.0
WSCD2,550.0
PRDM4,550.0
GSTM4,549.0
ADK,549.0
POLB,549.0
MNT,549.0
NDUFAF1,549.0
PHACTR4,549.0
AC091938.1,549.0
MIR193BHG,549.0
SRXN1,549.0
WHAMM,549.0
ALG13,548.0
GZF1,548.0
RSPO2,548.0
COIL,548.0
CUX2,548.0
AKAP8,548.0
ABCD2,548.0
MED12L,547.0
STOX1,547.0
DGKG,547.0
FAM20C,547.0
DIPK2A,547.0
RAD17,547.0
SIAH2,547.0
TESC,546.0
CDC26,546.0
TATDN1,546.0
CACNA1C,546.0
MRPL44,546.0
MRTFA,546.0
TXLNG,546.0
EIF4A3,545.0
MOB2,545.0
ADSL,544.0
ERLIN2,544.0
GATD1,544.0
GLCE,544.0
C3orf70,544.0
ASCL1,544.0
PACSIN2,544.0
NDST3,544.0
ZSWIM8,543.0
NQO1,543.0
NPTX2,543.0
KDM5C,543.0
RAB2B,543.0
FEM1C,543.0
RBMX2,542.0
SEPHS1,542.0
RITA1,542.0
RAP2B,542.0
ARNTL,542.0
RFTN2,542.0
THAP11,541.0
STAMBPL1,541.0
PLPPR3,541.0
LAS1L,541.0
MKNK1,541.0
NANS,541.0
GTF2H3,541.0
HMGXB4,541.0
COA4,541.0
WDR59,540.0
SNHG19,540.0
TJP2,540.0
FHOD3,540.0
GTF3C4,540.0
SNAPIN,540.0
CAPN3,540.0
FBXL18,540.0
GFOD2,539.0
GNG11,539.0
ANTXR1,539.0
PRKRIP1,539.0
CKAP2,539.0
ZNF800,539.0
TBCK,539.0
UBALD1,539.0
TMEM158,539.0
RBBP8,539.0
FNDC5,539.0
MYORG,538.0
KLHL36,538.0
RUFY1,538.0
ARX,538.0
VPS13B-DT,538.0
TCFL5,538.0
KIAA2013,538.0
TUBG1,538.0
COQ8A,537.0
NAB2,537.0
VPS37A,537.0
RDH14,537.0
PTGR1,537.0
SLC25A32,537.0
CORT,537.0
FLII,537.0
CCDC107,537.0
THAP9-AS1,537.0
DAPK3,536.0
GPAM,536.0
GTF2B,536.0
CHST15,535.0
HPS4,535.0
C1GALT1,535.0
KIAA1586,535.0
CDC42SE1,535.0
CCS,535.0
MANSC1,535.0
LRCH3,535.0
MFSD3,534.0
SMYD3,534.0
PEX2,534.0
TRPM3,534.0
AVPI1,534.0
EBPL,534.0
ANKRD27,534.0
VPS72,534.0
ZDHHC2,534.0
MTG1,534.0
CLMN,533.0
PARN,533.0
EXD2,533.0
GLDN,533.0
PTPN2,533.0
LARP4,533.0
ZFP1,533.0
NEPRO,533.0
ABCB8,532.0
MEPCE,532.0
ZNF605,532.0
FAHD2B,532.0
PCED1A,532.0
CPSF4,532.0
FAM161B,532.0
ERCC4,532.0
NEU1,532.0
HERC6,531.0
SLC9B2,531.0
TRPS1,531.0
TRAPPC2,531.0
CDC23,531.0
MBIP,531.0
POLG,531.0
KLK7,530.0
ATR,530.0
LGALSL,530.0
GRAMD4,530.0
BPGM,530.0
PRRX1,530.0
AKT1S1,530.0
AC008443.5,530.0
WASHC2A,530.0
TNNT1,530.0
STON2,530.0
ANKRD6,530.0
REEP3,529.0
DNMT3A,529.0
MIGA2,529.0
CELF6,529.0
DMAC2,529.0
NAA16,529.0
TPRKB,529.0
DCAF16,528.0
ODC1,528.0
SPX,528.0
FAAH,528.0
C1QL3,528.0
ZNF536,528.0
CSGALNACT2,528.0
CAMSAP3,528.0
TLCD3B,528.0
HIF1AN,528.0
COL5A2,527.0
MOG,527.0
ZNF680,527.0
LINC00623,527.0
EIF2B3,527.0
CNOT9,527.0
SLC35C2,527.0
PRPF18,527.0
CDK12,527.0
EIF3J-DT,527.0
SMG6,527.0
LATS1,527.0
ZNF236,527.0
BNIP2,527.0
AREL1,526.0
ZNFX1,526.0
ARMH4,526.0
ING2,526.0
TMEM109,526.0
CHCHD4,526.0
ISCA2,525.0
CNIH3,525.0
LMF2,525.0
BBS1,525.0
ZBTB33,524.0
TNIP1,524.0
LPCAT1,524.0
TADA1,524.0
MPZL1,524.0
DDX19A,524.0
PLA2G4C,524.0
HEBP1,524.0
HID1,524.0
DIDO1,524.0
KLHL18,523.0
PKN1,523.0
DDR2,523.0
RCBTB1,523.0
NUP62,523.0
RASD2,523.0
FAM133A,522.0
DHX38,522.0
SLC38A10,522.0
ATG7,522.0
SEMA3E,522.0
LRRC40,522.0
GOLGA5,522.0
MAST2,522.0
MTCL1,522.0
GNAI3,522.0
GULP1,522.0
GARNL3,522.0
C3orf18,522.0
COA7,521.0
SMIM4,521.0
HTR5A,521.0
FAM214B,521.0
GGCX,521.0
ANO10,521.0
ADCK2,521.0
PKNOX2,521.0
WDR11,520.0
STAT3,520.0
SILC1,519.0
LYPLA2,519.0
LYPLAL1,519.0
STRADA,519.0
TIGAR,519.0
GNPDA2,519.0
MRNIP,519.0
HDAC3,518.0
VPS52,518.0
OSER1-DT,518.0
GABPB1-IT1,518.0
PPP1R8,518.0
SPTB,518.0
NTNG1,518.0
FLCN,518.0
TRMT11,518.0
QPRT,518.0
RAB35,518.0
SBF2,517.0
LRRC14,517.0
CNTN3,517.0
INO80,517.0
DHRS11,517.0
POLR3F,517.0
ATP2B1-AS1,517.0
POMT1,517.0
OPRL1,517.0
DNAJC30,517.0
CDK18,517.0
ASF1A,517.0
MCCC1,517.0
RTL5,516.0
ZNF445,516.0
RNF213,516.0
ENOX1,516.0
BTBD7,516.0
GGH,516.0
ASB1,516.0
SLC25A16,516.0
ABLIM3,515.0
TAB3,515.0
GLTP,515.0
IFFO1,515.0
ZC3H4,515.0
TNFRSF25,514.0
CSTF2T,514.0
SLC39A12,514.0
PSME4,514.0
SPPL2A,514.0
PLCD3,514.0
KIAA0586,514.0
DDX49,514.0
UBE2D1,514.0
TRPM2,514.0
SCARA3,514.0
XAF1,514.0
ZNF33B,514.0
MAVS,513.0
AL035071.1,513.0
CARS2,513.0
ESYT1,513.0
EPS8,513.0
CACNA1D,513.0
SLC35E2B,513.0
ZNF853,513.0
RBM15B,513.0
OSER1,512.0
RAB28,512.0
ST18,512.0
PPARGC1A,512.0
SPG11,512.0
ERP44,512.0
RSPH1,512.0
NUTM2A-AS1,512.0
SEZ6,512.0
ZNF12,512.0
TMEM106C,512.0
NSMCE3,511.0
KIN,511.0
SYVN1,511.0
NXPH1,511.0
ZNRF3,511.0
ABRACL,511.0
FITM2,511.0
BX664615.2,511.0
RMND5B,511.0
VPS33A,511.0
CHRD,510.0
GSE1,510.0
SLC41A1,510.0
USP54,510.0
ST6GAL2,510.0
ASPA,510.0
FLRT3,510.0
SURF2,510.0
CLCC1,510.0
VEZF1,509.0
RRP36,509.0
IMPACT,509.0
LHX6,509.0
PRELP,509.0
ANAPC4,509.0
MSH6,509.0
PAG1,509.0
HMGB3,509.0
PIP5K1B,508.0
TWISTNB,508.0
UNC45A,507.0
OSBPL9,507.0
OSTC,507.0
CREB5,507.0
PRELID3B,507.0
SLC39A3,507.0
RWDD2A,507.0
SZRD1,507.0
RIOK1,507.0
ZNF189,506.0
KCTD13,506.0
ZBTB10,506.0
ST6GAL1,506.0
POLDIP3,506.0
AASS,506.0
MAGOH,505.0
LINC01322,505.0
APOOL,505.0
PHTF2,505.0
RRP12,505.0
RPP14,504.0
RNF165,504.0
MAPRE1,504.0
SRRT,503.0
NR2F2,503.0
TEAD1,503.0
MPDU1,503.0
CLVS1,503.0
UPK3BL1,503.0
POLD4,503.0
CDC42EP3,503.0
STAM2,503.0
GPATCH2,503.0
SIAH1,502.0
TRIM13,502.0
PAGR1,502.0
TADA2A,502.0
KIAA1324L,502.0
CDH11,501.0
EBP,501.0
RNF139,501.0
POLR3C,501.0
NPRL2,501.0
PEX6,500.0
HPS1,500.0
DPP10-AS1,500.0
DAP,500.0
ADNP2,500.0
MRPL11,499.0
CDK11B,499.0
TCAIM,499.0
TLR4,499.0
KIAA0895L,499.0
MAU2,499.0
TMEM43,499.0
DOCK5,499.0
IFITM2,499.0
RASAL1,499.0
NUP42,498.0
CBR4,498.0
AFF1,498.0
DIAPH2,498.0
TATDN3,498.0
SRRD,498.0
GRPEL2,498.0
TTC9C,498.0
RABL2B,498.0
PLXNC1,498.0
CCDC167,497.0
MFN1,497.0
EPHB1,497.0
NIPSNAP3A,497.0
SCNM1,497.0
ZNF263,497.0
LY86-AS1,497.0
GTPBP10,497.0
COG4,497.0
NADK,496.0
TIMM22,496.0
CMYA5,496.0
PIGH,496.0
PPP1R16A,496.0
COMMD2,496.0
PRADC1,496.0
MPLKIP,496.0
FAM160B2,496.0
MED6,496.0
SLC37A3,496.0
CUL9,495.0
KIFC3,495.0
C11orf95,495.0
KANK1,495.0
NAGPA,495.0
ABHD17C,495.0
MLH1,494.0
MTA1,494.0
UPP1,494.0
ITGA7,494.0
GPR137B,494.0
OLIG2,494.0
PACRGL,494.0
RAPGEF6,494.0
RPS6KL1,494.0
NIT1,494.0
PNPT1,494.0
SUPV3L1,493.0
CPOX,493.0
TACO1,493.0
TENM1,493.0
NCAPH2,493.0
PRPF40B,493.0
ARMT1,493.0
JMJD8,492.0
CHRNB2,492.0
RTL10,492.0
CASQ1,492.0
COBLL1,492.0
ANKDD1A,492.0
ARHGAP10,492.0
TMCO3,492.0
C5orf15,492.0
CDH9,491.0
ZMYM5,491.0
TMEM163,491.0
STX18,491.0
ZNF804A,491.0
FAM174C,490.0
C1orf35,490.0
ZNF519,490.0
SCPEP1,490.0
APPL2,490.0
TTPAL,490.0
MIDN,489.0
PRKN,489.0
EMID1,489.0
SYPL1,489.0
ZFP14,489.0
FAM120B,489.0
ISY1,489.0
ARL5B,489.0
C11orf1,489.0
MUSTN1,489.0
DCP1A,488.0
SWAP70,488.0
TXNDC9,488.0
OTUD7B,488.0
GLMN,488.0
CTTNBP2NL,488.0
IFT46,488.0
TNS1,488.0
NTMT1,488.0
SEMA4F,488.0
YTHDF1,488.0
IFI44L,487.0
PDIA2,487.0
SRGAP1,487.0
NOC3L,487.0
CANT1,487.0
AJM1,487.0
BCL7C,486.0
DPM2,486.0
SEC23IP,486.0
NDUFAF6,486.0
APOC1,486.0
NRAS,486.0
ZCCHC2,486.0
PRKAG1,485.0
FAM76A,485.0
MTPAP,485.0
EEF1AKNMT,485.0
ZCCHC14,485.0
CXorf56,485.0
WASHC5,485.0
NPHP3,484.0
WDR46,484.0
NCBP1,484.0
PDCD11,484.0
DNM2,484.0
ITGA6,484.0
IQCE,484.0
PHC1,484.0
TTC4,484.0
ICE2,484.0
PDE6D,484.0
C15orf40,484.0
PDE12,483.0
NUDT10,483.0
LRP10,483.0
SHROOM2,483.0
MITD1,483.0
RIMS4,483.0
CCNG1,483.0
RNF185,483.0
FNBP1L,483.0
ADAL,483.0
AKT2,482.0
FAR2,482.0
STAT4,482.0
ZFPM1,482.0
VAMP5,482.0
VWC2,482.0
LINC00507,481.0
ZNF415,481.0
PRPF39,481.0
UFSP2,481.0
CEPT1,481.0
SLC16A14,481.0
ZNF444,481.0
RSAD1,480.0
MCAT,480.0
SERPING1,480.0
TCTA,480.0
LSM6,480.0
C9orf72,480.0
DOP1B,480.0
MLXIP,480.0
AC004158.1,479.0
B3GALT6,479.0
LRRN2,479.0
H2AFX,479.0
B9D1,479.0
CERS4,479.0
RRN3,479.0
ZDHHC24,479.0
DDX55,479.0
TNFAIP8L1,478.0
BFAR,478.0
DNAJB11,478.0
MANEAL,478.0
KATNB1,478.0
NUP153,478.0
PPP1R15B,477.0
REXO4,477.0
C5orf22,477.0
SLC35F5,477.0
TMEM115,477.0
C11orf96,477.0
PIM3,477.0
EHMT1,477.0
DHRS3,477.0
MRM2,477.0
CCDC127,476.0
CPT1A,476.0
UBE2T,476.0
PITPNM2,476.0
INAFM2,476.0
FRMD4B,476.0
ZNF593,476.0
IFT122,476.0
SNAI3-AS1,476.0
ATG4C,475.0
NAT10,475.0
UBR4,475.0
RANBP3L,474.0
SLC25A14,474.0
SLC29A1,474.0
LZTR1,474.0
MYOM2,474.0
SLC45A1,474.0
FAM167A,474.0
THOC1,474.0
FGD6,473.0
GRIN2C,473.0
PSMD9,473.0
RIOX2,473.0
PAMR1,473.0
CGRRF1,473.0
PLXND1,473.0
IFT88,472.0
SLC30A5,472.0
ZFX,472.0
CGNL1,472.0
PTRH2,472.0
SLC7A8,472.0
ID1,472.0
RBMS3,472.0
PLEKHG5,471.0
AMACR,471.0
COP1,471.0
CTNNA3,471.0
HBP1,471.0
DEDD2,471.0
EMG1,471.0
CSAD,470.0
MARCH9,470.0
CNPY3,470.0
NUP93,470.0
SLC45A4,470.0
ING1,470.0
TAF2,470.0
FCHO2,469.0
TRMT6,469.0
COMMD8,469.0
CWC25,469.0
TPRN,469.0
AMOTL1,469.0
RC3H1,469.0
MICALL2,469.0
ASPSCR1,469.0
GNG12,468.0
FILIP1L,468.0
METTL14,468.0
NDP,468.0
IFIT3,468.0
THUMPD3-AS1,468.0
PSRC1,468.0
RGS20,468.0
COG5,468.0
BTN2A1,468.0
FAM153A,468.0
TSPAN17,467.0
GPN1,467.0
RFNG,467.0
NR2C1,467.0
LSM11,467.0
SCRIB,467.0
PRDX4,467.0
NPAT,467.0
RPL22L1,467.0
TSPO,467.0
KLHL3,467.0
MED8,467.0
FBH1,466.0
ELP5,466.0
MICAL1,466.0
NEK11,466.0
QTRT1,466.0
TENM4,466.0
KIF17,466.0
SMAD1,466.0
PCYOX1L,466.0
PMS1,466.0
AC005670.3,466.0
HSF2,466.0
AP1G2,466.0
CDH20,466.0
HMGN4,466.0
TXLNA,465.0
ZNF506,465.0
RPRML,465.0
CRIP1,465.0
ZRSR2,465.0
FJX1,465.0
SLC14A1,465.0
PSMG4,464.0
KCNK12,464.0
AC018521.5,464.0
VAT1,464.0
VAC14,464.0
KLHDC9,464.0
KLHL22,464.0
BPHL,464.0
EPB41,464.0
EGLN3,464.0
MYL12A,463.0
LRRC24,463.0
FKTN,463.0
CHCHD3,463.0
NOL11,463.0
QPCT,463.0
CEP250,462.0
CCDC93,462.0
LRRC8D,462.0
C2CD2,462.0
AC104083.1,462.0
TRMT1,462.0
CACNG2,462.0
ALDH18A1,462.0
SUCLG2,462.0
ERRFI1,461.0
ASPHD2,461.0
ZNF330,461.0
TRPT1,461.0
ZMYM6,461.0
PLAA,461.0
SGPP2,461.0
CARHSP1,461.0
FAM91A1,461.0
USP40,461.0
WDR54,460.0
IFT43,460.0
UHRF2,460.0
THAP7,460.0
NPRL3,460.0
ZNF540,460.0
PTDSS2,460.0
RAB33A,460.0
RARRES2,459.0
CCDC184,459.0
SLCO1C1,459.0
LINC02802,459.0
WASHC2C,459.0
SPTY2D1,459.0
LINC-PINT,459.0
RIN2,459.0
LINC01106,459.0
GCN1,458.0
FAM193B,458.0
NHLRC3,458.0
NOL10,458.0
RNF149,458.0
SNX15,457.0
EXOSC2,457.0
MRPL45,457.0
THUMPD2,457.0
PIK3R4,457.0
SLC16A1,457.0
SIDT2,457.0
LSM2,457.0
VPS33B,457.0
LCA5,457.0
CC2D1A,457.0
PIGG,457.0
RPE,457.0
PGLS,456.0
ASCC3,456.0
FEM1A,456.0
ISLR,456.0
NDST2,456.0
PBDC1,456.0
PES1,456.0
PPL,455.0
ACSL1,455.0
MCOLN1,455.0
PREB,455.0
MTMR1,455.0
CHKB,455.0
TSHZ3,455.0
KMT2D,455.0
ZNF226,455.0
WNT10B,455.0
PTBP3,455.0
TMEM196,455.0
CPSF1,454.0
SSH2,454.0
STX3,454.0
DOCK10,454.0
TMEM189,454.0
NEURL4,454.0
ALG5,454.0
KANTR,454.0
RETSAT,454.0
VEGFA,454.0
RAPGEF3,453.0
PRDM16-DT,453.0
AZIN2,453.0
GOLGA1,453.0
TBC1D25,453.0
CPSF3,453.0
MED1,453.0
TGFBRAP1,453.0
CDADC1,453.0
CALB2,453.0
AP4B1,453.0
ADARB2,453.0
RNF169,453.0
MCCC2,453.0
TTTY14,452.0
OXLD1,452.0
EID2B,452.0
HIP1,452.0
TAF1,452.0
PRKAB2,452.0
ABHD13,452.0
TRNAU1AP,452.0
DNTTIP1,452.0
SLC33A1,452.0
NUPR1,452.0
TDG,452.0
RPTOR,452.0
USP36,452.0
PRKAA1,451.0
GRM1,451.0
LRRC2,451.0
TRMT1L,451.0
MVB12B,451.0
FANCL,450.0
USP31,450.0
MYO9B,450.0
REXO1,450.0
UTP25,450.0
CNNM2,450.0
DAXX,450.0
NKAIN4,450.0
CEBPD,450.0
CNTFR,450.0
VRK3,450.0
HEIH,450.0
TADA2B,449.0
MAP2K6,449.0
EED,449.0
DENND3,449.0
DPF2,449.0
RFX4,449.0
FBXO38,449.0
EPG5,449.0
SLC26A11,448.0
ZNF507,448.0
CCDC149,448.0
SPA17,448.0
ATP13A1,448.0
CHRNA4,448.0
MOSPD2,447.0
SRFBP1,447.0
PCDH11Y,447.0
KHDC4,447.0
PPP4C,447.0
ZBED1,447.0
EMC8,447.0
GNL2,447.0
SKIV2L,447.0
VLDLR,446.0
GLIPR1,446.0
SMAD3,446.0
RIC8B,446.0
SNRPA,446.0
MNS1,446.0
RWDD2B,446.0
MISP3,446.0
C1QL1,446.0
MDGA2,446.0
ELFN2,445.0
UTP6,445.0
AC005332.6,445.0
EEF1AKMT2,445.0
TBC1D1,445.0
RANGRF,444.0
AFMID,444.0
CNTLN,444.0
ELP4,444.0
SLC9A1,444.0
MFSD14B,444.0
CDC14B,444.0
ERAL1,444.0
TMEM135,444.0
AC026979.4,444.0
TBC1D7,444.0
CCDC148,444.0
LIX1L,444.0
BRINP3,444.0
ACAD8,444.0
SPNS2,443.0
LACC1,443.0
TMA16,443.0
E2F3,443.0
PPP1R26,443.0
NINJ1,443.0
PEX10,443.0
ARSA,443.0
FBXL19,442.0
EML6,442.0
LRRC75A,442.0
DEDD,442.0
WRN,442.0
ZNF518B,442.0
RSU1,442.0
RETREG3,442.0
KDM5D,441.0
KLHL28,441.0
RAB29,441.0
TRIM3,441.0
CBWD1,441.0
SMC4,441.0
ZNF570,441.0
COG2,441.0
MCF2,441.0
G2E3,440.0
MSRB3,440.0
METTL2B,440.0
MUL1,440.0
SERINC5,440.0
RAC3,440.0
LINC01896,440.0
OPRM1,440.0
CAPS2,440.0
CSK,440.0
TMEM179,440.0
HIVEP3,440.0
SMIM17,440.0
NGDN,440.0
RMND1,439.0
LAMB2,439.0
TTC21B,439.0
YEATS4,439.0
ACAD9,439.0
ARHGEF11,439.0
CAPN5,438.0
GABRG3,438.0
TRMT9B,438.0
PPIL2,438.0
OSBPL3,438.0
SART1,438.0
SLC25A1,438.0
NGLY1,438.0
ZNF493,438.0
KCTD9,438.0
ABCC8,438.0
ASB6,437.0
NIF3L1,437.0
SH3BGR,437.0
PIBF1,437.0
DPYSL5,437.0
LRRC3B,437.0
KIF13B,437.0
AC092747.4,436.0
RRP1,436.0
TNNT2,436.0
GAB2,436.0
MTX1,436.0
SGK1,436.0
TXNDC5,436.0
ST5,435.0
XYLT1,435.0
VCPKMT,435.0
B3GLCT,435.0
HAUS6,435.0
RBMXL1,435.0
MON1A,435.0
ZNF512B,435.0
NIM1K,435.0
SATB2-AS1,434.0
AL365361.1,434.0
ZCCHC3,434.0
PCNA,434.0
SEMA3B,434.0
DHDDS,434.0
MAGT1,434.0
YIF1A,433.0
CDH4,433.0
LRP12,433.0
HEATR5A,433.0
RGS17,433.0
RYR1,433.0
CCDC102B,433.0
CHAMP1,433.0
FAM117B,432.0
SDHAF1,432.0
PHF21A,432.0
CERS2,432.0
CDC25B,432.0
SIN3A,432.0
MTUS2,432.0
MOK,432.0
FURIN,431.0
TNFSF13,431.0
XPNPEP1,431.0
DRG2,431.0
SMARCD1,431.0
UMAD1,431.0
DAGLB,431.0
ABCG2,431.0
MPPED2,430.0
CPNE7,430.0
ZNF316,430.0
LDB3,430.0
KHDC1,430.0
ZNF720,430.0
NHLRC2,430.0
TUBE1,430.0
SNX24,429.0
FASTKD1,429.0
FHL2,429.0
AKAP17A,429.0
STX2,429.0
FOXJ2,429.0
UBAC2,428.0
PDCL3,428.0
BRAT1,428.0
ALG9,428.0
ZFYVE28,427.0
ARRDC3,427.0
CDK2AP2,427.0
VWF,427.0
MAN1A1,427.0
REST,427.0
MLF1,427.0
CAT,427.0
FAT1,427.0
TUNAR,427.0
DUSP23,426.0
CARD19,426.0
BMT2,426.0
FGF9,426.0
BICRAL,426.0
ATG16L1,426.0
PDGFRB,426.0
SNHG7,426.0
GPKOW,426.0
ZC3H18,426.0
AASDH,426.0
ELOVL2,426.0
DACH1,426.0
ACO1,425.0
EXOSC5,425.0
ZNF395,425.0
KMT2B,425.0
GPR85,425.0
STT3A,425.0
SS18,425.0
ZFPM2,425.0
IFIT5,425.0
SPHK2,424.0
AC124798.1,424.0
AKIP1,424.0
SAP130,424.0
RILP,424.0
KATNAL2,424.0
CACHD1,424.0
HDAC6,424.0
KDM2B,424.0
SMUG1,424.0
BCKDHB,424.0
EXOC2,424.0
CD151,424.0
TMEM184C,423.0
BRWD3,423.0
FAM122A,423.0
CTSZ,423.0
DTX4,423.0
FAM234A,423.0
PRRG3,423.0
CDHR1,423.0
TMEM42,423.0
GTPBP1,423.0
BCL2,423.0
AC096564.1,423.0
MAFB,422.0
ABHD5,422.0
INTS13,422.0
KIF27,422.0
INO80D,422.0
JARID2,422.0
NGB,422.0
AC027031.2,421.0
LRRC57,421.0
ZNF429,421.0
NDST1,421.0
RGS14,420.0
CDH6,420.0
VSTM2A-OT1,420.0
TAX1BP3,420.0
COMMD10,420.0
ZNF134,420.0
WDR74,420.0
EHD1,420.0
ANKRD54,420.0
MLX,420.0
ZNF654,420.0
PLSCR4,420.0
GK5,420.0
CIAO2A,419.0
HEPH,419.0
ZNF197,419.0
NPY1R,419.0
ZNF407,419.0
PODXL,419.0
KLF3,418.0
VPS13B,418.0
MAP2K5,418.0
SPACA9,418.0
CAPN7,418.0
MARC2,418.0
USP19,418.0
ZCCHC7,418.0
MYO18A,418.0
EIF2B2,417.0
MTERF2,417.0
LRFN4,417.0
PRR7,417.0
BBS4,416.0
SLC35G2,416.0
KIT,416.0
BTAF1,416.0
TMEM60,416.0
ZNF470,416.0
RBAK,416.0
PARP8,415.0
TLNRD1,415.0
SLC35A3,415.0
RFXANK,415.0
NOL3,415.0
NOL4L,415.0
CYP7B1,415.0
DDAH2,415.0
ZBTB21,414.0
SLC35F6,414.0
F8,414.0
C17orf80,414.0
FAM124A,414.0
SNHG15,413.0
GNE,413.0
TEX29,413.0
CEP57L1,413.0
RECQL,413.0
SSH1,413.0
ELK4,413.0
STK16,412.0
MRPL58,412.0
ACVR2A,412.0
METTL8,412.0
CARF,412.0
AP001816.1,412.0
CCDC113,411.0
FAM149B1,411.0
SHARPIN,411.0
HAUS2,411.0
GAREM2,411.0
USP39,411.0
MFSD1,411.0
CERS5,411.0
C4orf50,411.0
ARHGEF26-AS1,411.0
WWOX,411.0
ZDHHC6,411.0
LZTS2,411.0
PTPN9,411.0
RNGTT,411.0
FBXO27,411.0
SRSF12,411.0
FAM47E,411.0
ING3,411.0
EPS15L1,410.0
ESRRG,410.0
RRP1B,410.0
CHDH,410.0
MBTPS2,410.0
KCNH2,410.0
TTLL12,410.0
SLC39A7,410.0
SRF,410.0
HRH2,410.0
TWSG1,410.0
OTUD3,409.0
FBXO42,409.0
TMX1,409.0
C5orf51,409.0
ENTPD3,409.0
SLC2A4RG,409.0
GATD3A,409.0
VARS2,409.0
ENKUR,409.0
PTPN3,409.0
KIF9,409.0
TMEM161B,409.0
PLA2G15,408.0
ANO4,408.0
CPTP,408.0
DYRK1B,408.0
NIT2,408.0
URB1,408.0
EXOSC7,408.0
SIDT1,408.0
AATF,408.0
TRAF7,407.0
ZNF264,407.0
ANKRD49,407.0
GRM7,407.0
TRMT61B,407.0
FOXP2,407.0
SF3B4,407.0
SOX4,407.0
TXNRD2,407.0
ZNF783,407.0
SLC39A14,407.0
SNRNP48,406.0
PTPN18,406.0
RNF26,406.0
SIRT1,406.0
RASA3,406.0
IRF3,406.0
RELN,406.0
NR4A2,406.0
RAP2C,406.0
WDR3,406.0
TST,405.0
NEK4,405.0
ITGB5,405.0
BOLA3-AS1,405.0
TANGO2,405.0
LINC01278,405.0
SLC35A4,405.0
FAM104B,405.0
SCRN3,405.0
DGCR6,405.0
TRRAP,404.0
DOK5,404.0
MPPE1,404.0
RBMS1,404.0
CX3CR1,404.0
LRIF1,404.0
GRIK3,404.0
CEP192,404.0
TBC1D30,403.0
ZNF22,403.0
EXOSC1,403.0
OPHN1,403.0
FABP6,403.0
DCUN1D2,403.0
FTSJ1,403.0
POPDC3,403.0
KDM4B,403.0
IGSF9B,403.0
GREM1,402.0
GATD3B,402.0
MED9,402.0
RNF121,402.0
TCHP,402.0
FAM210A,402.0
AIF1,402.0
EMX1,402.0
ATG2A,401.0
VASH1,401.0
TUSC1,401.0
GTF3C5,401.0
OSBP2,401.0
LINC01197,400.0
TMEM200C,400.0
MRPL49,400.0
TMEM233,400.0
NPC1,400.0
NUP214,400.0
COQ5,400.0
TBCC,400.0
SLC16A2,400.0
WDR44,400.0
CMC4,400.0
STARD3,400.0
SLC39A13,399.0
ABCD4,399.0
ECM1,399.0
SMURF2,399.0
PXMP2,399.0
SLC5A6,399.0
PRPF3,399.0
HIST1H1E,399.0
CEP120,399.0
AFAP1,399.0
SORCS3,399.0
NPIPA1,399.0
ACSS2,398.0
NCK1,398.0
BASP1-AS1,398.0
ANOS1,398.0
TMEM134,398.0
POLI,398.0
FIGN,398.0
ERCC6,397.0
PCCA,397.0
NBEAL1,397.0
AC024075.2,397.0
AC018647.2,397.0
HCCS,397.0
KDM1B,397.0
DOC2B,397.0
WDPCP,397.0
CD55,397.0
MCF2L2,397.0
HMGXB3,396.0
COQ3,396.0
SMG9,396.0
FAM207A,396.0
ARMCX6,396.0
RNF123,396.0
NSDHL,396.0
PCIF1,396.0
ZFP82,396.0
EHD2,396.0
DLX1,395.0
CRYBG3,395.0
LRRC23,395.0
COX19,395.0
PCID2,395.0
KLHL32,395.0
TSPAN33,395.0
ZNF821,395.0
ZFPL1,395.0
SAMD14,395.0
VIPR1,395.0
HECTD2,395.0
DHX8,395.0
COPS7B,395.0
PPP4R1,395.0
TMEM145,395.0
CLN8,394.0
RELA,394.0
GALNT15,394.0
TLE3,394.0
PGS1,394.0
C17orf58,394.0
C1orf50,394.0
ANKRD29,394.0
LAMB1,394.0
THOC3,393.0
WDR19,393.0
ATAD2B,393.0
GTF3C2,393.0
ZNF793,393.0
MZF1,393.0
METTL16,393.0
ID3,393.0
YIPF1,393.0
COX15,393.0
DHX57,393.0
CA4,392.0
LIMA1,392.0
SPOPL,392.0
NEK9,392.0
PPAT,392.0
SPEG,392.0
CDK5RAP1,392.0
LSG1,392.0
CACNA1I,392.0
CROT,392.0
FGFR1OP,391.0
MED17,391.0
DUSP12,391.0
RBM41,391.0
TRAPPC6A,391.0
TNS2,391.0
SOCS6,390.0
CNOT3,390.0
JAGN1,390.0
MCM6,390.0
PARP14,390.0
PHF2,390.0
LIN52,390.0
SDCBP2,390.0
DUSP14,390.0
FAM50B,389.0
PLEKHG3,389.0
MTO1,389.0
ZNF441,389.0
KCNH8,389.0
SMYD5,389.0
IPO11,389.0
FUT11,389.0
SPPL2B,389.0
DOHH,389.0
ZNF280B,389.0
LMO2,389.0
NXF1,388.0
TINF2,388.0
MX1,388.0
GPNMB,388.0
FSTL1,388.0
B4GALT7,388.0
IQCB1,388.0
CCND1,388.0
TTN,388.0
AL691432.2,388.0
FLAD1,388.0
ANKRD52,387.0
DYNLT1,387.0
FTSJ3,387.0
PIGP,387.0
SERAC1,387.0
CCN2,387.0
FRZB,387.0
CPNE9,387.0
UNC119B,387.0
USP30,387.0
TPRA1,387.0
SORBS3,387.0
NT5E,386.0
CLK2,386.0
ST7,386.0
PTBP1,386.0
ETFDH,386.0
DCC,386.0
DCX,386.0
PTCHD1,386.0
VWA8,386.0
PAWR,386.0
ADCYAP1,386.0
GPR12,385.0
ZNF83,385.0
IQCG,385.0
CCNT1,385.0
NOP14,385.0
XRRA1,385.0
NUP155,385.0
GPN2,385.0
BCS1L,385.0
PTPRU,385.0
ARMCX5-GPRASP2,385.0
SOGA1,384.0
PPOX,384.0
CATSPER2,384.0
TMEM128,384.0
CHPF2,384.0
STAG1,384.0
TMBIM1,384.0
DDX51,384.0
GSTT2B,383.0
UTP14A,383.0
BGN,383.0
PIAS4,383.0
MFSD11,383.0
SEMA4C,383.0
DGKQ,383.0
GPR108,383.0
PDLIM7,383.0
METTL15,382.0
TAF1B,382.0
SHISA7,382.0
RTN4RL1,382.0
ZNF410,382.0
ZNF268,382.0
ICK,382.0
INPP5K,382.0
EXOSC4,382.0
CC2D2A,382.0
YIPF2,382.0
LINC01007,382.0
FRMD5,381.0
CSF1R,381.0
ATP9B,381.0
SIKE1,381.0
OCEL1,381.0
PHF11,381.0
HIBADH,381.0
FKBP15,381.0
CEP89,381.0
ZBTB25,381.0
BMPR1A,381.0
ZNF626,381.0
PPIP5K1,381.0
C6orf120,380.0
TBC1D32,380.0
TRIM52,380.0
INTS8,380.0
KIRREL3,380.0
SBK1,380.0
RRP8,380.0
GRID1,380.0
TOX2,380.0
STAT6,380.0
DHTKD1,380.0
ARNT,379.0
G6PD,379.0
AL356599.1,379.0
GNL3L,379.0
SLCO2B1,379.0
PRPF4,379.0
PORCN,379.0
CUTC,379.0
RTCA-AS1,379.0
GAS8,379.0
ZCCHC9,378.0
ALMS1,378.0
RYK,378.0
PTPDC1,378.0
TPT1-AS1,378.0
TMEM185A,378.0
EFNA3,378.0
FAM221A,378.0
MTMR14,378.0
SLITRK3,378.0
HENMT1,378.0
AC091138.1,378.0
SPHKAP,378.0
ZDHHC5,378.0
SIL1,378.0
LRCH2,377.0
PIGU,377.0
WNK3,377.0
IGF2R,377.0
GRAMD1A,377.0
ZNF43,377.0
WDR36,377.0
AC110491.1,377.0
CBLL1,377.0
ZDHHC7,377.0
ZNRD2,376.0
CCDC191,376.0
MKNK2,376.0
TMEM199,376.0
RPRD1B,376.0
WDR5,376.0
SLC1A6,376.0
XPO5,376.0
BTBD11,376.0
LACTB,376.0
DDOST,375.0
TRIM56,375.0
ANKRA2,375.0
GPANK1,375.0
SRCAP,375.0
AC060780.1,375.0
ZNF875,375.0
CPPED1,375.0
RAD54L2,374.0
PPWD1,374.0
PEMT,374.0
MAK16,374.0
SPOUT1,374.0
SCO2,374.0
MAPKAPK2,374.0
PLOD1,374.0
PGPEP1,374.0
UGT8,373.0
TTLL5,373.0
ECD,373.0
XBP1,373.0
CYP4X1,373.0
WWC2,373.0
TAF1C,373.0
SLFN5,373.0
BBOX1,373.0
PLCH1,373.0
ABL1,372.0
PTCH1,372.0
ZFYVE19,372.0
KIF20B,372.0
CFAP44,372.0
SLC2A8,372.0
DNAJC25,372.0
AADAT,372.0
LCORL,372.0
CNTNAP3B,371.0
CCDC24,371.0
ORC2,371.0
RBCK1,371.0
C7orf26,371.0
SUPT20H,371.0
ZFP28,371.0
PDLIM2,371.0
VWA1,371.0
PEX14,371.0
VPS26C,371.0
DPP9,370.0
NUP54,370.0
FLT1,370.0
SNX29,370.0
KDM4A,370.0
RXYLT1,370.0
C18orf21,370.0
ARHGEF18,370.0
RIPPLY2,370.0
IER5L,370.0
OSCP1,370.0
TSTD2,370.0
ANKRD13B,369.0
DLL3,369.0
ZNF703,369.0
GRK6,369.0
CTNNAL1,369.0
JAG2,369.0
DUSP28,369.0
SWI5,369.0
SLC17A5,369.0
CXXC1,369.0
LRRTM1,369.0
ZBTB17,368.0
KLHDC8B,368.0
FAM174B,368.0
SEMA3A,368.0
WIPF1,368.0
E2F4,368.0
ACOT9,368.0
DHX16,368.0
NUFIP1,368.0
CBARP,368.0
ZNF608,368.0
PEG13,368.0
AP3M1,368.0
INPP4B,367.0
ARHGEF10L,367.0
HSPB2,367.0
PPP1R37,367.0
ACD,367.0
NCKAP5,367.0
EXOC8,367.0
KSR1,367.0
RINT1,366.0
ANKRD18B,366.0
COMMD5,366.0
TMEM68,366.0
SLC35F3,366.0
STYXL1,366.0
PTPN14,366.0
TMEM108,366.0
TMEM232,366.0
CENPJ,366.0
PRR18,366.0
SMOX,366.0
ANKRD30B,365.0
MAIP1,365.0
UCKL1,365.0
CES4A,365.0
TMEM97,365.0
TFIP11,365.0
RWDD3,365.0
PIGM,365.0
ASIC2,365.0
MED27,365.0
C11orf54,365.0
PDE7B,365.0
FEN1,364.0
THEM4,364.0
PRR12,364.0
GXYLT1,364.0
PXYLP1,364.0
PYGO2,364.0
ARMH3,364.0
FYB1,364.0
LIG3,364.0
PDRG1,364.0
MLXIPL,364.0
TUBGCP3,364.0
SNX25,363.0
RGL2,363.0
ADPGK,363.0
SGCD,363.0
RPP25L,363.0
PNPLA2,363.0
CRHBP,363.0
ERO1B,363.0
MIR7-3HG,362.0
ATAD2,362.0
NSMAF,362.0
MAP3K11,362.0
RCC2,362.0
RHNO1,362.0
GLB1,362.0
KHK,362.0
BOK,362.0
ARPIN,361.0
COL18A1,361.0
TKFC,361.0
ZNF544,361.0
ZNF528,361.0
GREB1,361.0
TAB1,361.0
HAT1,360.0
TBKBP1,360.0
ZNF362,360.0
D2HGDH,360.0
CEP164,360.0
PRKAB1,360.0
PCYT1B,360.0
HCFC2,360.0
SNX18,360.0
PTPN1,360.0
ARMC6,360.0
TRMT2A,359.0
BX664727.3,359.0
CYBC1,359.0
USP38,359.0
POLR1A,359.0
TRIM46,359.0
HSD17B14,359.0
PRTFDC1,359.0
IFT172,359.0
NUP85,359.0
CDK7,359.0
DTD2,359.0
NEK6,359.0
ZNF623,359.0
FAM104A,358.0
CYGB,358.0
HR,358.0
SLC25A38,358.0
COL11A1,358.0
ZNF382,358.0
CCDC32,358.0
TLCD5,358.0
PWWP3B,358.0
DERL2,358.0
PRRG1,358.0
AF106564.1,358.0
CDK20,357.0
EML4,357.0
STK35,357.0
ZNF688,357.0
SAC3D1,357.0
JPH1,357.0
ZNF121,357.0
PLCXD2,357.0
TARS2,357.0
ARPC1B,356.0
YES1,356.0
ATF7IP2,356.0
PCDH11X,356.0
RBM48,356.0
PKD2,356.0
MB21D2,356.0
CYP1B1,356.0
GATAD2A,356.0
TDRD7,356.0
PPIL3,356.0
HINFP,356.0
GALNT18,356.0
WFDC1,356.0
DALRD3,356.0
NELFA,356.0
LIN37,356.0
SDE2,356.0
TTBK1,356.0
LINC00665,356.0
KLC4,356.0
ZNF746,356.0
AGRN,356.0
STK17A,355.0
ANKZF1,355.0
PLPP7,355.0
ANO8,355.0
EPM2A,355.0
WDYHV1,355.0
P2RX6,354.0
SMCR8,354.0
AL121820.2,354.0
TEX261,354.0
USP42,354.0
NRP1,354.0
ZNF286A,354.0
CDR2,354.0
STX10,353.0
TMEM231,353.0
MPP7,353.0
TMEM129,353.0
CELSR3,353.0
GRIN3A,353.0
RGP1,353.0
LEMD2,353.0
KDM4C,352.0
NEIL1,352.0
CLK3,352.0
C2CD4C,352.0
LIAS,352.0
EML1,352.0
CNPPD1,352.0
CELF2-DT,352.0
HTR5A-AS1,351.0
NFRKB,351.0
NPEPL1,351.0
METTL6,351.0
ZNF562,351.0
WDR34,351.0
IKBKG,351.0
ZNF337,351.0
USP13,351.0
ZNF641,351.0
MEN1,351.0
C8orf76,351.0
KIAA1522,351.0
HCG11,351.0
GART,351.0
HPS5,350.0
TRABD2A,350.0
CCDC152,350.0
COG3,350.0
ARID2,350.0
GVQW3,350.0
DNASE2,350.0
RAVER2,350.0
MCPH1,350.0
FAM182A,349.0
SEMA3C,349.0
SLC15A4,349.0
FAM120C,349.0
TMEM214,349.0
METTL21A,349.0
RNF31,349.0
ATG4D,349.0
RSPRY1,348.0
METTL23,348.0
KBTBD4,348.0
NUDT5,348.0
SLC17A6,348.0
IDH1,348.0
LBH,348.0
SUSD6,348.0
PILRB,348.0
HIRA,348.0
PTPRJ,348.0
AIFM1,347.0
ST3GAL2,347.0
ZNF184,347.0
CRTC3,347.0
PTCD2,347.0
HS6ST2,347.0
KIAA1324,347.0
EPB41L5,347.0
VPS18,347.0
PPARA,347.0
ZZEF1,347.0
LRRK1,347.0
SNX32,347.0
TSGA10,347.0
LINC02762,347.0
ZBTB1,347.0
HAPLN2,347.0
RWDD4,347.0
MIR29B2CHG,347.0
ST3GAL6,346.0
TEX10,346.0
PTGFRN,346.0
CHST12,346.0
ZNF383,346.0
ACSS3,346.0
SCRN2,346.0
SNAPC4,346.0
LMNA,346.0
ARRDC2,346.0
CD302,345.0
SHLD2,345.0
XAB2,345.0
TRNT1,345.0
DHFR,345.0
RAB9A,345.0
PRKG1,345.0
HLA-DPA1,345.0
CCZ1B,345.0
CIAO3,345.0
VSIR,345.0
RNF2,345.0
SORCS2,344.0
ENDOV,344.0
TMEM74,344.0
MUS81,344.0
SLC35B2,344.0
COQ7,344.0
LAMA2,344.0
MFSD5,344.0
RIOK2,344.0
MOXD1,344.0
MED14,344.0
PIP5K1A,344.0
TMUB1,344.0
TSEN34,343.0
RASGRP2,343.0
MMP28,343.0
TMEM121,343.0
CRB1,343.0
MTHFR,342.0
FAM222B,342.0
NUDT12,342.0
CA8,342.0
TBC1D22B,342.0
AC005726.3,342.0
HRK,342.0
PNKP,342.0
SNX11,342.0
AEBP1,342.0
CDH12,342.0
AP004609.3,342.0
SLC30A4,342.0
GNPNAT1,342.0
INPPL1,341.0
C1orf109,341.0
ZNF585A,341.0
DHRS7B,341.0
LMF1,341.0
ABRAXAS2,341.0
SNIP1,341.0
YAP1,341.0
MIR4500HG,341.0
RPUSD4,341.0
ALDH4A1,341.0
XPNPEP3,340.0
YDJC,340.0
TRIAP1,340.0
TRMU,340.0
PDIA4,340.0
SH3D19,340.0
TMEM121B,340.0
LRRN1,340.0
CWF19L1,340.0
GIGYF1,340.0
IFI16,340.0
AGO4,340.0
TDRP,340.0
RNF182,340.0
CTXN2,339.0
COX18,339.0
MBLAC2,339.0
ELMSAN1,339.0
MAPKBP1,339.0
EDRF1,339.0
TMEM101,339.0
PPP2R3A,339.0
IMPDH1,339.0
SLC24A3,339.0
RPARP-AS1,339.0
CCNK,339.0
TMEM168,339.0
TCTN3,339.0
GALK2,339.0
FEZF2,338.0
COL9A3,338.0
H2AFJ,338.0
ORC5,338.0
OTUD1,338.0
CORO7,338.0
FLYWCH2,338.0
ALKBH4,338.0
SPATC1L,338.0
POLR3E,338.0
SPDL1,338.0
CNOT6,338.0
ARL15,338.0
INPP5E,338.0
SMPD3,337.0
SMURF1,337.0
MYLIP,337.0
STK40,337.0
FIBIN,337.0
PLPPR1,337.0
PSTK,337.0
ZNF592,337.0
CARNMT1,337.0
PLCH2,337.0
DYRK4,336.0
AOPEP,336.0
CLEC16A,336.0
BLMH,336.0
C1QA,336.0
TET2,336.0
DCAF1,336.0
ZFP30,336.0
ZNF322,335.0
COLGALT1,335.0
TMEM132D,335.0
RFX5,335.0
IFT52,335.0
TSSC4,335.0
RFFL,335.0
GALE,335.0
LINC02668,335.0
RMC1,335.0
ADAMTS1,335.0
ZNF503,335.0
TMEM223,334.0
KLHL26,334.0
TRANK1,334.0
ZSWIM9,334.0
ADCY9,334.0
MAP2K7,334.0
PRR34-AS1,334.0
ABCB9,334.0
SOX10,334.0
SLC31A1,334.0
NKX6-2,334.0
TBL1X,334.0
PAPOLG,334.0
DNAL4,333.0
FBLN1,333.0
RPS6KB2,333.0
FKBP5,333.0
FLVCR1,333.0
ZSCAN26,333.0
STRADB,333.0
FAM189A1,333.0
SHF,333.0
ARNTL2,333.0
MRI1,333.0
PHF12,332.0
UNKL,332.0
CLN5,332.0
C11orf24,331.0
CLYBL,331.0
ZFR2,331.0
FKRP,331.0
SCAMP4,331.0
NSMCE4A,331.0
HNMT,330.0
SRD5A3,330.0
ANKRD35,330.0
RAD51D,330.0
NT5M,330.0
PELI1,330.0
KRBOX4,330.0
STRIP2,330.0
POP5,330.0
SORD,330.0
APIP,330.0
TYW5,330.0
ZNF23,330.0
SMAD9,329.0
SARM1,329.0
TMEM63A,329.0
PLOD2,329.0
ZBTB37,329.0
AC004816.1,329.0
RNF19B,329.0
C1orf131,329.0
ABITRAM,329.0
ZDHHC13,329.0
SMOC1,328.0
RILPL2,328.0
RBM11,328.0
NFXL1,328.0
ZNF160,328.0
COG7,328.0
LRRC28,328.0
SOHLH1,328.0
FA2H,328.0
CCDC117,328.0
LNP1,328.0
HMGCL,328.0
OSBPL11,328.0
ZNF514,328.0
MGMT,328.0
ZNF181,328.0
TPST1,327.0
TASP1,327.0
KCNIP1,327.0
CASC1,327.0
JDP2,327.0
ZNF426,326.0
CRELD2,326.0
SPATA13,326.0
STYK1,326.0
CPQ,326.0
TSTA3,326.0
TBC1D16,326.0
GEMIN5,326.0
HDAC8,326.0
ESS2,326.0
PIGZ,325.0
B4GALT3,325.0
COL26A1,325.0
GDPD5,325.0
IL33,325.0
UBXN11,325.0
ASXL3,325.0
WSCD1,325.0
BOLA1,325.0
SEMA4A,325.0
ACVR1C,325.0
SPEF1,325.0
CIB2,325.0
CDKN1C,325.0
AC021613.1,325.0
NT5DC2,324.0
NOP16,324.0
WDFY2,324.0
SCAMP2,324.0
CLASRP,324.0
ATL3,324.0
SCAF4,324.0
HOOK2,324.0
RCBTB2,324.0
PDZRN4,324.0
BORCS5,324.0
PVR,324.0
PNPLA4,323.0
TMEM191B,323.0
NUP88,323.0
EFEMP2,323.0
PRKCD,323.0
VTI1A,323.0
BAHD1,323.0
GSDME,323.0
GALT,323.0
MED23,323.0
TMEM41A,323.0
CTSO,323.0
CDK6,322.0
PIAS3,322.0
TIMM29,322.0
FAM160A2,322.0
AL022313.4,322.0
NCOA3,322.0
POLL,322.0
CACNA1G,322.0
ALYREF,322.0
B3GALT1,322.0
MIOS,322.0
MED22,322.0
CAND2,322.0
CCDC28B,321.0
GMNN,321.0
DGCR8,321.0
MOB3B,321.0
S100A10,321.0
DHRS4-AS1,321.0
F12,321.0
RHBDD3,321.0
GCFC2,321.0
NOL6,321.0
GSTO2,321.0
TTC8,320.0
KLF2,320.0
CDKN2AIP,320.0
C16orf91,320.0
AL353746.1,320.0
ZNF133,320.0
ZNF317,320.0
CD82,320.0
TMEM74B,320.0
ABCA8,320.0
KCNIP4-IT1,319.0
LGR4,319.0
CSNK1G1,319.0
NUDCD1,319.0
ANKRD44,319.0
AL031056.1,319.0
CAV2,319.0
ABCB10,319.0
FOSL2,319.0
ADPRHL2,319.0
KCTD15,319.0
AC015813.1,319.0
PYGM,319.0
TRIM11,319.0
SRGN,319.0
EIF1AD,319.0
CAAP1,319.0
RCC1L,319.0
MYH14,319.0
C8orf82,318.0
AKR1C1,318.0
AC108673.3,318.0
ZNF776,318.0
AC104836.1,318.0
GLI4,318.0
CCDC137,318.0
ELOVL1,318.0
TRMT5,318.0
ZFYVE1,318.0
TYK2,318.0
CCNYL1,317.0
COG8,317.0
NAAA,317.0
CSMD3,317.0
ZNF335,317.0
METTL3,317.0
RARS2,317.0
SAP30,317.0
GRWD1,317.0
UBTD2,317.0
ECHDC2,317.0
FMNL1,317.0
CIART,316.0
PIGF,316.0
KDM7A,316.0
BBS10,316.0
AP5S1,316.0
MIR9-3HG,316.0
AC027644.3,316.0
P4HA1,316.0
C1orf174,316.0
NIFK-AS1,316.0
B3GNT2,316.0
CRYZ,316.0
ZNF566,316.0
JAKMIP3,316.0
NUDT15,316.0
JAG1,315.0
XK,315.0
ZBTB24,315.0
PWWP2B,315.0
DLST,315.0
BICDL1,315.0
ARMCX5,315.0
ARAP1,315.0
SGPL1,315.0
ZNF224,315.0
HSCB,314.0
PCGF2,314.0
NT5C,314.0
RNF113A,314.0
ZNF511,314.0
RPS6KA6,314.0
METTL25,314.0
HTATIP2,314.0
RAB24,314.0
AC006450.3,314.0
ZNF346,314.0
MCMBP,313.0
PRAG1,313.0
NUTM2B-AS1,313.0
C3orf33,313.0
NOM1,313.0
TMEM69,313.0
TMEM107,313.0
ZDHHC16,313.0
ARC,313.0
KIAA0895,313.0
WDR77,313.0
AP003486.1,313.0
DPY19L2,313.0
ACHE,312.0
NSUN2,312.0
MIR497HG,312.0
TENT2,312.0
ATP11B,312.0
GIN1,312.0
RAB30-DT,312.0
POLD3,312.0
GAL3ST3,312.0
ABCB7,312.0
CNEP1R1,312.0
CTXN3,312.0
ZDHHC18,312.0
ZNF260,312.0
CPNE2,312.0
C17orf97,312.0
AFF2,312.0
SYNGR2,311.0
GOLPH3L,311.0
DIMT1,311.0
CD24,311.0
BX890604.2,311.0
MRPL39,311.0
WWTR1,311.0
ZNF471,311.0
CDK4,311.0
NVL,311.0
BST2,310.0
ASL,310.0
TTLL3,310.0
RND3,310.0
FCGRT,310.0
ZNF583,310.0
GPN3,310.0
FKBP11,310.0
EXT1,310.0
VILL,310.0
WDR35,310.0
KIAA0355,309.0
PIEZO2,309.0
SUSD5,309.0
SPNS1,309.0
UNG,309.0
NOTCH1,309.0
ZDHHC23,309.0
ZMYND19,309.0
DCBLD2,309.0
TM9SF1,309.0
LRTM2,309.0
ADAM15,308.0
ZNF273,308.0
PTPRB,308.0
IRF9,308.0
ARL13B,308.0
ZBBX,308.0
ALG2,308.0
ZNF830,308.0
LRRC27,308.0
C7orf25,308.0
C1S,307.0
RNPEPL1,307.0
EME2,307.0
NUP98,307.0
POLR1E,307.0
MFSD13A,307.0
MED7,307.0
ARHGDIB,307.0
CCDC85C,307.0
GHDC,307.0
WDR20,307.0
BLOC1S4,306.0
TP53TG1,306.0
GALNT7,306.0
DHRS4L2,306.0
THBS2,306.0
APH1B,306.0
ERMP1,306.0
TCTN1,306.0
USF1,306.0
AC007938.3,306.0
IRF2,306.0
RBBP9,306.0
SUOX,306.0
AL109811.2,306.0
ECE1,306.0
TMEM254,305.0
TRIM59,305.0
CSKMT,305.0
VPS37B,305.0
TRIM47,305.0
KLHDC1,305.0
NSUN4,305.0
SPIRE2,305.0
LIMD2,304.0
ZFP62,304.0
CHFR,304.0
TRMT61A,304.0
ZC3H12B,304.0
HSBP1L1,304.0
ZNF621,304.0
EMSY,304.0
ZNF780B,304.0
TAZ,304.0
MGP,304.0
PARD3,304.0
ARFIP1,304.0
SETD4,304.0
BAG3,304.0
EARS2,304.0
NOXA1,304.0
TET1,304.0
WDR24,304.0
NBPF12,304.0
RNF25,304.0
P2RY1,303.0
OSBPL10,303.0
USPL1,303.0
RHOBTB1,303.0
MSL2,303.0
CHMP6,303.0
FAM126A,303.0
RFC2,303.0
TRIP6,303.0
CYB5R4,303.0
JMJD4,303.0
LGALS3BP,303.0
WDR73,303.0
CAVIN2,303.0
SLC35B3,303.0
GFRA1,303.0
RGN,303.0
SLC38A7,303.0
SCNN1D,303.0
USP45,302.0
RFX7,302.0
TIMP1,302.0
FNTB,302.0
KCTD7,302.0
GUSB,302.0
CCDC130,302.0
PTRH1,302.0
MTRR,302.0
SP100,302.0
COLEC12,302.0
KLHL4,302.0
ZIC2,302.0
GRM2,302.0
HOMER3,302.0
DYRK2,301.0
KIAA0753,301.0
GABPB2,301.0
UIMC1,301.0
ZNF431,301.0
AARS2,301.0
CEP19,301.0
SHC1,301.0
SPATA33,301.0
EMP2,301.0
L2HGDH,301.0
RNF138,301.0
RAB23,301.0
SNRNP35,301.0
RUVBL1,301.0
PRORP,300.0
B3GALNT2,300.0
ATXN1L,300.0
FARS2,300.0
NYAP1,300.0
UEVLD,300.0
KCNK3,300.0
DPH7,300.0
ZNF26,300.0
IGSF3,300.0
ZNF576,300.0
FOXN2,300.0
NOP9,299.0
FBRS,299.0
TBC1D22A,299.0
NSMCE2,299.0
METTL17,299.0
MSX1,299.0
ALKBH3,299.0
ARL4D,299.0
ACSF3,299.0
ZNF334,299.0
ANKRD13A,299.0
PRR14,299.0
ZNF254,299.0
VWA5B2,299.0
TTLL1,299.0
SYT2,298.0
C12orf75,298.0
MYL5,298.0
HSD17B6,298.0
ZNF384,298.0
AMER3,298.0
SCYL3,298.0
NEU3,298.0
SDR16C5,298.0
HACL1,298.0
TRMT13,298.0
LRMP,298.0
TNFAIP8L3,297.0
GPATCH1,297.0
HYI,297.0
AIMP2,297.0
LINC01476,297.0
ZNF275,297.0
STK19,297.0
SPIN2B,297.0
PTGR2,297.0
ZNF48,297.0
MARCH8,297.0
NFKB1,296.0
MFSD8,296.0
PATZ1,296.0
AL050341.2,296.0
MORC2,296.0
ZNF75A,296.0
GEMIN6,296.0
GRID2,296.0
AD000090.1,296.0
TTC28-AS1,296.0
MPST,296.0
MXD1,296.0
ERCC2,296.0
L3MBTL1,296.0
HSPA14-1,296.0
PYCR3,295.0
NHSL1,295.0
PRMT6,295.0
CSTF1,295.0
ZBTB8A,295.0
DPH2,295.0
PRUNE1,295.0
IQCK,295.0
VIPAS39,295.0
RHBDL3,295.0
MTRNR2L6,295.0
MAFK,295.0
MAP11,295.0
NIPBL-DT,295.0
LAMA5,295.0
LINC00909,294.0
LMBR1L,294.0
AP001372.2,294.0
CSRP2,294.0
GEMIN2,294.0
ADAMTS8,294.0
RABL2A,294.0
DUBR,294.0
NPIPB5,294.0
PSMD5,294.0
CASP3,294.0
ABHD18,293.0
ZNF737,293.0
MPV17L,293.0
RPL39L,293.0
PDLIM3,293.0
MAD1L1,293.0
SETDB2,293.0
BAHCC1,293.0
NOL12,293.0
RABGGTA,293.0
PML,293.0
INSYN1,293.0
TAF5L,293.0
CD2AP,292.0
PEX3,292.0
USP35,292.0
ZNF398,292.0
FOXO4,292.0
LIMS2,292.0
EXD3,292.0
AP5Z1,292.0
TYROBP,292.0
CTDSP1,292.0
DEPDC5,292.0
SOX21,292.0
MIEF2,292.0
KANSL2,291.0
IER2,291.0
CMTM6,291.0
ARHGAP39,291.0
DRD1,291.0
FREM3,291.0
PYM1,291.0
MEPE,291.0
AC067773.1,291.0
KBTBD3,291.0
HBQ1,291.0
KPTN,290.0
TRIM26,290.0
RHOG,290.0
GLMP,290.0
ZNF287,290.0
GSG1L,290.0
PAN3,290.0
CPLX3,290.0
BMPER,289.0
LIN54,289.0
THAP3,289.0
NRG1,289.0
PHF5A,289.0
FAM118B,289.0
BAZ1A,289.0
ALG14,289.0
PPP3CC,289.0
ZSCAN30,288.0
HARS2,288.0
CTXND1,288.0
TMTC4,288.0
LINC01003,288.0
YARS2,288.0
QRSL1,288.0
CNOT11,288.0
RAB34,288.0
ZNF569,287.0
LYPD1,287.0
LRFN3,287.0
SALL1,287.0
L3MBTL3,287.0
EDC3,287.0
MAD2L1BP,287.0
AMBRA1,287.0
AXIN2,287.0
ARMC9,287.0
SNX22,287.0
SETD1B,287.0
TAC3,287.0
AP002360.1,286.0
TRIM52-AS1,286.0
C11orf71,286.0
KLF10,286.0
CYP26B1,286.0
ALG8,286.0
C16orf89,286.0
PROX1,286.0
MOGS,286.0
RHOJ,285.0
ZNF629,285.0
NPHP1,285.0
LIME1,285.0
JMJD6,285.0
ATP8B2,285.0
CLEC11A,285.0
ENOX2,285.0
EFCAB11,285.0
CXCL12,285.0
AL157392.3,284.0
RAB8A,284.0
CRH,284.0
LMLN,284.0
LRIG2,284.0
MCM7,284.0
RPAP1,284.0
SMKR1,284.0
C1QL2,284.0
PCBP1-AS1,284.0
S100PBP,284.0
GCDH,284.0
ST3GAL1,284.0
HSPB6,283.0
HLA-DRB1,283.0
AMT,283.0
AC010913.1,283.0
LRRC37B,283.0
ADAMTS4,283.0
CYB561D1,283.0
MIR137HG,283.0
SOX15,283.0
TMEM120B,283.0
AL158212.3,283.0
TMEM260,283.0
TAGLN2,283.0
ZNF276,283.0
RHOF,283.0
LRBA,283.0
SNHG10,283.0
SLC25A17,282.0
ZNF736,282.0
SMAD7,282.0
WWC3,282.0
AC105446.1,282.0
GLIPR1L2,282.0
LINC02552,282.0
NHS,282.0
POGLUT1,282.0
CENPS,282.0
CEP135,282.0
SFI1,282.0
ARMC5,282.0
PTP4A3,282.0
DNAJC14,281.0
SHMT2,281.0
MTHFD1L,281.0
NCOA5,281.0
ENTPD3-AS1,281.0
TAF12,281.0
HYDIN,281.0
CASKIN2,281.0
PRRC1,281.0
OPRK1,281.0
TRIM4,281.0
ITGA3,281.0
ZNF692,281.0
ASCC1,281.0
UBOX5,280.0
SEMA6C,280.0
ZKSCAN5,280.0
ATG16L2,280.0
HES5,280.0
KYAT3,280.0
NPM3,280.0
MDC1,280.0
POU6F2,280.0
UBXN8,280.0
U2AF1L4,280.0
GPC5,280.0
ZMAT5,280.0
DHX32,279.0
PANK1,279.0
YOD1,279.0
DNAJB5,279.0
ATXN7,279.0
SOX12,279.0
AC245297.3,279.0
HEG1,279.0
NAT9,279.0
PELO,278.0
SLC9A3-AS1,278.0
NWD2,278.0
AC008969.1,278.0
CENPQ,278.0
SMARCAL1,278.0
CMTM5,278.0
CYB5D1,278.0
COQ10A,278.0
MRE11,278.0
RNPEP,278.0
FBXO30,278.0
LINC02263,278.0
DNAH7,278.0
FAIM,278.0
ATG10,278.0
SNAPC1,278.0
ATP11A,278.0
FOLH1,278.0
SNAPC2,277.0
MYO19,277.0
SEPTIN10,277.0
ZNF708,277.0
TMEM185B,277.0
FAM114A2,277.0
RAMAC,277.0
RAB3D,277.0
ENTR1,277.0
SLC8A3,277.0
PMF1,277.0
PHF13,276.0
DNAAF4,276.0
NKAIN3,276.0
ERAP1,276.0
NOB1,276.0
RAB36,276.0
C1orf54,276.0
PXMP4,276.0
ETV3,276.0
TBL2,276.0
SERTAD2,276.0
IGF1,276.0
SYS1,276.0
SLC24A4,276.0
SLC6A11,276.0
KREMEN1,276.0
SLN,276.0
SETD1A,275.0
C5orf49,275.0
ZNF587,275.0
AC073111.4,275.0
ZSCAN29,275.0
NAA80,275.0
RCOR1,275.0
PPIH,275.0
BPNT1,275.0
E4F1,275.0
SCFD2,275.0
AC008124.1,275.0
FOXP4,275.0
CHAF1A,274.0
TMEM62,274.0
SH3BP5L,274.0
RNF144A-AS1,274.0
BCL9,274.0
YBEY,274.0
RBM4B,274.0
SLC6A12,274.0
MSTO1,274.0
MARC1,274.0
LGI2,274.0
CFAP221,274.0
DSCAM,273.0
SLC7A6OS,273.0
IGSF11,273.0
KCNN2,273.0
TRIM32,273.0
AC108519.1,273.0
ABHD11,273.0
OGG1,273.0
FAM78B,273.0
HHIPL1,273.0
ETAA1,273.0
LRFN1,273.0
AC100814.1,273.0
ARHGEF37,273.0
NR2E1,273.0
FAM135B,273.0
SRR,273.0
NUP205,273.0
AL021395.1,272.0
PALB2,272.0
ZNF579,272.0
TMEM11,272.0
PCGF1,272.0
GPRIN3,272.0
TXNDC11,272.0
INPP5J,272.0
ADAT1,272.0
YBX3,272.0
ZNF92,271.0
RAI14,271.0
TMEM63C,271.0
ZNF3,271.0
MINPP1,271.0
INTS14,271.0
AC104825.1,271.0
PAN2,271.0
AC105383.1,271.0
PLPP5,271.0
MAPK13,271.0
RPUSD1,271.0
RBM19,271.0
CACNA2D2,271.0
CA5B,271.0
SZT2,270.0
CTPS1,270.0
NXPH3,270.0
PTPN20,270.0
CDK11A,270.0
IFIT2,270.0
GRAMD1C,270.0
DNASE1L1,270.0
COQ6,270.0
USP51,270.0
SUPT3H,270.0
SLC30A7,270.0
WDSUB1,270.0
C9orf40,270.0
AC097376.3,270.0
AC090114.2,269.0
NES,269.0
LCLAT1,269.0
MTRNR2L3,269.0
CASC2,269.0
COL9A2,269.0
MTF1,269.0
AC005070.3,269.0
GALNTL5,269.0
HEXD,269.0
CIP2A,269.0
ARRDC4,268.0
CDK8,268.0
LINC02389,268.0
RPGR,268.0
ZNF554,268.0
SNHG11,268.0
USP37,268.0
IDE,268.0
C10orf88,268.0
SLC19A1,268.0
FAM76B,268.0
MCC,267.0
PPARD,267.0
ANGEL1,267.0
BOLA2B,267.0
HPS3,267.0
NEUROD1,267.0
WDR91,267.0
SNX7,267.0
DUSP11,267.0
NIPSNAP3B,267.0
PDIK1L,266.0
MFSD4B,266.0
THAP10,266.0
FAM189A2,266.0
LDLR,266.0
FAM53B,266.0
PRDM11,266.0
THOC5,266.0
TMEM87B,266.0
POLR3G,266.0
LOH12CR2,266.0
C3orf38,266.0
PTH1R,266.0
RASSF5,266.0
IGHMBP2,265.0
SLC12A9,265.0
PPP1R15A,265.0
PM20D2,265.0
ABCB1,265.0
UTP20,265.0
DCAF13,265.0
ZNF436,265.0
SLC16A1-AS1,264.0
UCK2,264.0
SLC36A1,264.0
ZNF329,264.0
CUEDC1,264.0
FAAP100,264.0
CCDC57,264.0
ZC3HAV1,264.0
MELTF-AS1,264.0
AC067852.2,264.0
AC006504.5,264.0
DGKD,264.0
ABT1,264.0
AGBL4,264.0
ANAPC10,264.0
GLE1,264.0
MIPOL1,264.0
AC090152.1,264.0
EXOSC8,263.0
POLR1C,263.0
KLHL20,263.0
GALNT13,263.0
ZC3H12C,263.0
IPPK,263.0
ACAD11,263.0
CHL1-AS2,263.0
SALL3,263.0
IL10RB,263.0
BRF2,263.0
ZNF461,263.0
MTAP,262.0
ZFHX2,262.0
HSF4,262.0
KCNT2,262.0
FBXL7,262.0
ZNF138,262.0
CEP44,262.0
PKDCC,262.0
PLD5,262.0
CHUK,262.0
CBY1,262.0
THBS4,262.0
TFB1M,262.0
CRB2,262.0
LINC02245,262.0
UNC5C,262.0
SLC26A4,262.0
MBTD1,262.0
AC015922.3,261.0
SNHG1,261.0
SLC35A2,261.0
SNAP23,261.0
CAPG,261.0
BIN3,261.0
BTG3,261.0
PSEN2,261.0
MAP3K3,261.0
CAPN10,261.0
E2F6,261.0
CYP27A1,261.0
MYO16,261.0
CHST11,261.0
ANK1,261.0
ATAD3B,260.0
TMEM91,260.0
ITGB3BP,260.0
DPH5,260.0
LTBP1,260.0
ZIC1,260.0
GMFG,260.0
PLAAT4,260.0
NDUFAF7,260.0
MIER3,260.0
AC080013.1,260.0
NUP50-DT,260.0
PNO1,260.0
NUP160,260.0
FAM114A1,260.0
PLEKHA8,260.0
MMP24,260.0
CENPBD1,260.0
TMEM243,260.0
NSUN3,260.0
HLA-DPB1,260.0
TMEM176B,260.0
TBP,260.0
MALT1,260.0
MSRB1,260.0
BACH1,259.0
PLD6,259.0
GABPA,259.0
MIS12,259.0
ALG1,259.0
CYREN,259.0
ITGA9-AS1,259.0
PDK1,259.0
PLA2G6,259.0
ACVR2B,259.0
ANXA4,259.0
BET1,258.0
SHROOM1,258.0
BARD1,258.0
MTHFD2L,258.0
MFSD2A,258.0
HEATR3,258.0
MGST2,258.0
ARG2,258.0
MEX3C,258.0
PGBD1,258.0
FAM27C,258.0
GAR1,258.0
TMEM209,258.0
ZWILCH,258.0
MVK,257.0
AC009549.1,257.0
NSUN6,257.0
CAV1,257.0
NOC4L,257.0
FUZ,257.0
CHI3L1,257.0
HIST3H2A,257.0
ZUP1,257.0
RSPO3,257.0
AAR2,256.0
CRAMP1,256.0
MTFMT,256.0
ZNF513,256.0
ZNF747,256.0
SOWAHB,256.0
BRD1,256.0
SNHG30,256.0
TMEM179B,256.0
LYPD8,256.0
KLHDC4,256.0
PIM2,256.0
AC008267.5,256.0
LINC01202,256.0
ZNF510,256.0
DHX37,255.0
EDEM1,255.0
SULF1,255.0
DIS3L2,255.0
PURG,255.0
GMPPA,255.0
IGFBP3,255.0
TEX30,255.0
POLR3B,255.0
GTPBP3,255.0
TAF4B,255.0
PDE10A,255.0
ELMOD2,255.0
CLGN,255.0
WDR55,255.0
ARHGEF28,255.0
CLN6,255.0
ZNF787,254.0
ACTR8,254.0
ZNF142,254.0
SEC24A,254.0
EFCAB7,254.0
SFT2D2,254.0
RAB33B,254.0
HDAC1,254.0
DUSP16,254.0
RERG,254.0
LRRC75B,254.0
PHLDA2,254.0
CNOT10,254.0
OPA3,254.0
FPGS,253.0
IKBKB,253.0
ETHE1,253.0
TRERF1,253.0
FRS3,253.0
AC006115.2,253.0
ZBTB45,253.0
TCEA3,253.0
ARVCF,253.0
KANK2,253.0
ACADS,252.0
TVP23A,252.0
EFHC1,252.0
C16orf46,252.0
KCNS2,252.0
NBPF19,252.0
ZNF117,252.0
DLG5,252.0
AL359091.1,252.0
LYSMD4,252.0
MYNN,252.0
PPP1R35,252.0
MIR22HG,252.0
OXNAD1,252.0
COQ8B,252.0
HIF3A,252.0
ADHFE1,252.0
FBN1,252.0
DCAF12,252.0
DHFR2,251.0
CYBA,251.0
MCM3,251.0
NWD1,251.0
C2orf27A,251.0
TTC5,251.0
ZBTB14,251.0
TDRKH,251.0
HUNK,251.0
SFRP1,251.0
TELO2,251.0
HAR1A,251.0
NUBPL,251.0
ANKS3,251.0
DDX39A,250.0
CYTOR,250.0
SLC7A2,250.0
GFER,250.0
KLHL29,250.0
PLEKHM1,250.0
POU2F2,250.0
CTC1,250.0
YAE1,250.0
AC018647.1,250.0
THEM6,249.0
ZNF423,249.0
UBAP1L,249.0
ST7L,249.0
CNTN6,249.0
FAM71E1,249.0
MAGOHB,249.0
SDHAF3,249.0
THNSL1,249.0
HEATR1,249.0
ZNF76,249.0
ATF6B,249.0
TMTC2,249.0
GRK5,248.0
PDZD7,248.0
TRMT10A,248.0
PECAM1,248.0
DCLRE1A,248.0
SARS2,248.0
TNFRSF14,248.0
ZNF598,248.0
ADAMTS10,248.0
XRCC1,248.0
PLAC9,248.0
LRFN2,247.0
SEL1L3,247.0
AGBL5,247.0
GCHFR,247.0
AC015712.2,247.0
AC019205.1,247.0
APLNR,247.0
KCTD4,247.0
CABLES2,247.0
SH2D3C,247.0
XPO4,247.0
ROM1,247.0
ERMARD,247.0
WDR83,247.0
SNHG21,247.0
TOR3A,247.0
DPAGT1,247.0
C1QB,247.0
SLC29A4,247.0
PKNOX1,247.0
ERLIN1,246.0
DCBLD1,246.0
TMEM198,246.0
SP4,246.0
SLC25A42,246.0
SPIN3,246.0
ZNF7,246.0
ZNF672,246.0
VPS54,246.0
PARP11,246.0
TOP3A,246.0
GRIK4,245.0
ARHGEF40,245.0
SNX16,245.0
ZSCAN31,245.0
HDHD5,245.0
QSOX2,245.0
ITGB4,245.0
REEP6,245.0
PPAN,245.0
PPRC1,245.0
RAB37,245.0
GRIP1,244.0
ZNF768,244.0
AC245407.2,244.0
NXPH2,244.0
MDM1,244.0
ZXDB,244.0
TP53I11,243.0
BET1L,243.0
ISOC1,243.0
TMLHE,243.0
TGFBR3,243.0
AMDHD2,243.0
GTPBP8,243.0
IL34,243.0
AL139424.2,243.0
EXOG,243.0
GYS1,243.0
VPS37C,243.0
NOTCH4,243.0
LARS2,243.0
LBR,242.0
C4orf33,242.0
THAP2,242.0
GREM2,242.0
MIR3976HG,242.0
SOAT1,242.0
LINC00472,242.0
PIGN,242.0
RASSF3,242.0
LENG1,242.0
ADCY6,241.0
NOA1,241.0
TMEM64,241.0
ZNF496,241.0
SFXN4,241.0
PLIN3,241.0
ISG20L2,241.0
TAP2,241.0
PDE3B,241.0
LYAR,241.0
EIF2D,241.0
AL109809.5,241.0
ITPRIPL2,241.0
GBE1,240.0
SH3BP2,240.0
SDF2L1,240.0
TMEM177,240.0
ZNF568,240.0
ROBO3,240.0
DERA,240.0
RELL1,240.0
N4BP2,240.0
KNSTRN,240.0
C1R,240.0
AP4M1,240.0
ODF2,239.0
AC084036.1,239.0
NEK3,239.0
EFCAB2,239.0
CBFA2T3,239.0
LAMC1,239.0
MERTK,239.0
LPAR6,239.0
PARD3B,239.0
PCDHB14,239.0
RBM15,238.0
DNPEP,238.0
POC1B,238.0
NDC1,238.0
CHRNB1,238.0
GCNT4,238.0
SV2C,238.0
DGKA,238.0
NPAS1,238.0
FASTKD5,238.0
ZNF141,238.0
TLE2,238.0
PRKD1,238.0
ZCCHC8,238.0
SEC22A,238.0
SIPA1L3,238.0
CBWD5,238.0
ADAMTSL2,238.0
LPL,238.0
SNRNP40,237.0
WDR92,237.0
LKAAEAR1,237.0
TMEM98,237.0
CCDC58,237.0
PDSS2,237.0
PANK4,237.0
NLE1,237.0
ADRA1B,237.0
ARRDC1,237.0
PIGC,237.0
NRARP,237.0
ZNF135,237.0
CDH7,237.0
KCNC3,237.0
BDNF-AS,237.0
ZNF354A,236.0
PIK3CD,236.0
CNNM3,236.0
PPT2,236.0
MIIP,236.0
DDX20,236.0
AL355075.4,236.0
RGS10,236.0
TBL3,236.0
LYSMD3,236.0
LINC02822,236.0
TNFSF10,236.0
TMCC3,236.0
IFNAR2,236.0
LINC00467,236.0
GALNS,236.0
IFRD2,235.0
CALCRL,235.0
SLC22A15,235.0
CEP128,235.0
HECTD3,235.0
SEC31B,235.0
KRI1,235.0
PHRF1,235.0
CEMIP2,235.0
ZDHHC11B,235.0
DCAF17,235.0
GALNT10,235.0
TMEM229B,235.0
DGAT2,235.0
ESAM,235.0
CRABP1,235.0
USP28,235.0
TRAF5,234.0
RASGEF1B,234.0
CORO2A,234.0
MREG,234.0
HLA-DQB1,234.0
MET,234.0
FZD4,234.0
METTL2A,234.0
FUCA2,234.0
CLBA1,234.0
PRKCQ-AS1,234.0
ZNF567,233.0
NAALAD2,233.0
YJU2,233.0
WFDC2,233.0
RPP38,233.0
TCP11L1,233.0
SLC39A8,233.0
ZNF653,233.0
INTS2,233.0
SLC49A4,233.0
FCHO1,232.0
DENND6A,232.0
LACTB2,232.0
MAMLD1,232.0
ATPSCKMT,232.0
AC244090.1,232.0
RBFA,232.0
TNFRSF1A,232.0
KCTD21,232.0
RAD9A,232.0
UPRT,232.0
DCAF4,232.0
NUP107,232.0
ALG3,232.0
ABCA1,232.0
HDHD3,232.0
TTC39C,232.0
HS3ST1,231.0
RBM26-AS1,231.0
ARAF,231.0
MOSPD1,231.0
PDE7A,231.0
AC010980.1,231.0
DDX19B,231.0
SH3RF3,231.0
TAF8,231.0
ZNF480,231.0
GEMIN7,231.0
TRAF6,231.0
GID4,231.0
ADCK5,231.0
INTS7,231.0
TGFBR1,231.0
SLC38A9,231.0
TBC1D31,231.0
MELTF,231.0
PRC1,231.0
SPATA6,231.0
IGLON5,230.0
KLK6,230.0
NAF1,230.0
DOK4,230.0
SFMBT2,230.0
TXNL4B,230.0
SETD6,230.0
SLC25A48,230.0
EYA3,230.0
AC005696.4,230.0
MAD2L1,230.0
ENTPD1,230.0
SLC37A4,230.0
RNF152,230.0
UNK,230.0
ZNF521,230.0
PHLDB2,229.0
PLCE1,229.0
WDR78,229.0
FGFRL1,229.0
ZFP64,229.0
MTHFS,229.0
ZCWPW2,229.0
ABCC10,229.0
SCML1,229.0
PLXNA3,229.0
SLC7A6,229.0
GON7,229.0
ZNF615,229.0
LINC01089,229.0
IGFBP4,229.0
CORO1B,229.0
LRRIQ1,229.0
TSEN2,229.0
TMIE,229.0
SMG8,229.0
DNAAF2,228.0
ZNF8,228.0
FLNB,228.0
ZNF333,228.0
FARP2,228.0
EEF2K,228.0
ZNF780A,228.0
TIPARP,228.0
S100A11,228.0
PIGBOS1,228.0
TMEM191C,228.0
NFKBIL1,227.0
BCAT2,227.0
ANO6,227.0
RET,227.0
ZNF430,227.0
NECTIN2,227.0
LRRC8C,227.0
KCNK9,227.0
TULP3,227.0
GSTZ1,227.0
DZANK1,227.0
SLC2A12,227.0
SEC24D,227.0
TTC13,227.0
AGPAT2,227.0
TRPV2,227.0
EFS,227.0
AC074387.1,227.0
SAYSD1,227.0
IL13RA1,227.0
ZBTB22,226.0
ELOVL7,226.0
LCNL1,226.0
GUCD1,226.0
AJ009632.2,226.0
CAD,226.0
HLCS,226.0
AHR,226.0
HAUS3,226.0
LAMB3,226.0
FOXO1,226.0
AC020915.2,226.0
UGDH,225.0
WRAP73,225.0
ARID5A,225.0
AC006141.1,225.0
RRS1,225.0
AC006058.1,225.0
BEST1,225.0
ZNF266,225.0
DOLK,225.0
SCMH1,225.0
ETS1,225.0
LYSMD1,225.0
PROSER1,225.0
SLC31A2,225.0
KHDRBS2-OT,225.0
MTG2,225.0
TRAPPC2B,224.0
TAMM41,224.0
UNC5B,224.0
ZNF414,224.0
PSPH,224.0
TTI1,224.0
POMT2,224.0
ZGPAT,224.0
DECR2,224.0
ENG,224.0
GADD45B,224.0
LINC00511,224.0
CYS1,224.0
RNF217,224.0
AL138756.1,224.0
TCEANC2,224.0
TTC28,224.0
RALGPS2,224.0
AC015871.1,224.0
GSAP,224.0
UBASH3B,224.0
RPP25,224.0
ATAD3A,224.0
DUSP2,223.0
TAF6L,223.0
CNNM4,223.0
PPARGC1B,223.0
STN1,223.0
AL117329.1,223.0
COL1A2,223.0
SLC16A9,223.0
PDGFC,223.0
SUSD1,223.0
CCDC126,223.0
PEX11A,223.0
BBS5,223.0
HYLS1,223.0
THAP1,223.0
AXIN1,223.0
AC026790.1,223.0
AMY2B,223.0
AMMECR1L,223.0
AAMDC,222.0
CITED4,222.0
MLIP,222.0
MED11,222.0
PUS7,222.0
CPM,222.0
LINC00963,222.0
ENGASE,222.0
RSKR,222.0
SLC12A7,222.0
MAD2L2,222.0
SYCP2,222.0
MYO15B,222.0
C2orf42,222.0
PLA2G4B,222.0
SLC7A10,222.0
NME6,222.0
ZNF880,221.0
DENND1B,221.0
NIP7,221.0
GPR83,221.0
CD53,221.0
CARMN,221.0
PLEKHO2,221.0
CDRT4,221.0
SIRT7,221.0
TMEM17,221.0
ASAP3,221.0
AC073365.1,221.0
LIPE-AS1,221.0
STPG1,221.0
ZBTB40,221.0
CKS1B,220.0
HS3ST5,220.0
ZNF136,220.0
C6orf226,220.0
ANKRD37,220.0
TMEM161A,220.0
YRDC,220.0
STK11IP,220.0
ANKRD16,220.0
SERTAD4,220.0
AC015540.1,220.0
LINC00622,220.0
FAM200A,220.0
INTS12,220.0
C9orf116,220.0
FRMD6,220.0
SPAG1,220.0
RPRM,220.0
DIPK1C,220.0
ST8SIA4,220.0
SDSL,220.0
ANKS6,219.0
FAM43B,219.0
AP002381.2,219.0
PRR5,219.0
PCSK6,219.0
TP53I13,219.0
APOLD1,219.0
EPHB2,219.0
LHFPL2,219.0
RIT1,219.0
LTO1,219.0
ZNF839,219.0
SIRT6,219.0
ABCC9,219.0
JRK,219.0
CROCC,219.0
BRMS1,219.0
AGAP4,219.0
NUDT6,219.0
GTPBP2,218.0
FIZ1,218.0
NFKBIB,218.0
TANGO6,218.0
PDCL,218.0
INPP5B,218.0
ECT2,218.0
ZBED3,218.0
TBC1D2B,218.0
MAP2K3,218.0
AL136981.3,218.0
AGA,218.0
BAG2,217.0
HDAC7,217.0
PLAGL1,217.0
OPRD1,217.0
NEDD9,217.0
KIF26B,217.0
ENTPD5,217.0
NECAP2,217.0
TMEM8A,217.0
R3HCC1L,217.0
HRH1,217.0
MRGBP,217.0
PALMD,217.0
CD276,217.0
AC027682.6,217.0
MOCS3,217.0
TMED1,217.0
PARP3,217.0
AC125616.1,217.0
IL17RB,217.0
KRBA1,216.0
DTYMK,216.0
PPP2R1B,216.0
NKIRAS2,216.0
LAMA4,216.0
ALKBH2,216.0
FUCA1,216.0
TMEM80,216.0
PGBD4,216.0
LRCH4,216.0
P3H4,216.0
CLHC1,216.0
RECQL5,216.0
SIMC1,216.0
ASAH2B,215.0
SLC6A6,215.0
MANEA,215.0
TRBC2,215.0
LMNB2,215.0
RERGL,215.0
ZNF354B,215.0
GPR173,215.0
CLDND2,215.0
AC145207.5,215.0
PAXIP1-AS1,215.0
NRP2,215.0
TMEM169,215.0
SHROOM3,215.0
HELQ,215.0
GPLD1,215.0
C21orf91,215.0
RTN4IP1,214.0
SETMAR,214.0
AC007405.3,214.0
GLIDR,214.0
TSTD3,214.0
DNAH10OS,214.0
ALDH1B1,214.0
DRAM2,214.0
TMEM132C,214.0
SF3A2,214.0
TRIM25,214.0
ST3GAL4,214.0
EEFSEC,214.0
PLEKHH3,214.0
SPACA6,213.0
ZNF420,213.0
GMEB1,213.0
FGGY,213.0
PUS1,213.0
TMEM39B,213.0
FZD8,213.0
LINC01102,213.0
FLRT1,213.0
DSN1,213.0
FBXW9,213.0
ALKBH8,213.0
OSBPL5,213.0
ZNF766,212.0
REC8,212.0
HIST1H2AC,212.0
STK17B,212.0
MYO1C,212.0
MLYCD,212.0
ANXA1,212.0
HMG20B,212.0
PEX13,212.0
RASA4,212.0
XYLT2,212.0
IL11RA,212.0
ZC4H2,212.0
RFX1,212.0
UBA6-AS1,212.0
RBM12B,212.0
SLC38A3,211.0
DENND4C,211.0
OLR1,211.0
FBXL4,211.0
ZNF740,211.0
KCNK10,211.0
BGLAP,211.0
LINC01011,211.0
MED12,211.0
SEMA4B,210.0
CCDC18-AS1,210.0
IFFO2,210.0
TMEM251,210.0
SNHG12,210.0
ZNF777,210.0
S100A4,210.0
ANGPTL4,210.0
INTS5,210.0
ZBTB34,210.0
P2RX4,210.0
TRHDE-AS1,210.0
ZNF436-AS1,210.0
CFAP43,210.0
TSPAN9,210.0
FAM89A,210.0
KLF15,210.0
CLN3,210.0
AC068888.1,210.0
MRM3,210.0
TJAP1,210.0
ZNF347,209.0
ZNF749,209.0
TTF2,209.0
NUP43,209.0
GTF2H2,209.0
SH2B3,209.0
ZNF438,209.0
SEMA5B,209.0
MMACHC,209.0
ZNF714,209.0
ITGA1,209.0
ENOSF1,209.0
COMTD1,209.0
MGAT2,209.0
AL596244.1,209.0
CTDP1,209.0
N6AMT1,209.0
AC090578.1,209.0
MN1,208.0
CKLF,208.0
LRWD1,208.0
PRDM16,208.0
VSTM4,208.0
RAMP2,208.0
DAB1,208.0
TRAFD1,208.0
ZNF432,208.0
LPCAT2,208.0
CCNA1,208.0
RGS3,208.0
HSPB3,208.0
TET3,208.0
MYH7B,208.0
TOX3,208.0
PIPOX,208.0
RARB,208.0
BNIP1,208.0
PCBP3,207.0
SLC9A8,207.0
FBXO8,207.0
FSTL4,207.0
ZFY,207.0
MACROD1,207.0
AC120036.4,207.0
SMIM10,207.0
RALGAPA2,207.0
ZNF594,207.0
C2CD3,207.0
SUMF1,207.0
AL589740.1,207.0
C2orf88,207.0
SLC39A1,207.0
FXN,207.0
FBXO16,207.0
LINC00847,207.0
PRMT3,207.0
UHRF1BP1,207.0
POFUT2,206.0
VPS37D,206.0
NAGLU,206.0
KCNG1,206.0
NHSL2,206.0
FHIT,206.0
PUS3,206.0
EPHA7,206.0
COPG2,206.0
ZNF219,206.0
PIK3C2B,206.0
ATP6V0A2,206.0
ZNF778,206.0
PSMG3-AS1,206.0
AMIGO2,206.0
TRIP4,206.0
CNTN5,206.0
ACACB,206.0
CCSER1,206.0
TSPAN6,206.0
GTF2E2,205.0
SNX8,205.0
KCNJ11,205.0
LDHD,205.0
ASB7,205.0
GJC1,205.0
LRTOMT,205.0
SGO2,205.0
ZNF697,205.0
TOM1L1,205.0
MBD6,205.0
RTBDN,205.0
MTRNR2L11,205.0
GIMAP4,205.0
OSBPL7,205.0
ERF,205.0
AGFG2,205.0
AC007566.1,204.0
SPRY1,204.0
LMOD1,204.0
TRIT1,204.0
IRS1,204.0
PYDC1,204.0
NFKBIE,204.0
ETV6,204.0
ZNF675,204.0
DNAH1,204.0
ZNF449,204.0
MTERF3,204.0
AP000766.1,204.0
POLR3D,204.0
AP002784.1,204.0
GALNT14,204.0
AAAS,204.0
ZNF169,203.0
PCNX3,203.0
TRIB1,203.0
TANC1,203.0
GIMAP7,203.0
TMEM176A,203.0
DNAJC17,203.0
MYOM1,203.0
CTBP1-DT,203.0
CREB3L2,203.0
MSC-AS1,203.0
FBXO17,203.0
LINC00685,203.0
POU3F1,203.0
TRIM68,202.0
ZNF557,202.0
PEX7,202.0
SMYD4,202.0
ZBTB48,202.0
MIR600HG,202.0
STIMATE,202.0
WDR89,202.0
C2orf76,202.0
HIGD1B,202.0
HUS1,202.0
SERPINB9,202.0
CBFB,202.0
FKBP14,202.0
JAK2,202.0
TRMT10B,202.0
TGFBR2,201.0
LINC02035,201.0
AC009120.2,201.0
MANBA,201.0
HDAC10,201.0
PRSS23,201.0
TIMM8A,201.0
AF117829.1,201.0
LINC01608,201.0
MAATS1,201.0
ZNF829,201.0
ADCK1,201.0
PNPLA7,201.0
SLC46A1,201.0
CCDC80,201.0
ADPRHL1,201.0
NMB,201.0
RASGRP3,201.0
PARP9,201.0
SOD3,201.0
KIF6,201.0
TBCEL,201.0
ELMOD3,201.0
DVL2,201.0
CACTIN,200.0
JMJD7,200.0
SCLY,200.0
DMKN,200.0
URB1-AS1,200.0
SLC38A6,200.0
PIDD1,200.0
ZNF814,200.0
PATJ,200.0
AC011603.2,200.0
EEF1AKMT1,200.0
EML5,200.0
DNALI1,199.0
C11orf80,199.0
KDM6A,199.0
MAP7D3,199.0
ARHGAP17,199.0
ZNF143,199.0
SLC52A2,199.0
ARSB,199.0
Z83843.1,199.0
DOLPP1,199.0
SYCE1,199.0
APBB1IP,199.0
RMI1,199.0
GPR161,199.0
NOS1,198.0
SLC66A1,198.0
VRK2,198.0
BORCS6,198.0
AL136038.5,198.0
COX10,198.0
OMA1,198.0
CYP2U1,198.0
DXO,198.0
AL359764.2,198.0
BTG2,198.0
PPM1J,198.0
CPT2,198.0
ZNF213-AS1,198.0
LINC00476,198.0
TBC1D10A,198.0
ZNF891,198.0
SP1,197.0
RACGAP1,197.0
PDCD2L,197.0
DESI2,197.0
AC096576.6,197.0
AC010198.2,197.0
PACRG,197.0
KANSL1L,197.0
SYNC,197.0
GPATCH3,197.0
AC004540.1,197.0
ZKSCAN2,197.0
AL021368.2,197.0
AL353796.1,196.0
AIFM2,196.0
AKR1C3,196.0
FAM184B,196.0
PHKA2,196.0
PHYKPL,196.0
LINC01409,196.0
PPM1M,196.0
RDH13,196.0
BHLHE22,196.0
POT1,196.0
USP3,196.0
RRNAD1,195.0
PDGFB,195.0
AC024060.2,195.0
OGFOD3,195.0
PBX2,195.0
CNTNAP5,195.0
MRRF,195.0
ABCA7,195.0
CCBE1,195.0
PLEKHH2,195.0
NEURL1B,195.0
NUDT18,195.0
APLN,195.0
FASTKD3,195.0
RFXAP,195.0
AZIN1-AS1,195.0
SLC44A5,195.0
ACBD4,195.0
CD44,194.0
FN3K,194.0
TC2N,194.0
ZNF394,194.0
ZNF500,194.0
LINC01252,194.0
DDX58,194.0
PNMA6F,194.0
CCDC68,194.0
STYX,194.0
TNKS1BP1,194.0
AC004812.2,194.0
DAB2,194.0
POP1,194.0
ZNF516,194.0
NRAV,194.0
AC026979.2,194.0
OTULIN,194.0
BCOR,194.0
RECK,193.0
PLCXD1,193.0
ARMC7,193.0
AS3MT,193.0
ZBTB6,193.0
TRABD,193.0
Z99572.1,193.0
ACKR1,193.0
DHX58,193.0
RMST,193.0
ZNF213,193.0
TCERG1L,193.0
MINCR,193.0
IKZF4,193.0
ZRANB3,192.0
PATL1,192.0
JAK3,192.0
ATP23,192.0
SEPTIN1,192.0
TRIM35,192.0
PNOC,192.0
ZNF417,192.0
SEC16B,192.0
DMPK,192.0
ZW10,192.0
RBM24,192.0
SNHG3,192.0
ZKSCAN8,192.0
ANKRD20A4,191.0
PLSCR1,191.0
MEX3D,191.0
C3orf62,191.0
NFIL3,191.0
EXOC3-AS1,191.0
PIGL,191.0
MIR4435-2HG,191.0
FCSK,191.0
XXYLT1,191.0
MATN2,191.0
UMPS,191.0
LTBP4,191.0
HSD17B7,191.0
DENND2A,191.0
FBLN7,191.0
CAPN15,191.0
PCDHB10,190.0
UBIAD1,190.0
EEPD1,190.0
TEN1,190.0
EIF4EBP3,190.0
NOP14-AS1,190.0
STARD9,190.0
LFNG,190.0
ZNF862,190.0
CYB561D2,190.0
ZNF425,190.0
LINC02591,190.0
MOCS1,190.0
PPP2R3B,190.0
SMPDL3A,190.0
UBE3D,190.0
SNTB1,190.0
FRMD8,190.0
AC093227.1,189.0
HAUS7,189.0
GK,189.0
ENKD1,189.0
VAV2,189.0
PDE6B,189.0
ARRDC1-AS1,189.0
WDR25,189.0
GPR63,189.0
APTR,189.0
PIR,189.0
TUBD1,189.0
SLC30A6,189.0
CHADL,189.0
LYPD6,189.0
INO80C,189.0
HEXIM2,189.0
CCN1,189.0
TRAM2-AS1,189.0
ZNF212,189.0
MCU,189.0
MAP3K21,189.0
SNHG20,188.0
IFI44,188.0
NEXN,188.0
WIPI1,188.0
CRY1,188.0
ZNF419,188.0
ZNF524,188.0
EXOSC3,188.0
ZNF282,188.0
EIF2AK3,188.0
BCAR3,188.0
CCHCR1,188.0
WDR27,188.0
HPS6,188.0
SETDB1,188.0
ACVR1,188.0
EPHB3,188.0
PIGV,188.0
MCEE,188.0
APOL6,188.0
Z95115.1,188.0
TMEM201,188.0
USP21,188.0
AL391840.1,188.0
COL4A5,187.0
ZNF625,187.0
VHL,187.0
RFPL2,187.0
RASGEF1C,187.0
IL1RAP,187.0
HEMK1,187.0
MHENCR,187.0
FANCM,187.0
KYAT1,187.0
ZNF10,187.0
TMEM164,187.0
UTP15,187.0
ABCG1,187.0
LCP2,187.0
DEPP1,187.0
CXorf40B,187.0
AC010857.1,186.0
DNASE1,186.0
OCLN,186.0
RBM34,186.0
TP53RK,186.0
GGT5,186.0
FRAS1,186.0
RTKN,186.0
CCDC39,186.0
IL17RA,186.0
ACOT2,186.0
C19orf81,186.0
STK33,186.0
NINL,186.0
ABCA9,186.0
RBM45,186.0
TSPAN15,185.0
PEX12,185.0
CCDC189,185.0
C9orf85,185.0
TEDC1,185.0
ISYNA1,185.0
KLHL15,185.0
PACC1,185.0
ADCY7,185.0
ZHX2,185.0
ENTPD1-AS1,185.0
LINC01122,185.0
ZNF883,185.0
F8A1,185.0
ATF7,185.0
SP110,185.0
KCNK4,184.0
ISLR2,184.0
ZNF561,184.0
CSPG4,184.0
TYW1,184.0
HEATR6,184.0
FANCF,184.0
PHYHD1,184.0
SLC12A8,184.0
BX284668.5,184.0
MID1,184.0
AQP11,184.0
ERMAP,184.0
RFC4,184.0
GMEB2,184.0
FAM118A,184.0
IFT140,184.0
ZC3HC1,184.0
MTM1,184.0
BTD,183.0
TMEM53,183.0
SOX9-AS1,183.0
CSDC2,183.0
SHISA6,183.0
TMEM67,183.0
NPIPB15,183.0
FGF7,183.0
RPP40,183.0
ZNF561-AS1,183.0
AC093330.1,183.0
LDAH,183.0
SWT1,183.0
NADSYN1,183.0
LRRC34,183.0
HTR3B,183.0
UST,183.0
LRRC42,183.0
AC008708.2,182.0
MDK,182.0
PPFIBP2,182.0
CTU2,182.0
PRR3,182.0
CCDC51,182.0
IPP,182.0
AL023284.4,182.0
ZNF689,182.0
NMNAT1,182.0
FNDC3B,182.0
HMBS,182.0
DCTN1-AS1,182.0
GLDC,182.0
ZCWPW1,182.0
SRP14-AS1,182.0
ABHD12B,182.0
DBF4,181.0
PLGLB1,181.0
AL022328.4,181.0
PRKD3,181.0
ABCG4,181.0
AVEN,181.0
LINGO2,181.0
EMP3,181.0
ZNF74,181.0
EEF2KMT,181.0
PFAS,181.0
PLCD1,181.0
LINC00957,181.0
ATF1,181.0
CBR3,181.0
PSMB8,181.0
MCHR1,181.0
RBM7,181.0
CYP2E1,180.0
BRICD5,180.0
COL4A2,180.0
DCLRE1C,180.0
SLC35E4,180.0
PKIB,180.0
EOGT,180.0
GTF2E1,180.0
LINS1,180.0
LINC01006,180.0
LINC01140,180.0
TRIM66,180.0
THSD1,180.0
CRPPA,180.0
CABYR,180.0
KCNAB3,180.0
MSANTD2,180.0
AC016717.2,180.0
CYBB,180.0
RIC1,180.0
AC105942.1,180.0
CEBPA,180.0
PRR4,180.0
ALOX12-AS1,180.0
KIAA1755,180.0
ZNF140,179.0
AC005562.1,179.0
EBF4,179.0
H6PD,179.0
SESN2,179.0
KCNH7,179.0
STK36,179.0
IRF2BP1,179.0
PPP1R3D,179.0
MTERF1,179.0
SMARCD2,179.0
PUSL1,179.0
CITED1,179.0
PLOD3,179.0
ZNF304,179.0
C2orf68,179.0
AC016588.2,179.0
SUCLG2-AS1,179.0
PLPP6,179.0
RINL,178.0
ARHGEF1,178.0
HSPA14,178.0
RTEL1,178.0
RCSD1,178.0
UCN,178.0
CAPS,178.0
ANXA2,178.0
ELL,178.0
MITF,178.0
SLC25A24,178.0
SHROOM4,178.0
BBS9,178.0
METTL22,178.0
ZNF696,178.0
KLHL35,178.0
PTPN21,178.0
OBI1-AS1,178.0
AC036176.1,177.0
P3H1,177.0
ZNF835,177.0
SLC40A1,177.0
NAIP,177.0
NPR2,177.0
STK38,177.0
CNN1,177.0
AC245297.2,177.0
ZSCAN21,177.0
SP2,177.0
DHRS12,177.0
SHB,177.0
CCDC180,177.0
LMAN2L,177.0
PTCD1,177.0
AL049840.5,177.0
DNAJC28,176.0
SLC38A5,176.0
RPUSD2,176.0
ZNF528-AS1,176.0
ZNF577,176.0
CSMD2,176.0
FAM66C,176.0
AL451165.2,176.0
AC116565.1,176.0
NRF1,176.0
CLUL1,176.0
MTA2,176.0
RBM38,176.0
PPEF1,176.0
RRAS2,176.0
HAPLN1,176.0
ZNF585B,176.0
KCTD5,176.0
NUP188,176.0
ADRA2A,176.0
FSIP1,176.0
PUDP,176.0
KCNJ12,176.0
AP006621.3,176.0
AC244033.2,176.0
ASGR1,175.0
CYB561A3,175.0
DNAH14,175.0
LINC00839,175.0
TMIGD3,175.0
ATP6V1E2,175.0
AMPD3,175.0
DCPS,175.0
TMEM241,175.0
AC239809.3,175.0
FICD,175.0
PRELID3A,175.0
EBF1,175.0
ATPAF2,175.0
GPR61,175.0
FCGR3A,175.0
AC093673.2,174.0
MIER2,174.0
SPR,174.0
GBP4,174.0
DCHS2,174.0
INTS4,174.0
CHSY1,174.0
CUL7,174.0
IFIH1,174.0
NDUFA4L2,174.0
PGAP2,173.0
GLRA2,173.0
METRNL,173.0
PTTG1,173.0
UBTD1,173.0
MAML2,173.0
CCDC69,173.0
PCGF6,173.0
CYP2J2,173.0
OGFOD2,173.0
ASCC2,173.0
TRIM65,173.0
LINC01503,173.0
SLC39A11,173.0
EPHA10,172.0
MEGF11,172.0
MIR1915HG,172.0
NPHP4,172.0
PROS1,172.0
PSPN,172.0
ZBTB46,172.0
HVCN1,172.0
MDFIC,172.0
TM4SF1,172.0
RRAS,172.0
AC127502.2,172.0
DSE,171.0
AC025165.5,171.0
C16orf95,171.0
SCN9A,171.0
CMTR2,171.0
HULC,171.0
RAB11B-AS1,171.0
NPL,171.0
COL4A1,171.0
IPMK,171.0
CDC42EP1,171.0
PENK,171.0
CCDC71L,170.0
ZNF439,170.0
TAP1,170.0
AC040168.1,170.0
PRDM10,170.0
TRIM39,170.0
FAH,170.0
ZNF677,170.0
MASP1,170.0
AC010624.2,170.0
LPCAT3,170.0
PAXIP1-AS2,170.0
ARHGAP22,170.0
SGSH,170.0
IRAK1BP1,169.0
RNF166,169.0
PGAP3,169.0
BTNL9,169.0
THAP6,169.0
TOP3B,169.0
DBR1,169.0
NUDT19,169.0
LRCH1,169.0
KCNK2,169.0
PDE5A,169.0
PAXIP1,169.0
RASSF1,169.0
PDLIM4,169.0
AC007952.4,169.0
ZNF324,169.0
NUBP1,169.0
ELK3,168.0
TFB2M,168.0
TCIM,168.0
NBPF14,168.0
DUXAP8,168.0
KLF3-AS1,168.0
TIGD7,168.0
MAML1,168.0
SLC38A11,168.0
AC005332.4,168.0
NMNAT3,168.0
BAX,168.0
CASP9,168.0
FBLN5,168.0
ZNF658,168.0
AF111167.2,168.0
ARHGAP24,167.0
LINC01018,167.0
CARD8,167.0
HIST1H1C,167.0
ABCA10,167.0
ATF3,167.0
CXorf38,167.0
ZNF606,167.0
H2AFY2,167.0
MOB3A,167.0
HYAL3,167.0
ALG10B,167.0
ZFP37,167.0
COL25A1,167.0
NAA40,167.0
MAP3K2-DT,167.0
FZD1,167.0
ZNF611,167.0
UBXN10,167.0
PXN,167.0
KCTD18,167.0
TTC32,167.0
TMEM159,167.0
AC132872.1,167.0
POLA1,167.0
AP4E1,167.0
GPRC5C,167.0
MARCH4,166.0
ATP6AP1L,166.0
DNAH6,166.0
BRPF1,166.0
PLGRKT,166.0
SDK2,166.0
MKX,166.0
ARL6IP6,166.0
ZNHIT2,166.0
AL109627.1,166.0
AL390728.6,166.0
SAPCD2,166.0
HHLA3,165.0
CD34,165.0
MTHFD2,165.0
SLX4IP,165.0
TMC6,165.0
NUP210,165.0
BAALC-AS1,165.0
WDR81,165.0
CFAP69,165.0
ZNF267,165.0
TAF4,165.0
MMAA,165.0
KIAA1958,165.0
RSAD2,165.0
ZNF717,165.0
ZNF775,165.0
CSRNP1,165.0
AC004148.1,165.0
CPT1B,165.0
ZC3H3,165.0
TNFSF13B,165.0
ACKR3,165.0
DEPTOR,164.0
CCDC18,164.0
C17orf100,164.0
CDH19,164.0
ZNF846,164.0
REL,164.0
BCL10,164.0
ZSCAN32,164.0
SBF2-AS1,164.0
PAQR7,164.0
SMIM32,164.0
ZNF671,164.0
ARSD,164.0
CD3EAP,164.0
ST6GALNAC4,164.0
CCDC86,164.0
AC024610.2,164.0
CCNB1,164.0
PINX1,163.0
AL121821.2,163.0
ACOT11,163.0
DDB2,163.0
ART3,163.0
INSYN2B,163.0
SMIM24,163.0
RIPK1,163.0
DSCAML1,163.0
ZNF790-AS1,163.0
CTBS,163.0
ZNF211,163.0
PASK,163.0
TEK,163.0
TRAF3IP2-AS1,163.0
C1GALT1C1,163.0
KIAA0825,163.0
C19orf48,163.0
ZNF175,162.0
PCDH15,162.0
CCDC74A,162.0
STK3,162.0
PTPRD-AS1,162.0
EVA1C,162.0
GMPPB,162.0
ORMDL2,162.0
ALG11,162.0
GLI3,162.0
A1BG-AS1,162.0
WARS2,162.0
RANBP10,162.0
PLCB2,162.0
SLC25A13,162.0
AC092376.2,162.0
ALG6,162.0
CMPK2,162.0
CCDC138,162.0
USP43,162.0
RNF215,162.0
VWA5A,162.0
DUS2,162.0
PCDHB4,162.0
SH3D21,162.0
MYO1D,162.0
TSBP1-AS1,162.0
FSTL3,162.0
C6orf47,162.0
XRCC4,162.0
LDLRAD3,161.0
EPB41L4A,161.0
NARS2,161.0
SPAG5,161.0
PIEZO1,161.0
OXSM,161.0
WDR4,161.0
HYAL2,161.0
TRIOBP,161.0
AC104024.2,161.0
MAPT-AS1,161.0
MNDA,161.0
DPYD,161.0
SAMD9L,161.0
ZNF727,161.0
P3H3,161.0
FLACC1,161.0
AC115282.1,161.0
RNASEL,161.0
SPATA2L,161.0
DHX35,161.0
SPRY4,161.0
GFPT2,161.0
AC003102.1,161.0
MAEL,161.0
EMB,161.0
CARMIL3,160.0
PYGO1,160.0
SLX4,160.0
SLC13A5,160.0
CHAC1,160.0
ECRG4,160.0
METTL4,160.0
ARHGEF33,160.0
UTY,160.0
FOXC1,159.0
STBD1,159.0
DNAAF5,159.0
RIPK2,159.0
AL157396.1,159.0
MVB12A,159.0
CCDC97,159.0
BUD13,159.0
ZNF844,159.0
UNC93B1,159.0
TYMSOS,159.0
ZDHHC15,159.0
CENPE,159.0
LINC00499,159.0
GADD45G,159.0
GJC2,159.0
ZNF75D,159.0
AP000229.1,159.0
AC139491.1,159.0
BANP,158.0
CCDC110,158.0
PLAT,158.0
TRMT12,158.0
SRC,158.0
RIN1,158.0
FAS,158.0
DYSF,158.0
SLC9A5,158.0
EDN1,158.0
GOLGA6L9,158.0
AC139887.2,158.0
VSIG10,158.0
LYPD5,158.0
ZNF227,158.0
ZNF44,158.0
NCAPD2,158.0
TOR2A,158.0
ITGB2,158.0
SSTR3,158.0
CRHR1,158.0
ALDH1A3,158.0
CDKN2C,158.0
PACSIN3,158.0
LINC01574,158.0
AC010969.2,158.0
FBXO10,158.0
PNMT,157.0
TMEM186,157.0
MPP3,157.0
ENPP6,157.0
TMEM267,157.0
DUS4L,157.0
DNAJC3-DT,157.0
PPIL6,157.0
DDX28,157.0
ARHGAP42,157.0
GPR89A,157.0
MYO15A,157.0
KLHL13,157.0
INTS6L,157.0
PHF19,157.0
PHF8,157.0
PELI2,157.0
LRRC8C-DT,157.0
GPR88,157.0
SLC7A4,157.0
ALPL,157.0
AL590617.2,157.0
JHY,157.0
NKD1,157.0
SULT1C4,157.0
FMNL3,157.0
CHSY3,157.0
ZFYVE26,157.0
ZNF668,157.0
COLQ,156.0
THADA,156.0
MATR3-1,156.0
ANGPT1,156.0
AC027130.1,156.0
TRIM14,156.0
SPINDOC,156.0
XKR6,156.0
RFC3,156.0
PEBP4,156.0
APAF1,156.0
RBM43,156.0
FTCD,156.0
KCNMB2,155.0
MAS1,155.0
KATNA1,155.0
TGFB2,155.0
FAM131C,155.0
ACAD10,155.0
SHC4,155.0
SPRYD4,155.0
CXorf40A,155.0
NPB,155.0
ZSCAN5A,155.0
DUSP19,155.0
PAH,155.0
AC018730.1,155.0
ACOT4,155.0
CCDC22,155.0
ARHGAP31,155.0
MBLAC1,155.0
ANKRD2,155.0
ZNF627,155.0
DLEU7,154.0
MEMO1,154.0
MPV17L2,154.0
AC018358.1,154.0
EGFL8,154.0
GNG13,154.0
RNASEH1-AS1,154.0
SLC37A1,154.0
TUBA8,154.0
EFL1,154.0
HIST2H2BE,154.0
ZNRD1,154.0
ERAP2,154.0
COL23A1,154.0
NBPF11,154.0
TEPSIN,154.0
PCSK5,154.0
CDC7,154.0
LCMT2,154.0
MOSPD3,154.0
NR1H3,154.0
IL17RD,154.0
POMZP3,154.0
SLC12A4,154.0
ALG12,154.0
ZNF251,154.0
RHEBL1,153.0
KIAA1328,153.0
CD38,153.0
AL021368.3,153.0
FBXL12,153.0
RNF128,153.0
FHL3,153.0
GMDS-DT,153.0
GMDS,153.0
MYO5C,153.0
BDNF,153.0
CRLF3,153.0
ATP10A,153.0
ACSF2,153.0
INCENP,153.0
GORAB,153.0
TGM2,153.0
ZNF682,153.0
ZNF713,153.0
ZNF487,153.0
TTC21A,152.0
NCR3LG1,152.0
EPS8L2,152.0
TRPM4,152.0
MUC20,152.0
ZNF154,152.0
HEY2,152.0
AC006059.1,152.0
SIPA1,152.0
RAI2,152.0
APOC2,152.0
PAPLN,152.0
USP6NL,152.0
RFC5,152.0
AC021016.2,152.0
SFMBT1,152.0
MAPKAPK3,152.0
ANKRD34C-AS1,151.0
FAM229A,151.0
ADAMTS13,151.0
CDHR3,151.0
TIGD5,151.0
TMEM125,151.0
ZGRF1,151.0
MVP,151.0
HIC2,151.0
ORAI3,151.0
CNKSR3,151.0
AC093157.1,151.0
IQCJ-SCHIP1,151.0
DEGS2,151.0
BCAM,151.0
PRMT9,151.0
LINC01535,151.0
LYN,151.0
FKBP10,151.0
ZNF614,151.0
LNX2,151.0
AC009812.1,151.0
NAGA,151.0
TGFB3,151.0
BACE1-AS,150.0
RIIAD1,150.0
DDX59,150.0
B4GALT4,150.0
B9D2,150.0
NRG2,150.0
PTGER3,150.0
P2RX5,150.0
FAM110C,150.0
NIBAN2,150.0
DONSON,150.0
NUDT1,150.0
PTH2R,150.0
LINC02433,150.0
LEPR,150.0
PRXL2C,150.0
ELF1,150.0
ARSK,150.0
AC104964.4,150.0
AC025159.1,150.0
CLMP,150.0
AC002429.2,150.0
TSPAN4,150.0
AC107375.1,150.0
FADD,150.0
PAPSS2,150.0
NBPF1,149.0
NCAPG2,149.0
TCN2,149.0
ZNF564,149.0
PLIN2,149.0
BAIAP2L2,149.0
ZNF182,149.0
ITGA8,149.0
AL035530.2,149.0
DLGAP1-AS1,149.0
SLC10A4,149.0
PLEKHG1,149.0
AL158152.1,149.0
NCAPD3,149.0
ZNF391,149.0
ZNF200,149.0
ZNF558,149.0
LRRC1,149.0
EML3,149.0
ZNF446,149.0
INPP5D,149.0
AC009951.6,149.0
ATF5,149.0
ZNF687,149.0
ZNF709,148.0
PSKH1,148.0
AL137786.1,148.0
FRMD3,148.0
AC062028.1,148.0
ITFG2,148.0
DOCK8,148.0
SNHG17,148.0
TIPIN,148.0
DICER1-AS1,148.0
AC121493.1,148.0
RARA,148.0
AC138647.1,148.0
LINC00884,148.0
FGFBP3,148.0
PLPP2,147.0
FAM111A,147.0
PTHLH,147.0
IMMP2L,147.0
TMEM117,147.0
C11orf97,147.0
ATP10D,147.0
MAP3K1,147.0
RASL12,147.0
GPD1,147.0
SNED1,147.0
MDH1B,147.0
GRB14,147.0
POFUT1,147.0
GOLGA8N,147.0
AC092111.1,147.0
PRIMPOL,147.0
BYSL,147.0
SAAL1,146.0
AGAP9,146.0
TARBP2,146.0
NBR2,146.0
PCDH1,146.0
MRPL20-AS1,146.0
HCN3,146.0
TTLL4,146.0
C1orf53,146.0
NKAPL,146.0
RRP9,146.0
ZNF582-AS1,146.0
RABEP2,146.0
SOX1,146.0
SLC22A5,146.0
C12orf66,146.0
RTTN,146.0
ERI2,146.0
COL20A1,146.0
DLEU2,146.0
GANC,146.0
CLEC4G,146.0
HNRNPA1P48,145.0
ADAP2,145.0
TOE1,145.0
ABHD3,145.0
AC097382.3,145.0
EXPH5,145.0
B3GALT4,145.0
VASN,145.0
USP49,145.0
RAD18,145.0
DDX60,145.0
MIS18A,145.0
ABCC12,145.0
PLSCR3,145.0
NUPR2,145.0
POLE,145.0
LINC02482,144.0
PLAAT1,144.0
CCDC88B,144.0
GTF2H4,144.0
B3GNT4,144.0
FRAT2,144.0
BICRA,144.0
ZNF681,144.0
RHPN2,144.0
PAXBP1-AS1,144.0
RFT1,144.0
SAMD5,144.0
AC022893.2,144.0
GRM8,144.0
AC016747.1,144.0
CDAN1,144.0
SUFU,144.0
LIPE,144.0
AC106791.1,144.0
RMDN2,144.0
CCDC125,144.0
PLN,144.0
EPHA3,143.0
SENP1,143.0
SNAP25-AS1,143.0
CEMIP,143.0
RAVER1,143.0
SVIL,143.0
AKNA,143.0
SKP2,143.0
THSD4-AS1,143.0
TYSND1,143.0
AL118516.1,143.0
C5orf56,143.0
PDE9A,143.0
CHAF1B,143.0
LINC02798,143.0
PRDM15,143.0
TGDS,143.0
LINC01616,143.0
AL683813.1,142.0
DCUN1D3,142.0
CDKL1,142.0
CTSC,142.0
SLC22A18,142.0
PLD4,142.0
ARHGAP5-AS1,142.0
VASH1-AS1,142.0
TRAPPC10,142.0
THAP8,142.0
NPPC,142.0
TRAF4,142.0
AC108047.1,142.0
MED30,142.0
C1orf159,142.0
ZNF180,141.0
TDP1,141.0
RASIP1,141.0
RIOX1,141.0
HSD17B8,141.0
PLD2,141.0
AC055839.2,141.0
LINC01750,141.0
CRIPAK,141.0
AL096803.2,141.0
NUDT8,141.0
AQP4-AS1,141.0
SLC25A19,141.0
THBS3,141.0
ATP10B,141.0
MIPEP,141.0
AC018645.3,141.0
JRKL,141.0
TMCC1-AS1,141.0
GTF2IRD2,141.0
GJD2,141.0
LINC01116,141.0
GDF10,140.0
SLC46A3,140.0
TCF3,140.0
AC135050.6,140.0
TNNC2,140.0
FGF17,140.0
CENPF,140.0
FPGT,140.0
COL9A1,140.0
KHNYN,140.0
ATXN7L1,140.0
TRAF2,140.0
ABHD14B,140.0
RAMP3,140.0
APLF,140.0
GSTCD,140.0
TRIM22,140.0
AC090241.2,139.0
PGAM2,139.0
ARHGAP4,139.0
CCDC159,139.0
POLR1B,139.0
NFATC4,139.0
LINC01563,139.0
PPP1R18,139.0
AL096870.8,139.0
FBXO48,139.0
CYP2R1,139.0
MIF4GD,139.0
CKMT2,139.0
LINC00937,139.0
ANKRD62,139.0
ARHGAP18,139.0
AC005944.1,139.0
MAGEL2,139.0
CLCN2,139.0
C9orf64,139.0
IL1RAPL1,139.0
ZBTB2,139.0
GNB1L,139.0
FIGNL1,139.0
TBC1D19,138.0
LY6E-DT,138.0
CC2D1B,138.0
BAMBI,138.0
ZNF14,138.0
LST1,138.0
ZFP41,138.0
KCNS3,138.0
LINC00595,138.0
PDPN,138.0
CKS2,138.0
ADAM19,138.0
AC026748.3,138.0
PLD1,138.0
ASIC3,138.0
NOP2,138.0
ST6GALNAC3,138.0
AL139393.3,138.0
CLEC14A,138.0
STRC,138.0
TTN-AS1,138.0
AC008269.1,138.0
WTIP,138.0
FBXO6,137.0
AL049775.1,137.0
PIGB,137.0
C1orf194,137.0
ZNF549,137.0
DCAF15,137.0
WNT2B,137.0
TMC7,137.0
PTGS2,137.0
ZSWIM1,137.0
AC092958.1,137.0
SPATA5L1,137.0
TNXB,137.0
TRPV3,137.0
LRATD2,137.0
CASTOR1,137.0
CAMKMT,137.0
GPC4,137.0
CRTC2,137.0
ESYT3,137.0
ZNF774,137.0
GEMIN4,137.0
MINDY1,137.0
LLGL1,137.0
PTCH2,137.0
ZBED3-AS1,137.0
TRAM1L1,137.0
AC073896.2,137.0
GPER1,137.0
INVS,137.0
FBLN2,137.0
CACNG4,137.0
MORN1,136.0
GPR153,136.0
NR2C2AP,136.0
AKR1C2,136.0
GDAP2,136.0
CFAP46,136.0
PAOX,136.0
AC096570.1,136.0
TRAF3IP2,136.0
FAM222A,136.0
SHMT1,136.0
LINC02731,136.0
NANOS1,136.0
ZNF205,136.0
HILPDA,136.0
PALD1,136.0
ZGLP1,136.0
ZDHHC1,136.0
LURAP1L,136.0
WDHD1,136.0
AC127024.5,136.0
AP000866.1,136.0
MTHFSD,136.0
POLG2,136.0
ACY1,135.0
TFEB,135.0
HTR1F,135.0
KCNJ16,135.0
TFR2,135.0
COL14A1,135.0
ZMYM1,135.0
GAL3ST1,135.0
HS1BP3,135.0
SPICE1,135.0
CBLB,135.0
AC007038.2,135.0
CCDC157,135.0
ZNF319,135.0
GLIPR2,135.0
FP565260.6,135.0
TMEM216,135.0
TRMO,135.0
SLC8B1,135.0
ZNF223,135.0
CHST7,135.0
AL662844.4,135.0
DNHD1,135.0
PNMA5,135.0
TCTN2,135.0
POC5,135.0
ZNRF2,135.0
SELPLG,135.0
ICOSLG,135.0
BATF3,135.0
PTPRC,135.0
GCC1,135.0
CEP85,134.0
TOR1B,134.0
ZNF575,134.0
SRBD1,134.0
AL137003.2,134.0
RCOR2,134.0
LRRC37A3,134.0
PPP5D1,134.0
ATP8B1,134.0
ZBED5-AS1,134.0
EFNA1,134.0
NFATC3,134.0
PLIN5,134.0
DOT1L,134.0
CABCOCO1,134.0
CHRAC1,134.0
SENP8,134.0
WDR31,134.0
ATP6V1FNB,134.0
IFI35,134.0
SLC29A2,134.0
AC159540.2,134.0
RNF207,134.0
ZNF607,133.0
MRC2,133.0
MTFR1,133.0
PARP4,133.0
ZNF789,133.0
KCNB2,133.0
FES,133.0
TGFA,133.0
CASP2,133.0
LINC01378,133.0
AC107952.2,133.0
SHANK1,133.0
SLC41A2,133.0
NEK10,133.0
GCNT1,133.0
EDRF1-DT,133.0
ZFP3,133.0
ZNF35,133.0
DIRAS3,133.0
BCL9L,133.0
SCAMP1-AS1,133.0
DCP1B,133.0
HSPBAP1,133.0
RBPMS,133.0
GALNTL6,133.0
WNT7A,133.0
ZNF574,133.0
ZNF584,133.0
ZNF550,133.0
HAUS1,133.0
METTL1,132.0
DUS3L,132.0
SPRTN,132.0
BICC1,132.0
TTC30A,132.0
TLCD3A,132.0
NXT2,132.0
CHIC2,132.0
TMEM72-AS1,132.0
MRPL53,132.0
KCNJ2,132.0
AL139220.2,132.0
MSI1,132.0
MED20,132.0
TRADD,132.0
DHRSX,132.0
ATG4A,132.0
GLIS3,132.0
L3HYPDH,132.0
PWP2,131.0
ZNF177,131.0
TRDMT1,131.0
ZNF785,131.0
ZNF202,131.0
SLC9A9,131.0
ZNF250,131.0
ZNF527,131.0
FANCG,131.0
SKIDA1,131.0
MEAK7,131.0
CTU1,131.0
AC078846.1,131.0
ACAP1,131.0
ACTR5,131.0
FGD1,131.0
WNT5A,131.0
CEP131,131.0
ITGA9,131.0
MYH15,130.0
ZNF589,130.0
NIBAN1,130.0
AGTRAP,130.0
SLC2A5,130.0
AL356776.2,130.0
ZNF341,130.0
L3MBTL4,130.0
PAFAH2,130.0
POMC,130.0
ERBB2,130.0
CCDC121,130.0
CDKAL1,130.0
HBEGF,130.0
RFLNB,130.0
GALK1,130.0
GBP1,130.0
SLC4A2,130.0
CHROMR,130.0
BTN3A2,130.0
EPHX2,130.0
B3GNTL1,130.0
ZFP36,130.0
C11orf98,129.0
BTN3A3,129.0
LINC01234,129.0
RSPH14,129.0
PABPC1L2B,129.0
RGS9,129.0
FAM185A,129.0
FERMT1,129.0
CDC37L1-DT,129.0
GNA14,129.0
C1QC,129.0
E2F1,129.0
CHKB-DT,129.0
TMEM38B,129.0
ALDH1L2,129.0
COL24A1,129.0
CD22,129.0
GPR89B,129.0
C8orf37,129.0
STAR,129.0
ELFN1,129.0
JUP,128.0
ATAD5,128.0
RHBDD1,128.0
ZBTB5,128.0
TPCN2,128.0
FBF1,128.0
NPPA,128.0
LHFPL5,128.0
ZEB1-AS1,128.0
ZNF808,128.0
SOX13,128.0
LPAR3,128.0
ZNF484,128.0
CRADD,128.0
STX18-AS1,128.0
IZUMO4,128.0
SLC26A2,128.0
DPP3,128.0
UAP1L1,128.0
ORC6,128.0
C14orf28,128.0
MOV10,128.0
MED26,128.0
AC009118.3,128.0
DHRS1,128.0
MTRF1,128.0
CTSK,128.0
TMEM234,128.0
BCHE,127.0
CDC42EP2,127.0
MEF2C-AS1,127.0
ZNF595,127.0
GRHL1,127.0
PANX1,127.0
BBC3,127.0
ADGRA2,127.0
AC097534.2,127.0
TMEM187,127.0
TUFT1,127.0
HAUS4,127.0
AC067838.1,127.0
AC106881.1,127.0
GTF2IRD1,127.0
CCDC13,127.0
DACT1,127.0
KCNA4,127.0
VSTM5,127.0
AC015726.1,127.0
ADCY8,127.0
CEP152,127.0
AC107068.1,126.0
BX255925.3,126.0
KCNJ8,126.0
MASTL,126.0
LINC00299,126.0
AC012467.2,126.0
FXYD5,126.0
LRRC39,126.0
ZNF772,126.0
BRCA1,126.0
CLIC2,126.0
LINC01534,126.0
RNFT1,126.0
CDCA5,126.0
CDR2L,126.0
TNFRSF11A,126.0
GPR135,126.0
NUDT7,126.0
LINC00865,126.0
ADA2,126.0
KIAA0556,126.0
ZNF662,126.0
GEN1,126.0
SYT3,126.0
SOSTDC1,126.0
MCHR2,126.0
MARVELD1,126.0
ARMC2,126.0
SLC35C1,126.0
PRKX,125.0
P4HA2,125.0
SPON2,125.0
CCNE2,125.0
TNNI3K,125.0
RBP7,125.0
AC005332.3,125.0
TNFAIP2,125.0
CCDC151,125.0
ZNF781,125.0
BCORL1,125.0
AC005726.1,125.0
SATB1-AS1,125.0
AC012213.4,124.0
CECR2,124.0
AC084824.4,124.0
NXN,124.0
AC107223.1,124.0
CA7,124.0
C1QTNF3,124.0
MIR3936HG,124.0
MMD2,124.0
LRRC45,124.0
ARHGAP6,124.0
ADGRE5,124.0
ABCC1,124.0
ZNF738,124.0
SLC13A3,124.0
AC092720.2,124.0
AC010884.2,123.0
LINC01094,123.0
AC130650.2,123.0
JPT2,123.0
ADAM28,123.0
FNDC9,123.0
CASP7,123.0
BAK1,123.0
MYO5B,123.0
MCUB,123.0
AC007406.5,123.0
ECE2,123.0
KLF8,123.0
RCL1,123.0
COL7A1,123.0
IGDCC4,123.0
DPF3,123.0
FBXO36,123.0
SPRED3,123.0
COL12A1,123.0
CNTROB,123.0
TMEM265,123.0
PRSS35,123.0
LINC01138,123.0
LINC01719,123.0
AC079922.2,122.0
GABPB1,122.0
RAD52,122.0
SCX,122.0
IDI2-AS1,122.0
RFX2,122.0
TESK2,122.0
AFG1L,122.0
LINC00339,122.0
AP5B1,122.0
SFRP2,122.0
ARHGAP9,122.0
CCDC170,122.0
FUT1,122.0
CNPY4,122.0
ZNF684,122.0
ACP6,122.0
TSEN54,122.0
AC011043.1,122.0
TINAGL1,122.0
ZNF98,122.0
AC011346.1,122.0
FYCO1,121.0
RELT,121.0
COX10-AS1,121.0
AL356019.2,121.0
KTI12,121.0
AC093525.6,121.0
ZNF107,121.0
ENTPD2,121.0
RASSF7,121.0
VASP,121.0
AC117453.1,121.0
ERCC8,121.0
NATD1,121.0
AC243829.1,121.0
PIGO,121.0
ACOX3,121.0
C20orf96,121.0
CTSS,121.0
PPM1D,121.0
SH3BP4,121.0
CIDEA,121.0
CEP76,121.0
ZNF581,121.0
SVEP1,121.0
SDS,120.0
AL109615.4,120.0
EMILIN1,120.0
SLC25A30,120.0
CTPS2,120.0
CLSPN,120.0
ZBED4,120.0
TRMT2B,120.0
ASTE1,120.0
ZNF66,120.0
PARP10,120.0
SYCP2L,120.0
SOCS2,120.0
AC007922.4,120.0
PNP,119.0
ANAPC2,119.0
AL133410.1,119.0
MSANTD1,119.0
AC233723.1,119.0
HDX,119.0
AC107373.2,119.0
DNAJC27-AS1,119.0
SMPX,119.0
RGS19,119.0
ZNF71,119.0
LTC4S,119.0
ZBTB3,119.0
ZXDC,119.0
DHX34,119.0
ZNF85,119.0
PIM1,119.0
DNAAF1,119.0
ZNF548,119.0
ZNF232,119.0
BEND7,119.0
SPATA5,119.0
NXT1,119.0
FFAR4,119.0
ZNF174,119.0
AC002451.1,119.0
BTBD17,119.0
PGM2,119.0
MMP15,119.0
AC091271.1,119.0
RADX,119.0
ZNF559,118.0
VWA3A,118.0
RNF144B,118.0
AC007009.1,118.0
PTENP1-AS,118.0
MTFP1,118.0
ABHD4,118.0
NBEAL2,118.0
OR2L13,118.0
FAM78A,118.0
SGF29,118.0
MT1H,118.0
CDKN3,118.0
ADGRA1-AS1,118.0
WDR66,118.0
HPSE2,118.0
TDRD6,118.0
FCER1G,118.0
TTI2,118.0
FBXL6,118.0
DET1,118.0
CFAP70,118.0
AP001505.1,118.0
SHQ1,118.0
FAM66D,118.0
UBXN10-AS1,118.0
SENP3,118.0
PBLD,118.0
SMIM18,117.0
MUTYH,117.0
LINC02232,117.0
Z68323.1,117.0
LINC02175,117.0
NOSTRIN,117.0
SLC35D1,117.0
NID1,117.0
HLA-F,117.0
SLA,117.0
S1PR5,117.0
DLK2,116.0
SLC19A2,116.0
OBSCN,116.0
ZBTB7C,116.0
AC004540.2,116.0
LINC02595,116.0
GNA15,116.0
AC016831.1,116.0
PCTP,116.0
TMEM51,116.0
MORN3,116.0
DTWD2,116.0
GDPGP1,116.0
NR4A3,116.0
GPR19,116.0
GLIS2,116.0
TIMM23B,116.0
DANT2,116.0
RTP5,116.0
TMEM116,116.0
PBX3,116.0
DCHS1,116.0
CHST6,116.0
AC091729.3,116.0
AGMAT,116.0
CHST8,116.0
FBXO4,116.0
LINC02018,115.0
PXDC1,115.0
P2RY11,115.0
STAP2,115.0
ALKBH1,115.0
MYO1E,115.0
METTL18,115.0
CLCN5,115.0
NCKAP5L,115.0
AC093673.1,115.0
ZNF490,115.0
SOX21-AS1,115.0
AC040169.1,115.0
C1QTNF1,115.0
TMEM235,115.0
AC022306.2,115.0
IKZF2,115.0
PABPC1L2A,115.0
AL117335.1,115.0
CCT6B,115.0
AC114811.2,115.0
ZKSCAN4,115.0
CXCL16,115.0
ZSCAN1,115.0
FAM43A,115.0
TMEM81,115.0
S1PR3,114.0
APEX2,114.0
TSPAN12,114.0
SLC27A3,114.0
AC016705.2,114.0
BACE2,114.0
ZNF765,114.0
NFYA,114.0
SSH3,114.0
COQ2,114.0
TMEM143,114.0
AL022311.1,114.0
AP000223.1,114.0
SNCAIP,114.0
NHLRC1,114.0
KDM6B,114.0
TNFRSF6B,114.0
PHKA1,114.0
MR1,114.0
CLIC1,114.0
PKD2L1,114.0
ZNF786,114.0
FHOD1,114.0
DGCR10,114.0
AL022069.3,114.0
CAVIN3,114.0
AC242426.2,113.0
TAF5,113.0
EIF5AL1,113.0
FBXO46,113.0
SOWAHC,113.0
AC092902.4,113.0
PXDN,113.0
DCDC2,113.0
PITPNA-AS1,113.0
SIAH3,113.0
MAP10,113.0
ICAM2,113.0
CFH,113.0
B3GNT9,113.0
GSDMB,113.0
SLC25A51,113.0
PRDM5,113.0
MARCH11,113.0
DUSP4,113.0
KLHL17,112.0
IL6R,112.0
CCNF,112.0
P2RY12,112.0
TRIM54,112.0
ERVK13-1,112.0
TUT1,112.0
COL6A2,112.0
LMCD1-AS1,112.0
NDUFA6-DT,112.0
AC135782.1,112.0
LDLRAP1,112.0
BTN3A1,112.0
CSF1,112.0
PRH1,112.0
SH3PXD2B,112.0
AC000403.1,112.0
FOXQ1,112.0
CENPP,112.0
TMEM218,112.0
DPH6,112.0
C5,112.0
DOCK6,112.0
SERPINB1,111.0
POLN,111.0
TBX2,111.0
TYMP,111.0
NUP35,111.0
ETNK2,111.0
PTPRS,111.0
FOSB,111.0
THEMIS2,111.0
ZNF649,111.0
ARL9,111.0
KLHL25,111.0
TMEM138,111.0
TSPOAP1-AS1,111.0
ITIH4,111.0
IRAK4,111.0
AC006064.4,111.0
AC073210.3,111.0
TCTEX1D1,111.0
NLRX1,111.0
ZNF597,111.0
PLAGL2,111.0
ADAMTS3,111.0
SLC25A20,110.0
EDEM2,110.0
AL158206.1,110.0
MUC12,110.0
RCCD1,110.0
BLOC1S3,110.0
FBXL14,110.0
SYTL5,110.0
GAN,110.0
LINC02055,110.0
BLOC1S5,110.0
FDXR,110.0
WNT3,110.0
PRKG2,110.0
ZBTB9,110.0
MROH8,110.0
FAM240C,110.0
PPP1R3G,110.0
ATP11C,110.0
C19orf47,110.0
SASS6,110.0
ZIC5,109.0
LIMK2,109.0
ZBED8,109.0
SLC50A1,109.0
INHBA-AS1,109.0
ZNF546,109.0
ZNF253,109.0
LINC01630,109.0
CCDC77,109.0
TTC26,109.0
IGDCC3,109.0
ZNF502,109.0
CKMT2-AS1,109.0
TTC12,109.0
RPIA,109.0
CRISPLD1,109.0
TRIM38,109.0
CYP20A1,109.0
U91328.1,109.0
SYT9,109.0
AC006333.2,108.0
AC122707.1,108.0
OLFML3,108.0
AC116913.1,108.0
VWC2L,108.0
ZSCAN25,108.0
ITPKC,108.0
ZNF582,108.0
AC004918.1,108.0
SLC25A15,108.0
TMEM255A,108.0
TP53,108.0
RFWD3,108.0
AMMECR1,108.0
DISC1,108.0
KCNQ4,108.0
EIF4E1B,108.0
TDRD9,108.0
TTC7A,108.0
SCHIP1,108.0
INTS9,108.0
ZC3H10,108.0
AC019131.2,108.0
AC011472.4,108.0
TSNAXIP1,107.0
SHPK,107.0
TENT5A,107.0
NEMP1,107.0
E2F5,107.0
TMEM275,107.0
PTGIS,107.0
AL160272.1,107.0
BIRC3,107.0
MIRLET7BHG,107.0
AL161457.2,107.0
AL513217.1,107.0
IQCH-AS1,107.0
TTC27,107.0
DHRS4,107.0
SHD,107.0
ARHGAP19,106.0
PCDHB9,106.0
ERI1,106.0
TMEM221,106.0
ADAT2,106.0
MBNL1-AS1,106.0
TRIM16,106.0
CCDC122,106.0
TTC31,106.0
TMEM229A,106.0
PAK4,106.0
OSGEPL1,106.0
EPOR,106.0
PRIM1,106.0
GYG2,106.0
SLC44A3,106.0
ZNF488,106.0
FBXO40,106.0
LANCL3,106.0
NEK2,106.0
COCH,106.0
KLHDC8A,105.0
PRPH2,105.0
KMT5C,105.0
MAN2B1,105.0
ZNF41,105.0
BBS12,105.0
MEIS1,105.0
CREB3L1,105.0
RASL11B,105.0
STAB1,105.0
ZNF418,105.0
HACD1,105.0
OPLAH,105.0
RBMS2,104.0
AC016876.1,104.0
AC008610.1,104.0
PIFO,104.0
POLA2,104.0
TMEM131L,104.0
CHD1L,104.0
TINCR,104.0
ZNF101,104.0
MKS1,104.0
CTH,104.0
AC005229.4,104.0
DTX3L,104.0
MAGIX,104.0
ZNF836,103.0
ZNF468,103.0
TEFM,103.0
SFR1,103.0
MGME1,103.0
MED18,103.0
BMP8A,103.0
AC069503.1,103.0
AL031985.3,103.0
CERNA1,103.0
AC011330.2,103.0
ZFP92,103.0
ZNF30,103.0
AP001160.3,103.0
ATP7A,103.0
QTRT2,103.0
TRPC3,103.0
AR,103.0
SLC29A3,102.0
FRAT1,102.0
AL136964.1,102.0
ZNF700,102.0
NR6A1,102.0
ANKRD20A3,102.0
PERP,102.0
C10orf90,102.0
SPI1,102.0
GYPC,102.0
C8orf34,102.0
IBA57,102.0
ZNF678,102.0
FZD6,102.0
MINDY4,102.0
PRKY,102.0
GRIN2D,102.0
FLNC,102.0
TRPV1,102.0
TM4SF18,102.0
CD84,102.0
KCNH4,102.0
DYNLRB2,102.0
RTL8B,102.0
CBLN1,102.0
SAMD9,102.0
ARHGAP27,102.0
COL21A1,102.0
AC096537.1,101.0
AC007953.2,101.0
MAPK7,101.0
AL031710.1,101.0
CHRM2,101.0
PCBD2,101.0
TNIP2,101.0
AGBL3,101.0
IDUA,101.0
CCNE1,101.0
CD109,101.0
LINC01990,101.0
AC008966.1,101.0
LIG1,101.0
ABCC4,101.0
STXBP4,101.0
ZCCHC18,101.0
KIAA1614,101.0
KBTBD12,101.0
IL17RC,101.0
ZNF112,101.0
AC027251.1,101.0
CD14,101.0
FAM27E3,101.0
AL513477.2,101.0
GPR6,101.0
AP001972.3,101.0
AL731533.2,101.0
C1RL,100.0
OTOGL,100.0
AC010624.5,100.0
CBWD2,100.0
GUCA1B,100.0
AC074032.1,100.0
HCLS1,100.0
FAM241A,100.0
JAZF1-AS1,100.0
FANCI,100.0
DDX31,100.0
ZNF354C,100.0
ZNF782,100.0
ZNF517,100.0
ZNF100,100.0
CCDC160,100.0
PLEKHF2,100.0
CAVIN4,100.0
SDCBP2-AS1,100.0
CCDC96,100.0
RGS8,100.0
SMTN,100.0
CXCR4,100.0
AC123768.4,100.0
AL354863.1,100.0
HYPK,100.0
FLVCR1-DT,100.0
OTULINL,100.0
SLC66A3,100.0
TEP1,100.0
FAM83H,100.0
LPXN,100.0
C19orf44,100.0
DFFB,100.0
EGR4,100.0
RCE1,99.0
PLA2G5,99.0
LAMA1,99.0
TRIM16L,99.0
EMCN,99.0
ZNF530,99.0
GCK,99.0
AL162595.1,99.0
AL133166.1,99.0
RPS6KA1,99.0
AL121929.2,99.0
CSTF2,99.0
MYADML2,99.0
PHKG1,99.0
PRKCQ,99.0
ALOX5AP,99.0
CCDC163,99.0
CCDC9,99.0
PJVK,99.0
AL355472.3,99.0
AC024909.1,99.0
DNAH9,99.0
PLS1,99.0
ADRA2C,99.0
GPR17,99.0
ZNF555,99.0
ZNF239,99.0
RP2,99.0
EIF3C,99.0
GASK1A,98.0
NMU,98.0
PARTICL,98.0
XIST,98.0
TPK1,98.0
RAB32,98.0
DYDC2,98.0
LINC00460,98.0
RAD51-AS1,98.0
AC006538.1,98.0
TMEM173,98.0
C15orf65,98.0
TPX2,98.0
AC004233.2,98.0
TMEM104,98.0
ARL17B,98.0
HAP1,98.0
HHAT,98.0
PYCR1,98.0
HTR2C,98.0
PROM1,98.0
AC124852.1,98.0
BHMT2,98.0
BACH2,98.0
LINC01004,98.0
CACNA1F,98.0
ARL17A,98.0
CDPF1,98.0
TFPI,98.0
MIR762HG,98.0
DAPK2,98.0
AC021054.1,98.0
AC012603.1,98.0
ZBTB26,98.0
INTS6-AS1,98.0
GRIP2,97.0
EAF2,97.0
ZNF865,97.0
AC009063.2,97.0
ALDH16A1,97.0
AC090517.5,97.0
VAMP8,97.0
KDM8,97.0
CLEC2D,97.0
BMP1,97.0
POC1B-AS1,97.0
EXO5,97.0
LDB1,97.0
THG1L,97.0
ARID3A,97.0
MMRN2,97.0
SYCE1L,97.0
AL592148.3,97.0
DHRS13,97.0
CTNS,97.0
AC034139.1,97.0
SDK1,96.0
RGS16,96.0
IGSF6,96.0
ZDHHC12,96.0
AC016831.5,96.0
ULK4,96.0
ADORA2B,96.0
IGFL4,96.0
SH3BP1,96.0
GDPD2,96.0
SLC27A2,96.0
C15orf41,96.0
DNMBP,96.0
GEMIN8,96.0
SERTAD1,96.0
EMP1,96.0
NKAIN1,96.0
SLC35G1,96.0
MST1,96.0
COL27A1,96.0
PLA2R1,96.0
TMEM204,96.0
SOX11,96.0
HOMEZ,96.0
AC025253.2,96.0
MAMDC4,96.0
LINC01355,96.0
LRRC61,96.0
AC009407.1,96.0
CACNA1H,96.0
LEF1,96.0
AL158154.3,96.0
PRR5L,95.0
AC021092.1,95.0
SP9,95.0
ATXN7L2,95.0
PKP2,95.0
AC015871.4,95.0
LINC01637,95.0
HERC5,95.0
DDX60L,95.0
IL12RB2,95.0
FAP,95.0
TICAM1,95.0
AC046134.2,95.0
GALNT6,95.0
NAIF1,95.0
FGL2,95.0
TRIM62,95.0
EVA1B,95.0
RBKS,95.0
PRCD,94.0
CCDC120,94.0
ELAC1,94.0
ZNF660,94.0
CCDC175,94.0
KRBA2,94.0
METAP1D,94.0
FAM13A-AS1,94.0
DDX11,94.0
ZNF274,94.0
NRIP2,94.0
GLA,94.0
Z68871.1,94.0
MORC4,94.0
AP003355.2,94.0
AC093433.2,94.0
ZNF565,94.0
SLC30A10,94.0
ASB2,94.0
KLF5,94.0
RLBP1,94.0
BLM,94.0
IGFBPL1,94.0
AC096667.1,94.0
CCDC177,94.0
GTF2H2C,94.0
NINJ2,94.0
ZNF34,94.0
ZNF350,94.0
PECR,94.0
SLC25A10,94.0
PSMB9,94.0
PLK5,94.0
PTGES,94.0
AC026979.3,94.0
AC131097.2,94.0
ZNF804B,94.0
CALHM2,94.0
MKLN1-AS,94.0
KANSL1-AS1,94.0
DARS2,93.0
AL356489.2,93.0
RCAN3,93.0
IKBIP,93.0
SLC6A13,93.0
ZNF283,93.0
CACFD1,93.0
ALS2CL,93.0
DRD5,93.0
FGF22,93.0
AC104794.3,93.0
ZNF408,93.0
NPFFR1,93.0
F11R,93.0
SAMD10,93.0
MYT1,93.0
LINC01114,93.0
RADIL,93.0
MXRA8,93.0
LRMDA,93.0
TMEM86B,93.0
AC013472.3,92.0
N4BP3,92.0
RBL1,92.0
BCDIN3D,92.0
ZNF843,92.0
BCO2,92.0
DSP,92.0
ZNF16,92.0
UBA7,92.0
CU633906.5,92.0
ID2-AS1,92.0
CNTNAP3,92.0
ATP6V0E2-AS1,92.0
GPC6,92.0
ZNF526,92.0
NEDD1,92.0
LINC01664,92.0
AL157834.1,92.0
MAN1B1-DT,92.0
ZNF467,92.0
LTBR,92.0
TMEM100,91.0
TAS2R4,91.0
SEMA3G,91.0
VLDLR-AS1,91.0
GEM,91.0
AC002467.1,91.0
PIGA,91.0
SEPSECS,91.0
MALINC1,91.0
HCST,91.0
CDH24,91.0
ZNF214,91.0
AC007686.3,91.0
DISP3,91.0
NDE1,91.0
VIPR2,91.0
ZNF790,91.0
EPSTI1,91.0
AC096586.1,91.0
EHHADH,91.0
NMI,91.0
SLC10A7,91.0
ANKRD34C,91.0
SERTAD4-AS1,91.0
MARS2,91.0
DRC1,91.0
GALM,91.0
WNT7B,91.0
FADS6,91.0
TEX15,91.0
TBC1D8B,90.0
HLA-DMA,90.0
HGF,90.0
AL109933.5,90.0
KANK3,90.0
MMS22L,90.0
AC021683.3,90.0
PHF7,90.0
COPZ2,90.0
SHKBP1,90.0
PCDH18,90.0
AC019257.1,90.0
ZIK1,90.0
TMEM35B,90.0
TLL2,90.0
CPED1,90.0
SEMA4G,90.0
AC012615.1,90.0
KCNA5,90.0
WHRN,90.0
GALNT4,90.0
NBPF26,89.0
FLI1,89.0
AC092171.5,89.0
ABRAXAS1,89.0
PROCA1,89.0
AC079414.3,89.0
RARG,89.0
FAM227A,89.0
POGLUT3,89.0
NRSN2-AS1,89.0
PXN-AS1,89.0
AC240274.1,89.0
ANKRD65,89.0
AMER1,89.0
ZNF473,89.0
AL138976.2,89.0
GBP3,89.0
AL513548.1,89.0
PUS10,89.0
AL365181.4,89.0
LINC00092,89.0
DHODH,89.0
TPBGL,89.0
BOC,89.0
APBA3,89.0
ZNF433,89.0
AL359715.3,89.0
DUSP10,89.0
PAQR9-AS1,89.0
PARD6B,89.0
AL160006.1,89.0
LY86,89.0
DOCK11,89.0
ALG1L9P,89.0
FUT10,89.0
ADD3-AS1,89.0
ADGRL4,88.0
AC092296.2,88.0
ZNF529-AS1,88.0
FAM117A,88.0
TNFRSF1B,88.0
SPRY3,88.0
SCIN,88.0
CFAP52,88.0
CSF2RA,88.0
LINC01411,88.0
RNF227,88.0
SMOC2,88.0
HGH1,88.0
TAPT1-AS1,88.0
ZNF618,88.0
TEX9,88.0
KBTBD8,88.0
TOB1-AS1,88.0
ZNF404,88.0
RHBDF1,88.0
AL162253.2,88.0
TRIP13,87.0
ELN,87.0
PLAAT5,87.0
ADSSL1,87.0
TTC39A,87.0
LRRC37A2,87.0
AL354740.1,87.0
SQOR,87.0
AL627309.5,87.0
VAV3,87.0
PPP1R17,87.0
GLB1L3,87.0
HNRNPA1L2,87.0
SOX7,87.0
PPM1K-DT,87.0
DYRK3,87.0
LINC02458,87.0
AC079174.2,87.0
GMIP,87.0
ANXA3,87.0
LETM2,87.0
AC053513.1,87.0
SHISA8,87.0
LINC01315,87.0
CCM2L,87.0
EYA1,87.0
TP53I3,87.0
NAALADL2,87.0
ZNF28,87.0
SYTL4,87.0
AL008721.2,87.0
SLC16A6,87.0
AL591501.1,87.0
KY,87.0
AL020994.2,86.0
ZNF185,86.0
ADPRM,86.0
DPYS,86.0
TMEM220,86.0
UMODL1-AS1,86.0
HIST2H2AC,86.0
LINC01821,86.0
LY6G5B,86.0
LINC01785,86.0
INKA1,86.0
AL450998.2,86.0
ZNF764,86.0
SLC39A4,86.0
ZNF222,86.0
SATL1,86.0
GAL3ST4,86.0
LAYN,86.0
ZNF624,86.0
ATRIP,86.0
Z84468.2,86.0
GJB1,86.0
GPR146,86.0
INHBB,86.0
ZC2HC1C,86.0
GPR158-AS1,86.0
AC114271.1,86.0
PHOSPHO2,86.0
C4orf19,86.0
TGFB1,86.0
ASIC4,85.0
RAB27A,85.0
IPO4,85.0
CD6,85.0
AC004951.1,85.0
SMCO4,85.0
ORAI1,85.0
GIMAP6,85.0
CD8A,85.0
TAPBPL,85.0
CCNO,85.0
RHOV,85.0
GCNA,85.0
AC005162.3,85.0
EFCAB5,85.0
FANCB,85.0
TIE1,85.0
RAB3IL1,85.0
TMEM132E,85.0
LCP1,85.0
HDAC4-AS1,85.0
TLCD1,85.0
TMEM44-AS1,85.0
INHBA,85.0
AC004803.1,85.0
TCP10L,85.0
CRIP3,85.0
LIPT1,85.0
BAALC-AS2,85.0
HDAC2-AS2,85.0
ZNF646,85.0
ZNF284,85.0
GPR34,85.0
LRRC10B,85.0
KMT2E-AS1,85.0
ZBTB49,85.0
C15orf39,85.0
RNF125,85.0
CATSPERZ,85.0
LRP2,85.0
AC124290.1,84.0
MFSD9,84.0
ANKRD20A1,84.0
ZNF18,84.0
DUSP5,84.0
HSD17B1,84.0
AC245884.9,84.0
AP000350.5,84.0
SLC22A9,84.0
TTLL11,84.0
LINC02352,84.0
PIGW,84.0
AP001107.9,84.0
ZFHX4-AS1,84.0
GIMAP1,84.0
STIM2-AS1,84.0
ZNF2,84.0
CD68,84.0
SYT6,83.0
C1orf74,83.0
PFKFB4,83.0
LCN12,83.0
LRP4-AS1,83.0
CFAP53,83.0
PARP16,83.0
AC084198.2,83.0
CDON,83.0
URB2,83.0
AC139100.2,83.0
ZNF628,83.0
AC018557.1,83.0
SLCO4A1,83.0
AC092944.1,83.0
AL845472.1,83.0
OSTN,83.0
LINC02298,83.0
SAMD15,83.0
MAP3K6,83.0
AL359513.1,83.0
CDH5,83.0
KCNK6,83.0
ROBO4,83.0
SLC35F2,83.0
TWNK,83.0
PLK3,83.0
AL358216.1,83.0
AL713852.1,83.0
OTOS,83.0
FAM226B,83.0
SLC25A53,83.0
TMEM99,83.0
AL645568.1,83.0
PARP12,83.0
AC064807.1,82.0
AL355347.1,82.0
CA3-AS1,82.0
ITGA2,82.0
AL353660.1,82.0
ADTRP,82.0
FSBP,82.0
TOP1MT,82.0
HAVCR2,82.0
CBWD3,82.0
WDCP,82.0
ZFP69,82.0
AL513534.2,82.0
CYB5RL,82.0
SFT2D3,82.0
AC025160.1,82.0
EDN3,82.0
LINC01341,82.0
LURAP1,82.0
AF131215.6,82.0
MYCBP,82.0
BX322234.1,82.0
MEX3B,82.0
RAB11FIP1,82.0
AC012414.3,82.0
SLC25A41,82.0
GLT8D2,81.0
PCDHB16,81.0
SLC25A5-AS1,81.0
ZNF280C,81.0
ETFBKMT,81.0
LRRC17,81.0
AL928654.1,81.0
AC009133.1,81.0
AC011978.2,81.0
ZNF841,81.0
TMEM254-AS1,81.0
ZNF547,81.0
MYBL1,81.0
CHAC2,81.0
DIAPH3,81.0
MYLPF,81.0
ZNF343,81.0
BHLHB9,81.0
ARAP3,81.0
EFCAB1,81.0
QRICH2,81.0
AOC3,81.0
LIFR-AS1,81.0
ZNF665,80.0
CRYGS,80.0
RELA-DT,80.0
HSPA1L,80.0
CAHM,80.0
ACE,80.0
NUDT17,80.0
ZCCHC4,80.0
TREM2,80.0
TBCCD1,80.0
GSDMD,80.0
IL27RA,80.0
ZNF234,80.0
AC120053.1,80.0
AC144652.1,80.0
MECOM,80.0
CENPO,80.0
ACY3,80.0
DKK2,80.0
ZFP2,80.0
SPIN4,80.0
AC012645.1,80.0
SYDE2,80.0
AC021097.1,80.0
ACSM5,80.0
LINC00900,80.0
PLP2,80.0
C1orf162,80.0
AC127070.2,80.0
AC005730.2,80.0
AL662884.3,80.0
TTC38,80.0
SLC24A1,79.0
AC009113.1,79.0
SCOC-AS1,79.0
EVI2B,79.0
CHST3,79.0
FBXO15,79.0
AC005498.2,79.0
SHLD1,79.0
AC011995.2,79.0
CD52,79.0
ZFP69B,79.0
AGAP5,79.0
AC016924.1,79.0
KIF9-AS1,79.0
GPR150,79.0
ZNF571,79.0
HLA-DMB,79.0
ANGPTL2,79.0
PCDHB5,79.0
INSYN2A,79.0
SERPINH1,79.0
MYCT1,79.0
GPR143,79.0
AC061961.1,79.0
FAM181A,79.0
UPP2,79.0
CLP1,79.0
TRIM17,79.0
AL022162.1,79.0
FBXL8,79.0
F2R,79.0
MADCAM1,79.0
ZNF620,79.0
RUBCNL,78.0
DBX2,78.0
TP53INP1,78.0
AC140125.2,78.0
NPIPB2,78.0
EDNRA,78.0
MROH7,78.0
FBXL22,78.0
AC091563.1,78.0
AC098487.1,78.0
SMIM3,78.0
PWRN1,78.0
ONECUT2,78.0
LINC00526,78.0
LAT,78.0
MCM9,78.0
SUV39H1,78.0
LINC02857,78.0
LINC02610,78.0
EHD4,78.0
SGMS1-AS1,78.0
LINC02440,78.0
AC003684.1,78.0
ZNF45,78.0
SPSB2,78.0
PTPRG-AS1,78.0
AP003721.1,78.0
SLC43A1,78.0
AL136366.1,78.0
HIST1H2BD,78.0
CYB5R2,78.0
REXO5,78.0
AC068338.3,78.0
TPTE2,77.0
AL162231.2,77.0
SMN1,77.0
ACTL6A,77.0
LINC01748,77.0
GNB3,77.0
ZNF674,77.0
NTM-AS1,77.0
BFSP1,77.0
AL589843.1,77.0
MRC1,77.0
WDR53,77.0
IGSF1,77.0
C5orf64,77.0
AC234582.1,77.0
WRAP53,77.0
EIF4EBP1,77.0
LYL1,77.0
NOG,77.0
AL022328.3,77.0
LMCD1,77.0
AC009779.2,77.0
ZBTB39,77.0
TTC23,77.0
GAS1,77.0
C4orf46,77.0
PGF,77.0
TBCE-1,77.0
POU3F4,77.0
PDSS1,77.0
GSTM2,77.0
IGFLR1,77.0
SOX18,77.0
ADAMTS2,77.0
FAM153B,77.0
SLC25A45,77.0
SLC6A9,77.0
ANKMY1,77.0
EFNB1,77.0
AC093827.4,77.0
SLC16A10,76.0
ZSWIM5,76.0
FAM162B,76.0
INSM2,76.0
KLF11,76.0
ZNF573,76.0
NABP1,76.0
LINC02371,76.0
LCAT,76.0
LINC01727,76.0
AMH,76.0
ABCA6,76.0
LINC02223,76.0
PDE4C,76.0
DNAH5,76.0
P2RY13,76.0
ZNF670,76.0
LRRC32,76.0
TMPRSS5,76.0
PTGES3L,76.0
AC097662.1,76.0
ZBTB7B,76.0
SLC16A8,76.0
AC010931.2,76.0
ADAMTS9,76.0
PEAR1,76.0
TMEM150A,76.0
WBP2NL,76.0
SYNE3,76.0
AC025253.1,76.0
AC093523.1,76.0
TCEANC,76.0
PSMC3IP,76.0
SH3BP5-AS1,76.0
GLB1L,76.0
NEBL-AS1,75.0
AL121583.1,75.0
ZNF691,75.0
COL11A2,75.0
TMEM39A,75.0
NME9,75.0
C3AR1,75.0
CABP7,75.0
ZSWIM3,75.0
PTER,75.0
ZNF613,75.0
ZNF610,75.0
SLC25A25-AS1,75.0
TBCE,75.0
ERICH6-AS1,75.0
LINC01736,75.0
TYMS,75.0
HACD4,75.0
RNF32,75.0
B3GNT7,75.0
CMTM3,75.0
FANK1,75.0
SBNO2,75.0
RXRG,75.0
MIR646HG,75.0
MIR222HG,75.0
MDGA1,75.0
OTOA,75.0
ATP8B4,75.0
HELLS,75.0
XKR8,75.0
PLEKHA7,75.0
CMTM8,75.0
ATOH8,75.0
ZNF710,75.0
CCDC142,75.0
ZNF525,75.0
BCDIN3D-AS1,75.0
RBPMS2,75.0
PIK3CG,75.0
EFHB,75.0
AEN,75.0
RIN3,75.0
CCDC61,75.0
AP1S3,75.0
AC004130.2,75.0
CFAP74,75.0
LINC01351,74.0
CC2D2B,74.0
AC245452.1,74.0
LRRC55,74.0
LGALS9,74.0
OLFML2A,74.0
AL133243.3,74.0
AL138762.1,74.0
FTCDNL1,74.0
AC019080.1,74.0
TTC30B,74.0
AL139246.5,74.0
SFTPD,74.0
DLX6,74.0
DUSP18,74.0
AC083798.2,74.0
PDE11A,74.0
LINC00343,74.0
ZNF217,74.0
AC009404.1,74.0
CBR3-AS1,74.0
SAPCD1-AS1,74.0
INHA,74.0
Z84485.1,74.0
KCNE5,74.0
AC104211.1,74.0
TCF7L1,74.0
SMIM11A,74.0
AKR7A3,74.0
NBPF10,74.0
IER3-AS1,74.0
NPNT,74.0
AL159169.2,74.0
SNX33,74.0
ZNF718,74.0
CD58,74.0
PMM2,74.0
AL670729.3,74.0
KCNE3,74.0
RTKN2,74.0
DLL1,74.0
ATP7B,74.0
PLAG1,74.0
COA6-AS1,74.0
PRSS12,74.0
OTUB2,74.0
NLRP2,74.0
CENPN,74.0
MOB3C,73.0
ZNF761,73.0
CA13,73.0
AL096794.1,73.0
ITGA4,73.0
CNTD1,73.0
FLT3,73.0
AC005498.3,73.0
SPAG8,73.0
AL138955.1,73.0
CNFN,73.0
AC009283.1,73.0
LRRC56,73.0
AC073349.1,73.0
SUV39H2,73.0
AC138969.1,73.0
PYROXD2,73.0
NPIPA2,73.0
LPAR2,73.0
RFLNA,73.0
TRMT44,73.0
DLG5-AS1,73.0
AC135507.1,73.0
LBHD2,73.0
PLA2G7,73.0
AC040970.1,73.0
FAM86B1,73.0
AC025839.1,73.0
RMRP,73.0
CRABP2,73.0
LINC00997,72.0
CEP72,72.0
EFCAB6,72.0
AC139768.1,72.0
AC025181.2,72.0
ANKAR,72.0
MMP25-AS1,72.0
ZNF616,72.0
NUP37,72.0
AC011287.1,72.0
ERICH2,72.0
LAIR1,72.0
SGCZ,72.0
PRKCH,72.0
CRISPLD2,72.0
FCHSD1,72.0
ALDH8A1,72.0
MAMSTR,72.0
LINC02427,72.0
NYAP2,72.0
LINC00266-1,72.0
AL391684.1,72.0
AC090559.1,72.0
POLM,72.0
COLCA1,72.0
FOXF2,72.0
AL512380.1,72.0
TIFA,72.0
MAP3K14,71.0
WDR90,71.0
HYKK,71.0
TIGD1,71.0
CNGB1,71.0
PRR11,71.0
ZBED9,71.0
AC026356.2,71.0
INSM1,71.0
CDCA7L,71.0
ACTG2,71.0
SMPD2,71.0
BEAN1,71.0
KLKB1,71.0
AC015967.1,71.0
DPH6-DT,71.0
TXLNB,71.0
LINC02192,71.0
PINLYP,71.0
CPVL,71.0
HAUS5,71.0
AC007686.4,71.0
GPAT2,71.0
THOC6,71.0
LINC00863,71.0
C12orf60,71.0
ENTPD7,71.0
IMPG1,71.0
LINC00173,71.0
ZNF596,71.0
COL19A1,71.0
AL158065.1,70.0
MC1R,70.0
PGM5,70.0
GINS1,70.0
XRCC3,70.0
SCARF1,70.0
CU638689.4,70.0
ACTR3C,70.0
RHCG,70.0
AL008729.2,70.0
OLFML2B,70.0
AP000254.2,70.0
ADAMTSL3,70.0
ZNF586,70.0
RHBDL2,70.0
HAR1B,70.0
AL390198.1,70.0
PLPP4,70.0
SYT10,70.0
TTC25,70.0
MARCH3,70.0
SYK,70.0
AC022762.2,70.0
SEMA3D,70.0
C8orf58,70.0
SLC35D2,70.0
AP003393.1,70.0
PPCDC,70.0
ATP2C2,70.0
PI4K2B,70.0
C1orf56,70.0
PDYN,70.0
RDH10,70.0
ZNF155,70.0
PYCARD,70.0
IFITM1,70.0
AC107027.3,69.0
THAP9,69.0
AC124242.3,69.0
SPATA24,69.0
AC011374.2,69.0
ZNF454,69.0
AC113383.1,69.0
GAL,69.0
AL355488.1,69.0
LY6D,69.0
MYOZ3,69.0
TGFBI,69.0
SLC2A10,69.0
AC005906.2,69.0
CCDC9B,69.0
LINC00951,69.0
THRB-IT1,69.0
AC011445.2,69.0
LINC01152,69.0
CYP26A1,69.0
ZNF208,69.0
ARHGAP45,69.0
ZNF285,69.0
DUSP15,69.0
ANGPTL1,69.0
CASP6,69.0
TTTY10,68.0
PTK7,68.0
CD4,68.0
AP000873.2,68.0
AC009061.2,68.0
ADA,68.0
PCK2,68.0
CHTF18,68.0
TIGD6,68.0
DTX2,68.0
BX005019.1,68.0
FAM66B,68.0
QPCTL,68.0
PDE3A,68.0
AC006480.2,68.0
AARD,68.0
TAF1A,68.0
UQCRHL,68.0
ADM5,68.0
ZNF426-DT,68.0
AL121655.1,68.0
SYDE1,68.0
VSIG10L,68.0
DDN-AS1,68.0
LINC02716,68.0
ZNF235,68.0
ARSG,68.0
GPX7,68.0
TRPC6,68.0
SETD9,68.0
ARSJ,68.0
AC095057.3,68.0
AL583827.1,68.0
MIMT1,68.0
AC008105.3,67.0
AP001462.1,67.0
B4GALT1,67.0
AL356056.2,67.0
ADRA1D,67.0
PAX8-AS1,67.0
AL033523.1,67.0
AC099344.3,67.0
AC009126.1,67.0
PLEKHA4,67.0
ZNF230,67.0
LAMC3,67.0
CCDC158,67.0
KLHL14,67.0
TRAM2,67.0
HAS1,67.0
AC073332.1,67.0
APOL1,67.0
PCDHB6,67.0
GHR,67.0
FAM201A,67.0
PLEKHD1,67.0
GIMAP5,67.0
SERPINA3,67.0
AC017076.1,67.0
AC005332.5,67.0
PYGL,67.0
ZEB2-AS1,67.0
PPIC,67.0
DLX5,67.0
CALHM6,67.0
SSPO,67.0
MTMR11,67.0
STK32A,67.0
SLC10A5,67.0
ADGRD1,66.0
Z97989.1,66.0
ZNF879,66.0
RMI2,66.0
AC008608.2,66.0
GXYLT2,66.0
AOAH,66.0
RESP18,66.0
FAM155A-IT1,66.0
LAT2,66.0
AC008736.1,66.0
AC007114.1,66.0
ITGAX,66.0
AL158832.2,66.0
AC003659.1,66.0
MZF1-AS1,66.0
TBXAS1,66.0
LRP5L,66.0
APOM,66.0
GALR1,66.0
CDKN1A,66.0
FBXO5,66.0
AL391834.1,66.0
PRDM1,66.0
AC011474.1,66.0
AL121839.2,66.0
USP2-AS1,66.0
PCCA-DT,66.0
SERHL2,66.0
PRKD2,66.0
AC090360.1,66.0
STAG3,66.0
TGIF1,66.0
NKD2,66.0
AC012588.1,66.0
HAMP,66.0
TECTA,66.0
EID3,66.0
AL604028.1,66.0
ANKRD45,65.0
IRF1,65.0
AC099778.1,65.0
PCDHB7,65.0
AC012360.3,65.0
NCKAP1L,65.0
ZNF345,65.0
BCL3,65.0
RAD51AP1,65.0
ERV3-1,65.0
AC087457.1,65.0
AC145124.1,65.0
UVSSA,65.0
AL359397.2,65.0
LINC01473,65.0
TRIB3,65.0
SPTBN5,65.0
PRSS16,65.0
AL022151.1,65.0
DLX2,65.0
SLC43A3,65.0
GAS2,65.0
FGF11,65.0
CD40,65.0
KIAA1257,65.0
BLNK,65.0
AL157786.1,65.0
ZMYND12,65.0
SBNO1-AS1,65.0
GDF7,65.0
NANP,65.0
ZNF337-AS1,65.0
ZNF225,65.0
GTF2IRD2B,65.0
NEB,65.0
ADAMTS19,65.0
B4GALNT3,65.0
TAF7L,65.0
ATG9B,65.0
P2RY14,64.0
MTRNR2L4,64.0
FOXD1,64.0
LRP2BP,64.0
ATAD3C,64.0
PCSK4,64.0
SLC5A11,64.0
GRM4,64.0
NDOR1,64.0
CNBD2,64.0
OXTR,64.0
ACOT1,64.0
MRM1,64.0
ZKSCAN2-DT,64.0
AP000525.1,64.0
BMP2,64.0
SMO,64.0
LRRC29,64.0
AL354809.1,64.0
NEU4,64.0
FAM227B,64.0
GMPR,64.0
HSPA12B,64.0
TRIM45,64.0
AL121601.1,64.0
PCDHB15,64.0
MYCN,64.0
DLEU1,64.0
SLC16A4,64.0
KLRG1,64.0
CDC14A,64.0
NEDD4,64.0
AC027279.1,63.0
LINC00174,63.0
NAPRT,63.0
CCDC62,63.0
SLC5A4-AS1,63.0
TBC1D8,63.0
AC008105.1,63.0
TMEM182,63.0
LSR,63.0
ADORA2A,63.0
AL645728.1,63.0
TSC22D1-AS1,63.0
CA14,63.0
EFHC2,63.0
OTX1,63.0
AL353743.2,63.0
DCLK3,63.0
LINC00271,63.0
FKBPL,63.0
IL20RA,63.0
DISP1,63.0
GBP2,63.0
TNRC6C-AS1,63.0
IMPA2,63.0
GPR68,63.0
HHIP-AS1,63.0
DNAH17,63.0
AC008966.2,63.0
PCDHGC3,63.0
ACTC1,63.0
RHBDF2,63.0
STK10,63.0
FZD7,63.0
AL121749.1,63.0
THSD4,63.0
ZNF17,63.0
ZFAT,63.0
ANGPT2,63.0
ACCS,62.0
LMO1,62.0
A2M-AS1,62.0
FREM1,62.0
ZNF845,62.0
ZNF763,62.0
ZNF416,62.0
TYRP1,62.0
AC005014.2,62.0
KRBOX1,62.0
FZD9,62.0
ZNF469,62.0
USP18,62.0
HTR6,62.0
MINAR1,62.0
LINC01521,62.0
MORN5,62.0
AC004241.1,62.0
FBXW8,62.0
ARSF,62.0
AC102953.2,62.0
SYN3,62.0
ZNF599,62.0
ST8SIA6,62.0
KCNJ14,62.0
TNFSF9,62.0
ZNF805,62.0
XYLB,62.0
ZSCAN12,62.0
AL133243.2,62.0
AL138778.1,62.0
SP140L,62.0
AL359258.2,62.0
AC092924.2,62.0
AL139260.1,62.0
PLCB3,62.0
AP001160.2,61.0
MYLK-AS1,61.0
IQCD,61.0
RPH3AL,61.0
PLCD4,61.0
NKX2-2,61.0
ZNF233,61.0
CYYR1,61.0
SAMSN1,61.0
PIP5KL1,61.0
SHLD3,61.0
TYW1B,61.0
U47924.2,61.0
EPCAM,61.0
ZBTB8B,61.0
GPT,61.0
MSC,61.0
ZNF440,61.0
TMEM44,61.0
MAFF,61.0
CDK3,61.0
CLDN1,61.0
SLC26A8,61.0
PI16,61.0
TMEM119,61.0
TRDN,61.0
AL355001.2,61.0
NBPF9,61.0
NDUFV2-AS1,61.0
FBLIM1,61.0
STX17-AS1,61.0
RSPH9,61.0
AL157700.1,61.0
LYVE1,61.0
DNA2,61.0
LIMD1,61.0
MYO1F,61.0
KDR,60.0
AL139384.2,60.0
SOX1-OT,60.0
C21orf62-AS1,60.0
AC137630.4,60.0
MYBPHL,60.0
LINC01553,60.0
AL117372.1,60.0
CASQ2,60.0
WDR97,60.0
AC010226.1,60.0
AL121894.2,60.0
ABTB2,60.0
CALML4,60.0
SEPTIN7-AS1,60.0
POT1-AS1,60.0
RAD54B,60.0
AC006148.1,60.0
ALPK1,60.0
C16orf74,60.0
GINS3,60.0
TDO2,60.0
CYP4F11,60.0
PARS2,60.0
CEBPB-AS1,60.0
LYPD6B,60.0
WNT5B,60.0
ST20-AS1,60.0
LILRB4,60.0
MAP3K8,60.0
MEG9,60.0
RASGRF2-AS1,60.0
IRAK3,60.0
AC006504.7,60.0
STAT5A,60.0
AL117336.2,60.0
MCPH1-AS1,60.0
AL135905.2,59.0
TP53TG5,59.0
KLRC3,59.0
AC018638.6,59.0
MRGPRF,59.0
ACVRL1,59.0
FDXACB1,59.0
EMILIN3,59.0
REEP4,59.0
HMGN3-AS1,59.0
KNTC1,59.0
AL035701.1,59.0
AL359504.2,59.0
LINC02328,59.0
DNLZ,59.0
SPESP1,59.0
LINC01902,59.0
SNHG18,59.0
NBPF15,59.0
FANCA,59.0
AP005901.5,59.0
HSPG2,59.0
AC099791.2,59.0
PLIN1,59.0
SLC15A3,59.0
AC078909.1,59.0
GJA4,59.0
MYL3,59.0
STKLD1,59.0
TGFB1I1,59.0
PILRA,59.0
AC108488.3,59.0
AL138701.2,59.0
AC005838.2,59.0
C16orf86,59.0
COL8A1,59.0
CYP2C8,59.0
SLC10A3,59.0
CCNJ,59.0
ANKRD30BL,59.0
ERFE,59.0
PSTPIP1,58.0
AP002495.1,58.0
AC019171.1,58.0
DCAF12L2,58.0
TIMELESS,58.0
AP001830.1,58.0
XKR9,58.0
LINC02696,58.0
FAM71F2,58.0
PPP1R32,58.0
AC093249.6,58.0
ACOX2,58.0
ARHGAP25,58.0
TMSB4Y,58.0
SLC26A10,58.0
AC068473.5,58.0
RDH5,58.0
AP001178.3,58.0
ADAMTS17,58.0
TIMP4,58.0
DENND2C,58.0
AKAIN1,58.0
MAGEE2,58.0
USP3-AS1,58.0
AL080250.1,58.0
CLTCL1,58.0
AFAP1L1,58.0
RFX3-AS1,58.0
PHLDB3,58.0
FCGR2A,58.0
MKRN3,58.0
HTR1E,58.0
AP001347.1,58.0
SH2B2,58.0
LINC02246,58.0
WDR86,58.0
ABHD15,58.0
PCDHB2,58.0
HIST1H4E,58.0
FAT4,57.0
KCNMB1,57.0
C17orf107,57.0
LINC00390,57.0
PRLHR,57.0
NRG4,57.0
MEF2C-AS2,57.0
SFTA1P,57.0
RAD51AP2,57.0
GPAT3,57.0
SERPINB8,57.0
AL732292.2,57.0
AL049597.2,57.0
CLCA4,57.0
NRL,57.0
LINC01170,57.0
ZNF831,57.0
FCGBP,57.0
KCTD21-AS1,57.0
PHETA1,57.0
TTPA,57.0
PTAFR,57.0
AL157944.1,57.0
AL162171.3,57.0
SEC24B-AS1,57.0
TCP11L2,57.0
ZNF699,57.0
CHAD,57.0
LINC01511,57.0
SH3TC2,57.0
KCNE4,57.0
AP000708.1,57.0
DNASE1L2,57.0
PROSER3,57.0
AC010618.3,57.0
ARID3B,57.0
TIGD3,57.0
AC079154.1,57.0
AC010266.2,57.0
ST7-AS1,57.0
PNLDC1,57.0
SLC22A3,57.0
UBE2D3-AS1,56.0
FAM24B,56.0
RCN3,56.0
AL049795.2,56.0
PTGS1,56.0
ACTA1,56.0
EPHA6,56.0
LINC01361,56.0
AC110285.1,56.0
OAS1,56.0
AMZ1,56.0
AL356488.2,56.0
AC016727.1,56.0
FBXL13,56.0
AP000704.1,56.0
TNIP3,56.0
HELLPAR,56.0
AC015961.1,56.0
IQCC,56.0
AC013287.1,56.0
SEPSECS-AS1,56.0
C5orf34,56.0
MIR31HG,56.0
MYBPC2,56.0
C9orf129,56.0
MX2,56.0
TAFA4,56.0
AC026691.1,56.0
HSD11B1,56.0
PRELID2,56.0
LINC01547,56.0
CENPVL3,56.0
EPN3,56.0
RREB1,56.0
GOLGA6L4,56.0
AL162458.1,56.0
RAB43,56.0
FANCE,56.0
NNMT,56.0
SSC5D,56.0
STIL,56.0
AL158211.1,56.0
CLIC5,56.0
ZNF784,56.0
TMEM266,56.0
CPAMD8,56.0
IRAK2,55.0
AC008525.1,55.0
CENPL,55.0
AC092279.1,55.0
STEAP1,55.0
AC007785.3,55.0
ZKSCAN3,55.0
CDC6,55.0
ZNF443,55.0
AL355297.4,55.0
AC009309.1,55.0
WDR5B,55.0
BVES,55.0
AC069133.1,55.0
PALM3,55.0
C17orf67,55.0
AC016687.2,55.0
AL136295.7,55.0
PAX7,55.0
TIRAP,55.0
BCL2L11,55.0
MYLK4,55.0
PCOLCE,55.0
LPAR4,55.0
AP001330.4,55.0
MYO7A,55.0
MEGF6,55.0
AL513166.1,55.0
AP002813.1,55.0
KDM7A-DT,55.0
LY96,55.0
CCDC150,55.0
OAS3,55.0
MAML3,55.0
PARD6G,55.0
AC010359.3,55.0
MXD3,55.0
MCM8,55.0
DES,55.0
RNU6ATAC35P,55.0
TEX26,55.0
CENPH,55.0
AP000880.1,54.0
RUNX2,54.0
C18orf54,54.0
LNCOC1,54.0
AC005899.6,54.0
TMEM273,54.0
DRAM1,54.0
TLCD2,54.0
CCDC8,54.0
AC093849.4,54.0
TWIST1,54.0
DKK1,54.0
FAM198B-AS1,54.0
AC073611.1,54.0
AC024560.3,54.0
AC026585.1,54.0
FUOM,54.0
AC010168.2,54.0
THPO,54.0
OCA2,54.0
AC016394.1,54.0
PRIM2,54.0
KRTAP5-AS1,54.0
SPTY2D1OS,54.0
PRSS53,54.0
AC124242.1,54.0
AC133552.5,54.0
PSD4,54.0
CLDN15,54.0
INKA2-AS1,54.0
KIAA1211,54.0
AL117339.4,54.0
BICDL2,54.0
AC103855.2,54.0
CD37,54.0
ROR1,54.0
SLC66A1L,54.0
ZKSCAN7,54.0
TMCO6,54.0
AC010538.1,54.0
AL122058.1,54.0
LINC01159,54.0
SEMA3B-AS1,54.0
AL118558.3,53.0
TMEM52,53.0
AC091152.2,53.0
AC107214.2,53.0
AC007390.2,53.0
IQUB,53.0
SULT1A2,53.0
ZNF124,53.0
AL121827.2,53.0
AC092718.4,53.0
SHE,53.0
AC067969.1,53.0
ASH1L-AS1,53.0
AC020741.1,53.0
NOS2,53.0
HIST1H1A,53.0
COLCA2,53.0
LINC01023,53.0
TAS2R14,53.0
ANTXR2,53.0
AL049796.1,53.0
FAM228A,53.0
PABPC1L,53.0
AL137025.1,53.0
AC026304.1,53.0
RNF212,53.0
AC009318.3,53.0
SEMA3F,53.0
AC004477.3,53.0
OSMR,53.0
AC092125.2,53.0
AC020928.1,53.0
SYCE3,53.0
FREM2,53.0
C2orf81,53.0
LINC02256,53.0
H1FX-AS1,53.0
LINC01166,53.0
AC080132.1,53.0
AUNIP,53.0
AL109946.1,53.0
KCNG3,53.0
RNF139-AS1,53.0
AC136475.1,53.0
EIF1B-AS1,53.0
OVGP1,53.0
VANGL2,53.0
AC079140.6,53.0
DSCC1,53.0
NPY5R,53.0
DDIT4L,53.0
LENG9,53.0
AC009812.4,53.0
HFM1,52.0
CCDC65,52.0
ZNF324B,52.0
GREB1L,52.0
AC100786.1,52.0
NLRP3,52.0
SULT1A3,52.0
TSNARE1,52.0
ALKAL2,52.0
NPFF,52.0
AC007368.1,52.0
DMGDH,52.0
CCDC183,52.0
PIH1D2,52.0
CCDC78,52.0
AC067956.1,52.0
APOBEC3C,52.0
IRF8,52.0
ZNF551,52.0
DNAH2,52.0
USH1C,52.0
PGGHG,52.0
ADAM33,52.0
RRAD,52.0
EGR2,52.0
ZNF630,52.0
CHST5,52.0
AL353748.3,52.0
GIMAP8,52.0
STARD4-AS1,52.0
SLC16A11,52.0
AL031775.1,52.0
DHDH,52.0
ARHGAP11A,52.0
LINC00639,52.0
AC016745.2,52.0
LINC00621,52.0
AC092661.1,52.0
TBX18,52.0
CFB,52.0
LATS2,52.0
AC104964.3,52.0
AL096706.1,52.0
HELB,52.0
POU5F2,52.0
AC021660.4,52.0
MGARP,52.0
AC063944.3,52.0
FZD2,52.0
AC009318.1,52.0
NPIPB4,52.0
AC092171.4,52.0
CFC1,52.0
AC016597.1,52.0
FOLR2,52.0
RNF135,52.0
SIRT4,51.0
BANK1,51.0
GCNT2,51.0
SLC7A14-AS1,51.0
AC005908.3,51.0
ADAMTS18,51.0
AC069120.1,51.0
POSTN,51.0
ZNF793-AS1,51.0
TNFRSF18,51.0
SFTPC,51.0
AC092910.3,51.0
SLC16A3,51.0
TBC1D2,51.0
AC022893.1,51.0
SLC4A5,51.0
FOXG1-AS1,51.0
AP000787.1,51.0
AC103706.1,51.0
LINC01354,51.0
LIN9,51.0
NPY2R,51.0
LRAT,51.0
RAP2C-AS1,51.0
AP002387.2,51.0
SNURF,51.0
AC009065.4,51.0
BSPRY,51.0
TNC,51.0
BIN2,51.0
TEDC2,51.0
IRF5,51.0
AC124798.3,51.0
AP001804.1,51.0
AL136419.3,51.0
PLEK,51.0
ZWINT,51.0
DLGAP1-AS3,51.0
LINC00654,51.0
NOTCH2NLA,51.0
RGL3,51.0
AC026367.2,51.0
AC018953.2,51.0
ZIC4,51.0
NFATC2,51.0
PCF11-AS1,50.0
AC093503.2,50.0
CCDC169,50.0
PPARG,50.0
CASP10,50.0
AC079834.2,50.0
COL28A1,50.0
SLC22A18AS,50.0
C14orf93,50.0
EYA2,50.0
ZNF501,50.0
AC079848.1,50.0
Z97200.1,50.0
AC079296.1,50.0
CYTH4,50.0
SCUBE2,50.0
AC114980.1,50.0
AP000894.2,50.0
AC004466.1,50.0
PRR29,50.0
AL590560.2,50.0
MYOF,50.0
ADAMTS5,50.0
TRIM67,50.0
CDKN2B-AS1,50.0
LINC02361,50.0
ZNF70,50.0
CPEB1-AS1,50.0
LTK,50.0
ARHGAP15,50.0
ATP2A3,50.0
ARHGAP28,50.0
AC007541.1,50.0
ZFAND4,50.0
LINC01532,50.0
OSGIN1,50.0
JADE3,50.0
AC079336.5,50.0
EFCAB13,50.0
AL391988.1,50.0
SP2-AS1,50.0
TMEM140,50.0
MAPT-IT1,50.0
ZNF81,50.0
TEKT4,50.0
ARMH1,50.0
PHF21B,50.0
GALNT12,50.0
ZNF543,50.0
FOXN3-AS1,50.0
AP003396.5,50.0
ZNF701,50.0
TMC1,50.0
AL672310.1,50.0
AL049828.1,50.0
AC092691.1,49.0
AC024075.1,49.0
ABI3BP,49.0
PDIA5,49.0
AL645768.1,49.0
MTBP,49.0
GGACT,49.0
ARMC3,49.0
FAM86C1,49.0
TMEM200A,49.0
AC068205.2,49.0
GPIHBP1,49.0
TCTE3,49.0
YTHDF3-AS1,49.0
AVIL,49.0
DRD4,49.0
PKN2-AS1,49.0
LPAR5,49.0
C21orf58,49.0
SRPX,49.0
TRIM7,49.0
CYSLTR2,49.0
AP004608.1,49.0
KLF4,49.0
CA12,49.0
RARA-AS1,49.0
AC064836.3,49.0
ST6GALNAC1,49.0
APOL3,49.0
AK7,49.0
CBWD6,49.0
AC067852.3,49.0
AC133485.7,49.0
RANBP17,49.0
AC011603.3,49.0
HARBI1,49.0
COX4I2,49.0
AC234917.3,49.0
AC020910.5,49.0
AC131571.1,48.0
TFAP4,48.0
NHEJ1,48.0
KRT5,48.0
MT1A,48.0
PLEKHG2,48.0
SLC19A3,48.0
TNFRSF10B,48.0
STEAP1B,48.0
DAW1,48.0
AC015712.7,48.0
AL445524.1,48.0
LINC00630,48.0
Z70719.1,48.0
ECM2,48.0
CHST9,48.0
OMD,48.0
AL355999.1,48.0
LUM,48.0
Z93930.2,48.0
POC1A,48.0
HIST1H4H,48.0
MCM2,48.0
LINC02012,48.0
CCDC15,48.0
TXNRD3,48.0
PPM1N,48.0
CASP4,48.0
LINC00899,48.0
AL355574.1,48.0
IL10RA,48.0
AL591848.4,48.0
AL356512.1,48.0
AL022345.4,48.0
PDLIM1,48.0
SYNDIG1L,48.0
AC099508.1,48.0
RNASE4,48.0
AC009148.1,48.0
AC135012.1,48.0
KIF7,48.0
DRAIC,48.0
AC009228.1,48.0
ARHGAP36,48.0
ZSCAN16,48.0
WNT2,48.0
NBPF3,48.0
C17orf113,48.0
AFDN-DT,48.0
ZSCAN9,48.0
RNF217-AS1,48.0
GPR62,48.0
IER3,48.0
AP001993.1,48.0
LINC01268,48.0
AC009506.1,48.0
PRRT4,48.0
ZNF773,48.0
C3orf67-AS1,48.0
MICALL1,48.0
AL035587.2,48.0
LINC00290,48.0
AC142472.1,48.0
AC106897.1,47.0
MAP3K14-AS1,47.0
CRYBB1,47.0
SIX4,47.0
TSPAN11,47.0
FGF14-AS2,47.0
TOGARAM2,47.0
SLC2A1-AS1,47.0
FZD5,47.0
SAPCD1,47.0
RNLS,47.0
AC095055.1,47.0
AC008505.1,47.0
SCARA5,47.0
A2ML1,47.0
MYD88,47.0
AC009403.1,47.0
AC087500.1,47.0
AC092574.1,47.0
CFD,47.0
RARRES1,47.0
AC007032.1,47.0
DOK1,47.0
FUT4,47.0
FP325335.1,47.0
SLC25A34,47.0
MCTP2,47.0
TMEM86A,47.0
B3GALT5-AS1,47.0
CCNT2-AS1,47.0
DOCK2,47.0
EYA4,47.0
RUNDC3A-AS1,47.0
FOXO6,47.0
C8orf31,47.0
TBX3,47.0
AC027601.6,47.0
AC124045.1,47.0
CCR10,47.0
ZNF571-AS1,47.0
AC006213.4,47.0
LINC01277,47.0
AL590807.1,47.0
GEMIN7-AS1,47.0
CDT1,47.0
AP003307.1,46.0
PLEKHF1,46.0
AL139393.1,46.0
ITGAM,46.0
AC083799.1,46.0
AC091978.1,46.0
DEF6,46.0
SIGLEC10,46.0
BMP6,46.0
AL589765.6,46.0
PPP1R14B-AS1,46.0
AC007325.2,46.0
SLC9A2,46.0
AC092794.1,46.0
AC109347.1,46.0
VWCE,46.0
AC132872.5,46.0
PIK3AP1,46.0
ANKRD23,46.0
Z95114.4,46.0
CCND2-AS1,46.0
AL450326.1,46.0
SLC47A1,46.0
ZNF619,46.0
COL6A3,46.0
AC239800.2,46.0
HRC,46.0
TNFRSF19,46.0
AL392086.3,46.0
AC096992.2,46.0
RECQL4,46.0
DCLRE1B,46.0
B3GNT5,46.0
DAPL1,46.0
NECTIN3-AS1,46.0
AC080013.3,46.0
AC244517.1,46.0
AC092329.4,46.0
COL5A1,46.0
CPXM2,46.0
CHRNA2,46.0
CCDC40,46.0
PGBD2,46.0
LRR1,46.0
AC139530.1,46.0
SLC26A6,46.0
USHBP1,46.0
FHL5,46.0
LINC01550,45.0
ITGA10,45.0
CCR6,45.0
TLR7,45.0
BEND4,45.0
TLR10,45.0
FCGR1A,45.0
LINC02254,45.0
AL035681.1,45.0
IL18,45.0
NKX3-1,45.0
AL590560.3,45.0
FRK,45.0
SLC45A3,45.0
DIPK2B,45.0
MED14OS,45.0
AL365205.4,45.0
ATP2A1-AS1,45.0
MICA,45.0
NEURL2,45.0
AC026471.4,45.0
AC004083.1,45.0
AL359643.2,45.0
AC008443.1,45.0
RGS22,45.0
AC004076.2,45.0
MFAP3,45.0
PCDHB12,45.0
WDR76,45.0
TCIRG1,45.0
LRP5,45.0
PCDHB3,45.0
C19orf73,45.0
SLC22A4,45.0
DHRS9,45.0
CXXC4-AS1,45.0
SPHK1,45.0
CBX8,45.0
ZNF57,45.0
INCA1,45.0
COL22A1,45.0
LINC02062,45.0
TICAM2,45.0
AC006460.2,45.0
CEACAM19,45.0
ZNF229,45.0
TVP23B,45.0
SPATA6L,45.0
EPHA8,45.0
ASB16-AS1,45.0
AC079949.2,45.0
HAUS8,45.0
RNF43,45.0
FAM122C,45.0
SRARP,45.0
ERN1,45.0
AC069209.1,45.0
DSC2,45.0
LINC01182,45.0
PIWIL4,45.0
AL805961.1,45.0
AL691432.4,45.0
NDUFB2-AS1,45.0
AL592183.1,44.0
AC010889.1,44.0
WNT16,44.0
AC027271.1,44.0
TCAP,44.0
SERTAD3,44.0
ERG,44.0
LINC01001,44.0
ZNF77,44.0
AC002310.1,44.0
CYB561D2-1,44.0
TAF1A-AS1,44.0
FAM218A,44.0
C19orf57,44.0
KCND1,44.0
AC096861.2,44.0
HIST1H1D,44.0
TNFAIP6,44.0
NLRC5,44.0
AL050309.1,44.0
C2orf92,44.0
AP001062.1,44.0
AC068700.1,44.0
SCN7A,44.0
LINC02021,44.0
AL356481.1,44.0
MMP2,44.0
FCRLB,44.0
AC092821.3,44.0
AC006946.2,44.0
RFESD,44.0
TUBA1C,44.0
FKBP7,44.0
SIX5,44.0
NFATC1,44.0
LINC01625,44.0
AL596202.1,44.0
RBM20,44.0
NFKBID,44.0
ELOA-AS1,44.0
SLC25A43,44.0
AC138207.2,44.0
AC105219.1,44.0
AC110619.1,44.0
PCAT19,44.0
FANCD2,44.0
AC108749.1,44.0
IKZF1,44.0
TUBB6,44.0
PPP1R26-AS1,44.0
IGSF22,44.0
AC018697.1,44.0
USP44,44.0
WARS2-AS1,44.0
AC098484.2,44.0
BTN2A2,43.0
RALY-AS1,43.0
HEYL,43.0
PAPPA2,43.0
DDO,43.0
SUCLA2-AS1,43.0
AL121899.1,43.0
LOXL3,43.0
AC008393.1,43.0
AC090241.3,43.0
AC024597.1,43.0
FAM111A-DT,43.0
RAB7B,43.0
GPR3,43.0
SYT15,43.0
FGD3,43.0
MIR4453HG,43.0
ADORA3,43.0
LINC02268,43.0
AL158840.1,43.0
CFAP54,43.0
EMILIN2,43.0
TACR2,43.0
RBM47,43.0
NOTCH2NLC,43.0
CASP1,43.0
LINC02024,43.0
AF287957.1,43.0
C1QTNF2,43.0
AC011468.1,43.0
UNC5B-AS1,43.0
C12orf54,43.0
AC027575.2,43.0
LXN,43.0
MCM5,43.0
AC009318.2,43.0
FOXC2,43.0
METTL21C,43.0
DCT,43.0
SNHG4,43.0
ENO3,43.0
MCM3AP-AS1,43.0
AC110620.2,43.0
AL121832.2,43.0
ACADL,43.0
AC010501.2,43.0
CPS1,43.0
AC132938.1,43.0
MARVELD2,43.0
TMEM249,43.0
MEI1,43.0
ABCD1,42.0
SPSB1,42.0
AL356488.3,42.0
AC048382.6,42.0
C7orf61,42.0
ROPN1L,42.0
PBX4,42.0
SLC11A1,42.0
LINC01273,42.0
LINC01414,42.0
MYCNOS,42.0
AC018648.1,42.0
MND1,42.0
KMO,42.0
AL359764.1,42.0
SCGB1B2P,42.0
AC002558.3,42.0
MBNL3,42.0
ZFHX2-AS1,42.0
RUNX1,42.0
CFP,42.0
AC105916.1,42.0
AC009831.1,42.0
AC073320.1,42.0
AL137077.2,42.0
SPN,42.0
WFIKKN1,42.0
AC023509.3,42.0
PPP1R13L,42.0
TNK1,42.0
TMSB15B-1,42.0
PRTN3,42.0
AC116535.1,42.0
ADM,42.0
AL022322.2,42.0
AL355297.3,42.0
CD86,42.0
AC023593.1,42.0
BTC,42.0
VMO1,42.0
KANK4,42.0
HDHD5-AS1,42.0
TMEM200B,42.0
IRF7,42.0
PROB1,42.0
PCED1B-AS1,42.0
CSF3R,42.0
AC005076.1,42.0
DOCK9-DT,42.0
FLT3LG,42.0
CES3,42.0
AL137139.2,42.0
ZSCAN22,42.0
AL110114.1,42.0
LINC02193,42.0
AL513550.1,42.0
F13A1,42.0
AC007098.1,42.0
FAM155B,42.0
ZNF578,42.0
CMKLR1,42.0
AC011139.1,42.0
AL355578.1,42.0
CARD16,42.0
AP006333.2,42.0
LCN1,42.0
NFKBIZ,42.0
ZNF799,42.0
AP003108.1,41.0
AC016065.1,41.0
SAXO2,41.0
AC107294.2,41.0
PDGFD,41.0
LINC02447,41.0
XKR7,41.0
AC079148.1,41.0
AP000350.6,41.0
BMP8B,41.0
PLA2G4A,41.0
HPR,41.0
VAC14-AS1,41.0
TACR1,41.0
Z83745.1,41.0
AC066613.1,41.0
CTHRC1,41.0
NEK5,41.0
AC051619.5,41.0
AC103681.2,41.0
TFAP2E,41.0
ASPRV1,41.0
ACRV1,41.0
MIR181A1HG,41.0
AL133338.1,41.0
AL133353.1,41.0
LINC01721,41.0
GCH1,41.0
AC004982.2,41.0
AC017100.1,41.0
Z95331.1,41.0
LINC01301,41.0
ADAMTS9-AS2,41.0
MS4A7,41.0
C19orf54,41.0
HMOX1,41.0
SPATA17,41.0
CCL28,41.0
C17orf102,41.0
CCDC88C,41.0
EPHA5-AS1,41.0
NYNRIN,41.0
KRT81,41.0
RELB,41.0
RCC1,41.0
AC092140.2,41.0
AL033539.2,41.0
PPP1R12A-AS1,41.0
TIGD2,41.0
AC004982.1,41.0
NRM,41.0
CD163L1,41.0
CCER2,41.0
AC011477.2,41.0
ANKRD55,41.0
CDKN2B,41.0
AC012557.1,41.0
DMRT2,41.0
GHRLOS,41.0
SAP25,41.0
NTN5,40.0
SCML2,40.0
PCDHA10,40.0
CCDC15-DT,40.0
AC010542.5,40.0
AL009176.1,40.0
ICAM3,40.0
STARD5,40.0
AC083862.3,40.0
TSPAN2,40.0
AC239868.1,40.0
SUSD2,40.0
AL162511.1,40.0
RGR,40.0
SCRT2,40.0
C6orf52,40.0
AC024270.5,40.0
TMEM156,40.0
C19orf18,40.0
VSIG4,40.0
ZNF587B,40.0
POLD1,40.0
MYOCD,40.0
AC022613.1,40.0
COL4A4,40.0
FAM110D,40.0
ZNF674-AS1,40.0
AC092803.1,40.0
AC091607.2,40.0
AC007405.1,40.0
ABHD1,40.0
AC026367.3,40.0
LINC00894,40.0
C1orf226,40.0
AL359715.1,40.0
AC092807.3,40.0
AL049795.1,40.0
LINC01949,40.0
CYP4F26P,40.0
IFI30,40.0
AC073508.3,40.0
TMCO4,40.0
AC006449.5,40.0
HLA-F-AS1,40.0
LINC01176,40.0
AC245100.6,40.0
TRIM58,40.0
CEBPA-DT,40.0
ZSCAN2,40.0
KIF25,40.0
SUSD3,40.0
LAMA3,40.0
RTP1,40.0
ZNF367,39.0
AC016949.1,39.0
GET4,39.0
OR2L2,39.0
SMAD6,39.0
AL354872.2,39.0
IL4R,39.0
POLH,39.0
WAS,39.0
LINC01561,39.0
AC139099.2,39.0
RBFADN,39.0
AL353150.1,39.0
TIPARP-AS1,39.0
OAS2,39.0
TSPAN19,39.0
TSKU,39.0
TOLLIP-AS1,39.0
GOLT1A,39.0
ADAM32,39.0
CLEC2B,39.0
LINC00240,39.0
PI15,39.0
SHCBP1,39.0
HSD3B7,39.0
UCP2,39.0
AL353751.1,39.0
HK2,39.0
HHEX,39.0
AC023157.3,39.0
ZNF460-AS1,39.0
CFAP206,39.0
COL10A1,39.0
AC129507.1,39.0
ECSCR,39.0
PCDHB13,39.0
CPNE8-AS1,39.0
SIGLEC8,39.0
IL18BP,39.0
ANO1,39.0
DPP4,39.0
GALNT3,39.0
PVT1,39.0
SSC4D,39.0
LRRC38,39.0
SLCO2A1,39.0
MYH3,39.0
ENPP1,39.0
APOA1,39.0
TNFAIP3,39.0
AC132192.2,39.0
PON3,39.0
FIGNL2,39.0
IDH1-AS1,39.0
AC025171.2,39.0
AC092354.2,39.0
AC011447.3,39.0
SLFN11,39.0
MEIG1,39.0
ZSWIM4,39.0
AP003559.1,39.0
LINC00943,39.0
LRIG2-DT,39.0
AL390195.2,39.0
ZNF563,39.0
OAZ3,39.0
AL031595.3,39.0
AL691447.2,39.0
SND1-IT1,38.0
AC093424.1,38.0
DOK3,38.0
PMAIP1,38.0
ASB4,38.0
AC096677.1,38.0
Z95118.2,38.0
ATOH7,38.0
AC007066.2,38.0
KCNMB3,38.0
PCDHGA1,38.0
PCDHGA10,38.0
LINC00551,38.0
CLEC7A,38.0
LINC00893,38.0
MMP14,38.0
C10orf143,38.0
APOBEC3G,38.0
AC005726.4,38.0
AL109615.3,38.0
AC017083.2,38.0
AC006058.3,38.0
AC138150.1,38.0
AP002852.1,38.0
PABPC3,38.0
PRKAR2A-AS1,38.0
IL17RE,38.0
AC020916.1,38.0
ALPK3,38.0
LINC01232,38.0
AC069224.1,38.0
PAN3-AS1,38.0
ITPR3,38.0
SLC38A8,38.0
MEF2B,38.0
HCRT,38.0
S1PR2,38.0
AL136317.2,38.0
NTN1,38.0
GPSM3,38.0
VIT,38.0
AC100797.5,38.0
AC004825.2,38.0
SHH,38.0
TRAF1,38.0
MIR210HG,38.0
ZNF215,38.0
KIF11,38.0
TEAD3,38.0
FRMPD3,38.0
SGK2,38.0
BMP3,38.0
MFNG,38.0
AC097532.3,38.0
AC006504.1,38.0
SLC49A3,38.0
LINC02712,38.0
AC092720.1,38.0
PABPC5,38.0
SERF1A,38.0
AC074117.1,38.0
CENPW,38.0
CYP2D6,38.0
SCN1A-AS1,38.0
AC005972.3,38.0
AC110285.2,38.0
GSEC,38.0
LINC00923,38.0
AC105345.1,37.0
SPAG4,37.0
MPEG1,37.0
ARF4-AS1,37.0
MPO,37.0
AL031432.4,37.0
AL162311.1,37.0
HCK,37.0
AL139353.2,37.0
TMEM106A,37.0
NOMO2,37.0
CCNA2,37.0
LGR5,37.0
LY6G5C,37.0
TGIF2,37.0
NEK8,37.0
CCDC154,37.0
AL121908.1,37.0
RCVRN,37.0
LINC01877,37.0
LINC01359,37.0
AC106707.1,37.0
AL391069.2,37.0
MROH6,37.0
CH25H,37.0
DEPDC4,37.0
YBX2,37.0
ODC1-DT,37.0
LINC00987,37.0
MSR1,37.0
ALK,37.0
AL162377.1,37.0
CLEC4A,37.0
TTLL9,37.0
P3H2,37.0
AC009902.3,37.0
AC104162.2,37.0
CENPU,37.0
TMEM238,37.0
AC124016.1,37.0
SMIM2-AS1,37.0
ANKRD31,37.0
CFAP65,37.0
AC133919.1,37.0
AC063960.2,37.0
GLIS2-AS1,37.0
ZNF300,37.0
MKRN2OS,37.0
AK8,37.0
AL035461.2,37.0
KIF19,37.0
TVP23C,37.0
LIMD1-AS1,37.0
SLC12A1,37.0
LINC00891,37.0
FHAD1,37.0
AC022034.1,37.0
AC008459.1,37.0
AL162390.1,37.0
HCN4,37.0
AL122035.2,37.0
AC005041.4,37.0
TRIP10,37.0
ROPN1B,37.0
DIRC3-AS1,37.0
LINC01357,37.0
LEFTY1,37.0
MACORIS,37.0
ALDH1L1-AS2,37.0
FGD5,37.0
FAM110A,37.0
LINC00663,37.0
AL157893.2,37.0
SPATA1,36.0
AL391117.1,36.0
AC007996.1,36.0
AC022960.2,36.0
ZNF396,36.0
SFRP4,36.0
C1QTNF7,36.0
LINC01164,36.0
AL512662.2,36.0
CHST14,36.0
PLK1,36.0
AC009163.7,36.0
AC091057.3,36.0
SRPK3,36.0
ZNF19,36.0
ANKEF1,36.0
CREB3L4,36.0
AC005393.1,36.0
AL591895.1,36.0
PLCG1-AS1,36.0
LINC01123,36.0
SARDH,36.0
SNAI2,36.0
AL451085.2,36.0
LINC01549,36.0
LLGL2,36.0
MYH7,36.0
AC104653.1,36.0
EFCAB12,36.0
GATA2,36.0
ALDH3B1,36.0
MEX3A,36.0
AC107993.1,36.0
AC078795.2,36.0
ZNF485,36.0
LINC01135,36.0
AC087473.1,36.0
G0S2,36.0
PAQR5,36.0
ITGA11,36.0
UGDH-AS1,36.0
U95743.1,36.0
MIATNB,36.0
AL022324.3,36.0
AC010680.1,36.0
NFKB2,36.0
FGD2,36.0
ETV7,36.0
SLCO5A1,36.0
GAS6-DT,36.0
AC012020.1,36.0
LINC02611,36.0
PCED1B,36.0
NOMO3,36.0
SLC6A20,36.0
KIF15,36.0
HLA-DOA,36.0
AC107982.3,36.0
C5AR2,36.0
KLHL41,36.0
CHEK1,36.0
AL034348.1,36.0
CAPN10-DT,36.0
AC023480.1,36.0
SOCS2-AS1,36.0
ALDH1A2,36.0
SH2D4A,36.0
KLRC2,36.0
CLEC9A,36.0
SERPINI2,36.0
LINC02224,36.0
AC025048.2,36.0
GPR179,36.0
AL035078.1,36.0
SLC17A8,36.0
FMO5,36.0
HMX1,35.0
AZGP1,35.0
AC107464.1,35.0
AC135893.1,35.0
CLPSL1,35.0
AL731569.1,35.0
AC147651.1,35.0
AC018638.7,35.0
AC024560.4,35.0
SERPINA1,35.0
OXCT2,35.0
PARPBP,35.0
AL583856.2,35.0
FAAH2,35.0
AC072061.1,35.0
AC005332.7,35.0
TCTE1,35.0
AC099522.2,35.0
AF274853.1,35.0
AL118506.1,35.0
AC008543.1,35.0
TRIM5,35.0
FAM215B,35.0
MYC,35.0
SFTPD-AS1,35.0
C2orf15,35.0
IGSF10,35.0
ZNF132,35.0
FAM87A,35.0
MYOT,35.0
AL391834.2,35.0
LURAP1L-AS1,35.0
KNCN,35.0
AC006213.2,35.0
AL121944.1,35.0
LILRB1,35.0
AC005632.3,35.0
AL049749.1,35.0
AC022306.3,35.0
CDH23,35.0
AC079630.1,35.0
AC096585.1,35.0
LINC00642,35.0
MTTP,35.0
AC087501.4,35.0
CCDC74B,35.0
AC012508.1,35.0
ZNF350-AS1,35.0
MAFG-DT,35.0
C2,35.0
STON1,35.0
FRMPD1,35.0
PADI4,35.0
POGLUT2,35.0
GCSIR,35.0
CD274,35.0
WNT4,35.0
CCL3L1,35.0
RGPD8,35.0
CCR1,35.0
AC005520.5,35.0
AL133325.3,35.0
B4GALT1-AS1,35.0
GINS2,35.0
IL12A-AS1,35.0
AC092164.1,35.0
ACSL5,35.0
COL3A1,35.0
C7orf31,35.0
NOS3,35.0
AC046130.2,35.0
AC007262.2,35.0
AC092069.1,35.0
ARIH2OS,35.0
IL13RA2,35.0
VCAM1,35.0
STK32B,35.0
BAAT,35.0
KIF12,35.0
GNLY,35.0
AP005482.3,35.0
SLC25A35,35.0
SLC22A6,35.0
VANGL1,35.0
PPP1R3B,34.0
NCF1,34.0
SPATA18,34.0
AC011407.1,34.0
ZNF497,34.0
AC099792.1,34.0
FERMT3,34.0
AC105285.1,34.0
AC012368.1,34.0
AC092802.1,34.0
PINK1-AS,34.0
UBR5-AS1,34.0
ZNF433-AS1,34.0
C10orf67,34.0
ZC3H11B,34.0
ADAM8,34.0
AL132639.2,34.0
AC025287.2,34.0
AC092667.1,34.0
CMTM1,34.0
AC103810.2,34.0
AL358781.1,34.0
C2orf50,34.0
CFAP58-DT,34.0
AC010894.2,34.0
TMEM147-AS1,34.0
ITGA5,34.0
LRRC53,34.0
AC006449.6,34.0
SLC7A3,34.0
ARMC4,34.0
AL392172.1,34.0
AL136169.1,34.0
TONSL,34.0
DIRC3,34.0
AC146944.4,34.0
STARD7-AS1,34.0
AC087854.1,34.0
MUC1,34.0
SFXN2,34.0
AC026726.1,34.0
NTSR1,34.0
CRYGD,34.0
ITGA2B,34.0
AL450345.2,34.0
AC012306.3,34.0
AC004221.1,34.0
KIAA2012,34.0
SPDEF,34.0
SLC17A9,34.0
LINC01923,34.0
LSMEM1,34.0
AC027117.1,34.0
SLC2A4,34.0
AC012291.3,34.0
AC012645.3,34.0
YEATS2-AS1,34.0
LINC00683,34.0
C6orf163,34.0
TRIM71,34.0
SMIM1,34.0
FAM220A,34.0
LINC00504,33.0
TES,33.0
PPP1R42,33.0
CDCA4,33.0
TRIM72,33.0
ADCY4,33.0
CLEC3B,33.0
MCF2L-AS1,33.0
AC011374.1,33.0
CD93,33.0
MALL,33.0
AC005753.3,33.0
TRIM31,33.0
AURKA,33.0
OGN,33.0
FHDC1,33.0
CARD9,33.0
AC106820.4,33.0
AL450384.2,33.0
AL135910.1,33.0
DRAXIN,33.0
AC231759.2,33.0
CCDC71,33.0
KCNK7,33.0
THBS1,33.0
RFX8,33.0
AC010884.1,33.0
AIRE,33.0
AC099343.3,33.0
CYP4F3,33.0
FXYD2,33.0
PHEX-AS1,33.0
MFAP4,33.0
AC005306.1,33.0
LINC01971,33.0
AC087284.1,33.0
NOD1,33.0
AC002553.2,33.0
AC079322.1,33.0
AC012640.2,33.0
AC012313.5,33.0
AC099521.3,33.0
AC005034.6,33.0
SLC4A11,33.0
AQP9,33.0
PRR22,33.0
GNRH1,33.0
STXBP2,33.0
PLK4,33.0
AC018685.2,33.0
HCG25,33.0
WNT10A,33.0
SMN2,33.0
ADNP-AS1,33.0
CPLANE2,33.0
ZNF687-AS1,33.0
AP001528.1,33.0
ZNF460,33.0
HMMR,33.0
AC211476.6,33.0
TRPM6,33.0
AC138904.3,33.0
ZNF366,33.0
ZNF669,33.0
ST3GAL6-AS1,33.0
CHEK2,33.0
AL355377.4,32.0
AJ239322.1,32.0
SPAG6,32.0
HSF2BP,32.0
PTPN6,32.0
PRSS36,32.0
LINC00562,32.0
MSS51,32.0
AC005753.2,32.0
RASAL3,32.0
ERC2-IT1,32.0
TMEM255B,32.0
SH3TC2-DT,32.0
ADRB2,32.0
ZMYND10,32.0
TLL1,32.0
BLACAT1,32.0
AC087564.1,32.0
LINC00702,32.0
UFL1-AS1,32.0
GJA5,32.0
IKBKE,32.0
CNMD,32.0
FAM163B,32.0
AL135925.1,32.0
LIPT2,32.0
LINC01346,32.0
CTRL,32.0
RDH12,32.0
LINC01260,32.0
LINC02449,32.0
MSTN,32.0
AC090515.2,32.0
VAV1,32.0
ELOVL2-AS1,32.0
AC005062.1,32.0
DZIP1L,32.0
BX470102.2,32.0
XRCC2,32.0
IL3RA,32.0
BCL2L15,32.0
AC108471.2,32.0
TMEM52B,32.0
LINC00592,32.0
AC026689.1,32.0
ALOX5,32.0
AP000688.2,32.0
ULBP3,32.0
AC004943.2,32.0
AC097462.3,32.0
AC013275.1,32.0
LINC01827,32.0
BMP4,32.0
PARVG,32.0
SP140,32.0
OR14I1,32.0
TAL1,32.0
AL109628.2,32.0
GLB1L2,32.0
LY75,32.0
TFEC,32.0
IQGAP2,32.0
AL353688.1,32.0
AL391244.2,31.0
AC079921.1,31.0
AC107294.3,31.0
CCDC178,31.0
ARHGEF15,31.0
PRSS56,31.0
COL1A1,31.0
VWA2,31.0
PGR,31.0
AC006299.1,31.0
BX324167.1,31.0
KCNMB2-AS1,31.0
AC116407.2,31.0
AC099343.2,31.0
AC079766.1,31.0
AC016027.2,31.0
DERL3,31.0
EEF1AKMT3,31.0
RHOXF1,31.0
AC243830.2,31.0
VASH2,31.0
AC127024.6,31.0
LPP-AS2,31.0
AC093627.4,31.0
CDH3,31.0
AL118558.4,31.0
DUSP9,31.0
MIF-AS1,31.0
ENDOU,31.0
STK26,31.0
TMC4,31.0
ZNF442,31.0
C4orf47,31.0
AL035252.3,31.0
AC015982.2,31.0
AC092139.1,31.0
AC135803.1,31.0
LTBP2,31.0
LINC02614,31.0
AC023632.2,31.0
LINC02615,31.0
AL358472.3,31.0
ASNS,31.0
AC116667.1,31.0
SOD2-OT1,31.0
LTB,31.0
LINC00298,31.0
AL365295.1,31.0
SPC24,31.0
LINC01546,31.0
FMO2,31.0
AC073073.2,31.0
TMEM220-AS1,31.0
HLX,31.0
AC083843.3,31.0
AL160412.1,31.0
ZC3H12D,31.0
CENPK,31.0
AC027020.2,31.0
AL137802.2,31.0
AP001107.5,31.0
AC008897.3,31.0
AC080013.6,31.0
PLAUR,31.0
DENND2D,31.0
TEAD2,31.0
CBX2,31.0
CALHM1,31.0
MAP3K7CL,31.0
LIPC,31.0
GOLGA8O,31.0
LINGO3,31.0
PEX11G,31.0
AC079610.1,31.0
AC010623.1,31.0
CP,31.0
NCK1-DT,31.0
AL139089.1,31.0
LINC02774,31.0
HELZ2,31.0
AC011912.1,31.0
PRTG,31.0
TACC3,31.0
AP001269.4,31.0
AC006001.2,31.0
AC093627.5,31.0
ATP1A1-AS1,31.0
AP001021.1,31.0
DDX59-AS1,31.0
NXPH4,31.0
ZNF90,31.0
AC140912.1,31.0
ZNF837,30.0
AC097639.1,30.0
RAD51B,30.0
MC4R,30.0
ACAP2-IT1,30.0
PIF1,30.0
DDX47,30.0
AC021683.2,30.0
PAQR9,30.0
PLB1,30.0
C20orf204,30.0
PRR19,30.0
AC002070.1,30.0
DND1,30.0
CYSLTR1,30.0
AC112484.3,30.0
Z69706.1,30.0
LINC00158,30.0
MID2,30.0
AC087741.2,30.0
AC010245.2,30.0
ANKRD30A,30.0
FGR,30.0
KISS1R,30.0
ITPRIPL1,30.0
AC079781.5,30.0
DRC3,30.0
AL358472.2,30.0
AC004938.2,30.0
STARD8,30.0
C22orf23,30.0
RHCE,30.0
C11orf91,30.0
ZBTB11-AS1,30.0
BX255923.2,30.0
TMEM51-AS1,30.0
CFAP126,30.0
SPEGNB,30.0
PODN,30.0
CD248,30.0
AC093510.2,30.0
EFCAB10,30.0
NOXO1,30.0
TMEM45A,30.0
B3GALT5,30.0
AC010331.1,30.0
C3orf67,30.0
FIRRE,30.0
ZNF20,30.0
AL162431.1,30.0
AC093635.1,30.0
HTR4,30.0
POMK,30.0
AL163952.1,30.0
WDR49,30.0
AC012063.1,30.0
PROX1-AS1,30.0
AC022007.1,30.0
CCL4L2,30.0
AL356489.3,30.0
IL12RB1,30.0
LINC01141,30.0
UFSP1,30.0
EPHB4,30.0
SDC1,30.0
SAMD13,30.0
LINC00327,30.0
METTL7B,30.0
LINC02346,30.0
Z93943.1,30.0
C8orf34-AS1,30.0
HTR7,30.0
SLC22A10,30.0
PLGLB2,29.0
CHRNA5,29.0
DHRS7C,29.0
GLP2R,29.0
GDPD3,29.0
CCDC141,29.0
SPDYE16,29.0
INMT,29.0
CHN2,29.0
LINC01299,29.0
RNASE6,29.0
ANKRD34B,29.0
SOHLH2,29.0
N4BP2L2-IT2,29.0
CA3,29.0
SOS1-IT1,29.0
AL035670.1,29.0
SOX17,29.0
AL158163.2,29.0
AC011416.4,29.0
ABCC6,29.0
COL4A3,29.0
PTCHD4,29.0
C6orf141,29.0
ZNF813,29.0
AC025171.1,29.0
AL445250.1,29.0
AC007389.1,29.0
UCP3,29.0
ZNF93,29.0
AC112220.2,29.0
PCAT6,29.0
HIC1,29.0
AC012065.3,29.0
LSP1,29.0
FO393414.3,29.0
ZDHHC11,29.0
AC100793.2,29.0
LINC01725,29.0
AC017083.1,29.0
AC008074.2,29.0
EPHA1-AS1,29.0
TDGF1,29.0
AC048341.1,29.0
ASB5,29.0
AC008764.6,29.0
PHOSPHO1,29.0
AC107204.1,29.0
LINC00652,29.0
ZNF69,29.0
AL445433.2,29.0
KIAA0040,29.0
ALG1L,29.0
HAS2-AS1,29.0
SPANXA2-OT1,29.0
MAP1LC3B2,29.0
HPDL,29.0
AL031121.2,29.0
TCHH,29.0
CNN2,29.0
MXRA5,29.0
AL078622.1,29.0
PARD6G-AS1,29.0
AL353572.4,29.0
FBP1,29.0
AC009802.1,29.0
AC110597.1,29.0
AL358072.1,29.0
FCGR1B,29.0
TMC3-AS1,29.0
KIF26A,29.0
WEE2-AS1,29.0
AL354822.1,29.0
AC107464.3,28.0
AC011815.2,28.0
SULT2B1,28.0
AC009878.1,28.0
AP000662.1,28.0
AC005476.2,28.0
AL591845.1,28.0
C5AR1,28.0
PCDHB11,28.0
TMSB15B-AS1,28.0
CES1,28.0
DNAJC22,28.0
SLCO4C1,28.0
AC097500.1,28.0
AL356056.1,28.0
PRR16,28.0
AL133520.1,28.0
MATN3,28.0
KL,28.0
REM2,28.0
AC004784.1,28.0
CATSPERE,28.0
AC020658.5,28.0
TRAC,28.0
RPS10-NUDT3,28.0
AC013553.3,28.0
RIPOR3,28.0
CCNJL,28.0
AC093525.4,28.0
CDC25A,28.0
RGS18,28.0
THAP7-AS1,28.0
AC127526.2,28.0
OSCAR,28.0
CAPN12,28.0
AL161645.1,28.0
AC026401.3,28.0
OXCT1-AS1,28.0
FOXS1,28.0
C7,28.0
AL021368.1,28.0
PRAP1,28.0
AP000487.1,28.0
KLHL1,28.0
HOGA1,28.0
AL731702.1,28.0
LINC01119,28.0
BEST4,28.0
AL512343.2,28.0
SERF1B,28.0
FAM71D,28.0
GBGT1,28.0
AC095032.1,28.0
C11orf65,28.0
AGBL1,28.0
LRRC66,28.0
LINC01088,28.0
GPR149,28.0
RENBP,28.0
CLDN16,28.0
TMEM30B,28.0
GOLGA6L10,28.0
ARSE,28.0
AC055874.1,28.0
AC244213.1,28.0
DIO3OS,28.0
FAM20A,28.0
ELMO3,28.0
SGMS2,28.0
AC010931.3,28.0
UNC13D,28.0
TMEM79,28.0
AL078590.2,28.0
AC087623.3,28.0
RGPD5,28.0
THBD,28.0
CALML3-AS1,28.0
LINC02123,28.0
CCL2,28.0
GLIS1,28.0
SLFN12,28.0
AC002550.2,28.0
NPTN-IT1,28.0
AC044849.1,28.0
CD247,28.0
MILR1,28.0
ZMIZ1-AS1,28.0
BEND3,28.0
AC034268.2,28.0
AL024508.2,28.0
AC093484.3,27.0
AC009090.3,27.0
AL731566.3,27.0
AC004817.4,27.0
AC013460.1,27.0
AC012459.1,27.0
AC104335.2,27.0
LMNB1,27.0
AC093787.2,27.0
AC006230.1,27.0
HIST1H2BC,27.0
HFE,27.0
AC062022.2,27.0
TTC34,27.0
AC099521.1,27.0
AL121895.1,27.0
AC004816.2,27.0
KCTD11,27.0
HCG27,27.0
RAPGEF4-AS1,27.0
AQP6,27.0
FAM90A1,27.0
AL158055.1,27.0
AC103591.3,27.0
FAM163A,27.0
AVPR1A,27.0
IL1RL2,27.0
GPR183,27.0
DBF4B,27.0
IQCN,27.0
IGFN1,27.0
FZD10-AS1,27.0
SCN11A,27.0
AC004889.1,27.0
FAAP24,27.0
AC026801.2,27.0
AL606760.1,27.0
AC010132.4,27.0
DGCR11,27.0
PRODH,27.0
LINC00471,27.0
TIAF1,27.0
AC005740.5,27.0
AC010735.2,27.0
AC130466.1,27.0
KRT86,27.0
AKAP3,27.0
ABCG8,27.0
NPIPA3,27.0
AL136295.6,27.0
LYPLAL1-DT,27.0
U2AF1,27.0
TMEM225B,27.0
LINC01285,27.0
ZNF823,27.0
SEC14L6,27.0
VEGFD,27.0
AL021707.2,27.0
AP000802.1,27.0
AL024495.1,27.0
AL592295.5,27.0
C1QTNF6,27.0
AL512625.3,27.0
LMOD3,27.0
AC008115.4,27.0
SLC25A21-AS1,27.0
SP8,27.0
LYZ,27.0
TBX2-AS1,27.0
AC109466.1,27.0
AL441992.1,27.0
AL589765.7,27.0
PDGFRL,27.0
DCXR-DT,27.0
AC010641.2,27.0
TNFRSF13C,27.0
AL354920.1,27.0
LINC00853,27.0
LHFPL3,27.0
AC124319.2,27.0
KDELR3,27.0
RNF213-AS1,27.0
KCNG2,27.0
AC013391.3,27.0
AC069200.1,27.0
MOV10L1,27.0
GAB3,27.0
AC009275.1,27.0
AC055764.2,26.0
AC006427.2,26.0
MYZAP,26.0
ANKRD7,26.0
AL391845.2,26.0
SCARNA9,26.0
ZNF256,26.0
SLC52A3,26.0
AC005046.1,26.0
NPR3,26.0
AC068057.1,26.0
FAM178B,26.0
Z98884.2,26.0
PRIMA1,26.0
AC007773.1,26.0
HPN,26.0
AL022323.1,26.0
RASAL2-AS1,26.0
VPREB3,26.0
CASZ1,26.0
SPSB4,26.0
HPSE,26.0
AJ003147.2,26.0
HYAL1,26.0
AL009179.2,26.0
PODNL1,26.0
AL353576.1,26.0
CBLN3,26.0
TDRKH-AS1,26.0
PCDHGA3,26.0
LINC02028,26.0
LINC02043,26.0
BRCA2,26.0
AC097518.2,26.0
SLC1A5,26.0
HAGLR,26.0
AC112487.1,26.0
LINC02848,26.0
CEL,26.0
EZH2,26.0
AC019197.1,26.0
AC007448.4,26.0
RNASEH2A,26.0
LINC00877,26.0
RASL11A,26.0
CUBN,26.0
SH3RF2,26.0
ZNF816,26.0
NID2,26.0
EXOSC10-AS1,26.0
VAX1,26.0
EGF,26.0
SCARF2,26.0
AC007364.1,26.0
AL096701.4,26.0
TBC1D26,26.0
LINC01792,26.0
AC090948.1,26.0
LINC01338,26.0
SPIN2A,26.0
AC106795.2,26.0
FMOD,26.0
AC114284.1,26.0
PLIN4,26.0
AL035587.1,26.0
ZNF724,26.0
PRAM1,26.0
TMEM215,26.0
CDKN2A,26.0
TSPAN18,26.0
LRRIQ3,26.0
LIN28B,26.0
AF064858.1,26.0
AF131216.4,26.0
AC024941.2,26.0
LINC02777,26.0
AC026471.2,26.0
MEIKIN,26.0
CLPSL2,26.0
MRVI1-AS1,26.0
HEPN1,26.0
AC044802.2,26.0
TNNC1,26.0
AP000692.2,26.0
AC008945.1,26.0
ARHGAP8,26.0
METTL14-DT,26.0
ARHGAP30,26.0
AC092903.2,26.0
AL008633.1,26.0
AC008014.1,26.0
AC008764.8,26.0
AL024507.2,26.0
ULBP2,26.0
FRG1-DT,25.0
ANGPTL8,25.0
KCNH6,25.0
SOX3,25.0
AC092835.1,25.0
AC068643.1,25.0
ZNF552,25.0
AL117332.1,25.0
AC006157.1,25.0
CHRM5,25.0
NPAS4,25.0
IL32,25.0
AC005921.2,25.0
LRIG3,25.0
AL049651.2,25.0
TTC6,25.0
AC069544.1,25.0
PRLR,25.0
KCNA3,25.0
AL844908.2,25.0
GABRQ,25.0
DLL4,25.0
AOC2,25.0
AP001981.2,25.0
ZNF707,25.0
AC010336.5,25.0
LERFS,25.0
GRP,25.0
INSL3,25.0
DPH1,25.0
SPATA41,25.0
ZRANB2-AS2,25.0
PIRT,25.0
AC027045.3,25.0
AC103703.1,25.0
LINC02347,25.0
PLAC8L1,25.0
LEAP2,25.0
ZNF503-AS2,25.0
AL357497.1,25.0
AC092868.2,25.0
PRSS27,25.0
GLI2,25.0
AL136441.1,25.0
AL031658.2,25.0
CDH26,25.0
AC006213.1,25.0
SBSPON,25.0
AL158196.1,25.0
LINC02478,25.0
RABGAP1L-DT,25.0
CIITA,25.0
C1GALT1C1L,25.0
ZNF114,25.0
MESP2,25.0
AC092119.2,25.0
AC084824.5,25.0
AC068228.3,25.0
SLC9B1,25.0
POPDC2,25.0
AL080317.1,25.0
FGF20,25.0
MAMDC2,25.0
KLK5,25.0
C3orf35,25.0
AC239803.1,25.0
AC048382.5,25.0
AC092111.2,25.0
TRPM1,25.0
LINC01284,25.0
ZNF486,25.0
GJB2,25.0
AL391121.1,25.0
SLC35F4,25.0
AC073534.2,25.0
ZNF385C,25.0
SH3TC1,25.0
ADPGK-AS1,25.0
GRAMD2A,25.0
ADAMTS16,25.0
AL627309.1,25.0
EFCC1,25.0
AC022424.1,25.0
THNSL2,25.0
AC139795.3,24.0
RSPH4A,24.0
AC106820.2,24.0
MYCBPAP,24.0
AC090772.3,24.0
SWSAP1,24.0
VMAC,24.0
LINC02145,24.0
LAMTOR5-AS1,24.0
AC067930.8,24.0
AC107980.1,24.0
AC100779.1,24.0
AC009630.1,24.0
TPSB2,24.0
AC079950.1,24.0
NBAT1,24.0
PRX,24.0
PCDHGB6,24.0
EXTL3-AS1,24.0
AL391840.3,24.0
PACRG-AS3,24.0
SMIM5,24.0
ENPEP,24.0
AC097532.2,24.0
NCKAP5-AS2,24.0
AC011479.4,24.0
GPC3,24.0
GIMAP2,24.0
AL353622.1,24.0
SEMA6A-AS2,24.0
AC079341.1,24.0
AC097460.1,24.0
PPP1R36,24.0
AC007614.1,24.0
KTN1-AS1,24.0
AC100847.1,24.0
CD300A,24.0
PROCR,24.0
AC016957.2,24.0
LINC02009,24.0
TMEM88,24.0
AL138820.1,24.0
ZSCAN20,24.0
TRIM73,24.0
ASAP1-IT2,24.0
WDFY4,24.0
OR2AG2,24.0
AL592435.1,24.0
F5,24.0
AL512598.1,24.0
FAM182B,24.0
AL390208.1,24.0
AC100832.2,24.0
TNFSF4,24.0
LINC00924,24.0
C2CD4D,24.0
IGSF5,24.0
AL953883.1,24.0
ITPRIP,24.0
DBH,24.0
ITFG1-AS1,24.0
AC092969.1,24.0
AL441883.1,24.0
IL16,24.0
KDM4D,24.0
AL592494.2,24.0
AC024996.1,24.0
FOXF1,24.0
MYOZ1,24.0
LILRA2,24.0
AL078587.2,24.0
AGER,24.0
SNRK-AS1,24.0
CCL27,24.0
CRYBB2,24.0
SCUBE3,24.0
LINC01331,24.0
PSMB8-AS1,24.0
MARCH10,24.0
LINC00488,24.0
CTF1,24.0
IL11,24.0
NR2F2-AS1,24.0
CCL5,24.0
AL158077.2,24.0
MLKL,24.0
CDC42EP5,24.0
VGLL3,24.0
BTBD19,24.0
FANCC,24.0
GAS2L3,24.0
AC233280.1,24.0
LINC01063,24.0
LINC02600,24.0
SLC26A1,24.0
AC010809.2,24.0
HPN-AS1,24.0
FXYD3,24.0
AC084809.2,24.0
BDKRB2,24.0
AC253576.2,23.0
FAM160A1,23.0
TNKS2-AS1,23.0
AC008443.8,23.0
DMC1,23.0
AL354824.1,23.0
PLBD1,23.0
NACA2,23.0
AC004233.3,23.0
HLA-DQA1,23.0
AC007038.1,23.0
LINC01954,23.0
ZNF165,23.0
AC092640.1,23.0
COL17A1,23.0
PRNCR1,23.0
KCNK15-AS1,23.0
LINC01703,23.0
AC011444.1,23.0
UHRF1,23.0
AP003419.3,23.0
BEST3,23.0
AC109782.1,23.0
AC027601.4,23.0
LINC02283,23.0
CNKSR1,23.0
AF165147.1,23.0
AC012065.4,23.0
EGFL6,23.0
ANGPTL6,23.0
DUSP27,23.0
AL606753.2,23.0
HNF4A,23.0
AL731537.1,23.0
OLFML1,23.0
AC017050.1,23.0
AL442128.2,23.0
AC130324.1,23.0
SDR42E2,23.0
LPIN3,23.0
FZD4-DT,23.0
HMSD,23.0
LINC00443,23.0
AC096642.1,23.0
LINC01569,23.0
AL590428.1,23.0
LOX,23.0
HAPLN3,23.0
ACKR2,23.0
AC104113.1,23.0
CCDC144NL,23.0
AC006942.1,23.0
ABO,23.0
LINC01137,23.0
FPR1,23.0
EMC1-AS1,23.0
GLUD2,23.0
PTGDR2,23.0
FAM83D,23.0
LINC01844,23.0
LINC02060,23.0
LINC01560,23.0
AC138696.2,23.0
RAB6C,23.0
LINC01320,23.0
PHEX,23.0
FRMD6-AS1,23.0
AL391560.2,23.0
LINC02381,23.0
LCN15,23.0
AL138689.2,23.0
DNMT3B,23.0
CD101,23.0
ZIM2,23.0
PPP3CB-AS1,23.0
C20orf203,23.0
AC246817.1,23.0
AC002456.1,23.0
ZBED6CL,23.0
AP000345.2,23.0
SPINK2,23.0
AL591222.1,23.0
AC040174.1,23.0
MIR34AHG,23.0
AL121894.3,23.0
AC007389.5,23.0
HRCT1,23.0
LINC02803,23.0
AL136114.1,23.0
LINC00926,23.0
GSG1,23.0
AC104078.1,23.0
AC092376.3,23.0
VSX1,23.0
NKPD1,23.0
AC020930.1,23.0
AC064829.1,23.0
AC006249.1,22.0
CACNA1G-AS1,22.0
NPIPB11,22.0
PNPLA3,22.0
OXGR1,22.0
AL022322.1,22.0
TMEM9B-AS1,22.0
FIBCD1,22.0
HCP5,22.0
HES7,22.0
AC108488.1,22.0
CDR1,22.0
AP001267.3,22.0
AL513548.4,22.0
FGL1,22.0
KRT31,22.0
ZNF236-DT,22.0
TRAIP,22.0
HIST1H2BN,22.0
ZSCAN23,22.0
LINC00324,22.0
FAM72A,22.0
AC021851.1,22.0
AKR1E2,22.0
ISG20,22.0
ALOX12B,22.0
NEMP2,22.0
GPR4,22.0
DEPDC1,22.0
BTBD16,22.0
ZNF221,22.0
AQP5,22.0
AC020765.2,22.0
BATF2,22.0
MS4A6A,22.0
BHMT,22.0
AL138690.1,22.0
AL359921.2,22.0
SH2D1B,22.0
LINC00326,22.0
AL023806.1,22.0
HBZ,22.0
ICAM1,22.0
AC104785.1,22.0
NOCT,22.0
UBAC2-AS1,22.0
AL365259.1,22.0
ZNF556,22.0
LINC01238-1,22.0
MAFIP,22.0
NHLH2,22.0
SYCP3,22.0
AC007878.1,22.0
AC087752.4,22.0
AC005962.1,22.0
DEPDC7,22.0
AC145212.1,22.0
AC080078.2,22.0
BNC2,22.0
RPP38-DT,22.0
STAM-AS1,22.0
AC008738.4,22.0
AURKC,22.0
AL031963.3,22.0
PTPRH,22.0
COL13A1,22.0
TRAF3IP3,22.0
U91319.1,22.0
LINC02714,22.0
CARD6,22.0
AC104260.1,22.0
NKG7,22.0
C11orf45,22.0
PCDHAC2,22.0
GLYCTK,22.0
SGCA,22.0
LINC02301,22.0
AC116158.3,22.0
THSD7B,22.0
AL445222.1,22.0
ZNF726,22.0
STEAP3,22.0
DNAJC5G,22.0
AC092354.1,22.0
AC233992.3,22.0
AL355353.1,22.0
CD226,22.0
PCDHGA9,22.0
HKDC1,22.0
GGN,22.0
RAB20,22.0
KLHL11,22.0
C21orf62,22.0
MPZ,22.0
CRACR2A,22.0
UBE2L5,22.0
CRHR2,22.0
CHRNE,22.0
KLHL7-DT,22.0
TTC29,22.0
ZNF295-AS1,22.0
AC023424.3,22.0
AP005530.1,21.0
AC068338.2,21.0
AC010210.1,21.0
AC121761.2,21.0
AL356740.1,21.0
AC123784.1,21.0
AC128687.2,21.0
AC025165.4,21.0
CU638689.5,21.0
COL8A2,21.0
GPR20,21.0
TCF19,21.0
HCG17,21.0
RN7SL832P,21.0
AC114971.1,21.0
ASGR2,21.0
C10orf142,21.0
VWA7,21.0
AL161734.1,21.0
TRIM21,21.0
ZP3,21.0
AC074286.1,21.0
ZNF860,21.0
AC119673.2,21.0
AL512283.1,21.0
AL031666.1,21.0
PPP1R1C,21.0
HPGDS,21.0
ENO4,21.0
AC008147.2,21.0
AC244636.3,21.0
C9orf50,21.0
KIRREL1,21.0
AL359233.1,21.0
WEE1,21.0
C10orf82,21.0
AL023775.2,21.0
TNFAIP8L2,21.0
LRRC9,21.0
AP001160.4,21.0
ADAMTS7,21.0
NOX4,21.0
OPN4,21.0
AC023983.2,21.0
LOXL1,21.0
ACTRT3,21.0
AL139274.2,21.0
AL359636.2,21.0
AQP3,21.0
CHRFAM7A,21.0
AC048341.2,21.0
ETV4,21.0
TNFAIP8,21.0
TRPC4,21.0
ZNF730,21.0
HIST1H2BG,21.0
ADRA1A,21.0
AC024257.4,21.0
MPZL3,21.0
AC019080.6,21.0
TESMIN,21.0
CYSRT1,21.0
AC087741.1,21.0
CGN,21.0
PANO1,21.0
CGAS,21.0
KCNJ5,21.0
KNG1,21.0
AC010632.2,21.0
PTGER4,21.0
BRWD1-AS2,21.0
AL445423.1,21.0
CCDC144NL-AS1,21.0
AC008946.1,21.0
AC092652.2,21.0
AC016405.3,21.0
PRRG4,21.0
AC012510.1,21.0
TLR5,21.0
ADAMTSL5,21.0
ARMC12,21.0
AC005089.1,21.0
AC090825.1,21.0
TMC8,21.0
AKAP14,21.0
LINC01948,21.0
AC104590.1,21.0
THRB-AS1,21.0
AC114947.2,21.0
PCDHGA8,21.0
CHMP4C,21.0
RTP4,21.0
AC005225.2,21.0
AL139243.1,21.0
KIF23,21.0
TRPC5,21.0
AL162411.1,21.0
AC107072.2,21.0
AL445493.3,21.0
AC107871.2,21.0
CCDC102A,21.0
AC073389.2,21.0
AL359091.4,21.0
TTC23L,21.0
AC174065.1,21.0
AC018761.2,21.0
ZNF534,21.0
AC073957.3,21.0
ADAMTS9-AS1,21.0
LCA5L,21.0
AC068790.2,21.0
TDRD5,21.0
AC005537.1,21.0
AL035252.5,21.0
AC060814.5,21.0
AC022382.1,21.0
ARHGEF39,21.0
AP003465.1,21.0
LINC01415,21.0
CYP4Z1,21.0
OVOL2,21.0
STX19,21.0
AL357054.4,21.0
VN1R1,21.0
AC016831.7,20.0
HMCN2,20.0
AP002840.2,20.0
AC009899.1,20.0
ADAMTSL1,20.0
CYTL1,20.0
EPHA2,20.0
WDR62,20.0
PROSER2-AS1,20.0
CDK2,20.0
ECHDC3,20.0
SASH3,20.0
AC119403.1,20.0
LONRF3,20.0
AC007375.3,20.0
AC127496.5,20.0
LINC02717,20.0
AC136475.5,20.0
ST14,20.0
GIPC2,20.0
MME,20.0
TGM1,20.0
ZNF850,20.0
DEPDC1B,20.0
AL592424.1,20.0
AP006623.1,20.0
KHDC1L,20.0
DNAH17-AS1,20.0
AL354836.1,20.0
AC148477.2,20.0
SNTG2,20.0
AL031429.2,20.0
AC067852.5,20.0
ASPM,20.0
AL008718.2,20.0
AL121827.1,20.0
AL035425.3,20.0
LINC02739,20.0
ADAM12,20.0
AL132780.1,20.0
AC096733.2,20.0
CPO,20.0
AC109322.1,20.0
AC131159.2,20.0
EFNA2,20.0
GPR160,20.0
DMRT3,20.0
AC015917.2,20.0
AL392172.2,20.0
ALB,20.0
RBMS3-AS3,20.0
MAP4K1,20.0
ERAS,20.0
C2CD6,20.0
TMIGD2,20.0
AL592078.2,20.0
AC010904.2,20.0
HPX,20.0
LRRC43,20.0
NDNF,20.0
AL139232.1,20.0
KCNQ5-IT1,20.0
AC124804.1,20.0
AL357079.1,20.0
PCDHGA5,20.0
ITIH3,20.0
NAT16,20.0
AC020909.2,20.0
NUDT13,20.0
C2orf73,20.0
AC067750.1,20.0
AL359220.1,20.0
AC079447.1,20.0
AL118508.1,20.0
ABCC3,20.0
AL118505.1,20.0
M1AP,20.0
AC004854.2,20.0
ZNF888,20.0
TBX15,20.0
YY2,20.0
AC020656.1,20.0
AP000439.2,20.0
KLRD1,20.0
AC095060.1,20.0
AC010175.1,20.0
AL138824.1,20.0
AC092445.1,20.0
ZMYND15,20.0
LRRC26,20.0
CFAP58,20.0
LIN28B-AS1,20.0
C4orf36,20.0
S100A9,20.0
AC130343.2,20.0
OTOF,20.0
CCDC89,20.0
AC002480.1,20.0
C1orf112,20.0
CDCA7,20.0
AC012101.2,20.0
FSIP2,20.0
AC097359.3,20.0
ERICD,20.0
VEGFC,20.0
AC090629.1,20.0
RAC2,20.0
ADARB2-AS1,20.0
AL078459.1,20.0
AC034236.2,20.0
ITGAL,20.0
SNAI1,20.0
AP003068.2,20.0
AC107214.1,20.0
CHRNA7,20.0
IL1RAPL2,20.0
PPIAL4G,20.0
ATP13A5,20.0
SYTL1,19.0
PACRG-AS1,19.0
AC131212.1,19.0
AC025164.1,19.0
AC018653.3,19.0
AL080276.2,19.0
AL596087.2,19.0
SLC22A14,19.0
AL139317.5,19.0
TRH,19.0
AC011462.4,19.0
SMIM11B,19.0
AC087164.1,19.0
PON1,19.0
AC121757.2,19.0
VTN,19.0
MEDAG,19.0
AL162274.2,19.0
GJD3,19.0
AL096865.1,19.0
AP001318.2,19.0
AC104118.1,19.0
A4GALT,19.0
UXT-AS1,19.0
AL031432.3,19.0
AL135905.1,19.0
AC010654.1,19.0
LTB4R,19.0
SCUBE1,19.0
GSTA1,19.0
LOR,19.0
AC092375.2,19.0
LINC02185,19.0
AC005899.5,19.0
AC022966.2,19.0
RABGAP1L-IT1,19.0
LINC02473,19.0
LINC01235,19.0
LRIT3,19.0
CBS,19.0
HSD11B1-AS1,19.0
AC092428.1,19.0
CARD10,19.0
NRN1L,19.0
AC005899.7,19.0
AL589935.1,19.0
AC016576.1,19.0
CRACR2B,19.0
AL359851.1,19.0
ZNF79,19.0
AL023553.1,19.0
FLG-AS1,19.0
AC011503.2,19.0
CXCL5,19.0
AL031118.1,19.0
MIR3681HG,19.0
AL354696.1,19.0
AL442125.1,19.0
AC013468.1,19.0
SHBG,19.0
TBX6,19.0
CLCA4-AS1,19.0
AC234775.3,19.0
TCF7,19.0
AKNAD1,19.0
PKN3,19.0
AC090617.10,19.0
LINC00824,19.0
HESX1,19.0
DRGX,19.0
AP000926.2,19.0
DACT2,19.0
AC023154.1,19.0
AF279873.3,19.0
UBL7-AS1,19.0
AL161665.1,19.0
AL138960.1,19.0
AC104088.3,19.0
AL512625.1,19.0
AL360012.1,19.0
AC079015.1,19.0
ATP6V1C2,19.0
AL021308.1,19.0
NUSAP1,19.0
IGLL1,19.0
C10orf25,19.0
BISPR,19.0
PLVAP,19.0
AL162412.1,19.0
AC008164.1,19.0
CYP1A1,19.0
TSPAN8,19.0
DNAI1,19.0
PCDHGA6,19.0
AF121898.1,19.0
LINC01309,19.0
AC010531.6,19.0
BORA,19.0
AC079352.1,19.0
TNFRSF11B,19.0
AC021752.1,19.0
AP003392.5,19.0
AC134312.1,19.0
RPL34-AS1,19.0
NIPAL4,19.0
AC008571.2,19.0
LINC01597,19.0
FAM71F1,19.0
PLEKHG4,19.0
AL355816.2,19.0
SMCO2,19.0
AC023510.2,19.0
CFAP61,19.0
LINC00653,19.0
AC084740.1,19.0
TCAF2,19.0
HIPK1-AS1,19.0
ADIRF-AS1,19.0
AC092171.3,19.0
TRIM61,19.0
AVP,19.0
SAMD11,19.0
AL163051.1,19.0
AC007938.1,19.0
AC008264.2,19.0
LINC02724,19.0
TNFRSF4,18.0
SNHG22,18.0
KLLN,18.0
AC126121.3,18.0
ADGRE2,18.0
AC106820.3,18.0
CALHM5,18.0
PKMYT1,18.0
TRIM29,18.0
AC022098.1,18.0
AC097634.1,18.0
AL355377.3,18.0
AL136454.1,18.0
SPATA4,18.0
MANEA-DT,18.0
AC007192.2,18.0
AC002470.1,18.0
AP000866.6,18.0
WNT9B,18.0
KCNQ1,18.0
AL360219.1,18.0
INAVA,18.0
LINC00910,18.0
SRL,18.0
RHO,18.0
AL158151.1,18.0
ZNF99,18.0
LINC02649,18.0
NFAM1,18.0
PTPRQ,18.0
PTGFR,18.0
AC034102.8,18.0
BHLHE40-AS1,18.0
MUCL1,18.0
ETV2,18.0
AC025449.2,18.0
RS1,18.0
GYPE,18.0
TRIM34,18.0
AC079915.1,18.0
AL354707.1,18.0
AC116407.1,18.0
AC027237.3,18.0
AP003025.2,18.0
CISTR,18.0
AC009570.1,18.0
NPIPA5,18.0
AC064807.4,18.0
LINC00836,18.0
AC016596.1,18.0
CRYBA2,18.0
LCMT1-AS1,18.0
AC010201.2,18.0
TSPAN10,18.0
PTX3,18.0
ATP5MGL,18.0
AC087482.1,18.0
LCTL,18.0
LINC02172,18.0
FAM151B,18.0
AC098483.1,18.0
PTK6,18.0
AL352979.4,18.0
AC106845.1,18.0
CASP8,18.0
CDCA3,18.0
LINC01250,18.0
TMSB15B,18.0
AC091826.2,18.0
ANKRD44-IT1,18.0
FBXL19-AS1,18.0
C8orf48,18.0
AC103758.1,18.0
RUSC1-AS1,18.0
GRTP1,18.0
LINC00598,18.0
CD36,18.0
AC018362.1,18.0
MYLK3,18.0
USP6,18.0
USP27X-AS1,18.0
AC011416.3,18.0
PRDM6,18.0
NAPA-AS1,18.0
AC009961.1,18.0
DBH-AS1,18.0
DPT,18.0
NUF2,18.0
AC135457.1,18.0
AC073225.1,18.0
AL442663.3,18.0
NFIA-AS2,18.0
TEC,18.0
AC007920.2,18.0
KYNU,18.0
AC005609.5,18.0
UBE2Q2L,18.0
HIST2H3PS2,18.0
PCDHGA12,18.0
AL512353.1,18.0
CDCA8,18.0
SMIM6,18.0
HGD,18.0
PCAT7,18.0
TLR6,18.0
AC130352.1,18.0
CFAP300,18.0
SCGN,18.0
CYP27C1,18.0
AC027097.2,18.0
AC027097.1,18.0
CFAP57,18.0
FYB2,18.0
AL450311.1,18.0
AC007743.1,18.0
HEATR4,18.0
AC068535.1,18.0
AC006116.11,18.0
SFTPA2,18.0
AP005205.2,18.0
REP15,18.0
TSPAN1,18.0
MESTIT1,18.0
AC083880.1,18.0
HEMGN,18.0
AC004556.3,17.0
AL049840.6,17.0
RAD54L,17.0
FLT4,17.0
AC104117.3,17.0
ISM1,17.0
AP001330.1,17.0
AP001029.2,17.0
LINC00887,17.0
AL391422.4,17.0
LINC02525,17.0
AC005041.5,17.0
ARHGEF19,17.0
AC105052.4,17.0
TBX19,17.0
AC073475.1,17.0
LINC00636,17.0
WASIR2,17.0
AL008727.1,17.0
RFPL3S,17.0
AC126283.1,17.0
AL807742.1,17.0
AL445438.1,17.0
NR0B1,17.0
ZNF491,17.0
MEOX2,17.0
DENND1C,17.0
GATA2-AS1,17.0
TTC36,17.0
AP001267.1,17.0
TEX14,17.0
PRR29-AS1,17.0
AC022364.1,17.0
AF131216.3,17.0
AP000867.5,17.0
CRTAM,17.0
AC090204.1,17.0
AL080317.2,17.0
AL133304.3,17.0
AL136040.1,17.0
AL109947.1,17.0
LINC01445,17.0
AC022075.1,17.0
SPRY4-AS1,17.0
OLFM4,17.0
AC239799.1,17.0
SRPX2,17.0
BCL2L12,17.0
PCDHA12,17.0
GRM5-AS1,17.0
HIST1H2AE,17.0
AL139385.1,17.0
PCLAF,17.0
AC009996.1,17.0
AC007405.2,17.0
AC024257.3,17.0
C16orf71,17.0
AL445623.2,17.0
AC131009.2,17.0
AC100793.4,17.0
DMRTA1,17.0
LINC01993,17.0
AL031590.1,17.0
TLR3,17.0
AC126118.1,17.0
LINC01311,17.0
USP46-AS1,17.0
AC024361.2,17.0
AP002748.4,17.0
WFDC3,17.0
AC006262.1,17.0
AC007285.1,17.0
SLFN13,17.0
SREBF2-AS1,17.0
AL122125.1,17.0
AC069228.1,17.0
TP53AIP1,17.0
AC022167.2,17.0
AL137026.1,17.0
EPB41L4A-DT,17.0
AC073195.1,17.0
ALOX15B,17.0
AC239804.1,17.0
NAALADL1,17.0
AC022613.3,17.0
AC073476.3,17.0
AC011840.1,17.0
AC103769.1,17.0
SCART1,17.0
RAB17,17.0
KIRREL2,17.0
ANO7,17.0
AC018816.1,17.0
LINC01266,17.0
AC004147.2,17.0
AC055822.1,17.0
AL020997.3,17.0
EIF3CL,17.0
HS3ST3B1,17.0
AC139100.1,17.0
WDR11-AS1,17.0
IP6K3,17.0
SMAGP,17.0
F2RL1,17.0
FOXO3B,17.0
TEAD4,17.0
UNC5CL,17.0
OBSCN-AS1,17.0
AC087294.1,17.0
AC093843.1,17.0
ARHGEF16,17.0
COL15A1,17.0
C1QTNF12,17.0
LIPG,17.0
DCDC1,17.0
FBXO43,17.0
AC012313.1,17.0
TCF15,17.0
AP003352.1,17.0
AC010336.8,17.0
AC023886.1,17.0
LINC01410,17.0
AL022341.2,17.0
GALR3,17.0
BMPR1B-DT,17.0
PRDM12,17.0
RRH,17.0
FAM41C,17.0
SMYD1,17.0
AL353194.1,17.0
AC079385.1,16.0
SLC16A12,16.0
AC104964.1,16.0
CARD11,16.0
CFI,16.0
AC084782.1,16.0
AC005520.2,16.0
ERICH5,16.0
FGF18,16.0
AL354760.1,16.0
AL109917.1,16.0
PRKCZ-AS1,16.0
AL135999.3,16.0
MDFI,16.0
AL354950.1,16.0
AC002094.4,16.0
FOXH1,16.0
WNT6,16.0
AP000320.1,16.0
LINC01579,16.0
GRIK1-AS1,16.0
CYYR1-AS1,16.0
AJUBA,16.0
AC100810.7,16.0
AC025774.1,16.0
AC120114.2,16.0
DAPK1-IT1,16.0
AC087273.2,16.0
AC010864.1,16.0
PCOTH,16.0
AL390783.1,16.0
GPC2,16.0
CFAP157,16.0
AL353151.2,16.0
GPX8,16.0
FXYD4,16.0
DLEU2L,16.0
LINC02606,16.0
KCNK13,16.0
ACAN,16.0
AC008883.3,16.0
RGMB-AS1,16.0
C1RL-AS1,16.0
FSIP2-AS2,16.0
LINC02177,16.0
AC004522.5,16.0
AC016027.1,16.0
TBC1D3L,16.0
DDX43,16.0
AC015722.2,16.0
SGCG,16.0
AC007786.1,16.0
LINC00906,16.0
CERKL,16.0
AC064875.1,16.0
LINC02804,16.0
AC068620.2,16.0
AMDHD1,16.0
AC110792.3,16.0
HOXD1,16.0
F7,16.0
F10,16.0
CCNI2,16.0
ASAH2,16.0
KIF24,16.0
CACNA1S,16.0
MRGPRE,16.0
AL450338.2,16.0
AC069360.1,16.0
AL359715.2,16.0
AC107294.1,16.0
CDK1,16.0
PCDHAC1,16.0
HAS2,16.0
FAM157C,16.0
PCDHA5,16.0
PCDHA9,16.0
AC020594.1,16.0
AL603839.3,16.0
PCDHGB7,16.0
CD33,16.0
CRNDE,16.0
LINC01607,16.0
LINC02475,16.0
AC012306.2,16.0
LINC02613,16.0
CYP1B1-AS1,16.0
AL591043.2,16.0
AL590550.1,16.0
TMEM154,16.0
AC098679.1,16.0
AL121603.2,16.0
AL008730.1,16.0
CLTRN,16.0
AC005523.1,16.0
BSN-DT,16.0
CLDN9,16.0
CDKL4,16.0
AL137246.2,16.0
PRF1,16.0
TMEM61,16.0
AC073389.3,16.0
MYLK2,16.0
KCP,16.0
LRRN4CL,16.0
AC034111.1,16.0
GP6,16.0
LMO7-AS1,16.0
AC012213.3,16.0
C8orf88,16.0
AL732509.1,16.0
BRIP1,16.0
HSD17B13,16.0
CYP11A1,16.0
AL450267.2,16.0
ZBTB20-AS4,16.0
AC026341.1,16.0
C3orf52,16.0
ADGRG6,16.0
TACR3,16.0
STPG2,16.0
PKLR,16.0
TBC1D8-AS1,16.0
AL445309.1,16.0
EDA,16.0
NCAPH,16.0
LINC01816,16.0
SPTLC3,16.0
AC083862.2,16.0
AC025887.2,16.0
AL133367.1,16.0
AL359881.3,15.0
PIK3CD-AS2,15.0
AC073878.1,15.0
RGS1,15.0
KIF14,15.0
AC012676.1,15.0
AC072039.2,15.0
TK1,15.0
FGF5,15.0
GABRR2,15.0
PKP1,15.0
AC017048.3,15.0
RUNX3,15.0
AC104463.2,15.0
AC007666.1,15.0
AC090015.1,15.0
AC020634.2,15.0
CIDEB,15.0
AP000757.1,15.0
GAS5-AS1,15.0
AC083809.1,15.0
ADPRH,15.0
GDF9,15.0
CARD8-AS1,15.0
TMEM71,15.0
AP000442.1,15.0
AL449403.2,15.0
AC007106.2,15.0
CCDC87,15.0
AC005009.2,15.0
ZBTB44-DT,15.0
AP003025.1,15.0
PCOLCE2,15.0
CD200R1,15.0
AC069234.4,15.0
DTL,15.0
SUMO4,15.0
LOXL2,15.0
AL669970.3,15.0
AP1M2,15.0
BX088651.4,15.0
SLC6A16,15.0
ZNF572,15.0
PKD2L2,15.0
AC013731.1,15.0
AC099684.1,15.0
AC008063.1,15.0
LINC01778,15.0
GJB5,15.0
AL139815.1,15.0
OR3A2,15.0
AL135999.1,15.0
AC090186.1,15.0
LINC00958,15.0
NPFFR2,15.0
DCST1-AS1,15.0
LINC01978,15.0
DIABLO,15.0
AC092809.4,15.0
KCNE2,15.0
MUC19,15.0
TLR1,15.0
ZDHHC19,15.0
NRROS,15.0
CRYGN,15.0
EGFLAM,15.0
ARL11,15.0
AIRN,15.0
CENPM,15.0
S100A2,15.0
AL606834.1,15.0
AC036108.3,15.0
AP001172.1,15.0
AC099850.1,15.0
AC008870.2,15.0
AL359921.1,15.0
AC011468.5,15.0
PCDH12,15.0
PROC,15.0
KLK10,15.0
BCL2L10,15.0
KDM4A-AS1,15.0
IL7R,15.0
RBM44,15.0
SAP30L-AS1,15.0
OVCH1-AS1,15.0
AL731563.3,15.0
CKAP2L,15.0
ZXDA,15.0
P2RY6,15.0
AC103923.1,15.0
AL159169.3,15.0
AC099517.1,15.0
EBLN2,15.0
CUZD1,15.0
AL117379.1,15.0
AC145285.6,15.0
BX537318.1,15.0
AL022069.1,15.0
TIGD4,15.0
CLEC18B,15.0
PRICKLE3,15.0
SRD5A3-AS1,15.0
EEF1AKMT4,15.0
IQCH,15.0
AC007036.5,15.0
AC008691.1,15.0
IL1R1,15.0
AC010491.1,15.0
NPIPB6,15.0
MSH5,15.0
LAG3,15.0
CASS4,15.0
AC069243.1,15.0
AC010201.1,15.0
AZU1,15.0
AC135050.3,15.0
AC007611.1,15.0
ARHGEF7-AS2,15.0
CDHR2,15.0
LINC01485,15.0
AC018413.1,15.0
AL035409.1,15.0
IKZF3,15.0
AL137186.2,15.0
LINC02019,15.0
AC092745.5,15.0
AC007608.3,15.0
ANKLE1,15.0
MST1R,15.0
AL390755.1,15.0
AC007497.1,15.0
LINC01619,15.0
AC087883.2,15.0
AC078881.1,15.0
AC079949.1,15.0
ALMS1-IT1,15.0
ACVR2B-AS1,15.0
AC022506.2,15.0
INSYN1-AS1,15.0
AC090425.3,15.0
SFRP5,15.0
ERVMER34-1,15.0
AL158071.1,15.0
AL158071.5,15.0
AC021242.3,15.0
AC019294.2,15.0
AC024236.1,15.0
MMP23B,15.0
AC131238.1,15.0
MMRN1,15.0
RNF122,15.0
OSTM1-AS1,15.0
RNF157-AS1,15.0
TEKT3,15.0
MAPK15,15.0
GOLGA8R,15.0
AC105052.5,15.0
TRPV6,15.0
AC006213.5,15.0
AL161891.1,15.0
AC002553.1,15.0
PSG8-AS1,15.0
AC127537.1,15.0
AC244090.3,15.0
AL139383.1,14.0
AC090877.2,14.0
AC123768.3,14.0
ZIC3,14.0
MPP4,14.0
AP001977.1,14.0
CLEC5A,14.0
AC004918.4,14.0
DIO3,14.0
SLC13A4,14.0
CYP2S1,14.0
AC092844.1,14.0
AL359532.1,14.0
SNHG31,14.0
AL035696.4,14.0
EXOC3L1,14.0
LINC00237,14.0
AL133351.1,14.0
AC010542.4,14.0
AC104187.1,14.0
AL355916.2,14.0
AC144831.1,14.0
GPR75,14.0
AL133405.2,14.0
LINC01976,14.0
RAMP2-AS1,14.0
AC118553.1,14.0
AC090469.1,14.0
AC005082.1,14.0
AC125437.1,14.0
LINC02356,14.0
AC092053.3,14.0
SCGB3A1,14.0
AC073046.4,14.0
SERPINB9P1,14.0
HPGD,14.0
NIBAN3,14.0
RBAKDN,14.0
AC137630.2,14.0
KCNK15,14.0
WDR63,14.0
ASPN,14.0
ROR2,14.0
IGF2BP2,14.0
AC246817.2,14.0
AL136531.1,14.0
AC013716.1,14.0
CDH1,14.0
C8orf37-AS1,14.0
GPRC5D-AS1,14.0
RASSF1-AS1,14.0
APOB,14.0
ABI3,14.0
ELANE,14.0
NPIPB13,14.0
AC107208.1,14.0
LINC00852,14.0
DLGAP1-AS2,14.0
ADAM20,14.0
LINC01965,14.0
LINC01080,14.0
AL139327.2,14.0
AC090945.1,14.0
AC093599.2,14.0
AL590302.1,14.0
IL12A,14.0
LINC02067,14.0
AC011124.2,14.0
AC022182.2,14.0
AL591623.1,14.0
TLR2,14.0
TMED2-DT,14.0
ZNF600,14.0
AC026356.1,14.0
CCNB3,14.0
SUGCT,14.0
ZSWIM8-AS1,14.0
SH3RF3-AS1,14.0
AC009318.4,14.0
TWIST2,14.0
TMEM272,14.0
MYL7,14.0
AC233296.1,14.0
ALG10,14.0
RAD21-AS1,14.0
AC012508.2,14.0
AC105429.1,14.0
AC097634.3,14.0
IL21R-AS1,14.0
NSMCE1-DT,14.0
AC091544.4,14.0
AC027307.1,14.0
CHODL,14.0
AP000240.1,14.0
PTOV1-AS1,14.0
TMEM26,14.0
NFYC-AS1,14.0
PABPC5-AS1,14.0
AL356055.1,14.0
AC025580.3,14.0
SPIB,14.0
PCDHGA2,14.0
GAPDHS,14.0
AP000322.1,14.0
RNFT1-DT,14.0
AC037441.1,14.0
EFNA4,14.0
APOBEC3F,14.0
AL590867.1,14.0
AC099518.4,14.0
AC025175.1,14.0
LINC01220,14.0
AL662907.3,14.0
SERPINF2,14.0
AC113410.4,14.0
AC091488.1,14.0
CYP39A1,14.0
AL731769.2,14.0
AC008026.3,14.0
AL008723.2,14.0
NHLH1,14.0
SIAH2-AS1,14.0
TLE6,14.0
AC126755.2,14.0
TMPRSS3,14.0
UMODL1,14.0
IRF6,14.0
GFI1B,14.0
AC005332.2,14.0
AC007292.1,14.0
MORC2-AS1,14.0
CCDC190,14.0
AL357568.2,14.0
Z92544.2,14.0
KCNH1-IT1,14.0
LINC02551,14.0
MYOZ2,14.0
SPNS3,14.0
AF228727.1,14.0
TENT5B,14.0
AL449403.1,14.0
ITGA6-AS1,14.0
ZNF541,14.0
AC004241.3,14.0
AC011466.1,14.0
NEUROG2,14.0
AC005363.2,14.0
LINC02688,14.0
AC004067.1,14.0
AC072026.2,14.0
AC136297.1,14.0
LINC02588,14.0
AC108002.2,14.0
AC135178.6,14.0
SLURP2,14.0
MS4A8,14.0
BUB1B,14.0
AL137127.1,14.0
LINC01505,14.0
AC120049.1,14.0
AC027045.2,14.0
GUCY2D,14.0
FSIP2-AS1,14.0
KLC3,14.0
AC008629.1,14.0
AC079305.3,14.0
ASCL2,14.0
H19,14.0
AC005736.1,14.0
LINC02503,14.0
NRG1-IT1,14.0
AP000679.1,14.0
TMEM108-AS1,14.0
AC245060.6,14.0
AL359881.1,14.0
AL117190.2,14.0
FSCN3,14.0
AC068446.2,14.0
DSCAS,14.0
ALDOB,14.0
AC015983.2,14.0
FAM181A-AS1,14.0
LINC00618,13.0
LINC02723,13.0
NCF2,13.0
PPP3R2,13.0
AF235103.3,13.0
AC084125.2,13.0
CEACAM1,13.0
LINC02076,13.0
CNGA3,13.0
AC009509.4,13.0
AC103691.1,13.0
KCTD14,13.0
AL353135.2,13.0
C8orf86,13.0
AC004494.1,13.0
AL358473.1,13.0
CFAP100,13.0
SRRM2-AS1,13.0
ITIH2,13.0
CLEC18A,13.0
PMFBP1,13.0
LINC01572,13.0
AC233266.2,13.0
AC009237.14,13.0
AC034198.2,13.0
AL121890.5,13.0
AC008429.1,13.0
AL450270.1,13.0
SELL,13.0
AC003681.1,13.0
FMO4,13.0
AC009962.1,13.0
BCL6B,13.0
GIPR,13.0
LINC01554,13.0
LINC01852,13.0
KIAA1614-AS1,13.0
AL022332.1,13.0
OR51E2,13.0
LINC01422,13.0
BARX2,13.0
LRRC3,13.0
AC096564.2,13.0
AC021205.3,13.0
STC2,13.0
LINC01513,13.0
SKOR1,13.0
TMEM202-AS1,13.0
AC104506.1,13.0
C17orf53,13.0
LRRC36,13.0
AC099754.1,13.0
CMTM7,13.0
LINC02761,13.0
AC010491.2,13.0
BCO1,13.0
LINC01885,13.0
AC010327.7,13.0
PROSER2,13.0
RGS9BP,13.0
ESRP1,13.0
LINC02033,13.0
STAC3,13.0
KCNJ2-AS1,13.0
AF001548.2,13.0
HBM,13.0
FGF10,13.0
AC105180.2,13.0
LINC00842,13.0
LINC02680,13.0
AC009955.4,13.0
ACP7,13.0
LHFPL1,13.0
AL133477.2,13.0
CYP51A1-AS1,13.0
NKX6-3,13.0
RDH16,13.0
AL359232.1,13.0
STK31,13.0
CXorf21,13.0
SYNPO2L,13.0
LILRA4,13.0
POU6F2-AS2,13.0
ALX3,13.0
AC072054.1,13.0
AC092058.1,13.0
AGAP2-AS1,13.0
AC008280.3,13.0
LRRC25,13.0
CLRN3,13.0
VEPH1,13.0
PYHIN1,13.0
AC041005.1,13.0
Z95114.2,13.0
AC005821.1,13.0
LINC00323,13.0
IL15,13.0
AC027307.2,13.0
ITGBL1,13.0
AL359643.3,13.0
AC068870.2,13.0
Z97192.3,13.0
AC244453.2,13.0
TENM3-AS1,13.0
KAZALD1,13.0
ASB12,13.0
FP565260.3,13.0
AL160314.2,13.0
AC016590.4,13.0
AC016590.3,13.0
AC027796.1,13.0
FST,13.0
AC003991.1,13.0
RHOD,13.0
AC021097.2,13.0
PIWIL2,13.0
AP003100.2,13.0
MIR1-1HG-AS1,13.0
OR2M4,13.0
LINC00881,13.0
VPS33B-DT,13.0
ANKFN1,13.0
AL359924.1,13.0
WDR64,13.0
AL606760.2,13.0
AC239585.2,13.0
AC022706.1,13.0
SKA3,13.0
PAX8,13.0
AC048344.4,13.0
C10orf105,13.0
TFCP2L1,13.0
GPR35,13.0
LINC01238,13.0
OR7C1,13.0
FER1L6-AS2,13.0
TEX41,13.0
CYTIP,13.0
AC010996.1,13.0
Z97832.2,13.0
AC138474.1,13.0
MBOAT1,13.0
LINC02470,13.0
AC078795.1,13.0
AL139384.1,13.0
CCN5,13.0
AC092745.4,13.0
LINC02359,13.0
AC004477.1,13.0
AC021733.4,13.0
AC012508.3,13.0
SERPINB2,13.0
CDC20,13.0
ARTN,13.0
DNAH12,13.0
MCMDC2,13.0
NRIR,13.0
PNPLA5,13.0
MSMP,13.0
AC098679.5,13.0
AC125494.2,13.0
FAM209B,13.0
C8G,13.0
AC021134.1,13.0
RBP5,13.0
COX6A2,13.0
MATN4,13.0
LINC01144,13.0
AC008060.4,13.0
KIF4A,13.0
SHISA2,13.0
AC010624.1,13.0
CRYBG1,13.0
TNFRSF12A,13.0
AC093866.1,13.0
AC005837.1,13.0
AL359711.2,13.0
AL031283.1,13.0
BAIAP2L1,13.0
OSGEPL1-AS1,13.0
AC105219.4,13.0
LINC02197,13.0
LINC01480,13.0
AL031847.1,13.0
C1orf167,12.0
MOCOS,12.0
AL121768.1,12.0
CSAG1,12.0
IQANK1,12.0
PIK3R5,12.0
ZNF296,12.0
HTR1A,12.0
CNTD2,12.0
AC002454.1,12.0
AC008496.3,12.0
AC078909.2,12.0
AC092849.3,12.0
HSPB7,12.0
GABRE,12.0
AC003077.1,12.0
AC090229.1,12.0
AP000350.7,12.0
SCML4,12.0
AC108134.4,12.0
RAB6D,12.0
AC138028.2,12.0
YIPF7,12.0
LINC00565,12.0
HABP2,12.0
LIX1L-AS1,12.0
CYP21A2,12.0
AC104232.3,12.0
AL109840.2,12.0
SPAAR,12.0
LINC02082,12.0
AC104794.5,12.0
AC098595.1,12.0
AC046143.1,12.0
C9orf170,12.0
GAS1RR,12.0
RHOH,12.0
AC027514.1,12.0
AC005618.1,12.0
AC005618.4,12.0
AC092384.1,12.0
KRTCAP3,12.0
AC084866.1,12.0
NGFR,12.0
AC015909.2,12.0
LSMEM2,12.0
HAND2-AS1,12.0
ODF3B,12.0
MPPED2-AS1,12.0
AL138724.1,12.0
CAPN13,12.0
AL031775.2,12.0
AC036214.1,12.0
FOXP1-IT1,12.0
AC079684.1,12.0
OSMR-AS1,12.0
AC092620.1,12.0
MYCL,12.0
AL031289.2,12.0
AP002807.1,12.0
AC005220.1,12.0
TFAP2C,12.0
AC007336.1,12.0
SLFN12L,12.0
FOXL1,12.0
SCTR,12.0
LINC02422,12.0
TTC22,12.0
AL513190.1,12.0
POU2AF1,12.0
AL117344.2,12.0
AL358334.2,12.0
TAGAP,12.0
AC027117.2,12.0
RIBC2,12.0
KIF25-AS1,12.0
C9orf163,12.0
AC005081.1,12.0
AC097505.1,12.0
AP001033.2,12.0
AL158211.4,12.0
SLC7A7,12.0
AL031668.2,12.0
AL445649.1,12.0
NXNL1,12.0
FGF8,12.0
TENT5C,12.0
BMX,12.0
AMY2A,12.0
AL080312.2,12.0
AC099518.2,12.0
AC084018.2,12.0
AL121987.1,12.0
LINC00184,12.0
AC008915.2,12.0
LINC01436,12.0
AC097658.3,12.0
AL031673.1,12.0
AC132153.1,12.0
AL024498.1,12.0
MEIOC,12.0
VAX2,12.0
LRRC69,12.0
AL035252.2,12.0
AC092125.1,12.0
FZD10,12.0
BX842570.1,12.0
AC004852.2,12.0
EDA2R,12.0
AP001025.1,12.0
NSUN7,12.0
IL1B,12.0
AC011373.1,12.0
KLHL6,12.0
AC125613.1,12.0
GLI1,12.0
ESCO2,12.0
AC005005.4,12.0
AP000892.3,12.0
LRRD1,12.0
AC073140.1,12.0
FAM53A,12.0
AL020996.1,12.0
AC004801.6,12.0
AC034228.2,12.0
SPATA22,12.0
AC023355.1,12.0
AL353604.1,12.0
AC046195.1,12.0
GLTPD2,12.0
GNG8,12.0
LINC01305,12.0
SUCNR1,12.0
AC026401.2,12.0
AC078785.1,12.0
AC131009.3,12.0
CD8B2,12.0
ARLNC1,12.0
C1orf141,12.0
AC025756.1,12.0
PDE6H,12.0
AC073091.4,12.0
AC005034.5,12.0
DPEP2,12.0
AC027682.4,12.0
LINC01257,12.0
AL122035.1,12.0
AP000829.1,12.0
LINC01013,12.0
AP000547.3,12.0
AC112503.2,12.0
C22orf24,12.0
AL121933.2,12.0
AC138932.5,12.0
LINC01678,12.0
TMEM45B,12.0
AC025569.1,12.0
NKX2-1,12.0
AP003392.3,12.0
EVPL,12.0
EVC,12.0
GZMA,12.0
AL356124.1,12.0
MARVELD3,12.0
AL844892.2,12.0
AC012511.1,12.0
KRT33B,12.0
GABRA6,12.0
AC233263.6,12.0
AC010547.1,12.0
AC022296.4,12.0
CD81-AS1,12.0
AP000866.2,12.0
LINC02080,12.0
MMP11,12.0
FBN3,12.0
AC006112.1,12.0
LINC00645,12.0
AC087623.2,12.0
AC008079.1,12.0
LINC02642,12.0
AC090948.3,12.0
EWSAT1,12.0
AC096586.2,12.0
AC090125.2,12.0
NPSR1-AS1,12.0
AC113414.1,12.0
AC109322.2,12.0
FO704657.1,12.0
CAMTA1-DT,12.0
SLC2A9,12.0
AL132709.7,12.0
LINC00115,11.0
AL160313.1,11.0
CPEB2-DT,11.0
AL713852.2,11.0
SMIM41,11.0
MTRNR2L7,11.0
AC104024.4,11.0
ODF1,11.0
CNNM3-DT,11.0
AC092636.1,11.0
LINC00857,11.0
ZAP70,11.0
LYG1,11.0
IL18R1,11.0
AC005498.1,11.0
TMPO-AS1,11.0
AC009120.5,11.0
PROM2,11.0
PIK3C2G,11.0
LIPH,11.0
AP005136.4,11.0
AF241728.2,11.0
NOX5,11.0
PLBD1-AS1,11.0
ZNF346-IT1,11.0
AC126773.6,11.0
AC100810.3,11.0
MSH4,11.0
LINC01918,11.0
AC012360.2,11.0
PLAU,11.0
SLC7A9,11.0
SEL1L2,11.0
DLEC1,11.0
LYZL4,11.0
AC123567.2,11.0
DDIAS,11.0
AC077690.1,11.0
ACOXL-AS1,11.0
AL137244.1,11.0
GPR151,11.0
VSTM1,11.0
P3H2-AS1,11.0
FAM225A,11.0
AL513218.1,11.0
SYPL2,11.0
VWDE,11.0
AC106793.1,11.0
HSD11B2,11.0
AL359511.3,11.0
AL359878.1,11.0
CNGB3,11.0
MIR663AHG,11.0
REM1,11.0
SNHG26,11.0
ACR,11.0
HAAO,11.0
AL008729.1,11.0
AC009107.2,11.0
TAS2R13,11.0
EPCAM-DT,11.0
CHI3L2,11.0
SIX1,11.0
IGFBP7-AS1,11.0
AC126178.1,11.0
LINC01002,11.0
ASMTL-AS1,11.0
AC103952.1,11.0
AL353704.2,11.0
ADGRF3,11.0
AC068790.9,11.0
SKAP1,11.0
CDNF,11.0
AC010976.2,11.0
PCDHGC5,11.0
AC104971.1,11.0
AL357079.2,11.0
KIF2C,11.0
AL161910.1,11.0
HJV,11.0
AC239799.2,11.0
LINC00276,11.0
AC026471.3,11.0
AC026471.1,11.0
GDNF-AS1,11.0
NPHS1,11.0
AC073869.3,11.0
LINC01515,11.0
SLC46A2,11.0
AC092078.3,11.0
AC009879.4,11.0
MICB,11.0
OR11G2,11.0
SLX1A,11.0
AC082651.1,11.0
AC082651.3,11.0
FAM72C,11.0
LINC00898,11.0
AC025034.1,11.0
AC024361.1,11.0
NXNL2,11.0
ANPEP,11.0
CD72,11.0
NKILA,11.0
SFTA2,11.0
AC051619.6,11.0
AC004147.5,11.0
AC079600.3,11.0
AC007750.1,11.0
AC008875.3,11.0
AL359697.1,11.0
AC117461.1,11.0
AC145207.2,11.0
Z94721.3,11.0
HGC6.3,11.0
TPH1,11.0
FALEC,11.0
AC024337.2,11.0
ESR1,11.0
AC002460.2,11.0
CR381653.1,11.0
PRKG1-AS1,11.0
CCDC26,11.0
PSTPIP2,11.0
MATN1-AS1,11.0
ELL3,11.0
CSNK2A3,11.0
AL021707.6,11.0
IQGAP3,11.0
DNAH8,11.0
GLP1R,11.0
MIS18A-AS1,11.0
AL133516.1,11.0
AC104472.4,11.0
Z95114.1,11.0
MSLN,11.0
C19orf38,11.0
AC023762.1,11.0
C11orf52,11.0
AL358472.4,11.0
TEKT2,11.0
MYO3B,11.0
AC024257.5,11.0
AC078883.1,11.0
AC091564.5,11.0
AC013643.2,11.0
ZNF451-AS1,11.0
AL136295.2,11.0
HYMAI,11.0
AL031056.2,11.0
AC074024.1,11.0
ABCB4,11.0
AC087742.1,11.0
CHRNA1,11.0
ADCY6-DT,11.0
AC010680.3,11.0
AP001469.3,11.0
PKP3,11.0
RASA2-IT1,11.0
TBXA2R,11.0
AC010649.1,11.0
POLQ,11.0
HCRTR2,11.0
AC072028.1,11.0
AL133346.1,11.0
IGFALS,11.0
UPK2,11.0
AC008982.2,11.0
LINC00426,11.0
AL137026.3,11.0
LINC02234,11.0
AFAP1-AS1,11.0
AC013652.1,11.0
CYP3A5,11.0
AC023908.3,11.0
PLS3-AS1,11.0
AL022337.1,11.0
AL353708.1,11.0
AC003965.1,11.0
MAMDC2-AS1,11.0
C4orf54,11.0
AL158825.2,11.0
LINC00921,11.0
AL589826.2,11.0
AP006545.2,11.0
AL158058.1,11.0
PCA3,11.0
CFAP299,11.0
GHET1,11.0
ALOXE3,11.0
AC115522.1,11.0
AC109492.1,11.0
AL139423.1,11.0
GOLGA8M,11.0
AC079385.2,11.0
AC010889.2,10.0
LINC02593,10.0
DSC1,10.0
ANKDD1B,10.0
UBE2E1-AS1,10.0
AL157400.3,10.0
AC005523.2,10.0
NKX6-1,10.0
EREG,10.0
RASEF,10.0
AC090946.1,10.0
AFP,10.0
SLC12A5-AS1,10.0
LINC02293,10.0
BX322562.1,10.0
GPR65,10.0
IL15RA,10.0
AC068308.1,10.0
AC007823.1,10.0
HAS3,10.0
ST3GAL5-AS1,10.0
AC092828.1,10.0
AL139022.2,10.0
AL049775.3,10.0
CT55,10.0
BST1,10.0
AC100803.3,10.0
NRAP,10.0
AC005921.4,10.0
AL109741.1,10.0
GDF6,10.0
AL365434.2,10.0
AC099568.2,10.0
ANO2,10.0
AC092819.3,10.0
LINC02332,10.0
C20orf202,10.0
TMC2,10.0
LINC02656,10.0
AC010173.1,10.0
CCN4,10.0
SLC14A2,10.0
LINC01772,10.0
MIR503HG,10.0
S100A7,10.0
SLC5A2,10.0
LINC00886,10.0
AC139795.2,10.0
AC103957.1,10.0
AL158071.3,10.0
GPR82,10.0
AC027373.1,10.0
AC007671.1,10.0
AP003472.2,10.0
AC103563.9,10.0
PRC1-AS1,10.0
AL606834.2,10.0
PLA1A,10.0
TH,10.0
ZACN,10.0
AF213884.3,10.0
AC004771.4,10.0
AC025154.2,10.0
ADAM21,10.0
CHRDL2,10.0
GHRL,10.0
ZNF728,10.0
GIPC3,10.0
AC107884.1,10.0
AC018685.3,10.0
AC120114.1,10.0
AHRR,10.0
AL138694.1,10.0
AC005072.1,10.0
PTGIR,10.0
AC008591.1,10.0
CATSPERG,10.0
ARHGEF5,10.0
HTR1D,10.0
AC069281.1,10.0
AL118523.1,10.0
AC091059.1,10.0
AC025871.2,10.0
AP001267.2,10.0
AP002851.1,10.0
VSIG1,10.0
AC007448.5,10.0
AC113133.1,10.0
AC137894.3,10.0
AC108134.2,10.0
AC036214.4,10.0
AC104695.3,10.0
TERC,10.0
TAFA3,10.0
TMPPE,10.0
LINC01831,10.0
PAPPA,10.0
AC083964.1,10.0
LINC01358,10.0
SINHCAF,10.0
AC092335.1,10.0
TRGC2,10.0
CCDC153,10.0
HBG1,10.0
SLC9C2,10.0
TRIM6,10.0
ENPP3,10.0
LINC01998,10.0
LINC01588,10.0
POLE2,10.0
AC018541.1,10.0
SPINT1-AS1,10.0
TIMM23B-AGAP6,10.0
AC017104.1,10.0
AL358780.1,10.0
AC025265.1,10.0
GAS2L2,10.0
TNNI3,10.0
AL161717.1,10.0
WAKMAR2,10.0
NHLRC4,10.0
AC023202.1,10.0
AC005759.1,10.0
RAB39A,10.0
OTOG,10.0
HEXD-IT1,10.0
AC005329.1,10.0
TSPAN16,10.0
RASGRP4,10.0
AL138963.4,10.0
CXCL2,10.0
AL133342.1,10.0
AL512329.2,10.0
AC010834.3,10.0
CAPN9,10.0
AC079298.3,10.0
AC012349.1,10.0
AC011525.1,10.0
HECW1-IT1,10.0
AC080188.1,10.0
PSORS1C1,10.0
AC004023.1,10.0
AC002383.1,10.0
PCAT1,10.0
AL589794.2,10.0
CTSV,10.0
AC139887.4,10.0
AC060765.1,10.0
AC009090.1,10.0
AL031651.2,10.0
AC124248.1,10.0
AL132775.2,10.0
AL138740.1,10.0
TEX45,10.0
DHRS2,10.0
QRFPR,10.0
AC002428.2,10.0
TMEM31,10.0
STC1,10.0
DRD2,10.0
AC023024.1,10.0
AC069307.1,10.0
AC132803.1,10.0
ZNF320,10.0
AC091982.3,10.0
AC011337.1,10.0
AC004846.1,10.0
LINC01562,10.0
AC016590.1,10.0
ECEL1,10.0
LINC01231,10.0
LINC00964,10.0
LINC00463,10.0
AC127024.2,10.0
TM4SF19-AS1,10.0
WDR93,10.0
AC243772.2,10.0
HIST2H2BF,10.0
FAM225B,10.0
IL20RB,10.0
AC107027.1,10.0
AC009065.1,10.0
AC026202.2,10.0
AC008738.2,10.0
AC110769.2,10.0
FENDRR,10.0
AF131215.5,10.0
NGF,10.0
AL121956.6,10.0
USP12-AS2,10.0
AC013265.1,10.0
AC010378.2,10.0
AL355474.1,10.0
GFY,10.0
AC020928.2,10.0
AC239860.4,10.0
MYO1G,10.0
LINC01952,10.0
AC008556.1,10.0
AL353593.1,10.0
CHRNA10,10.0
BVES-AS1,10.0
AL158151.4,10.0
AC073864.1,10.0
AC067752.1,10.0
PCDHGB2,10.0
AC093802.1,10.0
AC092118.2,10.0
AC010883.3,10.0
AC107081.2,10.0
AC079807.1,10.0
AL138995.1,10.0
AC024941.1,10.0
AL360020.1,10.0
ZNF792,10.0
KRTDAP,10.0
DLX4,10.0
RRM2,10.0
AF038458.2,10.0
UTS2B,10.0
AC106052.1,10.0
GNMT,10.0
RP1,10.0
AC048338.2,10.0
CA5A,10.0
PDZK1,10.0
AL109829.1,10.0
AC020917.3,10.0
AL049840.4,10.0
AL135818.2,10.0
BX323043.1,10.0
HES2,10.0
GPR132,10.0
AC245140.2,10.0
ATP6V0A4,10.0
AC016575.1,10.0
MSX2,10.0
EIF2AK3-DT,10.0
PARD3-AS1,10.0
HS3ST3A1,10.0
AC090206.1,10.0
SMC2-AS1,10.0
AL139424.3,10.0
NANOG,10.0
GRAP,9.0
AC011297.1,9.0
TP73,9.0
TOR4A,9.0
CISH,9.0
CD163,9.0
AC010809.3,9.0
AC073648.7,9.0
AC114928.1,9.0
LINC02634,9.0
ADAMTS6,9.0
PSMD6-AS2,9.0
SLC15A5,9.0
AC010975.1,9.0
TSSK6,9.0
HIST1H4J,9.0
GAS6-AS1,9.0
AL132800.1,9.0
ANKRD62P1-PARP4P3,9.0
AC012178.1,9.0
LINC02282,9.0
TTK,9.0
KISS1,9.0
DOCK8-AS1,9.0
FOXD4,9.0
AC010359.2,9.0
AF233439.1,9.0
AL121672.2,9.0
AC139530.3,9.0
LINC02265,9.0
AC021148.2,9.0
COLEC10,9.0
AC084782.3,9.0
LINC00649,9.0
TEPP,9.0
AP005131.7,9.0
AD000671.3,9.0
CAPSL,9.0
AC140481.1,9.0
AP005210.1,9.0
AC079921.2,9.0
AC009271.1,9.0
TSIX,9.0
MRAP,9.0
FOXM1,9.0
FOXD2,9.0
AC020907.1,9.0
HIST3H2BB,9.0
AC010542.2,9.0
AL356966.1,9.0
LINC02016,9.0
FOXJ1,9.0
AL096803.4,9.0
NAPSA,9.0
LINC01118,9.0
ABCG5,9.0
AQP7,9.0
AL121906.2,9.0
AC009975.2,9.0
AL354892.2,9.0
LINC00574,9.0
OCM,9.0
ZNF852,9.0
AC068787.4,9.0
AC066612.1,9.0
BTK,9.0
METTL27,9.0
AL353147.1,9.0
AL356952.1,9.0
AC062021.1,9.0
AL157813.1,9.0
AL031658.1,9.0
TAS2R19,9.0
AC091132.4,9.0
AL450322.1,9.0
AC006008.1,9.0
Z94160.1,9.0
AP003066.1,9.0
LINC01836,9.0
AC016394.2,9.0
AL592182.2,9.0
LINC00269,9.0
GPR55,9.0
AC076968.2,9.0
AL590787.1,9.0
AC024614.4,9.0
TTLL13P,9.0
SMC1B,9.0
RDM1,9.0
AL592211.1,9.0
AC025857.2,9.0
AP002761.4,9.0
HCG22,9.0
H2BFM,9.0
SYNGR4,9.0
AL451070.1,9.0
AL590705.1,9.0
AL162574.1,9.0
EFCAB6-AS1,9.0
BNIPL,9.0
AC124068.2,9.0
LDHAL6A,9.0
AC079411.1,9.0
CETP,9.0
STEAP4,9.0
AC104596.1,9.0
AC100805.1,9.0
AC008676.1,9.0
VSIG8,9.0
CLIC3,9.0
AC044802.1,9.0
ATP8B3,9.0
AC124067.2,9.0
BX649601.1,9.0
AC011472.2,9.0
AL390957.1,9.0
AL136141.1,9.0
PTF1A,9.0
LINC00535,9.0
AL731571.1,9.0
TDRD12,9.0
AC119674.1,9.0
DNAJB13,9.0
AC099506.1,9.0
AL450306.1,9.0
TRGC1,9.0
AC018647.3,9.0
AL355304.1,9.0
AL365181.1,9.0
ZNF311,9.0
AL121932.2,9.0
TFPI2,9.0
IFNLR1,9.0
AL161714.1,9.0
ARG1,9.0
SAMD3,9.0
AF127936.1,9.0
AC006237.1,9.0
C5orf17,9.0
AC016907.2,9.0
AC036214.2,9.0
AC104695.4,9.0
AC105271.1,9.0
UBL4B,9.0
LINC01431,9.0
AL445426.1,9.0
LINC02073,9.0
MB,9.0
FAM156A,9.0
AC007786.4,9.0
AC018809.1,9.0
AC009159.3,9.0
KIF4B,9.0
ADAD2,9.0
AC068792.1,9.0
AP003120.1,9.0
AC109129.1,9.0
FMO3,9.0
AL031275.1,9.0
GPA33,9.0
AL031600.3,9.0
AC026368.1,9.0
AL137781.1,9.0
AL158064.1,9.0
GASAL1,9.0
AP005901.6,9.0
CHRNB3,9.0
AC079848.2,9.0
AC006547.3,9.0
ITGB7,9.0
SPINT1,9.0
LINC02078,9.0
WNT11,9.0
AC007036.2,9.0
LINC02199,9.0
LINC02054,9.0
AC245123.1,9.0
AC107021.2,9.0
AC091180.2,9.0
AL022068.1,9.0
AC009902.2,9.0
LINC00486,9.0
AL133245.1,9.0
AC097468.3,9.0
MORC1,9.0
AC046168.2,9.0
AL360270.2,9.0
SLC4A1,9.0
THEG,9.0
AC093677.2,9.0
AC009163.6,9.0
SNX31,9.0
AC084816.1,9.0
AC087239.1,9.0
AC012640.4,9.0
CALCB,9.0
CLEC4E,9.0
PGPEP1L,9.0
AC109347.2,9.0
PATE2,9.0
AC091182.1,9.0
AC046195.2,9.0
AC132825.3,9.0
LINC00571,9.0
AC022730.4,9.0
ABCA4,9.0
AC004584.3,9.0
AC109449.1,9.0
AKT3-IT1,9.0
EXO1,9.0
HCG24,9.0
AC068418.2,9.0
AC068418.3,9.0
TAL2,9.0
HGFAC,9.0
AL589935.3,9.0
SYTL3,9.0
LEKR1,9.0
AC091214.1,9.0
HEXA-AS1,9.0
TMEM40,9.0
FUT8-AS1,9.0
LOXL1-AS1,9.0
GBP5,9.0
MCOLN2,9.0
SH2D6,9.0
AC062037.3,9.0
JSRP1,9.0
LINC00346,9.0
CFAP97D2,9.0
AC007922.3,9.0
FGFBP2,9.0
AC118344.1,9.0
AC123768.5,9.0
KEL,9.0
AC007620.3,9.0
AL355836.2,9.0
AL583722.1,9.0
AC109361.1,9.0
AC112503.1,9.0
NUAK2,9.0
ZC3H11A,9.0
LTB4R2,9.0
EPPK1,9.0
CALML6,9.0
DSG2,9.0
PRR7-AS1,9.0
LINC00440,9.0
AC097375.5,9.0
PIK3IP1-AS1,9.0
AC127496.1,9.0
GPR39,9.0
LINC01700,9.0
C6orf223,9.0
AC026333.4,9.0
PRSS21,9.0
LHX4,9.0
AL137796.1,9.0
AC087588.2,9.0
LINC00345,9.0
ERICH6,9.0
AC026124.1,9.0
MIR133A1HG,9.0
GPR157,9.0
LINC00391,9.0
SIRPB1,9.0
AL391261.2,9.0
CDC42BPG,8.0
AL583810.1,8.0
BMP5,8.0
AC079145.1,8.0
AC135048.3,8.0
AL021918.5,8.0
AL009179.1,8.0
AL021707.5,8.0
AC015712.1,8.0
OR1I1,8.0
DNAH10,8.0
AC135050.1,8.0
PSCA,8.0
MAB21L1,8.0
AC087393.2,8.0
LINC01915,8.0
AL512791.2,8.0
FATE1,8.0
AC113143.3,8.0
CREB3L3,8.0
AP000873.4,8.0
AL627316.1,8.0
MACC1,8.0
AC002480.2,8.0
SIGLEC1,8.0
MIR17HG,8.0
AL592156.2,8.0
MCOLN3,8.0
AC124283.1,8.0
LINC00706,8.0
AL359762.1,8.0
GVQW2,8.0
AL356441.1,8.0
AC138627.1,8.0
AC091178.2,8.0
AC025287.3,8.0
AC006116.8,8.0
PTGER1,8.0
AC055714.1,8.0
AC002351.1,8.0
CCDC81,8.0
PLEKHG4B,8.0
AC073578.2,8.0
AC019069.1,8.0
IGF2BP3,8.0
AC005165.1,8.0
AC090625.2,8.0
ZNF257,8.0
AC012184.3,8.0
AC012313.6,8.0
AC110995.1,8.0
AC034111.2,8.0
AC004948.1,8.0
CFAP97D1,8.0
ANG,8.0
AC016042.1,8.0
AL138828.1,8.0
AC009269.5,8.0
AC099661.1,8.0
LINC00620,8.0
PRRT3-AS1,8.0
AC018716.2,8.0
RPE65,8.0
ALX4,8.0
AC009053.2,8.0
AC012313.8,8.0
AC068631.1,8.0
AC025370.1,8.0
AC007786.2,8.0
AC007786.3,8.0
AC100830.3,8.0
AC100830.1,8.0
AC009133.4,8.0
AC026120.3,8.0
HOMER3-AS1,8.0
C14orf39,8.0
AC008040.1,8.0
BCL2L14,8.0
FGFR4,8.0
PAUPAR,8.0
NPW,8.0
CHP2,8.0
AGRP,8.0
CLYBL-AS1,8.0
AC103770.1,8.0
AC004156.1,8.0
AL355337.1,8.0
CSF2RB,8.0
AP000941.1,8.0
C22orf31,8.0
ACER2,8.0
IL1RL1,8.0
AC010327.5,8.0
AC012213.2,8.0
DCSTAMP,8.0
AC245884.8,8.0
AC108463.3,8.0
LINC01501,8.0
SLC1A7,8.0
AC092645.2,8.0
AC084824.3,8.0
THORLNC,8.0
TMPRSS9,8.0
MINDY4B,8.0
AC037459.2,8.0
AL031587.4,8.0
AC231981.1,8.0
C4orf45,8.0
AC009403.2,8.0
AL590440.2,8.0
WDR88,8.0
AC002331.1,8.0
AC005911.1,8.0
AL663058.2,8.0
NIPAL1,8.0
AC005841.1,8.0
AL157769.1,8.0
CFAP161,8.0
AC246785.3,8.0
AC069185.1,8.0
ADGRD2,8.0
LILRB2,8.0
AC015849.1,8.0
NKX1-2,8.0
AXDND1,8.0
AL357141.1,8.0
AC092117.1,8.0
AC128707.1,8.0
AC021683.5,8.0
AL158835.1,8.0
KCNK17,8.0
CCDC17,8.0
AC090559.2,8.0
LINC02636,8.0
AL161729.4,8.0
AC027307.3,8.0
ANGPTL5,8.0
AC087203.3,8.0
STON1-GTF2A1L,8.0
DRC7,8.0
LINC00534,8.0
AC127459.2,8.0
AL161449.2,8.0
AL034397.3,8.0
GCOM1,8.0
AP005329.1,8.0
AL022724.3,8.0
AC091133.1,8.0
GNGT2,8.0
AC034159.2,8.0
AC021321.1,8.0
AL662797.1,8.0
AC092068.3,8.0
GTSE1,8.0
SHANK2-AS1,8.0
MYO7B,8.0
ZG16B,8.0
AL050350.1,8.0
CAPN8,8.0
AC092809.2,8.0
OR52I1,8.0
AC113194.1,8.0
AL078602.1,8.0
ADAM29,8.0
KLRK1,8.0
AC007877.1,8.0
GDF5,8.0
TRIML2,8.0
FAM83C-AS1,8.0
SIX3,8.0
AC010503.1,8.0
HMCN1,8.0
AC007406.4,8.0
AC011379.2,8.0
AC244517.12,8.0
AC073270.2,8.0
SLC28A2,8.0
AL031430.1,8.0
TGFB2-AS1,8.0
PXDNL,8.0
FITM1,8.0
AP005899.1,8.0
DLGAP4-AS1,8.0
C6orf118,8.0
SLC3A1,8.0
AC021739.2,8.0
ANXA2R,8.0
AC092652.1,8.0
PRRG2,8.0
PCDHB1,8.0
AC090198.1,8.0
AC034243.1,8.0
AC090018.2,8.0
AC010205.1,8.0
AL021368.5,8.0
AP001627.1,8.0
IDH2-DT,8.0
AC091078.1,8.0
AC010186.3,8.0
AL121658.1,8.0
AC012181.1,8.0
TMSB15A,8.0
LINC02604,8.0
SP5,8.0
KDF1,8.0
SMAD5-AS1,8.0
AC109439.2,8.0
AC069222.1,8.0
AC005884.1,8.0
AL033384.1,8.0
MS4A4A,8.0
AL606491.1,8.0
AC009950.1,8.0
SPC25,8.0
C15orf62,8.0
AL365181.2,8.0
CARD14,8.0
AL162586.2,8.0
AL157935.1,8.0
U47924.3,8.0
AL035106.1,8.0
CATSPER3,8.0
AC010761.1,8.0
AC112250.2,8.0
C11orf21,8.0
AC010401.1,8.0
PGA5,8.0
AL034405.1,8.0
SMIM2-IT1,8.0
ELOVL3,8.0
PRR26,8.0
AC137630.1,8.0
GCKR,8.0
AC097724.1,8.0
TRPC5OS,8.0
MYO3A,8.0
SP7,8.0
AL450352.1,8.0
AC007663.4,8.0
AC063919.1,8.0
ITGB2-AS1,8.0
AC138356.1,8.0
LGR6,8.0
MTRNR2L13,8.0
S100A14,8.0
HIST1H3E,8.0
AL118522.1,8.0
PFN4,8.0
AC254562.2,8.0
FAM169B,8.0
LINC02134,8.0
AC012074.1,8.0
AL121929.3,8.0
AC010896.1,8.0
CDC42-AS1,8.0
AC023908.1,8.0
AL354977.2,8.0
RASA4B,8.0
JPH2,8.0
TDRD10,8.0
AL022318.5,8.0
FSCN2,8.0
AL133355.1,8.0
RASSF10,8.0
S100A5,8.0
EVC2,8.0
ERVK9-11,8.0
AC008574.1,8.0
AC017071.1,8.0
TG,8.0
AC090774.2,8.0
ADH1B,8.0
ASCL5,8.0
TNNT3,8.0
SLC26A9,8.0
AL590822.2,8.0
LINC00278,8.0
AC018742.1,8.0
TTLL6,8.0
GNAT1,8.0
IQCF3,8.0
AP001363.2,8.0
C2orf66,8.0
AC018754.1,8.0
FRY-AS1,8.0
CD180,8.0
LINC02767,8.0
AL079343.1,8.0
KHDC3L,8.0
GINS4,8.0
AC073091.3,8.0
LINC00664,8.0
CPXM1,8.0
LINC01484,8.0
GRB7,8.0
AC005288.1,8.0
F8A3,8.0
AP000721.2,8.0
DSG1,8.0
DSG3,8.0
AC021979.3,8.0
AC025539.1,8.0
KCNN4,8.0
AC023449.2,8.0
GPR156,8.0
AC010336.6,8.0
AC242022.2,7.0
AL645608.7,7.0
NAMA,7.0
AC116447.1,7.0
HTRA3,7.0
ENO1-AS1,7.0
REN,7.0
CR1,7.0
SOCS1,7.0
AC126177.3,7.0
KRT7,7.0
SCGB1D2,7.0
SELENOV,7.0
CATIP-AS1,7.0
SPATA9,7.0
ARRDC3-AS1,7.0
AC011481.1,7.0
AC008494.3,7.0
AC079465.1,7.0
AL359555.4,7.0
ADAMTSL4-AS1,7.0
LINC01270,7.0
RAB25,7.0
SPDYA,7.0
AC079209.1,7.0
AC087477.2,7.0
AC141002.1,7.0
AL390955.2,7.0
OGFRP1,7.0
AL590062.1,7.0
LINC02840,7.0
AC084855.2,7.0
S100A8,7.0
CCDC134,7.0
SLPI,7.0
SULT1B1,7.0
LINC01275,7.0
AC005383.1,7.0
CYP24A1,7.0
KLHL33,7.0
AL023583.1,7.0
AC011773.4,7.0
CCRL2,7.0
CDCP1,7.0
AC108721.2,7.0
LINC01586,7.0
NAT1,7.0
AL033543.1,7.0
AL136305.1,7.0
AC106779.1,7.0
PCARE,7.0
AL031123.2,7.0
F11-AS1,7.0
AL359198.1,7.0
ADGB,7.0
AC117395.1,7.0
AC104530.1,7.0
AF131215.7,7.0
AF131215.4,7.0
MAB21L3,7.0
AL158063.1,7.0
AC140121.1,7.0
AC006059.5,7.0
AC103760.1,7.0
AL355490.1,7.0
ABCC2,7.0
AL355073.2,7.0
KIZ-AS1,7.0
AL133465.1,7.0
AC078950.1,7.0
AC078795.3,7.0
CD7,7.0
AL157756.1,7.0
TPO,7.0
SAMMSON,7.0
CD244,7.0
NLRP10,7.0
AL355596.1,7.0
AC090197.1,7.0
AC090607.4,7.0
TMEM184A,7.0
CMTM2,7.0
CYP2C18,7.0
AL021396.1,7.0
AC023790.2,7.0
AL136038.3,7.0
HIF1A-AS3,7.0
AC007620.2,7.0
HLA-DRB5,7.0
AL365229.1,7.0
OGFR-AS1,7.0
AC023282.1,7.0
BIRC5,7.0
MTFR2,7.0
AC097359.2,7.0
AC007993.3,7.0
AC073343.2,7.0
AL161756.1,7.0
ESR2,7.0
AP003472.1,7.0
AC097375.4,7.0
LRG1,7.0
MYB,7.0
LINC01977,7.0
TBX5,7.0
LCN10,7.0
LINC01730,7.0
C5orf47,7.0
TGM3,7.0
AC092953.2,7.0
AC010615.2,7.0
OXT,7.0
STRA6,7.0
AP003115.1,7.0
AC005034.4,7.0
AL355481.1,7.0
SH2D4B,7.0
AC092794.2,7.0
NEURL3,7.0
CEP295NL,7.0
EBI3,7.0
AL645940.1,7.0
APOBR,7.0
AL390728.5,7.0
AC092114.1,7.0
ZNF676,7.0
AC104938.1,7.0
AL354916.1,7.0
CEP83-DT,7.0
AL359644.1,7.0
AL596214.1,7.0
AC034102.4,7.0
AC027279.2,7.0
AP000894.4,7.0
AF127936.2,7.0
TMEM217,7.0
OR4D1,7.0
GORAB-AS1,7.0
MPZL2,7.0
LINC00377,7.0
AC069540.2,7.0
AC116003.1,7.0
AC131235.3,7.0
AL359317.2,7.0
AC092718.2,7.0
VWA3B,7.0
AC006449.1,7.0
LINC00265,7.0
AC018695.6,7.0
AC026469.1,7.0
AC104389.5,7.0
HBG2,7.0
TNN,7.0
Z99127.4,7.0
CCDC84-DT,7.0
U2AF1L5,7.0
AL136985.2,7.0
LILRA1,7.0
AC010997.3,7.0
DDX11-AS1,7.0
AL596247.1,7.0
SCEL,7.0
AC004908.2,7.0
LINC01933,7.0
IGFBP1,7.0
DCAF4L1,7.0
AC114689.3,7.0
LINC00601,7.0
AL589787.2,7.0
LINC02814,7.0
LINC00159,7.0
AC117464.1,7.0
AC093516.1,7.0
AQP8,7.0
BTG3-AS1,7.0
AC023481.1,7.0
AC127035.1,7.0
AC099796.2,7.0
RIBC1,7.0
AC022916.1,7.0
CCL3,7.0
AP005329.3,7.0
IL2RG,7.0
AL139398.1,7.0
PDZK1IP1,7.0
AC009021.1,7.0
AL096814.2,7.0
AC093525.7,7.0
AL078621.4,7.0
ARSI,7.0
CDX1,7.0
LINC02338,7.0
AL512652.1,7.0
AC006449.2,7.0
LILRB5,7.0
ADAMTS14,7.0
LINC02188,7.0
ATXN8OS,7.0
FOLR1,7.0
ONECUT1,7.0
DDC,7.0
AC008060.1,7.0
AP002490.1,7.0
AP001994.2,7.0
PLAC8,7.0
AL929091.1,7.0
AL136304.1,7.0
LINC02813,7.0
ITFG2-AS1,7.0
CACNA1C-AS2,7.0
WNT9A,7.0
LINC02406,7.0
LINC01929,7.0
AC114757.1,7.0
UPB1,7.0
AP002762.3,7.0
PABPC4L,7.0
GYPB,7.0
C1orf220,7.0
KRTAP5-11,7.0
AP005717.2,7.0
SIGLEC14,7.0
SLC45A2,7.0
BX276092.9,7.0
TMEM269,7.0
SLFNL1,7.0
FFAR1,7.0
SLC39A12-AS1,7.0
IL4I1,7.0
DDTL,7.0
ALG1L2,7.0
C9orf106,7.0
AC015802.3,7.0
GGT1,7.0
DARS-AS1,7.0
AC020909.3,7.0
AC138028.1,7.0
DUOX1,7.0
AC073941.1,7.0
AC012405.1,7.0
AP005482.1,7.0
LINC02364,7.0
AL138966.2,7.0
GLYATL1,7.0
ACSM1,7.0
KLHL31,7.0
HHLA2,7.0
THTPA,7.0
AL136131.3,7.0
AC104109.2,7.0
AC092295.2,7.0
AC093227.3,7.0
AC026741.1,7.0
STARD6,7.0
AC016383.2,7.0
AC004865.2,7.0
AC010425.1,7.0
AC023794.3,7.0
MALRD1,7.0
AC130324.3,7.0
AP005131.6,7.0
AC007106.1,7.0
AP005901.2,7.0
FCN1,7.0
OASL,7.0
NLRC3,7.0
AC016168.2,7.0
CERS6-AS1,7.0
AC008035.1,7.0
AC002069.2,7.0
AC073050.1,7.0
LINC01715,7.0
RAB42,7.0
AC012254.3,7.0
SKA1,7.0
SLC6A4,7.0
SOWAHD,7.0
AC006144.2,7.0
FBXO24,7.0
CACNG1,7.0
AC145343.1,7.0
SMC5-AS1,7.0
AC084024.3,7.0
FOSL1,7.0
AC022144.1,7.0
FAM124B,7.0
AL031432.5,7.0
AC021755.3,7.0
NRAD1,7.0
CRX,7.0
OR1A1,7.0
DM1-AS,7.0
AC073641.1,7.0
AC006329.1,7.0
AL121992.3,7.0
BX005266.2,7.0
AL132996.1,7.0
AC004047.1,7.0
AC010680.5,7.0
AC010680.2,7.0
TMEM139,7.0
AC073342.1,7.0
CD5,7.0
POLR2J2,7.0
AC015961.2,7.0
AC011484.1,7.0
MINAR2,7.0
HCFC1-AS1,7.0
ZBTB42,7.0
PRRX2,7.0
SLC16A5,7.0
AC004069.1,7.0
SENCR,7.0
LINC01091,7.0
AC079354.2,7.0
AC006213.3,7.0
AL365203.2,7.0
AC116345.1,7.0
AL392046.1,7.0
CFTR,7.0
AC008434.1,7.0
AC012636.1,7.0
AOX1,7.0
LINC02006,7.0
AL358472.5,7.0
HIST1H2BE,7.0
ANKRD10-IT1,7.0
TNFRSF10D,7.0
AC090164.5,7.0
AL353807.5,7.0
OSR1,7.0
AL355512.1,7.0
ABCC11,7.0
AC096996.3,7.0
B3GNT8,7.0
FAM83G,7.0
AC005674.2,7.0
AC091057.2,7.0
PLXNB3,7.0
AC018635.2,6.0
AC006946.3,6.0
AC091736.1,6.0
CPA4,6.0
LEMD1,6.0
S100Z,6.0
AL135818.1,6.0
AC090983.1,6.0
AL137067.3,6.0
AL359710.1,6.0
AP006333.1,6.0
AC078842.1,6.0
AL512357.1,6.0
AC068418.1,6.0
AC007222.2,6.0
AL451064.1,6.0
AC007216.3,6.0
AC069234.5,6.0
AL021155.5,6.0
AL034417.2,6.0
AC069148.1,6.0
AC026150.3,6.0
AL137230.1,6.0
KRT80,6.0
LINC02664,6.0
SMAD9-IT1,6.0
AC098829.1,6.0
AC245427.2,6.0
AL449043.1,6.0
ROCR,6.0
AL590101.1,6.0
AC092810.4,6.0
AC010336.2,6.0
IDO1,6.0
LINC02306,6.0
AC007218.1,6.0
AP006545.1,6.0
AC068888.2,6.0
LY6K,6.0
AC104417.2,6.0
PIK3R6,6.0
AC015908.2,6.0
AC023043.1,6.0
AC116317.1,6.0
AC024451.4,6.0
AC007423.1,6.0
VSIG2,6.0
AP000553.2,6.0
IPO9-AS1,6.0
PIGY-DT,6.0
CLDN7,6.0
AC061975.1,6.0
AC021504.1,6.0
AC079052.1,6.0
DOK7,6.0
AC116158.1,6.0
AC099518.6,6.0
AC005632.6,6.0
DNAH3,6.0
PLA2G10,6.0
AC063944.1,6.0
AC092881.2,6.0
ALKAL1,6.0
AP001437.1,6.0
AL161665.2,6.0
AC011472.1,6.0
AC053503.2,6.0
AC040977.1,6.0
GPRIN2,6.0
RAD51,6.0
NCMAP,6.0
OVOL1-AS1,6.0
STPG2-AS1,6.0
AANAT,6.0
AC015802.4,6.0
CCDC116,6.0
AC011611.4,6.0
LYPLAL1-AS1,6.0
GPR176-DT,6.0
AL512506.1,6.0
DACT3-AS1,6.0
AC008532.1,6.0
AC022126.1,6.0
OR4D9,6.0
LGALS4,6.0
AC118754.1,6.0
AF230666.2,6.0
EXD1,6.0
ESRRB,6.0
AC093458.1,6.0
AC093890.2,6.0
AC005856.1,6.0
AL139106.1,6.0
METTL24,6.0
AP001412.1,6.0
AC026369.2,6.0
AC112482.2,6.0
CFAP99,6.0
VDR,6.0
AL135786.2,6.0
AC022148.1,6.0
AC139019.1,6.0
AC016723.1,6.0
AC025031.3,6.0
LNCAROD,6.0
AC008063.2,6.0
AC090617.3,6.0
PATL2,6.0
AC084834.1,6.0
PDZD9,6.0
SCNN1G,6.0
AL139123.1,6.0
LINC01167,6.0
MATN1,6.0
AC079907.2,6.0
AP002449.1,6.0
PLA2G4D,6.0
C1orf94,6.0
GJB3,6.0
AL158835.2,6.0
AP000251.1,6.0
AP000265.1,6.0
PAX5,6.0
RORB-AS1,6.0
AC087392.5,6.0
AC016074.2,6.0
KCNA7,6.0
AC010643.1,6.0
AC025171.4,6.0
MIR3659HG,6.0
AC237221.1,6.0
AC105760.1,6.0
SPP2,6.0
AC090921.1,6.0
PCDHA11,6.0
AC092123.1,6.0
AC011379.1,6.0
SLC5A8,6.0
AC005153.1,6.0
LINC02754,6.0
TNFSF18,6.0
AC002059.1,6.0
FP236241.1,6.0
CU634019.5,6.0
AC006063.2,6.0
LPO,6.0
LINC02424,6.0
AL033527.4,6.0
LINC02471,6.0
AC022387.2,6.0
IZUMO2,6.0
ATP4A,6.0
AL596257.1,6.0
AC074351.1,6.0
AL136984.1,6.0
AC120498.10,6.0
AC130895.1,6.0
CXCL11,6.0
AC104051.2,6.0
AC025674.2,6.0
LINC01606,6.0
VIM-AS1,6.0
SYNE4,6.0
TUBA3D,6.0
AC133785.1,6.0
AC140847.2,6.0
AC111006.1,6.0
AC093726.2,6.0
AC023158.2,6.0
TULP1,6.0
UCKL1-AS1,6.0
NTF3,6.0
AC244502.1,6.0
AC005606.2,6.0
AL591428.1,6.0
AC004882.3,6.0
AL590096.1,6.0
AC004223.2,6.0
TXK,6.0
AC005534.1,6.0
AC016044.1,6.0
AC012378.2,6.0
FAM180B,6.0
KF459542.1,6.0
AC064801.1,6.0
AC109587.1,6.0
AC145423.2,6.0
CACNG6,6.0
AC010536.1,6.0
AC022150.2,6.0
AC016542.1,6.0
KDM5C-IT1,6.0
LILRB3,6.0
LINC01470,6.0
NDST1-AS1,6.0
AC009119.1,6.0
AC009063.1,6.0
AL136985.3,6.0
LINC02109,6.0
AC011726.2,6.0
GNAS-AS1,6.0
AC024933.1,6.0
SULT1C2,6.0
AC105411.1,6.0
LENG8-AS1,6.0
BUB1,6.0
ZFPM2-AS1,6.0
AC068385.1,6.0
AC007036.3,6.0
AC004908.3,6.0
KBTBD11-OT1,6.0
INSL5,6.0
CIDEC,6.0
AC092376.1,6.0
RAD9B,6.0
DLGAP1-AS5,6.0
LINC01909,6.0
LINC02453,6.0
AP005136.3,6.0
LINC00470,6.0
AC120193.1,6.0
AC005785.1,6.0
AC003956.1,6.0
AC093788.1,6.0
NMRK2,6.0
TJP3,6.0
SOCS3,6.0
AC018529.1,6.0
AC027088.2,6.0
AC006116.4,6.0
AC005261.2,6.0
FER1L5,6.0
AC010157.2,6.0
NEXN-AS1,6.0
LINC02601,6.0
AC093512.1,6.0
AC024075.3,6.0
AC007240.3,6.0
LINC00570,6.0
AC092687.3,6.0
HTR3A,6.0
TNFRSF10A,6.0
AC087521.2,6.0
NDC80,6.0
SLITRK6,6.0
AC018781.1,6.0
AC008751.3,6.0
AC053513.2,6.0
PSPC1-AS2,6.0
AC122710.1,6.0
NUTM2D,6.0
RGPD2,6.0
IGKC,6.0
AL358933.1,6.0
NCF4,6.0
AC092068.2,6.0
AC068620.1,6.0
AC099063.4,6.0
RAG1,6.0
AC144521.1,6.0
AL591378.1,6.0
AC092807.2,6.0
LRCOL1,6.0
MIP,6.0
AC097709.1,6.0
AC053527.2,6.0
HIST1H2BJ,6.0
AC009088.1,6.0
LINC01376,6.0
AL031055.1,6.0
AC068234.3,6.0
AC018467.1,6.0
LINC01814,6.0
AC025244.1,6.0
AL121890.3,6.0
AC012494.1,6.0
AC079117.2,6.0
AC068616.3,6.0
AL109976.1,6.0
LIPJ,6.0
CILP2,6.0
AC091932.1,6.0
LINC00567,6.0
AC068700.2,6.0
MFAP5,6.0
AC015660.3,6.0
AC090164.2,6.0
AL021707.8,6.0
LINC01374,6.0
AL354824.2,6.0
DPEP3,6.0
AL442067.3,6.0
GK-IT1,6.0
DNAH11,6.0
DNM1P35,6.0
GSTM1,6.0
LINC01203,6.0
AC013403.2,6.0
Z98752.4,6.0
PHETA2,6.0
SLC22A1,6.0
AL731574.1,6.0
C9orf153,6.0
AC110285.5,6.0
TTC16,6.0
AC130371.2,6.0
AC114341.1,6.0
B3GNT10,6.0
AC124947.1,6.0
LINC02587,6.0
EHF,6.0
DPYD-IT1,6.0
AC092802.4,6.0
AC090181.2,6.0
HNF4G,6.0
C2orf16,6.0
CCL19,6.0
CES5A,6.0
AL157762.1,6.0
CLDN20,6.0
AC036108.1,6.0
SPRR2G,6.0
AC105020.5,6.0
AC008115.3,6.0
AL161938.1,6.0
AL357054.3,6.0
NAGS,6.0
AC099811.5,6.0
AC005532.1,6.0
AC007029.1,6.0
AC092919.1,6.0
AC092943.2,6.0
NTS,6.0
RASSF9,6.0
CXCL3,6.0
ADAMTSL4,6.0
HIST2H2AA4,6.0
AC107958.2,6.0
AL356417.1,6.0
C10orf95,6.0
AL732314.4,6.0
CALML3,6.0
SCN5A,6.0
AL359502.2,6.0
AC106038.1,6.0
AL035420.3,6.0
AL034422.1,6.0
KCNIP2-AS1,6.0
KLRF1,6.0
LINC01819,6.0
LINC01639,6.0
AC104806.2,6.0
AC009501.3,6.0
AC107222.2,6.0
AC099343.4,6.0
TOPAZ1,6.0
AC073263.1,6.0
DGUOK-AS1,6.0
AC074008.1,6.0
LINC01962,6.0
AC099332.2,6.0
AC012358.3,6.0
ADGRG5,6.0
SIX3-AS1,6.0
CCR9,6.0
GDF15,6.0
AC108169.1,6.0
AC097518.1,6.0
AC025682.1,6.0
AP001351.1,6.0
AC092954.1,6.0
LINC02718,6.0
LINC01500,6.0
AC109809.1,6.0
SPAG17,6.0
CD2,6.0
FAM72D,6.0
CELSR1,6.0
AC009118.2,6.0
IQCJ,6.0
NOTUM,6.0
NAV2-IT1,6.0
AL450345.1,6.0
TFAP2A,6.0
FGF14-IT1,6.0
AC040174.2,6.0
PRB2,6.0
TAS2R30,6.0
LOXL4,6.0
AC013565.3,6.0
LINC01731,6.0
KCNJ1,6.0
AC008759.3,6.0
TEKT5,6.0
AC096772.1,6.0
AC007383.2,6.0
GJD4,6.0
AC007563.4,6.0
AC005722.3,6.0
C12orf81,6.0
AC108066.2,6.0
AL359546.1,6.0
AL583722.2,5.0
AC084125.4,5.0
AC007370.2,5.0
AC090403.1,5.0
AC011595.2,5.0
CEACAM21,5.0
ANKRD33,5.0
MAST4-IT1,5.0
IL10,5.0
AC007220.1,5.0
AC007613.1,5.0
AC011815.1,5.0
AL357093.2,5.0
MAGEA12,5.0
AC116651.1,5.0
AC008537.4,5.0
AL161935.1,5.0
AL807776.1,5.0
TSHR,5.0
AL928970.1,5.0
FEV,5.0
HNF1A-AS1,5.0
AC074044.1,5.0
AL359380.1,5.0
OTOL1,5.0
AC010201.3,5.0
C12orf50,5.0
AC145207.3,5.0
CSN1S1,5.0
AC245014.1,5.0
AC245014.3,5.0
UPK3A,5.0
HIST2H2AB,5.0
AC022039.1,5.0
Z94721.1,5.0
TFAP2A-AS2,5.0
CCDC168,5.0
LINC02418,5.0
CCDC13-AS1,5.0
AC025165.2,5.0
TTLL2,5.0
AC019129.2,5.0
LINC01833,5.0
SLC8A1-AS1,5.0
STH,5.0
ZKSCAN7-AS1,5.0
AL353719.1,5.0
LINC01465,5.0
LINC02362,5.0
FSD2,5.0
AC004528.1,5.0
AL008628.1,5.0
FAM167A-AS1,5.0
GTSE1-DT,5.0
PKDREJ,5.0
AC080013.5,5.0
MEIS1-AS2,5.0
LINC02363,5.0
LINC02500,5.0
AC008170.1,5.0
AL133215.3,5.0
LINC02235,5.0
CLEC1A,5.0
AP002433.1,5.0
AC097110.1,5.0
AC104137.1,5.0
CST7,5.0
AC006058.2,5.0
LINC01622,5.0
LINC02669,5.0
LINC00920,5.0
TERB1,5.0
MIR181A2HG,5.0
AC124248.2,5.0
LPA,5.0
AL031595.2,5.0
LINC00930,5.0
AL133453.1,5.0
AC011008.1,5.0
DEUP1,5.0
TM6SF2,5.0
AL356433.1,5.0
LINC02594,5.0
STK24-AS1,5.0
AL442067.2,5.0
AC015871.7,5.0
AC138123.1,5.0
LINC01600,5.0
IRX3,5.0
AC073593.2,5.0
U73166.1,5.0
AL163541.1,5.0
AL109614.1,5.0
NLRC4,5.0
DOK2,5.0
CCDC36,5.0
AC106795.5,5.0
AL109838.1,5.0
AC148477.1,5.0
LINC02397,5.0
SECTM1,5.0
AC132872.2,5.0
EXOC1L,5.0
AC073575.2,5.0
AP000845.1,5.0
AC137630.3,5.0
AL356608.3,5.0
AL139339.1,5.0
MFSD2B,5.0
AL008582.1,5.0
INSC,5.0
AL589765.5,5.0
WFDC10A,5.0
AC114341.2,5.0
LINC00578,5.0
KLHL34,5.0
AL442067.1,5.0
AL355916.1,5.0
RSPH10B,5.0
AL360270.1,5.0
C3orf79,5.0
APOBEC3A,5.0
FAM83F,5.0
AL162258.2,5.0
U91328.3,5.0
AC027348.1,5.0
AC091180.3,5.0
AC115284.4,5.0
AC022819.1,5.0
AC105046.1,5.0
AC007527.1,5.0
LINC00456,5.0
AC146507.3,5.0
LINC01763,5.0
AC112496.1,5.0
FAM9C,5.0
AC090425.2,5.0
P2RX2,5.0
CFAP73,5.0
AC013562.1,5.0
LRRC46,5.0
AL139099.1,5.0
NTRK1,5.0
AL365181.3,5.0
ZNF492,5.0
AC025811.1,5.0
AC022210.2,5.0
AP003117.1,5.0
AC092115.2,5.0
TMED6,5.0
AC110614.1,5.0
AC007527.2,5.0
AL662890.1,5.0
AL139351.3,5.0
AC068790.7,5.0
DENND6A-AS1,5.0
CYP4F12,5.0
AP002884.3,5.0
IYD,5.0
Z69720.1,5.0
TDRD1,5.0
C6orf47-AS1,5.0
LINC01206,5.0
AL162456.1,5.0
RSPO4,5.0
CFAP47,5.0
NFE2L3,5.0
AL135978.2,5.0
RRS1-AS1,5.0
AC008569.2,5.0
OR7A17,5.0
LINC02454,5.0
AC020911.2,5.0
ANKRD40CL,5.0
AL022334.2,5.0
IL2RB,5.0
AP003119.3,5.0
AC002044.1,5.0
C5orf58,5.0
AC034229.1,5.0
AC090948.4,5.0
AL355388.2,5.0
LINC02763,5.0
AL645929.2,5.0
AC021491.2,5.0
AC021134.2,5.0
DNAJC5B,5.0
AC100812.1,5.0
COLEC11,5.0
AL360178.1,5.0
LINC00648,5.0
AC016355.1,5.0
AC245187.2,5.0
AC009269.4,5.0
AC108125.1,5.0
AL132986.1,5.0
AL121820.3,5.0
DNASE2B,5.0
TTLL7-IT1,5.0
POU5F1,5.0
LINC02218,5.0
AC024588.1,5.0
AC099791.4,5.0
AC103740.1,5.0
C2CD4B,5.0
AC093575.1,5.0
AL117353.1,5.0
AL133320.2,5.0
AC022382.2,5.0
AP000426.1,5.0
GRHL2,5.0
KRT15,5.0
LINC01224,5.0
LINC01879,5.0
AL807752.2,5.0
EPHX3,5.0
AC113370.1,5.0
LHX1,5.0
LINC00539,5.0
GCC2-AS1,5.0
DUSP13,5.0
PPP1R2B,5.0
NCR1,5.0
AC008149.2,5.0
AL158071.4,5.0
AC011939.2,5.0
AC011939.3,5.0
AL357153.1,5.0
AC129915.3,5.0
AL445209.1,5.0
AC009063.3,5.0
AC008011.2,5.0
AC007950.2,5.0
LINC00689,5.0
AC234031.1,5.0
Z73429.1,5.0
HSPA6,5.0
AC044810.2,5.0
ACRBP,5.0
AC090136.3,5.0
AC116609.3,5.0
OR2G6,5.0
C20orf197,5.0
AL162457.2,5.0
DMBT1,5.0
BX323046.1,5.0
AL451007.3,5.0
FOXL2NB,5.0
AC015849.4,5.0
ITPR1-DT,5.0
AC093675.1,5.0
AC016745.1,5.0
AC114939.1,5.0
AC091769.2,5.0
AC066585.1,5.0
CHRM4,5.0
PFKFB1,5.0
ORC1,5.0
AC092756.1,5.0
AC005280.2,5.0
LINC00311,5.0
LAIR2,5.0
PDE6A,5.0
AC004846.2,5.0
L3MBTL4-AS1,5.0
AL035603.1,5.0
AL022341.1,5.0
IFNG-AS1,5.0
AC012557.2,5.0
AC109460.1,5.0
AC133550.3,5.0
AC133550.2,5.0
LAMA5-AS1,5.0
AL139407.1,5.0
AL096828.3,5.0
AC109992.2,5.0
AC015912.3,5.0
LINC00960,5.0
DAND5,5.0
AC040896.1,5.0
C1QTNF9B,5.0
AL162386.2,5.0
KRTAP5-8,5.0
KRTAP5-7,5.0
OR5AS1,5.0
AC016721.1,5.0
AC107398.5,5.0
TRABD2B,5.0
CYP4A22-AS1,5.0
AC134312.6,5.0
LINC02182,5.0
AC011246.1,5.0
AL512452.1,5.0
AL159156.1,5.0
AC018926.2,5.0
TPM1-AS,5.0
KRTAP5-10,5.0
LINC00870,5.0
SYNGAP1-AS1,5.0
ZNF695,5.0
AL121845.1,5.0
AL591848.2,5.0
OR2B11,5.0
AC006064.5,5.0
AL031186.1,5.0
CD3G,5.0
AC068282.2,5.0
AC005592.1,5.0
MAL2-AS1,5.0
AC093642.7,5.0
AC004223.4,5.0
ATP12A,5.0
AC004832.5,5.0
AL451050.2,5.0
PLA2G3,5.0
AC005005.3,5.0
AL449363.2,5.0
AL591115.1,5.0
AC127164.1,5.0
AC104407.1,5.0
AP001595.2,5.0
TMEM236,5.0
AC016405.1,5.0
AC137932.1,5.0
SIGLEC9,5.0
AC073236.1,5.0
AC084782.2,5.0
MKNK1-AS1,5.0
AL353611.1,5.0
REELD1,5.0
TMEM244,5.0
AC021683.1,5.0
CCN6,5.0
SLC25A21,5.0
AC009065.8,5.0
SIGLEC11,5.0
JMJD1C-AS1,5.0
AL133551.1,5.0
LINC01945,5.0
GJA9,5.0
HDC,5.0
AC084756.1,5.0
PROX2,5.0
AC005519.1,5.0
AC012066.2,5.0
AC026391.1,5.0
AC025038.1,5.0
AC074138.1,5.0
TNMD,5.0
RPA4,5.0
AC117490.2,5.0
KCNRG,5.0
PCDHA4,5.0
PCDHA1,5.0
AC016910.1,5.0
AC090970.2,5.0
AC006459.1,5.0
AL391730.2,5.0
AL133390.1,5.0
AL359764.3,5.0
AC118758.3,5.0
AL139286.2,5.0
AL590434.1,5.0
AC084262.1,5.0
AP001596.1,5.0
AP000253.1,5.0
AP000255.1,5.0
AC090061.1,5.0
LINC02846,5.0
AC010422.2,5.0
KREMEN2,5.0
AL160286.2,5.0
LMLN2,5.0
AL132780.2,5.0
CLDN4,5.0
TULP2,5.0
LINC02646,5.0
AC092119.3,5.0
AL354950.2,5.0
LINC02666,5.0
AC005342.1,5.0
AC092338.3,5.0
MMP25,5.0
OR51E1,5.0
AP000692.1,5.0
AL445248.1,5.0
CTAGE1,5.0
AP005432.1,5.0
PTTG2,5.0
AP001033.1,5.0
PPP4R1-AS1,5.0
AC005009.1,5.0
SPDYE5,5.0
LINC00996,5.0
AC068724.3,5.0
SMPDL3B,5.0
BX293535.1,5.0
AL158211.2,5.0
AC064853.1,5.0
LRRC63,5.0
GSDMC,5.0
RAB40A,5.0
Z69733.1,5.0
AC009487.1,5.0
AC005482.1,5.0
FAM167B,5.0
AP000317.1,5.0
CLIC6,5.0
AP001429.1,5.0
SIM2,5.0
CAPN11,5.0
HCAR1,5.0
LINC00222,5.0
AL590009.1,5.0
LINC02526,5.0
DSCR9,5.0
AP002026.1,5.0
AC016773.1,5.0
AC090115.1,5.0
PDCD1LG2,5.0
AL606469.1,5.0
CTBP1-AS,5.0
C12orf42,5.0
LOXHD1,5.0
AC069294.1,5.0
AC005518.1,5.0
LINC01444,5.0
AL391650.1,5.0
TSGA10IP,5.0
AC093843.2,5.0
LINC01992,5.0
AC026254.2,5.0
ADAMTS19-AS1,5.0
ALOX15,5.0
HPYR1,5.0
AC103726.2,5.0
AC007405.4,5.0
AC000065.2,5.0
FLVCR2,5.0
LINC02574,5.0
KNL1,5.0
ZP1,5.0
AL445228.2,5.0
PACERR,5.0
AP002765.1,5.0
AL391056.1,5.0
AC008760.2,5.0
GP9,5.0
AC015802.6,5.0
AC015802.5,5.0
CHST13,5.0
LINC01471,5.0
GJC3,5.0
AC010894.3,5.0
AC112187.3,5.0
AC114956.3,5.0
PLA2G2C,5.0
AC002377.1,5.0
AP001042.1,5.0
AL591543.1,5.0
SLC22A7,5.0
CCDC188,5.0
AL357522.1,5.0
AC079382.2,5.0
PCOLCE-AS1,5.0
AC068489.1,5.0
AC009955.2,5.0
AC004706.3,5.0
LINC01117,5.0
AC004771.3,5.0
AC004522.3,5.0
MFAP2,5.0
AC040173.1,5.0
AC069209.2,5.0
CFHR1,5.0
AP000550.1,5.0
LRRC74B,5.0
CDC45,5.0
AL158058.2,5.0
DAPP1,5.0
LINC02395,5.0
AL354696.2,5.0
LINC01934,5.0
IGFL2,5.0
AC026704.1,5.0
AC011455.6,5.0
AC093799.1,5.0
LINC01635,5.0
AP001062.3,5.0
LINC01694,5.0
AC092902.2,5.0
AC006547.2,5.0
MEI4,5.0
KRT18,5.0
AL158167.1,5.0
ASDURF,5.0
LUCAT1,5.0
AC243964.3,5.0
AC096647.1,5.0
BX284668.6,5.0
LINC002481,5.0
LINC00907,5.0
USH2A,5.0
AC011700.1,5.0
PCAT5,5.0
BX004987.1,5.0
ARGFX,5.0
TNFRSF14-AS1,5.0
AP001453.3,5.0
AC022613.2,5.0
TEX22,5.0
ESPN,5.0
AL135791.1,5.0
LINC01090,5.0
FMR1-AS1,5.0
AL109653.3,5.0
CHIT1,5.0
MYBPH,5.0
FCMR,5.0
IL19,5.0
FAM66A,5.0
LINC02805,5.0
AL121672.3,5.0
AC022167.4,5.0
AC078860.2,5.0
AC026402.2,5.0
AC007432.1,5.0
GZMB,5.0
RIPK3,5.0
AL365226.1,5.0
AC022168.1,5.0
AC243960.1,5.0
AC008972.1,5.0
TMEM171,5.0
AC008121.2,5.0
AL132657.1,5.0
AL354733.2,4.0
AL590399.1,4.0
AL512422.1,4.0
KCNQ1DN,4.0
SLC12A9-AS1,4.0
AC113139.1,4.0
RHPN1-AS1,4.0
AC007216.2,4.0
LINC00354,4.0
LINC02289,4.0
ZBTB12,4.0
AL499604.1,4.0
AC022079.1,4.0
LINC02687,4.0
LINC00944,4.0
AC022079.2,4.0
LINC02408,4.0
PCDHGB1,4.0
AC067930.2,4.0
AL023881.1,4.0
CDH15,4.0
AC106782.5,4.0
AC009264.1,4.0
AC006111.3,4.0
CASC18,4.0
AC073655.2,4.0
LINC02679,4.0
BDKRB1,4.0
GUCY2C,4.0
AC006111.2,4.0
AP001591.1,4.0
FOXD4L5,4.0
AP001092.1,4.0
AC018845.3,4.0
AL355312.2,4.0
AICDA,4.0
AL049839.3,4.0
IFNA2,4.0
TRG-AS1,4.0
AL390755.3,4.0
POU4F1,4.0
CD2BP2-DT,4.0
AC091153.3,4.0
AL513548.3,4.0
MCM10,4.0
LINC01069,4.0
SCGB1A1,4.0
AC127526.5,4.0
SLC5A12,4.0
C2CD4A,4.0
TRBV26OR9-2,4.0
AP001922.5,4.0
AP000842.3,4.0
AC092110.1,4.0
C9orf147,4.0
AL358852.1,4.0
AC005480.1,4.0
AC107918.6,4.0
AL021807.1,4.0
AL353803.1,4.0
OR3A1,4.0
SERINC4,4.0
AC139493.2,4.0
AC244517.2,4.0
AC106028.3,4.0
AC079866.2,4.0
AC188617.1,4.0
KRT78,4.0
LINC02411,4.0
LINC00840,4.0
AL512625.2,4.0
AP000944.7,4.0
MYO1H,4.0
AC156455.1,4.0
AC009522.1,4.0
AC006064.2,4.0
AC130456.3,4.0
AC131254.2,4.0
ZNF32-AS2,4.0
AC023781.1,4.0
IRAIN,4.0
IFNA13,4.0
GHRHR,4.0
AC103955.1,4.0
AC027250.2,4.0
AC068787.2,4.0
AL121956.4,4.0
AC025031.4,4.0
PRPH,4.0
AL031963.1,4.0
PRICKLE4,4.0
TDRG1,4.0
LCN8,4.0
TMC5,4.0
AC068205.1,4.0
PRSS55,4.0
AC015727.1,4.0
AC024901.1,4.0
AL162171.2,4.0
AC005840.4,4.0
AL731559.1,4.0
CACNA2D4,4.0
C12orf40,4.0
C15orf48,4.0
AL590652.1,4.0
AL136295.17,4.0
AL591242.1,4.0
AMN,4.0
ST7-OT4,4.0
ACTA2-AS1,4.0
AC060814.3,4.0
LACTB2-AS1,4.0
SH3PXD2A-AS1,4.0
MUSK,4.0
E2F7,4.0
PCDHGA4,4.0
AC004839.2,4.0
AC100861.2,4.0
AC134312.3,4.0
CST6,4.0
AC004012.1,4.0
IFT74-AS1,4.0
AC103874.1,4.0
FOXP4-AS1,4.0
AC063962.1,4.0
VNN2,4.0
AC009093.5,4.0
AC105339.6,4.0
MIR2052HG,4.0
AC114296.1,4.0
AC012564.1,4.0
CYP3A43,4.0
LINC02340,4.0
AP001107.2,4.0
LINC00421,4.0
C15orf56,4.0
AP001783.1,4.0
AC027702.1,4.0
DNMBP-AS1,4.0
C9orf139,4.0
ROS1,4.0
AC092757.3,4.0
AC005740.4,4.0
BMF,4.0
AC084855.1,4.0
AC051619.7,4.0
AC005609.4,4.0
AP001999.2,4.0
AC087672.2,4.0
AP002748.2,4.0
AC090994.1,4.0
LINGO1-AS2,4.0
ANKRD20A2,4.0
MPIG6B,4.0
AL078600.1,4.0
LINC01446,4.0
TBC1D10C,4.0
CLDN23,4.0
AC010997.5,4.0
AC010999.1,4.0
AL590999.1,4.0
AC107032.2,4.0
AC025263.1,4.0
AC073591.1,4.0
CCDC196,4.0
AL158163.1,4.0
AC004817.5,4.0
AL445207.1,4.0
ACOT6,4.0
FAM180A,4.0
AL390838.1,4.0
PIWIL1,4.0
AC112481.1,4.0
ASPG,4.0
AC021739.3,4.0
AP006216.1,4.0
AC006033.2,4.0
HIST1H2BK,4.0
COL2A1,4.0
AC108863.2,4.0
AC092681.3,4.0
AC009108.3,4.0
GSX1,4.0
AC073389.1,4.0
AL162311.3,4.0
AL356419.1,4.0
STMND1,4.0
AC012409.3,4.0
GATA6,4.0
BX927359.1,4.0
AC074050.4,4.0
AL137847.1,4.0
AL133485.3,4.0
HMGA2,4.0
AL731769.1,4.0
AL137779.2,4.0
LINC00349,4.0
PDF,4.0
AC093512.2,4.0
LINC00239,4.0
AC099518.1,4.0
AC011196.1,4.0
LINC00242,4.0
GZMH,4.0
GPR21,4.0
AC005487.1,4.0
AL645933.2,4.0
AL139405.1,4.0
AP004147.1,4.0
UPK3BL2,4.0
AL592546.2,4.0
AP003071.4,4.0
AC090517.2,4.0
RPGRIP1,4.0
LINC02701,4.0
AC083841.1,4.0
LINC00609,4.0
CHTF8,4.0
AC025283.2,4.0
CD27,4.0
OR8D4,4.0
LINC00640,4.0
AL445223.1,4.0
AC105137.2,4.0
LINC02151,4.0
MMP19,4.0
AC009812.3,4.0
AF186192.1,4.0
AC011365.1,4.0
AC073314.1,4.0
AC025259.3,4.0
LINC01010,4.0
AC090578.2,4.0
CASC19,4.0
AP002336.1,4.0
NAT2,4.0
AC006960.3,4.0
ARHGEF35,4.0
AL133523.1,4.0
MYCBP2-AS1,4.0
KERA,4.0
AC090518.1,4.0
AC022535.3,4.0
AC087533.1,4.0
AC136944.1,4.0
C9orf43,4.0
BLID,4.0
AL356740.3,4.0
CA9,4.0
AC024651.3,4.0
AC125603.4,4.0
AC022973.3,4.0
AC003991.2,4.0
AL161630.1,4.0
AC127070.1,4.0
SCIMP,4.0
MAT1A,4.0
CYP2C19,4.0
SERPINE1,4.0
AC004771.5,4.0
LINC02244,4.0
SLC26A7,4.0
AC243965.2,4.0
AL133445.2,4.0
TUSC8,4.0
DDIT4-AS1,4.0
SLC39A2,4.0
NFE2,4.0
AL133445.3,4.0
AL157373.2,4.0
CCDC33,4.0
CPA2,4.0
AC022167.3,4.0
NOXRED1,4.0
AL356020.1,4.0
TREML1,4.0
AC009041.1,4.0
AL122014.1,4.0
AC102941.1,4.0
LINC00514,4.0
KCTD19,4.0
AL731533.3,4.0
AC108448.3,4.0
AL023806.2,4.0
AC008915.1,4.0
AC069549.2,4.0
AC087354.1,4.0
OIP5,4.0
AC010476.2,4.0
AC136475.9,4.0
AL109615.2,4.0
HK3,4.0
AC083864.5,4.0
PSD2-AS1,4.0
AL590226.1,4.0
AL713851.1,4.0
AL442125.2,4.0
AL096709.1,4.0
AC138904.1,4.0
AGBL2,4.0
MAFA,4.0
AC005632.5,4.0
CYP17A1,4.0
AL158136.1,4.0
ADAMTS15,4.0
KIF18A,4.0
AL355312.3,4.0
AC123768.2,4.0
AC027288.3,4.0
AC087071.1,4.0
PKD1L1,4.0
PLA2G1B,4.0
AC087392.3,4.0
NALT1,4.0
AP003717.4,4.0
AL162713.2,4.0
AL034374.1,4.0
TTLL11-IT1,4.0
AC136431.1,4.0
AC020659.1,4.0
PCDHA3,4.0
AL139339.2,4.0
AL078604.2,4.0
AC113348.1,4.0
FNDC1,4.0
LVRN,4.0
PIMREG,4.0
TSLP,4.0
AC021086.1,4.0
AC135178.5,4.0
AC026780.2,4.0
AC099554.1,4.0
AC113167.1,4.0
AC005224.2,4.0
AC005358.2,4.0
SMCR2,4.0
AC007952.6,4.0
AC010280.1,4.0
AC010280.2,4.0
MAST4-AS1,4.0
LINC02057,4.0
AC008937.3,4.0
AC005726.5,4.0
AC008875.1,4.0
AC034231.1,4.0
CCL8,4.0
AC113347.4,4.0
AC114930.1,4.0
AC026785.2,4.0
LINC02150,4.0
AC006441.3,4.0
AC016549.1,4.0
TOP2A,4.0
AC091965.4,4.0
WNK4,4.0
AC122719.3,4.0
PYY,4.0
AC021087.1,4.0
SOST,4.0
ITGB3,4.0
AC005670.1,4.0
AC093849.2,4.0
EME1,4.0
WFIKKN2,4.0
AC097467.3,4.0
AC007114.2,4.0
AC011921.1,4.0
LINC00500,4.0
AC110609.1,4.0
AC093591.2,4.0
AC096711.2,4.0
AC093765.3,4.0
CXCL10,4.0
EPGN,4.0
PVALEF,4.0
AC092596.1,4.0
LINC01970,4.0
AP000915.2,4.0
LINC01618,4.0
CORIN,4.0
SHISA3,4.0
AP005671.1,4.0
AC108471.3,4.0
GACAT2,4.0
DTHD1,4.0
AC097480.1,4.0
AC105290.1,4.0
MC5R,4.0
AC121320.1,4.0
AC012417.1,4.0
AC009831.3,4.0
S100P,4.0
LINC02036,4.0
AC105094.2,4.0
FGF12-AS3,4.0
TP63,4.0
AC090337.1,4.0
AC112907.3,4.0
AC116003.3,4.0
C18orf65,4.0
AC068473.3,4.0
SHOX2,4.0
STRIT1,4.0
AC012615.2,4.0
AC006130.3,4.0
AC005786.3,4.0
GRK7,4.0
AC005339.1,4.0
AC016931.1,4.0
NRTN,4.0
SH2D3A,4.0
AC010503.2,4.0
CRB3,4.0
CD209,4.0
AC011451.3,4.0
OR7D2,4.0
AC092896.2,4.0
AC128687.3,4.0
AC011451.4,4.0
TBILA,4.0
PDZRN3-AS1,4.0
AC097369.2,4.0
AC104167.1,4.0
ASF1B,4.0
DENND6A-DT,4.0
FAM3D,4.0
AC116036.2,4.0
AC098479.1,4.0
HSH2D,4.0
OR10H1,4.0
AC115282.2,4.0
TLR9,4.0
AC008764.7,4.0
U73169.1,4.0
FBXW12,4.0
AC092053.4,4.0
AC123023.1,4.0
AC073539.1,4.0
AC123912.4,4.0
EAF1-AS1,4.0
AC093495.1,4.0
AC018809.2,4.0
AC008798.3,4.0
LINC01834,4.0
AC034187.1,4.0
GRM7-AS3,4.0
AC087430.1,4.0
AC008738.3,4.0
AC010504.1,4.0
AC133528.1,4.0
BOK-AS1,4.0
ESPNL,4.0
AC013726.1,4.0
SAG,4.0
AC073254.1,4.0
AC010632.1,4.0
UGT1A1,4.0
AC073052.2,4.0
LGALS7B,4.0
TUBA4B,4.0
AC053503.5,4.0
LINC00607,4.0
ABCA12,4.0
AC006994.2,4.0
ERFL,4.0
AC020719.1,4.0
AC019080.5,4.0
AC073548.2,4.0
AC026803.1,4.0
AC019186.1,4.0
AC026803.3,4.0
AC022154.1,4.0
AC097448.1,4.0
AC079163.2,4.0
MAP3K19,4.0
SIGLEC7,4.0
KLK11,4.0
AC079776.5,4.0
AC018755.4,4.0
TMEM37,4.0
AC009312.1,4.0
LINC01191,4.0
IL1A,4.0
AC104653.2,4.0
AC245052.4,4.0
AC011476.3,4.0
FCAR,4.0
AC010327.8,4.0
RGPD4-AS1,4.0
LINC01886,4.0
AC005040.2,4.0
ADRA2B,4.0
AC013270.1,4.0
AC009237.15,4.0
AC020915.1,4.0
SIRPG,4.0
GNRH2,4.0
GFRA4,4.0
FABP1,4.0
AL050403.2,4.0
DQX1,4.0
TLX2,4.0
AL121782.1,4.0
AC007881.3,4.0
AL121761.1,4.0
AL136090.2,4.0
LINC01829,4.0
LINC01873,4.0
AL121894.1,4.0
LGALSL-DT,4.0
AC016747.3,4.0
LINC01793,4.0
AC007250.1,4.0
HM13-AS1,4.0
AC010883.1,4.0
SLA2,4.0
CAPN14,4.0
AL133244.2,4.0
AL391095.1,4.0
AC093690.1,4.0
AL023803.2,4.0
AL031667.3,4.0
AC010745.2,4.0
LINC01871,4.0
LINC00487,4.0
SALL4,4.0
AC138089.1,4.0
AL390860.1,4.0
BIRC7,4.0
GCSAML,4.0
C1orf229,4.0
AL627095.2,4.0
AL645465.1,4.0
CHRM3-AS2,4.0
LINC01139,4.0
AP000459.2,4.0
AL355472.2,4.0
AP000238.1,4.0
AL117350.1,4.0
AP000302.1,4.0
KCNE1,4.0
MIXL1,4.0
LINC02765,4.0
AP001626.1,4.0
SIK1,4.0
AP001053.1,4.0
AP001056.2,4.0
LINC01424,4.0
AP001468.1,4.0
AL592146.2,4.0
AC096675.1,4.0
MYOG,4.0
ELF3-AS1,4.0
LINC00862,4.0
AC000068.3,4.0
TBX1,4.0
GGT2,4.0
ERVMER61-1,4.0
RIMBP3C,4.0
SMG7-AS1,4.0
AL161734.2,4.0
Z99916.1,4.0
CRYBA4,4.0
C1orf105,4.0
FMO1,4.0
ZNRF3-IT1,4.0
TMCO1-AS1,4.0
RFPL3,4.0
CD48,4.0
SH2D2A,4.0
CD1D,4.0
IL6R-AS1,4.0
AL451085.1,4.0
NPR1,4.0
AC254562.3,4.0
FLG2,4.0
AL391069.3,4.0
HIST2H4B,4.0
LINC00207,4.0
PRR34,4.0
FP325330.2,4.0
FP325330.3,4.0
C22orf34,4.0
LINC01310,4.0
AL157904.1,4.0
AL022328.1,4.0
PTPN22,4.0
AL390195.1,4.0
DHRSX-IT1,4.0
ASB9,4.0
AC104453.1,4.0
AC095033.1,4.0
MAGEB10,4.0
AL121578.2,4.0
INE1,4.0
AC232271.1,4.0
AC093425.1,4.0
MAGED4,4.0
LINC01771,4.0
MTMR8,4.0
AL109659.2,4.0
CYP4B1,4.0
ITGB1BP2,4.0
AC098484.4,4.0
AL445213.2,4.0
AC114488.2,4.0
AL136115.2,4.0
MORF4L2-AS1,4.0
COL4A6,4.0
PIH1D3,4.0
NUP62CL,4.0
RTL9,4.0
AL035425.1,4.0
AL109936.6,4.0
AL031005.2,4.0
LDLRAD2,4.0
ACTL8,4.0
SPATA21,4.0
LINC00629,4.0
CTRC,4.0
AL354712.1,4.0
FMR1-IT1,4.0
AL031731.1,4.0
ANGPTL7,4.0
MASP2,4.0
AL034417.3,4.0
CAMTA1-IT1,4.0
TKTL1,4.0
Z98886.1,4.0
LINC01134,4.0
AC008453.2,3.0
AC006517.2,3.0
SLC2A14,3.0
GOLGA8H,3.0
AC130404.1,3.0
AC108704.1,3.0
NAV2-AS2,3.0
AC009248.3,3.0
AL355338.1,3.0
LINC01030,3.0
AL954642.1,3.0
MRLN,3.0
AC127521.1,3.0
AL137246.1,3.0
AC004492.1,3.0
AC007938.2,3.0
PDCD4-AS1,3.0
AL078605.1,3.0
LINC00407,3.0
TRARG1,3.0
OC90,3.0
PGR-AS1,3.0
CLEC19A,3.0
MEIOB,3.0
AC137932.3,3.0
SPATA19,3.0
MTRNR2L5,3.0
SAMD12-AS1,3.0
AL049779.4,3.0
AC090907.1,3.0
LINC02533,3.0
NPIPA9,3.0
LDHC,3.0
AL627443.3,3.0
AC005100.1,3.0
AP000813.1,3.0
CARD18,3.0
MYRFL,3.0
AC120042.1,3.0
PCDHGB3,3.0
C10orf53,3.0
LINC00581,3.0
MEFV,3.0
AC026369.1,3.0
NPVF,3.0
AC010941.1,3.0
AC084757.3,3.0
FABP4,3.0
RNF224,3.0
LINC02296,3.0
ERICH6B,3.0
C5orf66,3.0
PRSS8,3.0
AL162274.1,3.0
LINC02548,3.0
RNF183,3.0
AC126773.4,3.0
AC021269.3,3.0
AL139090.1,3.0
AC245519.1,3.0
KRT3,3.0
NR2E3,3.0
AL450307.1,3.0
NKX2-8,3.0
AC140725.1,3.0
LINC01556,3.0
AC008708.1,3.0
AC004690.2,3.0
AC004466.3,3.0
AL161628.1,3.0
AC004241.2,3.0
SFTA3,3.0
LINC02156,3.0
AL451069.2,3.0
AL353732.1,3.0
NPIPB7,3.0
AL162391.1,3.0
AC008083.3,3.0
KRT1,3.0
LINC01623,3.0
LINC01435,3.0
IL6,3.0
AC010809.1,3.0
AL137785.1,3.0
AL023581.2,3.0
AC136604.3,3.0
CASC11,3.0
AC133637.2,3.0
AC009133.2,3.0
LINC02487,3.0
AC004485.1,3.0
AC116312.1,3.0
AC116456.1,3.0
LINC00638,3.0
ST8SIA2,3.0
AC106886.3,3.0
ZDHHC20-IT1,3.0
PABPN1L,3.0
BCL2A1,3.0
AL138889.3,3.0
AL451080.1,3.0
AL513128.2,3.0
LINC00336,3.0
AC021218.1,3.0
LINC02605,3.0
TRPV5,3.0
ODF3L1,3.0
AC092447.5,3.0
AL355974.1,3.0
PBOV1,3.0
AL355672.1,3.0
AC009093.2,3.0
LINC00861,3.0
EIF2S3B,3.0
AC027682.1,3.0
AC099524.1,3.0
AC068831.6,3.0
AC105020.6,3.0
AC105020.2,3.0
CALHM3,3.0
AC005280.1,3.0
AC008443.6,3.0
RB1-DT,3.0
AL353801.3,3.0
AL354694.1,3.0
CYP26C1,3.0
OR6A2,3.0
OR2AG1,3.0
AL139124.1,3.0
AL021408.1,3.0
LINC02099,3.0
AC084262.2,3.0
AC138331.1,3.0
AL392023.2,3.0
SEMA6A-AS1,3.0
AL512631.1,3.0
PCDHGA11,3.0
AIPL1,3.0
AC008549.2,3.0
TEKT1,3.0
AC113361.1,3.0
TMEM102,3.0
AC008462.1,3.0
LINC02115,3.0
AC079742.1,3.0
AC106818.2,3.0
AC005695.1,3.0
AC006348.1,3.0
FAM81B,3.0
AC012625.1,3.0
PPP2R2B-IT1,3.0
AC124854.1,3.0
AC114316.1,3.0
AC093298.2,3.0
AC123595.1,3.0
LINC00235,3.0
AL928654.2,3.0
AC005410.2,3.0
AC005725.1,3.0
AC005548.1,3.0
LINC02488,3.0
AC012085.2,3.0
AL645608.2,3.0
AC108174.1,3.0
AC022596.1,3.0
FAM106C,3.0
OTP,3.0
F2RL2,3.0
AC008897.2,3.0
AC116337.3,3.0
AC116337.4,3.0
SMCR5,3.0
AP001160.1,3.0
HIST4H4,3.0
LINC02094,3.0
AC004448.3,3.0
AC010273.3,3.0
MIR194-2HG,3.0
AP003354.1,3.0
LINC02242,3.0
AL160269.1,3.0
AC244517.5,3.0
GAPT,3.0
HSD17B3,3.0
ESM1,3.0
LINC02540,3.0
SPAG5-AS1,3.0
DDX4,3.0
AL139020.1,3.0
GDNF,3.0
AC138207.7,3.0
AC138207.4,3.0
ADAMTS12,3.0
AC025211.1,3.0
PTCSC2,3.0
VSX2,3.0
HIST1H3D,3.0
LINC02211,3.0
TBC1D3I,3.0
TBC1D3B,3.0
CCL4,3.0
TMEM262,3.0
CILP,3.0
FAM53B-AS1,3.0
C16orf96,3.0
AC012629.2,3.0
AC087491.1,3.0
AC114964.2,3.0
AL355974.2,3.0
AC034229.4,3.0
AP000438.1,3.0
KRT19,3.0
MYRF-AS1,3.0
LINC02196,3.0
GAST,3.0
AC078983.1,3.0
AC116351.2,3.0
AP003064.1,3.0
TNFSF15,3.0
PCDH9-AS1,3.0
EDNRB-AS1,3.0
AC003070.2,3.0
AC093840.2,3.0
AC068234.2,3.0
TREH,3.0
AP002793.1,3.0
AC105914.2,3.0
AC018521.7,3.0
LINC02733,3.0
LINC01612,3.0
AC080079.2,3.0
PICART1,3.0
DLX3,3.0
TRIM60,3.0
SLC51B,3.0
AP003721.3,3.0
LINC02071,3.0
AC097526.1,3.0
CCDC183-AS1,3.0
HIST1H4D,3.0
SMIM36,3.0
AC007638.1,3.0
AC015813.8,3.0
AC015813.4,3.0
AC079340.2,3.0
SEPTIN4-AS1,3.0
HSF5,3.0
AC004687.1,3.0
AC004687.3,3.0
AC005962.2,3.0
LINC02355,3.0
AC025521.1,3.0
AC040904.1,3.0
PCDHGB4,3.0
AC025048.4,3.0
CD79B,3.0
OR51M1,3.0
SLC7A11-AS1,3.0
LINC02511,3.0
OR10G3,3.0
CD69,3.0
SSSCA1-AS1,3.0
SLC25A31,3.0
AC080089.2,3.0
LINC01497,3.0
AC087301.1,3.0
KCNG4,3.0
AC093765.4,3.0
NDST4,3.0
LINC02074,3.0
AC106864.1,3.0
AC022211.3,3.0
SNCA-AS1,3.0
GALR2,3.0
AC016168.4,3.0
AC108021.1,3.0
AC098818.2,3.0
AL162493.1,3.0
PPEF2,3.0
ODAPH,3.0
AL359095.1,3.0
AC100791.3,3.0
AL355499.1,3.0
AC013652.2,3.0
HBD,3.0
AC024243.1,3.0
THEGL,3.0
AC132938.3,3.0
AC098587.1,3.0
PCDHGA7,3.0
MS4A2,3.0
AP003392.1,3.0
CYP2W1,3.0
AC137561.1,3.0
OOSP1,3.0
NR5A1,3.0
AP001094.3,3.0
AP001095.1,3.0
AP005432.2,3.0
AP001033.3,3.0
LINC02513,3.0
LINC01887,3.0
AC004593.3,3.0
LINC02484,3.0
CHMP1B-AS1,3.0
AC009133.3,3.0
KLRB1,3.0
AP006261.1,3.0
AP000640.2,3.0
AL356295.1,3.0
AC011731.1,3.0
AC097512.1,3.0
TTC39C-AS1,3.0
AC097515.1,3.0
AC099550.1,3.0
AC006296.3,3.0
LINC02302,3.0
AL353768.1,3.0
AC104985.2,3.0
RLN1,3.0
AC097382.2,3.0
AC118757.1,3.0
AC007998.4,3.0
AL807757.2,3.0
HTT-AS,3.0
MIR924HG,3.0
AC110014.1,3.0
AC023421.1,3.0
AC011322.1,3.0
AC024560.5,3.0
AC069213.1,3.0
LINC01508,3.0
AC090377.1,3.0
AC012676.4,3.0
AC090409.1,3.0
RLN2,3.0
AL133216.1,3.0
NPAP1,3.0
AC021701.1,3.0
AL157888.1,3.0
FETUB,3.0
AHSG,3.0
AC100858.3,3.0
AC093330.3,3.0
AC040169.3,3.0
AL138831.2,3.0
AC007687.1,3.0
AC007953.1,3.0
TMEM212,3.0
LINC00501,3.0
LINC01209,3.0
AC026316.5,3.0
AC006273.1,3.0
MISP,3.0
AL732437.3,3.0
AC005329.3,3.0
AC005329.2,3.0
AC008055.2,3.0
AC005842.1,3.0
AC104472.5,3.0
AC004490.1,3.0
AP003557.2,3.0
CPB1,3.0
PLSCR5,3.0
AL135999.2,3.0
AC007349.4,3.0
AC018450.1,3.0
PRR23A,3.0
FOXL2,3.0
AC087627.1,3.0
AP002907.1,3.0
OR52A1,3.0
COL6A6,3.0
LINC02014,3.0
AC016705.1,3.0
AC080005.1,3.0
LINC01580,3.0
AC010503.4,3.0
AC107959.1,3.0
RETN,3.0
AC119396.2,3.0
BEAN1-AS1,3.0
CABP4,3.0
HEPACAM2,3.0
AC055854.1,3.0
CCNB2,3.0
AP004247.2,3.0
CD19,3.0
AC008752.2,3.0
LINC01205,3.0
GUCA1C,3.0
LINC01215,3.0
LINC00635,3.0
IMPG2,3.0
AC026100.1,3.0
LINC02008,3.0
CSNKA2IP,3.0
AC009032.1,3.0
LINC02641,3.0
PROK2,3.0
KLF1,3.0
AC022098.4,3.0
AL354897.2,3.0
AC011509.3,3.0
AP001885.2,3.0
AL354897.1,3.0
AL157886.1,3.0
FAM3D-AS1,3.0
LINC02207,3.0
AL355334.2,3.0
AL161421.1,3.0
AC008894.2,3.0
C11orf72,3.0
LRTM1,3.0
PRMT5-AS1,3.0
AL451166.1,3.0
NOD2,3.0
IL23A,3.0
LTF,3.0
CCR5,3.0
AL358334.4,3.0
AC104850.2,3.0
GRM6,3.0
AC092053.2,3.0
AC099332.1,3.0
AC004877.1,3.0
AC123023.2,3.0
STAC,3.0
SGO1,3.0
AC006398.1,3.0
AC009158.1,3.0
AL136418.1,3.0
LINC01233,3.0
AC011467.1,3.0
AL354733.1,3.0
AC034193.1,3.0
F10-AS1,3.0
AC066580.1,3.0
SSUH2,3.0
AC138356.3,3.0
SPINK9,3.0
PCDHB8,3.0
GRM7-AS1,3.0
AC006063.4,3.0
Z99289.2,3.0
AC020661.1,3.0
AC008747.1,3.0
TINAG,3.0
SLC35D3,3.0
HDGFL1,3.0
U62631.1,3.0
AC017028.1,3.0
AC012485.3,3.0
SLC18A1,3.0
MLPH,3.0
LMO7DN,3.0
AC005400.1,3.0
AC106876.1,3.0
AC013564.1,3.0
AL133163.3,3.0
FRMD6-AS2,3.0
HTR2B,3.0
CCL20,3.0
AC019211.1,3.0
AL121749.2,3.0
MOGAT1,3.0
AL445259.1,3.0
AC114803.1,3.0
GYS2,3.0
PRR15,3.0
LINC01494,3.0
AC009974.1,3.0
SLC23A3,3.0
HIPK4,3.0
VIL1,3.0
AC098820.3,3.0
LINC01921,3.0
MGAM,3.0
AC120498.8,3.0
MIA,3.0
AC011462.5,3.0
NAGPA-AS1,3.0
SPAG16-DT,3.0
CRYGA,3.0
AC091167.5,3.0
CD177,3.0
SRRM5,3.0
FAM237A,3.0
AC007279.2,3.0
AC064836.2,3.0
KIAA2012-AS1,3.0
AC097717.1,3.0
IL13,3.0
EXOC3L2,3.0
AC104823.1,3.0
AC074212.1,3.0
AL031710.2,3.0
AC079305.1,3.0
AC016737.1,3.0
WEE2,3.0
AC009495.1,3.0
AC011303.1,3.0
CCDC114,3.0
AC087273.1,3.0
PTGER2,3.0
CALCR,3.0
IZUMO1,3.0
FUT2,3.0
AC107905.1,3.0
AL359091.5,3.0
FBN2,3.0
PTH2,3.0
AL731566.2,3.0
AC092620.2,3.0
AC073869.5,3.0
AC008655.2,3.0
ZNF252P-AS1,3.0
RXFP2,3.0
AL356752.1,3.0
AC005840.2,3.0
LINC01823,3.0
AC068282.1,3.0
AL136307.1,3.0
STEAP3-AS1,3.0
EN1,3.0
OOEP,3.0
TMC3,3.0
HIST1H2AD,3.0
AP006248.4,3.0
PGM5P4-AS1,3.0
MOGAT3,3.0
TARM1,3.0
AC245884.10,3.0
EPS8L1,3.0
AC023906.3,3.0
AL132656.2,3.0
AC112229.2,3.0
RGPD4,3.0
AL603756.1,3.0
AC108058.1,3.0
AC026462.3,3.0
TMEM253,3.0
AC103858.1,3.0
NLRP8,3.0
AC008735.1,3.0
LINC01849,3.0
AC006116.10,3.0
C9orf135,3.0
AC006452.1,3.0
LINC02250,3.0
AC068987.1,3.0
AC008969.2,3.0
AL034548.1,3.0
AL121899.4,3.0
AL121899.3,3.0
AC145285.3,3.0
GPC5-IT1,3.0
SFTPB,3.0
P2RY2,3.0
AC121761.1,3.0
LINC00658,3.0
LAMP5-AS1,3.0
AC005034.2,3.0
AC007681.1,3.0
ABRA,3.0
AC102941.2,3.0
AC084125.1,3.0
AC092653.1,3.0
PCDHA13,3.0
AL157388.1,3.0
AL359511.2,3.0
AL049794.2,3.0
ANKRD53,3.0
AC138028.4,3.0
AC004862.1,3.0
AL139280.2,3.0
AC109635.7,3.0
AC012370.1,3.0
NPIPB3,3.0
AC093159.1,3.0
LINC01800,3.0
AC027088.5,3.0
AL355834.2,3.0
AL121772.1,3.0
AC091729.2,3.0
INHBE,3.0
HM13-IT1,3.0
AC005013.1,3.0
AL034550.3,3.0
AC092650.1,3.0
AC073283.2,3.0
AC009236.1,3.0
AL109923.1,3.0
AC016722.1,3.0
AC006043.1,3.0
AC007684.2,3.0
F2,3.0
AL121895.2,3.0
AP000763.3,3.0
AL627230.1,3.0
LINC01936,3.0
AC009102.1,3.0
FP326651.1,3.0
AL023803.1,3.0
TRPA1,3.0
AL391095.3,3.0
FAM166C,3.0
AC044839.1,3.0
STK4-AS1,3.0
AL021578.1,3.0
RBPJL,3.0
AL133227.1,3.0
AF131215.2,3.0
LINC00457,3.0
AL031008.1,3.0
AL031674.1,3.0
LINC01524,3.0
CTRB2,3.0
AC010729.1,3.0
DCDC2C,3.0
LINC01441,3.0
CTCFL,3.0
ZBP1,3.0
AL121917.2,3.0
AL121917.1,3.0
AC105450.1,3.0
AC105393.1,3.0
RBBP8NL,3.0
AL121832.3,3.0
AL354811.1,3.0
OR2T6,3.0
OR2L3,3.0
AP001972.1,3.0
AL355053.1,3.0
OR2L5,3.0
AL590727.1,3.0
IFNG,3.0
GRTP1-AS1,3.0
FNDC11,3.0
AL591848.3,3.0
AL591686.1,3.0
AC145098.1,3.0
CBSL,3.0
FP671120.7,3.0
AL365184.2,3.0
AC084759.2,3.0
AC093426.1,3.0
AC089998.1,3.0
LGALS8-AS1,3.0
AL353796.2,3.0
AP000221.1,3.0
AL161640.3,3.0
IGF2,3.0
AF129075.2,3.0
AC012560.1,3.0
BACH1-IT2,3.0
BACH1-IT1,3.0
AL121990.1,3.0
LINC01219,3.0
TMEM78,3.0
AL162595.2,3.0
AL118511.1,3.0
AC087521.3,3.0
LINC01150,3.0
UVRAG-DT,3.0
AP000569.1,3.0
RP1L1,3.0
RIPPLY3,3.0
AP001432.1,3.0
AF129408.1,3.0
C1orf143,3.0
LINC00538,3.0
AC125793.1,3.0
BX005040.1,3.0
AL034351.4,3.0
MAFTRR,3.0
AP001065.3,3.0
AP001059.2,3.0
C6orf132,3.0
TSPEAR-AS2,3.0
AL136309.2,3.0
AL160254.1,3.0
PM20D1,3.0
LEMD1-DT,3.0
AC144833.1,3.0
LAX1,3.0
KCNMA1-AS1,3.0
AL592114.3,3.0
AC012535.1,3.0
LINC00528,3.0
ELF3,3.0
AF131216.5,3.0
AF131216.1,3.0
LINC01303,3.0
AC012150.2,3.0
AP000552.4,3.0
AC012150.1,3.0
AC007308.1,3.0
AL356756.1,3.0
AP002833.1,3.0
AC246793.1,3.0
RSF1-IT1,3.0
AL355482.1,3.0
AC083836.1,3.0
AP000356.1,3.0
AC244472.1,3.0
Z99774.1,3.0
B3GNT6,3.0
AL022329.1,3.0
SERPINC1,3.0
AC012470.1,3.0
DNM3OS,3.0
AC068987.3,3.0
CYP27B1,3.0
SELP,3.0
AC100803.4,3.0
SLC5A1,3.0
FCRLA,3.0
FCGR2B,3.0
AC021723.2,3.0
AL139011.1,3.0
AL121987.2,3.0
NECTIN4,3.0
ATP1A4,3.0
CFAP45,3.0
ZNF503-AS1,3.0
FCER1A,3.0
AIM2,3.0
OR10K1,3.0
Z73420.1,3.0
ADRB3,3.0
AC018511.5,3.0
AL021707.7,3.0
LINC01229,3.0
KRT82,3.0
AL606500.1,3.0
APOBEC3D,3.0
AC010198.1,3.0
S100A3,3.0
Z82206.1,3.0
AL021878.2,3.0
LINC01527,3.0
AL162426.1,3.0
PXT1,3.0
Z93241.1,3.0
HORMAD1,3.0
AL138812.1,3.0
THEM5,3.0
AC020663.3,3.0
DNAJC9-AS1,3.0
AL590133.2,3.0
NUDT4B,3.0
LINC01632,3.0
STRA8,3.0
C14orf178,3.0
AC023813.3,3.0
AC068580.5,3.0
SEPTIN12,3.0
AC253572.2,3.0
SLC18A2,3.0
AC011363.1,3.0
AC108134.3,3.0
AL672277.1,3.0
AP4B1-AS1,3.0
FAM85B,3.0
AL049557.1,3.0
AL353795.2,3.0
AC000032.1,3.0
AL355310.1,3.0
AC003035.1,3.0
ACE2,3.0
AL359844.1,3.0
OLAH,3.0
MAP3K15,3.0
ADGRG2,3.0
DNAJB5-DT,3.0
PTCHD1-AS,3.0
CXorf58,3.0
FAM205C,3.0
LINC02801,3.0
CLCA2,3.0
AC104169.1,3.0
AL158212.2,3.0
AC117944.1,3.0
NDP-AS1,3.0
AC068790.4,3.0
AL591463.1,3.0
DEPDC1-AS1,3.0
UBE2U,3.0
AL139147.1,3.0
ROR1-AS1,3.0
L1TD1,3.0
FKBP6,3.0
AC232271.3,3.0
DCAF4L2,3.0
C7orf57,3.0
AL357673.2,3.0
DHCR24-DT,3.0
AC005696.2,3.0
AL022157.1,3.0
AL513218.2,3.0
AL050343.2,3.0
SMTNL2,3.0
VWA8-AS1,3.0
NODAL,3.0
DMBX1,3.0
FOXD2-AS1,3.0
FOXE3,3.0
AL592166.1,3.0
MUC5B,3.0
HYI-AS1,3.0
AL590064.1,3.0
GPR174,3.0
AC034228.1,3.0
ZC3H12A,3.0
CENPI,3.0
ARMCX3-AS1,3.0
PCDHGB5,3.0
HCRTR1,3.0
LINC01226,3.0
SERINC2,3.0
AP003059.2,3.0
SPOCD1,3.0
AC025423.4,3.0
SFN,3.0
AL513365.2,3.0
CD164L2,3.0
AP006284.1,3.0
LINC02671,3.0
SPINK5,3.0
SERTM2,3.0
AL031432.1,3.0
RPL3L,3.0
AC138230.1,3.0
GRPEL2-AS1,3.0
AL162586.1,3.0
CDA,3.0
AC007619.1,3.0
RHOXF1-AS1,3.0
PLA2G2D,3.0
OR2A25,3.0
ELF4,3.0
BX284668.2,3.0
LINC01783,3.0
LRGUK,3.0
AL121992.2,3.0
INTS6L-AS1,3.0
SMIM10L2B-AS1,3.0
AL672032.1,3.0
RAET1E,3.0
AL137009.1,3.0
FGF13-AS1,3.0
BRS3,3.0
AC008438.1,3.0
AL356489.1,3.0
L29074.1,3.0
OPCML-IT1,3.0
BX546450.2,3.0
AL357140.2,3.0
AC017116.1,3.0
AL109811.1,3.0
AC022558.1,3.0
AL162872.1,3.0
AC006511.4,3.0
TAS1R1,3.0
LINC02393,3.0
AC211476.2,3.0
AL355602.1,3.0
CT66,3.0
AL513320.1,3.0
TSPY2,3.0
WASIR1,3.0
IL9R,3.0
AL139246.3,3.0
ARL5C,2.0
ITPRID1,2.0
AC104561.4,2.0
AP002893.1,2.0
AC008627.1,2.0
LINC02464,2.0
AC012409.4,2.0
AC090844.2,2.0
AC103719.1,2.0
AC073863.1,2.0
AL360015.1,2.0
AC091912.3,2.0
LINC02142,2.0
PHGR1,2.0
LINC02236,2.0
KLHL10,2.0
AC023796.1,2.0
HSPB9,2.0
AC099811.1,2.0
AC026412.3,2.0
TERT,2.0
AL596094.1,2.0
CCDC200,2.0
AL138720.1,2.0
AC122719.2,2.0
ANKRD66,2.0
AC087235.2,2.0
CD300LG,2.0
AC106772.2,2.0
AC000120.1,2.0
Z99289.1,2.0
AF250324.1,2.0
LINC01060,2.0
F11,2.0
SMIM38,2.0
AC003086.1,2.0
AC074194.1,2.0
OR1L8,2.0
AC000058.1,2.0
MYL4,2.0
AL022067.1,2.0
LRRC37A,2.0
AC110048.2,2.0
SNAI3,2.0
AC015674.1,2.0
HOXB3,2.0
AC009185.1,2.0
AC093849.3,2.0
HCG9,2.0
IGF2BP1,2.0
AC027801.1,2.0
FLJ45513,2.0
AC015909.3,2.0
AC068989.1,2.0
PFN3,2.0
LINC00519,2.0
AC067817.1,2.0
AC023510.1,2.0
TKTL2,2.0
C12orf77,2.0
AC100849.2,2.0
AC016813.1,2.0
MANCR,2.0
IRF4,2.0
AC004771.2,2.0
AC004584.1,2.0
AC106858.1,2.0
AL731661.1,2.0
TRIM51,2.0
AC007638.2,2.0
AC015813.3,2.0
ITK,2.0
AL355802.3,2.0
AC073569.1,2.0
AC097375.3,2.0
AC073569.3,2.0
AC019270.1,2.0
AP003498.2,2.0
AP003498.1,2.0
AC104117.5,2.0
SPATS1,2.0
AC108935.1,2.0
AL583829.1,2.0
AP006248.6,2.0
AC098588.3,2.0
GYPA,2.0
SMARCA5-AS1,2.0
AC079193.2,2.0
AC073878.2,2.0
AC112236.2,2.0
AC108053.1,2.0
C17orf82,2.0
MARCH10-DT,2.0
EFCAB3,2.0
AC027237.2,2.0
AC068870.1,2.0
AC005692.3,2.0
LINC02465,2.0
AC037487.1,2.0
STEAP2-AS1,2.0
FAM86B2,2.0
CCDC60,2.0
AC115622.1,2.0
AL357075.4,2.0
AC027808.2,2.0
AC110921.1,2.0
AC025741.1,2.0
AC005332.1,2.0
AP002761.2,2.0
CASC17,2.0
AC084880.4,2.0
AC020661.4,2.0
AC097641.2,2.0
AC026523.1,2.0
AL450322.2,2.0
AC063943.1,2.0
MIR3150BHG,2.0
AC020704.1,2.0
AC064805.1,2.0
CD300C,2.0
LEF1-AS1,2.0
AC022211.2,2.0
AC005609.1,2.0
ADH1C,2.0
AC019077.1,2.0
AC087289.2,2.0
AC087289.5,2.0
AC087752.3,2.0
AL596442.2,2.0
TNFSF8,2.0
AC107067.2,2.0
AC112695.1,2.0
AC073840.1,2.0
AC022509.1,2.0
AC111182.1,2.0
POU4F3,2.0
LINC02091,2.0
AP002761.3,2.0
AC007216.4,2.0
SCAT1,2.0
AC016134.1,2.0
AC093677.3,2.0
PF4,2.0
CXCL1,2.0
PF4V1,2.0
BCAR4,2.0
AC018362.2,2.0
AC124319.1,2.0
JCHAIN,2.0
PDE6G,2.0
TMPRSS11D,2.0
PPP1R27,2.0
SYNE1-AS1,2.0
BX088651.2,2.0
AF131215.3,2.0
DEFB134,2.0
KDM2B-DT,2.0
AC132938.2,2.0
PCDHA8,2.0
AC110611.2,2.0
AC110611.1,2.0
GSX2,2.0
AL133481.1,2.0
DEFB135,2.0
AC104066.3,2.0
COX7B2,2.0
AC012645.4,2.0
AC107398.4,2.0
AP002478.2,2.0
AC010163.2,2.0
AC010163.1,2.0
KLB,2.0
AC095057.4,2.0
AC026956.2,2.0
AC108860.2,2.0
AP001094.1,2.0
AC012414.5,2.0
AC006566.2,2.0
CDH17,2.0
AC023310.4,2.0
AC087521.1,2.0
LINC02278,2.0
AC068305.2,2.0
AC027607.1,2.0
UPK3B,2.0
AC006238.1,2.0
AP003168.2,2.0
LINC02740,2.0
PLA2G4E,2.0
AP001198.1,2.0
AC068944.1,2.0
AC097480.2,2.0
AC010834.2,2.0
LINC01443,2.0
AP005121.1,2.0
SLC34A2,2.0
AP003119.2,2.0
AC092834.1,2.0
CLDN3,2.0
AC022440.1,2.0
SLC35G5,2.0
AC106037.2,2.0
AC022809.1,2.0
LINC02285,2.0
C10orf55,2.0
RSF1-IT2,2.0
AC104041.1,2.0
NCAPG,2.0
AC099489.1,2.0
LINC02251,2.0
HRH4,2.0
AC007922.2,2.0
AC068408.1,2.0
AC083805.1,2.0
AC115100.1,2.0
AC010997.4,2.0
BMS1P14,2.0
AC012123.1,2.0
AC015563.1,2.0
AC011825.2,2.0
AC011825.4,2.0
AC211433.1,2.0
AC068506.1,2.0
AC015660.1,2.0
GPR78,2.0
AC068724.1,2.0
AC015987.1,2.0
LINC01396,2.0
AL133299.1,2.0
AC113615.1,2.0
GABRP,2.0
AC087683.2,2.0
AC090510.1,2.0
AC147067.2,2.0
MIR4300HG,2.0
AC022400.4,2.0
LMLN-AS1,2.0
AP006295.1,2.0
AP001978.1,2.0
AC024560.1,2.0
H3F3C,2.0
SMCO1,2.0
SLC51A,2.0
AC007673.1,2.0
AC024937.3,2.0
LINC01972,2.0
AC046143.2,2.0
AC009271.2,2.0
ALPK2,2.0
FAM221B,2.0
AC091576.1,2.0
AC131025.1,2.0
AC104211.2,2.0
AC090510.3,2.0
LINC02026,2.0
AL512604.2,2.0
GMNC,2.0
AC110597.3,2.0
LINC01903,2.0
AC020978.5,2.0
AC072022.2,2.0
AC020978.7,2.0
AL392083.1,2.0
LINC01840,2.0
LINC02069,2.0
WT1-AS,2.0
AC007342.1,2.0
AL589645.1,2.0
FAM66E,2.0
AC090398.2,2.0
TRDC,2.0
AC034110.1,2.0
AC068790.5,2.0
AL354892.3,2.0
AC092939.1,2.0
AP001825.1,2.0
SVOPL,2.0
AL161669.3,2.0
HIF1A-AS1,2.0
AC083870.1,2.0
AC061708.1,2.0
CLDN6,2.0
GZMM,2.0
ODF3L2,2.0
AC124893.1,2.0
AC079822.1,2.0
AC036108.2,2.0
LINC02519,2.0
AC078802.1,2.0
LINC01324,2.0
AP003059.1,2.0
LUNAR1,2.0
LINC02249,2.0
CIRBP-AS1,2.0
AC080013.4,2.0
AC112491.1,2.0
AC068790.6,2.0
LINC02640,2.0
ONECUT3,2.0
AL160270.1,2.0
AL161756.3,2.0
AC117394.2,2.0
ADAT3,2.0
AC018545.1,2.0
AC078816.1,2.0
CLRN1-AS1,2.0
NR1H4,2.0
AC079949.3,2.0
AC092957.1,2.0
LINC02405,2.0
LNCSRLR,2.0
UBE2R2-AS1,2.0
AC004947.1,2.0
AC046130.1,2.0
AC007292.2,2.0
AC023158.1,2.0
LINC02138,2.0
LINC00304,2.0
PSKH2,2.0
ARRDC5,2.0
ACKR4,2.0
FUT6,2.0
LINC02645,2.0
AC137695.3,2.0
AC097105.1,2.0
MUC15,2.0
AC130888.1,2.0
LINC02324,2.0
ACSBG2,2.0
TMEM26-AS1,2.0
AC022558.3,2.0
RXYLT1-AS1,2.0
AC104009.1,2.0
AC068787.3,2.0
AC116914.2,2.0
PGC,2.0
CSTA,2.0
CASR,2.0
AC010336.1,2.0
AL136526.1,2.0
FCER2,2.0
AC092902.6,2.0
AC008734.2,2.0
AC026341.3,2.0
TUBB8,2.0
AL591519.1,2.0
TIGIT,2.0
AC008443.3,2.0
AC016769.5,2.0
AC008567.3,2.0
AC116362.1,2.0
BTLA,2.0
MMP3,2.0
AC026329.1,2.0
CD200R1L,2.0
AC100801.1,2.0
CD96,2.0
TAF1L,2.0
AC117435.1,2.0
AC006160.1,2.0
AC078789.1,2.0
AP001527.2,2.0
OR5H14,2.0
ACP5,2.0
AC024575.1,2.0
AC011472.3,2.0
KCNK5,2.0
IL12B,2.0
LINC00971,2.0
AC073578.1,2.0
AC008770.3,2.0
AC009434.1,2.0
AC010422.1,2.0
LINC02047,2.0
A1CF,2.0
AC116667.2,2.0
GOLGA8K,2.0
FKBP1C,2.0
AC020934.1,2.0
MAGI1-IT1,2.0
LINC02040,2.0
AC008686.1,2.0
AC092040.1,2.0
PSMD6-AS1,2.0
SCAANT1,2.0
LINC00513,2.0
AC090907.2,2.0
AC093418.1,2.0
SAA2,2.0
STPG3-AS1,2.0
HTD2,2.0
STX11,2.0
AC008619.1,2.0
AC060765.2,2.0
AC138466.3,2.0
AC137590.1,2.0
OR7A5,2.0
FAM166A,2.0
AC087379.2,2.0
AC010240.3,2.0
AL033504.1,2.0
AC079906.1,2.0
LINC02202,2.0
EQTN,2.0
AC135279.4,2.0
AC020908.3,2.0
SPINK8,2.0
AC121247.1,2.0
LINC02683,2.0
SLC24A5,2.0
AC134772.1,2.0
AL033380.1,2.0
SLC5A5,2.0
AC099541.2,2.0
AC099329.2,2.0
LINC02158,2.0
AC006059.4,2.0
AC019257.2,2.0
XIRP1,2.0
AL365272.1,2.0
LINC02547,2.0
COMP,2.0
ZNF84-DT,2.0
AL513317.1,2.0
AL365204.2,2.0
LINC01811,2.0
AC011816.2,2.0
AL365204.1,2.0
SLC22A13,2.0
AC012087.2,2.0
AC025614.2,2.0
SGO1-AS1,2.0
IFNE,2.0
AC104031.1,2.0
AC010727.1,2.0
AC010531.7,2.0
AC123912.1,2.0
IFNA17,2.0
AC024563.1,2.0
AC010333.3,2.0
ZNF716,2.0
HPD,2.0
AC005616.1,2.0
AL162725.2,2.0
AC087292.1,2.0
AF067845.5,2.0
ATP2B2-IT2,2.0
AC005597.1,2.0
TEX12,2.0
AL049543.1,2.0
AC025809.1,2.0
ZNF479,2.0
EGOT,2.0
LINC01567,2.0
AL138689.1,2.0
CDC25C,2.0
AC069277.1,2.0
IL5RA,2.0
SLC22A2,2.0
CHRNA6,2.0
AC131097.1,2.0
LINC02280,2.0
AC011228.2,2.0
Z69666.1,2.0
AC245041.2,2.0
ZNF30-AS1,2.0
AC008555.5,2.0
AC004828.2,2.0
AC002128.1,2.0
AC020907.3,2.0
AC017028.2,2.0
AC078962.1,2.0
LINC02675,2.0
KLHL30,2.0
AC091944.1,2.0
ERN2,2.0
AGAP1-IT1,2.0
ANXA8,2.0
C1QTNF9,2.0
ECT2L,2.0
OR2I1P,2.0
CHRND,2.0
AL137017.1,2.0
AC083837.1,2.0
SPATA3,2.0
SPATA3-AS1,2.0
AC012507.3,2.0
NMUR1,2.0
LINC01907,2.0
AC011479.2,2.0
IL7,2.0
LINC01807,2.0
AL355810.1,2.0
SEPTIN14,2.0
NLRP14,2.0
PCDHA6,2.0
LINC02259,2.0
AC008649.1,2.0
AC099681.2,2.0
PTPRD-AS2,2.0
AL358394.1,2.0
AC068733.3,2.0
AC005753.1,2.0
PWRN4,2.0
AC011445.1,2.0
AC091564.4,2.0
AC005614.1,2.0
TMEM72,2.0
CXCR2,2.0
PRR35,2.0
AC098820.1,2.0
CLPS,2.0
AC007563.2,2.0
RNF17,2.0
AC113382.1,2.0
AL359649.1,2.0
AC023830.2,2.0
AC093382.1,2.0
TMPRSS13,2.0
AL357146.1,2.0
AL162384.1,2.0
CRYGB,2.0
AL136980.1,2.0
TEX101,2.0
LINC01053,2.0
PSG2,2.0
AC007383.3,2.0
AC007879.3,2.0
LYPD3,2.0
AL135790.1,2.0
AL035694.1,2.0
FOXR1,2.0
AC007272.1,2.0
AC005037.1,2.0
AL031058.1,2.0
AC064836.4,2.0
AP002954.2,2.0
CDK15,2.0
AP002954.1,2.0
WDR86-AS1,2.0
AL645634.2,2.0
P4HA2-AS1,2.0
AC093388.1,2.0
AC090971.1,2.0
AC093639.3,2.0
AC007319.1,2.0
AC009315.1,2.0
AP003392.4,2.0
AC090971.5,2.0
AC007193.3,2.0
IGFL1,2.0
AC073636.1,2.0
HAGLROS,2.0
AC104088.1,2.0
LINC00384,2.0
SULT2A1,2.0
AC010519.1,2.0
AP001360.1,2.0
MYO3B-AS1,2.0
AC092115.3,2.0
ADGRG3,2.0
AL356961.1,2.0
AC020612.4,2.0
AC009035.1,2.0
GALNT5,2.0
HMGA2-AS1,2.0
AL035691.1,2.0
STAU2-AS1,2.0
CR392000.2,2.0
AC012443.2,2.0
CGB2,2.0
AC020743.1,2.0
CGB7,2.0
AL392089.1,2.0
POU2F3,2.0
TSKS,2.0
AC011495.2,2.0
AC018678.1,2.0
AC090617.5,2.0
LINC01016,2.0
AJ239322.2,2.0
AC092448.1,2.0
AF111169.3,2.0
KLK4,2.0
KLK2,2.0
C8orf89,2.0
LINC02133,2.0
C19orf84,2.0
AP000755.2,2.0
AL033519.5,2.0
OR8A1,2.0
AC012447.1,2.0
ZNF649-AS1,2.0
FPR2,2.0
TGFB3-AS1,2.0
AC018866.1,2.0
AC010328.1,2.0
AC010487.2,2.0
TCP11,2.0
TEX26-AS1,2.0
MARCO,2.0
LINC00545,2.0
AC022150.4,2.0
AC022137.4,2.0
AL022344.1,2.0
LINC02632,2.0
AL591002.1,2.0
AC068987.2,2.0
GOLGA6L1,2.0
NLRP12,2.0
AC012442.1,2.0
GOLGA6A,2.0
AL117336.1,2.0
AC087175.1,2.0
GRK1,2.0
GOLGA6L22,2.0
AC090587.1,2.0
AC226101.1,2.0
ART5,2.0
AC020922.4,2.0
AC020922.2,2.0
AL353600.2,2.0
DNAAF3,2.0
SLC37A2,2.0
AC009268.2,2.0
AC005014.3,2.0
LINC02542,2.0
AL122017.1,2.0
RGPD3,2.0
ZSCAN5B,2.0
AP006547.1,2.0
AC134682.1,2.0
AC006116.5,2.0
ITGB1-DT,2.0
BTNL8,2.0
AC092368.3,2.0
AC022469.1,2.0
AC003682.1,2.0
AC009754.1,2.0
SPART-AS1,2.0
AC104035.1,2.0
AC016629.2,2.0
AC067930.1,2.0
AP000821.2,2.0
AC100835.2,2.0
AL513210.1,2.0
SIRPB2,2.0
ANGPT4,2.0
AL353596.1,2.0
TNNI2,2.0
AC009630.2,2.0
C9orf62,2.0
AC108479.3,2.0
AL121757.1,2.0
AC121757.1,2.0
AL121757.2,2.0
BTNL2,2.0
LINC00437,2.0
AC005034.3,2.0
EVA1A,2.0
AC005592.2,2.0
AC104135.1,2.0
LINC01752,2.0
AC018695.9,2.0
CT69,2.0
AC091057.6,2.0
AC124312.2,2.0
AC073323.1,2.0
SUN3,2.0
AL021918.4,2.0
LMNTD2,2.0
AL049794.1,2.0
AC026471.5,2.0
LINC00167,2.0
PROKR1,2.0
AL133475.1,2.0
AL662884.1,2.0
LINC01828,2.0
AL049648.1,2.0
AC004884.2,2.0
LINC02384,2.0
SSTR4,2.0
AC105213.1,2.0
AC092155.1,2.0
GLRA1,2.0
LINC01558,2.0
HLA-DOB,2.0
NKX2-1-AS1,2.0
AC022679.1,2.0
AC083843.1,2.0
AL669970.1,2.0
BX649632.1,2.0
AL110115.1,2.0
LINC02308,2.0
AC093110.1,2.0
AL133343.2,2.0
AL136040.2,2.0
AL049539.1,2.0
ACTL10,2.0
FSHR,2.0
AC004594.1,2.0
AC010999.2,2.0
ZNF341-AS1,2.0
LINC01481,2.0
AC009236.2,2.0
LINC01121,2.0
SIX2,2.0
LINC01146,2.0
AL592071.1,2.0
AC018682.1,2.0
KRT8,2.0
AC007317.2,2.0
AL359237.1,2.0
AC073218.1,2.0
TARID,2.0
AC004160.1,2.0
AL035420.2,2.0
AL035420.1,2.0
AC090515.4,2.0
LINC01165,2.0
LITAFD,2.0
P2RX1,2.0
BPI,2.0
AL359555.1,2.0
AL162293.1,2.0
LINC01460,2.0
AC021321.2,2.0
SLC25A30-AS1,2.0
LINC00330,2.0
AC108925.1,2.0
CACNA1C-IT1,2.0
AL162171.1,2.0
LINC01381,2.0
Z98752.1,2.0
LAPTM4A-DT,2.0
CASC8,2.0
AC012506.4,2.0
AC012506.2,2.0
AC013400.1,2.0
LINC00954,2.0
AC092384.2,2.0
AC018714.2,2.0
WFDC13,2.0
WFDC10B,2.0
AC125807.2,2.0
EBF3,2.0
GACAT3,2.0
AL031666.2,2.0
AC104794.2,2.0
AC068075.2,2.0
AC092580.4,2.0
AC009093.1,2.0
AC105020.1,2.0
GCNT3,2.0
LINC01429,2.0
TPH2,2.0
LINC01516,2.0
LINC01843,2.0
AC114810.1,2.0
TRBC1,2.0
PCK1,2.0
LINC00588,2.0
AL109955.1,2.0
AC144450.1,2.0
AC092171.2,2.0
AC005912.2,2.0
GRID2IP,2.0
AL132655.2,2.0
APCDD1L-DT,2.0
AL731577.2,2.0
AC092159.1,2.0
TRIM55,2.0
LINC01865,2.0
RNASEH2B-AS1,2.0
C4A,2.0
AL137060.3,2.0
CFAP77,2.0
OR2T12,2.0
OR2M3,2.0
AL136301.1,2.0
LDHAL6B,2.0
LINC02139,2.0
AL096828.5,2.0
AL096828.2,2.0
AL356123.2,2.0
AC109460.2,2.0
AC104335.1,2.0
FAM92B,2.0
AL157813.2,2.0
AC006063.1,2.0
AL133153.2,2.0
FP565260.1,2.0
AC005833.2,2.0
OR6J1,2.0
LINC02321,2.0
CU633906.2,2.0
SIK1B,2.0
CU639417.4,2.0
AC093426.2,2.0
CR381670.2,2.0
FP236383.4,2.0
LINC01151,2.0
FP671120.6,2.0
CU634019.1,2.0
AL122020.2,2.0
BX842242.1,2.0
AC087855.2,2.0
AL359551.1,2.0
AC078916.1,2.0
FAM242C,2.0
TPTE,2.0
EDARADD,2.0
AL357556.4,2.0
AJ009632.1,2.0
AF127577.1,2.0
AL357054.2,2.0
AC022898.2,2.0
AP001439.1,2.0
AL391832.4,2.0
LINC01132,2.0
AL160408.1,2.0
MIR155HG,2.0
AC145285.2,2.0
AL031705.1,2.0
AC084114.1,2.0
AC104958.2,2.0
AC104232.2,2.0
BACH1-AS1,2.0
AC016825.1,2.0
AC117505.1,2.0
C6orf58,2.0
AL590369.1,2.0
LY6G6D,2.0
AL118511.4,2.0
PAPOLB,2.0
AL359732.1,2.0
SH2D7,2.0
IBA57-DT,2.0
TPPP2,2.0
AL356124.2,2.0
LEFTY2,2.0
LINC00310,2.0
LINC02313,2.0
ST8SIA6-AS1,2.0
LINC02626,2.0
HHIPL2,2.0
AL513314.2,2.0
AC092131.1,2.0
AC120042.2,2.0
DSCAM-IT1,2.0
AC006511.6,2.0
AL450423.1,2.0
FAM3B,2.0
TFF3,2.0
SPATA45,2.0
AL450423.2,2.0
TAT-AS1,2.0
LINC01679,2.0
AL034351.3,2.0
AC079313.2,2.0
AC096637.2,2.0
AC092745.1,2.0
AC009065.2,2.0
PCDHGC4,2.0
AP001059.3,2.0
AP001057.1,2.0
ITPRIP-AS1,2.0
AP001066.1,2.0
AL603910.1,2.0
AC023095.1,2.0
AL356275.1,2.0
COL18A1-AS1,2.0
LINC02287,2.0
AVPR1B,2.0
SULT1A4,2.0
RNASE2,2.0
AL355922.1,2.0
ZBED6,2.0
LINGO1-AS1,2.0
CEBPE,2.0
RNASE3,2.0
LINC01353,2.0
AC105940.2,2.0
AHSP,2.0
AC016027.3,2.0
AC016026.2,2.0
MIR3142HG,2.0
PTPN7,2.0
HIST1H3H,2.0
AC092490.1,2.0
AL450332.1,2.0
LINC00895,2.0
GTSF1,2.0
AC000068.1,2.0
AC007663.3,2.0
AL121938.1,2.0
LINC00355,2.0
MOS,2.0
LINC02367,2.0
PZP,2.0
AC006581.2,2.0
IGLV1-51,2.0
IGLV5-52,2.0
AL135744.1,2.0
IGLC3,2.0
PDC,2.0
PRG4,2.0
AC007014.2,2.0
DRICH1,2.0
LINC01659,2.0
AP000355.1,2.0
RGSL1,2.0
LINC01344,2.0
C16orf92,2.0
AL022323.3,2.0
AL133215.2,2.0
AL161668.1,2.0
AL353708.3,2.0
CALHM4,2.0
CRYBB3,2.0
Z97353.2,2.0
TRAPPC3L,2.0
AC092337.1,2.0
MYO18B,2.0
LBX1-AS1,2.0
RC3H1-IT1,2.0
AL590027.1,2.0
AC026150.1,2.0
LINC00536,2.0
DNM3-IT1,2.0
PAX2,2.0
ZNRF3-AS1,2.0
AL133467.1,2.0
AC055788.1,2.0
BX284613.2,2.0
XCL1,2.0
AL671883.3,2.0
AL031733.2,2.0
SEC14L4,2.0
RBPMS-AS1,2.0
AL096701.3,2.0
AL596325.2,2.0
BPIFC,2.0
AL359541.1,2.0
LINC00393,2.0
TAS2R31,2.0
AL592295.4,2.0
BHLHA9,2.0
Z82196.2,2.0
APOA2,2.0
AL590714.1,2.0
AL121985.1,2.0
LINC00866,2.0
LINC01290,2.0
AC027451.1,2.0
RFX6,2.0
LINC01133,2.0
IGSF9,2.0
PAPPA-AS1,2.0
APOL4,2.0
Z82217.1,2.0
AC009065.7,2.0
AC018695.8,2.0
AL137024.1,2.0
AC025284.1,2.0
OR10K2,2.0
AC069368.2,2.0
FCRL2,2.0
FCRL3,2.0
AL031587.3,2.0
LGALS2,2.0
AC090579.1,2.0
AL138899.1,2.0
TNF,2.0
TSACC,2.0
FCRL4,2.0
DDX39B-AS1,2.0
AL021707.9,2.0
AL021707.4,2.0
LINC00381,2.0
AL157834.2,2.0
LINC02325,2.0
APOBEC3H,2.0
AL158800.1,2.0
MRTFA-AS1,2.0
TM4SF5,2.0
AC130415.1,2.0
AC009262.1,2.0
BX470102.1,2.0
S100A12,2.0
AC001226.1,2.0
Z99716.2,2.0
GPRC5A,2.0
LINC01509,2.0
AC026108.1,2.0
AC148477.3,2.0
AC025871.3,2.0
SEC23A-AS1,2.0
AL022476.1,2.0
AL646090.2,2.0
C2CD4D-AS1,2.0
LINC01786,2.0
AL157400.4,2.0
AL590133.1,2.0
TMEM246-AS1,2.0
HIST2H3D,2.0
C6orf99,2.0
OR13C5,2.0
AC254629.1,2.0
AC108457.1,2.0
AC034236.3,2.0
LINC01644,2.0
FP325332.1,2.0
CHRNB4,2.0
AC207130.1,2.0
CHRNA3,2.0
AL671710.1,2.0
FAM72B,2.0
AC068875.1,2.0
AC245008.1,2.0
AL117328.2,2.0
Z98885.2,2.0
AL445231.1,2.0
MZB1,2.0
ALOX12,2.0
ADM2,2.0
AC027763.2,2.0
U62317.3,2.0
KLHDC7B,2.0
AL390242.1,2.0
LINC01356,2.0
AC079385.3,2.0
PERM1,2.0
PROK1,2.0
AC023302.2,2.0
AL360270.3,2.0
AC008467.1,2.0
LINC01160,2.0
XG,2.0
AC147651.4,2.0
RBM15-AS1,2.0
LINC02586,2.0
AL158847.1,2.0
AC024587.2,2.0
AL355310.2,2.0
LINC01950,2.0
AC079142.1,2.0
FNDC7,2.0
VAV3-AS1,2.0
AC008522.1,2.0
SPATA42,2.0
AL445928.2,2.0
INE2,2.0
AL592211.2,2.0
AC016876.3,2.0
LIX1-AS1,2.0
GRPR,2.0
AP005273.1,2.0
PBK,2.0
AC093577.1,2.0
AC008592.5,2.0
AC008840.1,2.0
AP003774.2,2.0
GFI1,2.0
RNF222,2.0
AC130456.1,2.0
AL162385.2,2.0
GBP6,2.0
AL512590.3,2.0
FAM47C,2.0
LINC02795,2.0
AC092268.2,2.0
LINC01283,2.0
MID1IP1-AS1,2.0
AL590705.3,2.0
GP2,2.0
SLC23A1,2.0
AC007540.1,2.0
LINC01204,2.0
AC106028.4,2.0
LINC02797,2.0
AL035412.1,2.0
AC093510.1,2.0
AC119800.1,2.0
AL357078.2,2.0
AP003306.2,2.0
LINC01339,2.0
AF196972.1,2.0
FOXP3,2.0
SCGB1D4,2.0
LINC01739,2.0
MYH13,2.0
NFIA-AS1,2.0
GAGE10,2.0
AL353803.2,2.0
AC073896.4,2.0
AC010530.1,2.0
AC130456.5,2.0
MAGED4B,2.0
DGKK,2.0
AL035411.3,2.0
AL603840.1,2.0
PCSK9,2.0
AC015908.4,2.0
PAGE2B,2.0
ALAS2,2.0
AC087893.2,2.0
AL161785.1,2.0
CDRT1,2.0
LINC01498,2.0
AC005324.1,2.0
AL136369.2,2.0
NLRP2B,2.0
DMRTA2,2.0
LINC02808,2.0
AGBL4-IT1,2.0
AL391844.1,2.0
AP000769.2,2.0
AC106820.6,2.0
TEX38,2.0
AL157936.1,2.0
AC098850.2,2.0
AC127540.2,2.0
AL590764.1,2.0
LINC01335,2.0
MS4A1,2.0
AL358075.2,2.0
AL139289.2,2.0
MPL,2.0
FAM183A,2.0
MS4A14,2.0
MS4A4E,2.0
AL603839.1,2.0
AC035140.1,2.0
LINC00710,2.0
AL391294.1,2.0
AC004593.2,2.0
AL929472.3,2.0
RSPO1,2.0
AL390839.1,2.0
ZMYM4-AS1,2.0
AC122129.1,2.0
XKRX,2.0
TSSK3,2.0
AL513327.1,2.0
AC234775.4,2.0
AC007952.5,2.0
OOSP3,2.0
CTSW,2.0
AC136604.2,2.0
AC010273.2,2.0
LINC02128,2.0
AL354919.1,2.0
AL009181.1,2.0
AL157394.3,2.0
NR0B2,2.0
AP003778.1,2.0
RIPPLY1,2.0
LINC02219,2.0
AL512408.1,2.0
CDRT15L2,2.0
ZNF683,2.0
AC015818.2,2.0
IRS4,2.0
AC015726.2,2.0
TRIM63,2.0
ALDH3A1,2.0
AP001107.7,2.0
AP000759.1,2.0
AC092353.2,2.0
ANKRD22,2.0
AC126365.1,2.0
RTL4,2.0
ERVE-1,2.0
MDS2,2.0
AC015688.6,2.0
AC138761.1,2.0
AC100861.1,2.0
AL161785.3,2.0
AC005052.2,2.0
CDC20B,2.0
AC004834.1,2.0
SH2D1A,2.0
AC016583.2,2.0
AC011405.1,2.0
AL353764.1,2.0
AC113349.2,2.0
Z82195.3,2.0
AL139234.1,2.0
AC068025.1,2.0
AL121992.1,2.0
CLCNKB,2.0
AC002407.1,2.0
AC068025.2,2.0
AC104564.5,2.0
AL138831.1,2.0
AC008875.2,2.0
GLYATL2,2.0
CNTF,2.0
CYP3A4,2.0
AC079336.4,2.0
AC235097.1,2.0
AC244197.2,2.0
AC079336.2,2.0
AC138409.3,2.0
AL807757.1,2.0
AC009432.2,2.0
AL158151.3,2.0
AC004147.1,2.0
AC060766.4,2.0
FNDC8,2.0
JARID2-AS1,2.0
LNCTAM34A,2.0
AL139423.2,2.0
TNFRSF9,2.0
UTS2,2.0
AL359881.2,2.0
C17orf50,2.0
AL357552.2,2.0
AL591163.1,2.0
LINC01672,2.0
OPN5,2.0
AL031848.1,2.0
ATXN2-AS,2.0
AC126696.3,2.0
AL627171.1,2.0
CLCF1,2.0
LINC00337,2.0
AL365255.1,2.0
AL365330.1,2.0
AL136528.2,2.0
DDR1-DT,2.0
MTCP1,2.0
LINC00280,2.0
AC243585.2,2.0
AC244093.4,2.0
AC138915.3,2.0
TMLHE-AS1,2.0
AL590438.1,2.0
AL139099.2,2.0
TMEM88B,2.0
AL589739.1,2.0
AL590822.1,2.0
TAS1R3,2.0
FAM87B,2.0
LINC01180,1.0
AC211433.2,1.0
AC138150.2,1.0
KIF18B,1.0
LINC02436,1.0
TEMN3-AS1,1.0
FAM74A1,1.0
RAG2,1.0
CLDN22,1.0
WWC2-AS2,1.0
AC217774.1,1.0
AC040934.1,1.0
AL136146.2,1.0
AC090692.1,1.0
AC090692.3,1.0
AC137494.1,1.0
HCAR2,1.0
SPPL2C,1.0
FAM166B,1.0
LINC01099,1.0
AC004477.2,1.0
AL133476.1,1.0
SP6,1.0
AP003464.1,1.0
HOXB7,1.0
HOXB4,1.0
AL135841.1,1.0
HOXB-AS1,1.0
HOXB2,1.0
LINC02720,1.0
AC090510.2,1.0
AC004797.1,1.0
AC097534.1,1.0
AC074254.1,1.0
FBXO3-DT,1.0
AL133410.2,1.0
AC027801.3,1.0
CSTF3-DT,1.0
AC145423.3,1.0
AC084866.2,1.0
LINC02275,1.0
AC068768.1,1.0
PITPNM2-AS1,1.0
AP000446.1,1.0
AL450344.1,1.0
AC009720.1,1.0
CCDC73,1.0
WT1,1.0
LINC02695,1.0
AC009159.1,1.0
TMEM92-AS1,1.0
TMEM92,1.0
AL355385.1,1.0
AC093817.2,1.0
AC117503.1,1.0
TRIM49D1,1.0
SIT1,1.0
RBM46,1.0
AC007485.1,1.0
AC015943.1,1.0
AC092611.1,1.0
AC091181.2,1.0
SPDYE9P,1.0
AC008870.1,1.0
RAB38,1.0
AC005888.1,1.0
TRIM74,1.0
AC005252.4,1.0
AP000654.1,1.0
AC122688.5,1.0
ELN-AS1,1.0
AC007906.1,1.0
AC026358.1,1.0
AL358944.1,1.0
GPX2,1.0
DUOX2,1.0
AC010255.3,1.0
MAB21L2,1.0
AC108168.1,1.0
RAET1E-AS1,1.0
LINC02755,1.0
AL354989.1,1.0
LINC00644,1.0
LINC00678,1.0
AC100771.2,1.0
AC078878.2,1.0
AC005746.2,1.0
AC005884.2,1.0
AC099482.1,1.0
LINC02746,1.0
AC025048.7,1.0
AL157997.1,1.0
AC112236.3,1.0
AP000943.2,1.0
LINC02432,1.0
AC108019.2,1.0
UCP1,1.0
BBOX1-AS1,1.0
AL391261.4,1.0
AL078581.2,1.0
AC080038.1,1.0
AL139008.2,1.0
AL365205.3,1.0
AC055878.1,1.0
AC116534.1,1.0
LINC00616,1.0
LINC02485,1.0
AC107463.1,1.0
AC096763.1,1.0
AC015631.1,1.0
AC079380.1,1.0
AC108052.1,1.0
AC090857.2,1.0
AC082650.2,1.0
AC006947.1,1.0
AC008667.4,1.0
AC025580.1,1.0
JADRR,1.0
AC117373.1,1.0
AC022710.1,1.0
AC110751.1,1.0
AC051619.8,1.0
AC009145.1,1.0
SNHG27,1.0
NAV2-AS4,1.0
AC093772.1,1.0
AC097528.1,1.0
AC139491.3,1.0
AC073349.5,1.0
LINC01482,1.0
AC073349.4,1.0
ZNF705G,1.0
TAB2-AS1,1.0
DUOXA1,1.0
LINC01483,1.0
AC002546.1,1.0
LINC02092,1.0
AL157884.2,1.0
AL589642.2,1.0
LINC02003,1.0
LINC02097,1.0
DNAI2,1.0
AC093765.2,1.0
ACTN1-AS1,1.0
AL133313.1,1.0
KCNK16,1.0
AC073270.1,1.0
USH1G,1.0
CD300LF,1.0
AC017007.5,1.0
AC090707.1,1.0
SLC6A5,1.0
AL160400.1,1.0
DEFB1,1.0
AC107071.1,1.0
TET2-AS1,1.0
AL162388.2,1.0
CSRP3,1.0
LINC02828,1.0
AP002075.1,1.0
AC011933.2,1.0
AC110800.1,1.0
AC019131.3,1.0
AL451123.1,1.0
LINC01005,1.0
AC007906.2,1.0
DERPC,1.0
PLEK2,1.0
LINC02267,1.0
AC109925.2,1.0
AC092850.2,1.0
TIMD4,1.0
AC124798.2,1.0
AC084117.1,1.0
SAA4,1.0
AL157996.2,1.0
MIR1302-2HG,1.0
AC112253.1,1.0
C17orf99,1.0
LINC01987,1.0
AC021683.6,1.0
LINC00575,1.0
IRX5,1.0
CXCL9,1.0
CASP5,1.0
AC137590.2,1.0
LINC02682,1.0
AC061992.2,1.0
AC087645.2,1.0
AC025244.2,1.0
LINC02562,1.0
AC233701.1,1.0
AC100788.1,1.0
AC131009.1,1.0
AC022068.1,1.0
AC117500.1,1.0
AP003173.1,1.0
AC022467.1,1.0
CXCL6,1.0
RASSF6,1.0
LINC01239,1.0
LINC01979,1.0
AC022467.2,1.0
AC127496.2,1.0
AC016245.2,1.0
AL359317.1,1.0
AL391262.1,1.0
ENAM,1.0
AC027601.1,1.0
AC066612.2,1.0
LUADT1,1.0
AC145207.6,1.0
OR1E1,1.0
HTN1,1.0
AC104689.2,1.0
AC012050.1,1.0
AC093725.2,1.0
AC245164.1,1.0
PDCL2,1.0
AC013549.4,1.0
AC111197.1,1.0
AC019257.9,1.0
NARF-IT1,1.0
AL023806.4,1.0
AC132938.6,1.0
AF067845.4,1.0
LINC02271,1.0
AL359475.1,1.0
AC124283.3,1.0
C11orf88,1.0
AL160191.1,1.0
AP002008.3,1.0
AL359922.2,1.0
AC104383.2,1.0
AL050338.2,1.0
CWH43,1.0
AP001020.2,1.0
AP000919.2,1.0
AP000919.4,1.0
LINC01951,1.0
ZAR1,1.0
AL592429.2,1.0
ANKK1,1.0
AP005230.1,1.0
NCAM1-AS1,1.0
AC096734.1,1.0
AL096712.2,1.0
GAPLINC,1.0
AP005059.2,1.0
AC004817.1,1.0
AC108210.1,1.0
AP001496.2,1.0
AC004817.2,1.0
AC004817.3,1.0
LINC02764,1.0
AP000864.1,1.0
NXPE2,1.0
AC005481.1,1.0
AP001094.2,1.0
AC092332.1,1.0
AP002755.1,1.0
AP000897.1,1.0
AL359313.1,1.0
TXNDC2,1.0
AC006238.2,1.0
AC008938.1,1.0
LINC2194,1.0
MNX1-AS2,1.0
AL136962.1,1.0
LINC00424,1.0
AP005899.2,1.0
BNC2-AS1,1.0
APOA5,1.0
C9orf92,1.0
LINC02703,1.0
AC016687.3,1.0
AP001269.1,1.0
AC005993.1,1.0
AP001120.5,1.0
AC092848.2,1.0
LINC02854,1.0
Z92544.1,1.0
SAXO1,1.0
AP005131.1,1.0
CCKAR,1.0
APOA1-AS,1.0
AL445985.2,1.0
AL360089.1,1.0
AL583785.1,1.0
AL139275.1,1.0
AC027804.1,1.0
AL157931.2,1.0
AP001554.1,1.0
AC026770.1,1.0
AC066613.2,1.0
AC087280.2,1.0
AC090912.3,1.0
AC090912.2,1.0
AC091564.6,1.0
AC096719.1,1.0
AC005998.1,1.0
OR56A1,1.0
LINC01287,1.0
LINC01894,1.0
AL359538.4,1.0
AC008060.5,1.0
AC092546.1,1.0
AC007126.1,1.0
AL122034.1,1.0
JAML,1.0
AC090936.1,1.0
AC008781.1,1.0
AC021382.1,1.0
LINC01908,1.0
AL035446.1,1.0
PSMA8,1.0
GFRA3,1.0
AC007370.1,1.0
AC005699.1,1.0
DEFB131A,1.0
TTR,1.0
DSG4,1.0
OR56B1,1.0
AC005520.3,1.0
UBQLNL,1.0
AC010973.2,1.0
AP001267.4,1.0
CD3D,1.0
AC010973.1,1.0
AC012170.3,1.0
OR51B2,1.0
AL162419.1,1.0
AC097381.2,1.0
HBE1,1.0
AC090220.1,1.0
AC007998.3,1.0
GLIS3-AS1,1.0
RAB44,1.0
AP004609.1,1.0
CXCR5,1.0
AC084335.1,1.0
AL590235.2,1.0
AC093583.1,1.0
CAPNS2,1.0
LINC02744,1.0
AC147067.1,1.0
AP001994.3,1.0
AC091151.5,1.0
SLC14A2-AS1,1.0
INSL6,1.0
IGHEP2,1.0
AC092535.5,1.0
AC092535.2,1.0
ZNF732,1.0
MMP2-AS1,1.0
DLG1-AS1,1.0
C1QTNF5,1.0
AC090971.2,1.0
AC005479.1,1.0
TNK2-AS1,1.0
LINC01983,1.0
VRTN,1.0
AL354674.1,1.0
KIF20A,1.0
AC005586.2,1.0
LINC01917,1.0
URAD,1.0
LINC01539,1.0
AC006305.2,1.0
LINC01905,1.0
XXYLT1-AS2,1.0
AC099506.3,1.0
LINC01968,1.0
AL136439.1,1.0
AL353648.1,1.0
AC006305.1,1.0
AC073111.1,1.0
AC090236.2,1.0
AC104365.3,1.0
GP5,1.0
LINC02037,1.0
OR51D1,1.0
AC080129.2,1.0
AC113137.1,1.0
AC005999.2,1.0
AC026474.1,1.0
AC010776.3,1.0
AC010776.2,1.0
KIFC1,1.0
AL135902.1,1.0
IRX6,1.0
ATP13A4-AS1,1.0
ATP13A5-AS1,1.0
AF186192.3,1.0
AC090409.2,1.0
SERPINB13,1.0
AC004941.1,1.0
AC022726.1,1.0
AC008050.1,1.0
LINC01924,1.0
C1QTNF8,1.0
PANX3,1.0
TPRG1-AS1,1.0
ZNF474,1.0
AC119868.2,1.0
ADIPOQ,1.0
AL161719.1,1.0
AC096708.3,1.0
AC005909.2,1.0
LINC02582,1.0
LINC01899,1.0
AL138999.1,1.0
BATF,1.0
AC099684.3,1.0
STARD13-AS,1.0
HRG,1.0
C7orf65,1.0
LMF1-AS1,1.0
LINC02020,1.0
AC006974.2,1.0
AC009704.2,1.0
LINC01922,1.0
AC006004.1,1.0
AC103808.5,1.0
AC123786.3,1.0
AC123786.1,1.0
AC004870.3,1.0
KLHL6-AS1,1.0
LINC02749,1.0
AC008674.1,1.0
AC004870.4,1.0
AC104423.1,1.0
AC107892.1,1.0
MAFA-AS1,1.0
AC105118.1,1.0
AC021055.1,1.0
LINC01995,1.0
LINC01994,1.0
AC084211.1,1.0
OR4F17,1.0
LINC01014,1.0
AC011294.1,1.0
LINC02068,1.0
CCDC166,1.0
LINC02288,1.0
AL161716.1,1.0
LINC01208,1.0
AC127526.4,1.0
AC026316.2,1.0
AL139081.2,1.0
AC026316.3,1.0
AC004449.1,1.0
AC009005.1,1.0
OR2A5,1.0
OR6B1,1.0
AC108667.2,1.0
AC092954.2,1.0
OR2F1,1.0
AC026353.1,1.0
IGF2-AS,1.0
AC132217.1,1.0
IL21R,1.0
LRRC31,1.0
LRRIQ4,1.0
MSLNL,1.0
AC069439.2,1.0
LINC02023,1.0
AC008056.3,1.0
AC128685.1,1.0
GRIN3B,1.0
AC005391.1,1.0
AP001007.3,1.0
LINC02029,1.0
LINC00880,1.0
ARHGAP26-IT1,1.0
AC009754.2,1.0
CSNK1A1L,1.0
IQCJ-SCHIP1-AS1,1.0
LINC00445,1.0
AC120498.9,1.0
VSIG10L2,1.0
AP000842.1,1.0
AP000842.2,1.0
ARHGAP26-AS1,1.0
AP003121.1,1.0
TCAF2C,1.0
AC108718.1,1.0
AC011676.1,1.0
AC011317.1,1.0
STOML3,1.0
LINC01214,1.0
LINC01213,1.0
AC117386.2,1.0
BNIP5,1.0
GPR171,1.0
AL078590.1,1.0
PEAK3,1.0
Z84486.1,1.0
WWTR1-IT1,1.0
TM4SF1-AS1,1.0
AC006538.3,1.0
SCT,1.0
AC092958.4,1.0
S1PR4,1.0
AC018926.3,1.0
AC018926.1,1.0
PLSCR2,1.0
TNFSF11,1.0
AC091196.1,1.0
C19orf71,1.0
MUC5AC,1.0
AC117383.1,1.0
AP001122.1,1.0
AC021074.3,1.0
AC005954.2,1.0
AC108727.1,1.0
AL355881.1,1.0
AC007292.3,1.0
AC027319.1,1.0
AC005594.1,1.0
AC097103.1,1.0
TPSD1,1.0
AC136475.7,1.0
AP003486.2,1.0
AC025271.4,1.0
CLDN18,1.0
AC110741.1,1.0
AC104532.2,1.0
BFSP2,1.0
AC079942.1,1.0
NPHP3-AS1,1.0
NMUR2,1.0
FUT3,1.0
AC004847.1,1.0
OPCML-IT2,1.0
ZNRF4,1.0
AC010207.1,1.0
HLA-DQB2,1.0
AP000844.2,1.0
AP002856.2,1.0
AL512380.2,1.0
ENOX1-AS2,1.0
AP004550.1,1.0
AL161645.2,1.0
AC103726.1,1.0
LINC02743,1.0
AP004606.1,1.0
LINC01147,1.0
AC011491.2,1.0
UROC1,1.0
ALDH1L1-AS1,1.0
AL360181.2,1.0
AC008878.4,1.0
AC068726.1,1.0
AL135746.1,1.0
LINC02697,1.0
MYLK-AS2,1.0
AC010336.4,1.0
AL512622.1,1.0
CLEC4M,1.0
AC025918.1,1.0
AC016816.1,1.0
AC090515.5,1.0
AC136469.1,1.0
NR1I2,1.0
LINC02049,1.0
AC090515.6,1.0
AC073352.1,1.0
UPK1B,1.0
IGSF11-AS1,1.0
AC068633.1,1.0
AC010132.1,1.0
AC026341.2,1.0
AC007406.2,1.0
AL138963.1,1.0
LINC00940,1.0
ZNF80,1.0
AC004672.2,1.0
AC084781.2,1.0
LINC01198,1.0
AL032819.1,1.0
AC090651.1,1.0
AC092894.1,1.0
AC141424.1,1.0
GCSAM,1.0
TMPRSS7,1.0
C4B-AS1,1.0
LINC02044,1.0
LINC02417,1.0
MKI67,1.0
AL390236.1,1.0
C4B,1.0
AC011511.5,1.0
AL158166.2,1.0
AL138962.1,1.0
AC004837.4,1.0
AC005865.2,1.0
AL117378.1,1.0
C13orf42,1.0
AC129803.1,1.0
LINC00973,1.0
AL445237.1,1.0
MMP21,1.0
TEX36-AS1,1.0
FGF23,1.0
AC110491.3,1.0
AC084375.1,1.0
AC023503.1,1.0
HMX3,1.0
AL357093.1,1.0
CATSPERB,1.0
BEST2,1.0
AL135818.3,1.0
LINC02070,1.0
CADM2-AS1,1.0
SCNN1A,1.0
AL096869.2,1.0
AC005845.1,1.0
AC104435.2,1.0
LINC02027,1.0
LINC02050,1.0
AC068756.1,1.0
AC108690.1,1.0
LINC02077,1.0
AC112219.2,1.0
FER1L6,1.0
SYCE2,1.0
AC007848.2,1.0
AC020934.2,1.0
ANXA13,1.0
AC098969.2,1.0
ATP2A1,1.0
LINC02317,1.0
LINC00867,1.0
AC011446.1,1.0
LINC00992,1.0
AC010998.3,1.0
AC107241.1,1.0
AC006064.3,1.0
AC023283.1,1.0
CLEC17A,1.0
LINC00698,1.0
TAT,1.0
AP005717.1,1.0
AC125494.3,1.0
LINC02674,1.0
AC005871.1,1.0
AC092418.2,1.0
AC009090.6,1.0
AC079328.2,1.0
AC104316.2,1.0
LY6G6F,1.0
AC100839.2,1.0
CYP4F8,1.0
AC032011.1,1.0
AL139120.1,1.0
CYP4F2,1.0
LINC01764,1.0
C2-AS1,1.0
OR10H5,1.0
AC012467.1,1.0
AC022023.2,1.0
LINC02124,1.0
AC020911.1,1.0
NANOGNB,1.0
SLC25A2,1.0
CALR3,1.0
CDHR4,1.0
AMIGO3,1.0
AC023590.1,1.0
SEMA3F-AS1,1.0
C16orf54,1.0
NME8,1.0
CAMP,1.0
AC112512.1,1.0
LINC02585,1.0
UCN2,1.0
CCDC194,1.0
AC010463.3,1.0
BSN-AS1,1.0
AL512283.2,1.0
AL360182.2,1.0
LINC00378,1.0
CCR2,1.0
AC010319.5,1.0
AC010319.3,1.0
LINC02568,1.0
AL357513.1,1.0
LINC02627,1.0
B3GNT3,1.0
SLX1B,1.0
RNF151,1.0
AL356608.1,1.0
AL358790.1,1.0
AC010547.3,1.0
AC092053.5,1.0
NEURL1-AS1,1.0
A2ML1-AS2,1.0
SERPINA11,1.0
SCN10A,1.0
PCDH9-AS2,1.0
AC005253.1,1.0
AL158038.1,1.0
GADL1,1.0
AC009093.4,1.0
COX8C,1.0
AL122023.1,1.0
AC112211.1,1.0
CCR4,1.0
AL121928.1,1.0
PITX3,1.0
ITPK1-AS1,1.0
AL133215.1,1.0
AL645933.3,1.0
RBMS3-AS2,1.0
LINC01967,1.0
EOMES,1.0
AC002306.1,1.0
AC116096.1,1.0
AL133387.1,1.0
LINC02681,1.0
AC061958.1,1.0
LINC00364,1.0
TRGV9,1.0
AC092364.1,1.0
KLRC4,1.0
AC008781.3,1.0
ZNF723,1.0
AL137003.1,1.0
LINC02011,1.0
AL159972.1,1.0
CLEC12B,1.0
TAS2R20,1.0
LINC02022,1.0
TAS2R50,1.0
AC090004.2,1.0
AC079466.1,1.0
PSORS1C3,1.0
C10orf62,1.0
LINC01609,1.0
AC022001.3,1.0
SERPINA5,1.0
PKHD1L1,1.0
ATP2B2-IT1,1.0
PLCE1-AS1,1.0
SRGAP3-AS4,1.0
CAV3,1.0
AL009031.1,1.0
AC008798.2,1.0
AC021037.1,1.0
AL365273.1,1.0
LINC01791,1.0
AC020912.1,1.0
AL512424.1,1.0
AC008805.2,1.0
AC026202.3,1.0
NCR3,1.0
PRSS33,1.0
AC025508.1,1.0
AC091010.1,1.0
AC091231.1,1.0
AC087857.1,1.0
AP000428.2,1.0
AC087427.1,1.0
AL139118.1,1.0
AC090044.1,1.0
PDE6C,1.0
AC008555.2,1.0
AC020910.2,1.0
SCGB2B2,1.0
LINC01880,1.0
LTA,1.0
ANKRD1,1.0
AC103853.2,1.0
AC104809.1,1.0
AC104809.2,1.0
AC021546.1,1.0
LINC00243,1.0
AC022276.1,1.0
AL365394.1,1.0
LINC01034,1.0
AL137786.3,1.0
AC007655.2,1.0
AC093585.1,1.0
AC023787.1,1.0
AC023787.3,1.0
AC023787.2,1.0
LINC02299,1.0
AL137786.2,1.0
GPR42,1.0
AC145625.2,1.0
MT4,1.0
UPK1A-AS1,1.0
AC002116.2,1.0
IFIT1B,1.0
AC008080.4,1.0
AC104667.1,1.0
CLMAT3,1.0
AC002398.2,1.0
TRPM8,1.0
AC019068.1,1.0
AL355102.1,1.0
CEMP1,1.0
LINC02378,1.0
AC092793.1,1.0
KCNJ13,1.0
AC007529.2,1.0
CHRNG,1.0
AC013553.4,1.0
LINC01944,1.0
MROH2A,1.0
AC103691.2,1.0
LINC01489,1.0
ERP27,1.0
AC126468.1,1.0
SLC22A16,1.0
AC022148.2,1.0
C2orf83,1.0
AC005162.1,1.0
AC005162.2,1.0
AC008395.1,1.0
AC034206.1,1.0
REV3L-IT1,1.0
AC138625.1,1.0
SCYGR4,1.0
AC055855.1,1.0
AL360267.1,1.0
AL138767.1,1.0
AC018637.1,1.0
LGALS7,1.0
AP001330.5,1.0
LINC02844,1.0
AL136162.1,1.0
AC005091.1,1.0
AC010605.1,1.0
PAX3,1.0
LGALS13,1.0
AC012645.2,1.0
PRKAG3,1.0
AL365214.4,1.0
RFPL4B,1.0
IHH,1.0
AL157871.1,1.0
AC010271.2,1.0
AC007255.1,1.0
PRSS37,1.0
AL355677.1,1.0
AC021016.3,1.0
CATIP,1.0
TAS2R5,1.0
RUFY4,1.0
LGALS16,1.0
TAS2R3,1.0
GPC5-AS1,1.0
AC010136.1,1.0
AC007557.1,1.0
LINC00858,1.0
AC016877.1,1.0
AL009177.1,1.0
AC072062.1,1.0
Z98200.1,1.0
AL645939.5,1.0
LINC02532,1.0
AC092071.1,1.0
NUTM2B,1.0
AP000424.1,1.0
AC019185.2,1.0
AC008641.1,1.0
AC079610.2,1.0
AC093865.1,1.0
AC010157.1,1.0
AC026992.2,1.0
AC083900.1,1.0
AC010247.2,1.0
AC010247.1,1.0
AC009509.2,1.0
CD79A,1.0
AC009509.1,1.0
ZFP57,1.0
C12orf71,1.0
GPR1-AS,1.0
AC087639.2,1.0
AC007879.2,1.0
AC009119.2,1.0
KLF7-IT1,1.0
AC008269.2,1.0
AC009292.1,1.0
PRSS22,1.0
AC022509.2,1.0
AC004464.1,1.0
AC022509.5,1.0
CFLAR-AS1,1.0
AC022509.3,1.0
AKR1D1,1.0
AC006213.7,1.0
CCDC192,1.0
AL133481.3,1.0
AC010163.3,1.0
ZC3HAV1L,1.0
AC010746.2,1.0
HECW2-AS1,1.0
AL353152.1,1.0
OVCH1,1.0
AC011997.1,1.0
AC020550.2,1.0
AL662873.1,1.0
LINC01825,1.0
AC010834.1,1.0
APOC4,1.0
AC005540.1,1.0
LINC02240,1.0
AC098872.1,1.0
AL132709.8,1.0
AL731568.1,1.0
AC021851.2,1.0
AL589863.1,1.0
ZSWIM2,1.0
LINC02323,1.0
AC009948.2,1.0
NANOS2,1.0
AC092301.1,1.0
RSPH6A,1.0
HOXA10-AS,1.0
AC134312.5,1.0
OIT3,1.0
LINC02320,1.0
IGFL2-AS1,1.0
IL17B,1.0
AC092162.2,1.0
OR14J1,1.0
RNF113B,1.0
AC037450.1,1.0
AC008622.2,1.0
HOXD8,1.0
AC083867.2,1.0
ABCB11,1.0
G6PC2,1.0
AC022392.1,1.0
AC012558.1,1.0
LINC01124,1.0
CLYBL-AS2,1.0
AC010092.1,1.0
AKR1B10,1.0
AL139240.1,1.0
PLA2G4C-AS1,1.0
CABP5,1.0
BSPH1,1.0
AC009299.3,1.0
FAM83E,1.0
AC008403.3,1.0
LINC00449,1.0
AC006111.1,1.0
AL596223.2,1.0
EXOC3L4,1.0
AC108057.1,1.0
LINC02625,1.0
AL451049.1,1.0
LINC00845,1.0
AC100801.2,1.0
AC009227.1,1.0
AC009097.2,1.0
AC093249.2,1.0
AC079790.1,1.0
NALCN-AS1,1.0
AC011450.1,1.0
AC121334.4,1.0
AC106786.2,1.0
AC008127.1,1.0
CCDC155,1.0
LINC01931,1.0
AC018766.1,1.0
AL022098.1,1.0
TSGA13,1.0
LINC02450,1.0
AC068492.1,1.0
AC116348.1,1.0
LINC02631,1.0
CPA5,1.0
AC079601.1,1.0
AC103564.1,1.0
LINC01120,1.0
AC009365.3,1.0
AC090630.1,1.0
AC008655.1,1.0
KLK8,1.0
AC005165.3,1.0
AC058791.1,1.0
KLK15,1.0
AC010325.1,1.0
AC016822.1,1.0
AC051618.1,1.0
SIGLEC6,1.0
SIGLEC12,1.0
AL353784.1,1.0
AC008750.5,1.0
AC008750.4,1.0
AL049840.3,1.0
LINC02572,1.0
HCCAT5,1.0
AC005100.2,1.0
AL138760.1,1.0
SLC38A4,1.0
AC006272.1,1.0
FPR3,1.0
AC025031.2,1.0
SPACA6P-AS,1.0
AC003093.1,1.0
AC110926.2,1.0
AC010332.3,1.0
AL139379.1,1.0
AC010320.1,1.0
HCG15,1.0
AJ003147.1,1.0
AC121338.2,1.0
AL162717.1,1.0
AC004466.2,1.0
AC004241.4,1.0
AC027306.1,1.0
DPRX,1.0
AC008083.4,1.0
LINC00637,1.0
AC010982.2,1.0
AL512356.4,1.0
VN1R2,1.0
IL36G,1.0
AC079753.2,1.0
AC005682.2,1.0
AC009118.1,1.0
FAM138B,1.0
AC012533.1,1.0
LINC01961,1.0
PRSS54,1.0
AC245052.7,1.0
AL583810.2,1.0
AC012442.2,1.0
AC005082.2,1.0
AC245041.1,1.0
IL1RN,1.0
ACOXL,1.0
FO681492.1,1.0
AC009686.2,1.0
AC100827.4,1.0
IGHG4,1.0
TFAP2A-AS1,1.0
RGPD6,1.0
SLC27A6,1.0
AC011753.2,1.0
KIR2DL1,1.0
AC023830.3,1.0
TMEM150B,1.0
AC007091.1,1.0
LINC01594,1.0
FERD3L,1.0
LINC02535,1.0
AC022188.1,1.0
AC022274.1,1.0
DHH,1.0
AC009123.1,1.0
AC096669.1,1.0
ZNF32-AS3,1.0
AC011389.2,1.0
AC008735.4,1.0
AC013402.1,1.0
AC019117.2,1.0
GALP,1.0
LINC01864,1.0
AGR3,1.0
CGA,1.0
AC093894.2,1.0
AC011593.1,1.0
AC007278.1,1.0
AC006116.9,1.0
AC004943.3,1.0
AC074051.5,1.0
HIST1H2BM,1.0
AC005261.3,1.0
DUXA,1.0
USP29,1.0
LYG2,1.0
AC021188.1,1.0
AC022893.3,1.0
AC003005.2,1.0
AC107031.1,1.0
AC092683.2,1.0
AC010326.3,1.0
BX072579.1,1.0
AL121977.2,1.0
AL450313.1,1.0
AL353600.1,1.0
AC009087.1,1.0
AC012313.7,1.0
AC012313.2,1.0
AL034548.2,1.0
AC078906.1,1.0
AL078599.2,1.0
Z98745.1,1.0
AL359916.1,1.0
PDYN-AS1,1.0
AGMO,1.0
AL160396.2,1.0
AL160396.1,1.0
AL049712.1,1.0
RGPD1,1.0
AC062029.1,1.0
LMAN1L,1.0
CYP1A2,1.0
CD8B,1.0
AC015971.1,1.0
AC100835.1,1.0
AC079089.1,1.0
Z98745.2,1.0
AL121890.4,1.0
AL121890.2,1.0
AL133396.2,1.0
AL031670.1,1.0
LINC01729,1.0
AC018695.2,1.0
KRT83,1.0
AC105020.3,1.0
LINC01815,1.0
AC011754.1,1.0
AC092604.1,1.0
AC068616.2,1.0
LRRN4,1.0
AL161935.3,1.0
AL355336.1,1.0
AL139390.1,1.0
AC092127.1,1.0
AC114311.1,1.0
LINC01517,1.0
AL132875.2,1.0
POTEM,1.0
AC073263.2,1.0
AC007387.2,1.0
AL132875.3,1.0
AL031123.5,1.0
PARAL1,1.0
AL034427.1,1.0
AC069404.1,1.0
AC008705.2,1.0
AL109837.3,1.0
AL158042.1,1.0
MACROD2-IT1,1.0
KRT71,1.0
LINC01722,1.0
AL132765.2,1.0
KRT6A,1.0
AC007223.1,1.0
KRT6B,1.0
AL356113.1,1.0
LINC00851,1.0
AC009135.1,1.0
CD207,1.0
PYCARD-AS1,1.0
AL160291.1,1.0
AL390961.2,1.0
AC005696.1,1.0
TCF24,1.0
AC022167.1,1.0
HTR1B,1.0
AL355612.1,1.0
AL591030.1,1.0
CST5,1.0
CST2,1.0
AC006483.2,1.0
AL157385.2,1.0
AC084082.1,1.0
AL355075.6,1.0
AC007365.1,1.0
ANKRD61,1.0
AL078587.1,1.0
AC107081.4,1.0
TP53TG3D,1.0
AL121772.3,1.0
AC138420.1,1.0
AL121762.2,1.0
AL121762.1,1.0
AC007381.1,1.0
AC007132.1,1.0
PCBP2-OT1,1.0
AC074052.2,1.0
AC068193.1,1.0
AC011306.1,1.0
LINC02147,1.0
AL133371.2,1.0
AC007402.1,1.0
AL110115.2,1.0
AL021328.1,1.0
AC012358.1,1.0
AC002519.1,1.0
EFCAB8,1.0
AC092171.1,1.0
AL034550.2,1.0
TRPC7,1.0
AL121897.1,1.0
AL450384.1,1.0
HOXC4,1.0
C20orf144,1.0
LINC01289,1.0
AC009975.1,1.0
LHCGR,1.0
AC018953.1,1.0
AC069023.1,1.0
STPG4,1.0
AC079313.1,1.0
AC007221.1,1.0
AL161668.3,1.0
AC046168.1,1.0
AC093702.1,1.0
AC007014.1,1.0
GPR84,1.0
AL161747.2,1.0
RNASE13,1.0
LINC01913,1.0
AL080275.1,1.0
LINC02580,1.0
AC016995.1,1.0
FO393401.1,1.0
AC073316.1,1.0
TRAV8-3,1.0
AC016735.1,1.0
AL160262.1,1.0
AC006369.1,1.0
AC008415.1,1.0
AL590677.1,1.0
AC131649.1,1.0
AC102953.1,1.0
AL512770.1,1.0
AC019127.1,1.0
AC025162.2,1.0
AC009301.1,1.0
AC073487.1,1.0
AC106870.1,1.0
AC009779.5,1.0
AL583859.1,1.0
AC007218.3,1.0
AL138773.1,1.0
GTF3C2-AS1,1.0
TCF23,1.0
AC091729.1,1.0
AC104695.2,1.0
AC073957.2,1.0
AC073957.1,1.0
AC021483.2,1.0
ARHGAP40,1.0
ADIG,1.0
AL646090.1,1.0
CIB4,1.0
AC067863.1,1.0
AGBL5-AS1,1.0
CENPA,1.0
AC023302.1,1.0
AL035665.1,1.0
AC008073.1,1.0
AC009242.1,1.0
GATA3,1.0
MYBL2,1.0
AL713998.3,1.0
AL049812.3,1.0
AC012506.1,1.0
AC009411.2,1.0
SEMG1,1.0
LINC00707,1.0
PI3,1.0
AC073896.3,1.0
AC188617.2,1.0
C6orf201,1.0
AC144836.1,1.0
AL583859.3,1.0
AL031663.3,1.0
AC108451.1,1.0
AL590004.3,1.0
AC012325.1,1.0
AC093627.7,1.0
AL157395.1,1.0
TRAV25,1.0
AKR1C8P,1.0
AL031687.1,1.0
MMP9,1.0
AL121888.1,1.0
AL139351.1,1.0
AL139351.2,1.0
AC136944.4,1.0
AC082651.4,1.0
AC080162.1,1.0
AC018978.1,1.0
AC136944.2,1.0
AC092580.2,1.0
AC215522.2,1.0
AC010291.1,1.0
MYO1A,1.0
LINC00922,1.0
SDR9C7,1.0
AC103858.3,1.0
AC109454.3,1.0
AC107057.1,1.0
AC007216.1,1.0
AL157838.1,1.0
ALLC,1.0
INHBC,1.0
TRAPPC12-AS1,1.0
TNFRSF17,1.0
AC005914.1,1.0
AL359852.2,1.0
LINC00700,1.0
LINC02388,1.0
AL109806.2,1.0
AC018685.1,1.0
AC093390.1,1.0
AC093390.2,1.0
LINC01583,1.0
AC087386.1,1.0
AC092159.2,1.0
AL160410.1,1.0
AC103858.2,1.0
AC024270.3,1.0
PITRM1-AS1,1.0
LINC01711,1.0
AL050327.1,1.0
LINC01847,1.0
AL132822.1,1.0
AL355361.1,1.0
SNTG2-AS1,1.0
AC135068.1,1.0
AC105339.3,1.0
AC105393.2,1.0
AC137932.2,1.0
AC079779.2,1.0
MIR1-1HG,1.0
AL121832.1,1.0
AL513304.1,1.0
LINC01193,1.0
AL357033.1,1.0
OR4M2,1.0
AC027796.4,1.0
SLC34A3,1.0
C12orf56,1.0
AL159166.1,1.0
AC012291.2,1.0
AC009163.4,1.0
AC243562.3,1.0
AL807752.4,1.0
AL357033.2,1.0
AC027807.2,1.0
OR2T8,1.0
SMYD3-IT1,1.0
AC026124.2,1.0
AC009054.2,1.0
AC009054.1,1.0
AC025262.4,1.0
AC025262.1,1.0
AL121829.2,1.0
AL121845.4,1.0
BX323046.2,1.0
PWRN2,1.0
LINC01670,1.0
AC023866.2,1.0
AL807752.5,1.0
AL591686.2,1.0
MAP1LC3C,1.0
AL121581.2,1.0
AC022182.1,1.0
FP475955.1,1.0
AC087286.4,1.0
LLPH-DT,1.0
AC068389.1,1.0
AC107308.1,1.0
FP236315.1,1.0
FP236315.3,1.0
CU633967.1,1.0
CCDC187,1.0
GOLGA8S,1.0
FP236383.5,1.0
GLT6D1,1.0
AL592301.1,1.0
AC105150.1,1.0
LINC01479,1.0
AL365184.1,1.0
AL034346.1,1.0
AL358176.4,1.0
AL359918.2,1.0
LINC01502,1.0
PAEP,1.0
HIST1H4I,1.0
AL033397.2,1.0
MT1HL1,1.0
AL606970.3,1.0
AC025423.1,1.0
AF130359.1,1.0
AC022511.1,1.0
FCN2,1.0
RNF133,1.0
AF127577.5,1.0
AC012103.1,1.0
AF127577.3,1.0
AF212831.1,1.0
FEZF1-AS1,1.0
AC078922.1,1.0
AC090109.1,1.0
AP000224.1,1.0
AC004875.1,1.0
LINC02538,1.0
AC090116.1,1.0
AL160408.5,1.0
AL033381.3,1.0
MYH6,1.0
OBP2B,1.0
AL122008.3,1.0
AF129075.1,1.0
AL357972.1,1.0
LINC02248,1.0
LINC01697,1.0
LINC00314,1.0
AL121936.1,1.0
AC022034.3,1.0
AC131902.1,1.0
AC090617.1,1.0
AL136171.2,1.0
AC093535.1,1.0
AC002529.1,1.0
AC018607.1,1.0
AC044893.1,1.0
PPDPFL,1.0
AC107032.3,1.0
AL158214.2,1.0
LINC02809,1.0
AL670729.2,1.0
LINC01641,1.0
LNCOG,1.0
ITPKB-AS1,1.0
LINC00929,1.0
AC078820.1,1.0
AP000331.1,1.0
LINC01426,1.0
GLIPR1L1,1.0
AC100774.1,1.0
AC073525.1,1.0
AL353747.2,1.0
AC174469.1,1.0
AL353759.1,1.0
AL391811.1,1.0
AL596330.1,1.0
AP000688.1,1.0
LCN2,1.0
HLCS-IT1,1.0
FAM177B,1.0
AL590708.1,1.0
AC126763.1,1.0
AL356108.1,1.0
KCNJ15,1.0
AP001407.1,1.0
LINC01655,1.0
LINC01352,1.0
TCP10L2,1.0
AC138932.2,1.0
AC096642.2,1.0
LINC00114,1.0
AC022915.2,1.0
AF064860.2,1.0
AC009139.1,1.0
AC099563.2,1.0
AC026904.1,1.0
AC104002.3,1.0
AL773573.1,1.0
AC068993.2,1.0
AC104002.2,1.0
AP001619.2,1.0
AP001631.2,1.0
BTN1A1,1.0
AP001625.3,1.0
AL136419.2,1.0
RAMACL,1.0
LINC01740,1.0
AC092803.3,1.0
LINC02608,1.0
SLC4A9,1.0
PPFIA2-AS1,1.0
AC090739.1,1.0
AC008438.2,1.0
LINC00313,1.0
TSPEAR,1.0
MYF6,1.0
TRPM2-AS,1.0
AP001059.1,1.0
AC083973.1,1.0
AL161731.1,1.0
ASZ1,1.0
AL009178.3,1.0
AC025465.1,1.0
AL358074.1,1.0
LINC01717,1.0
ST7-AS2,1.0
ALX1,1.0
CR2,1.0
LINC00334,1.0
AJ011932.1,1.0
AJ239328.1,1.0
AL133493.1,1.0
AC103843.1,1.0
HIST1H4F,1.0
AC244035.4,1.0
AC006450.2,1.0
LINC01510,1.0
AC007064.2,1.0
AC092723.1,1.0
CCT8L2,1.0
AP000527.1,1.0
CMA1,1.0
AC010196.1,1.0
AL359632.1,1.0
AC009630.4,1.0
WDR38,1.0
FAM230J,1.0
OPTC,1.0
AC105999.1,1.0
SIRLNT,1.0
AC009152.6,1.0
AL096870.6,1.0
LINC00602,1.0
AL357054.5,1.0
AC007666.2,1.0
CECR3,1.0
AC007326.5,1.0
AC092590.1,1.0
LINC01392,1.0
IDO2,1.0
AC004461.2,1.0
HUS1B,1.0
AC105941.1,1.0
LINC01222,1.0
AC096631.1,1.0
CLLU1,1.0
AC000068.2,1.0
LINC02391,1.0
HTRA4,1.0
AC005609.2,1.0
LINC00896,1.0
LHX9,1.0
CFHR5,1.0
AL512308.1,1.0
AC097065.2,1.0
AL138927.1,1.0
AL357793.2,1.0
AP006545.3,1.0
AC012464.2,1.0
FAM230B,1.0
AL357936.1,1.0
SERPIND1,1.0
GSN-AS1,1.0
AP000553.3,1.0
LAMB4,1.0
AL135878.1,1.0
AL162424.1,1.0
LINC02412,1.0
IGLV1-41,1.0
LINC02327,1.0
AL078645.1,1.0
PKHD1,1.0
AL139393.2,1.0
AL078644.2,1.0
AL137800.1,1.0
AC137579.2,1.0
LAMC2,1.0
AL391361.2,1.0
PCAT14,1.0
FAM230I,1.0
LINC01605,1.0
PCDHA7,1.0
ADORA2A-AS1,1.0
AL049830.3,1.0
G2E3-AS1,1.0
AL132799.1,1.0
AL022323.4,1.0
AC007656.2,1.0
LINC02452,1.0
AP000356.2,1.0
AC127520.1,1.0
TEX35,1.0
CLEC20A,1.0
AC068831.1,1.0
IGLVIVOR22-1,1.0
Z99916.3,1.0
AC068831.4,1.0
AL133284.1,1.0
AL008638.5,1.0
BTNL3,1.0
DEFB112,1.0
AC073071.1,1.0
AL080273.1,1.0
AC137579.1,1.0
DEC1,1.0
AL449106.1,1.0
LINC02554,1.0
Z94057.1,1.0
AL008638.1,1.0
AL022310.1,1.0
Z99127.1,1.0
AL139041.1,1.0
AL390067.1,1.0
AC000035.1,1.0
RFPL1,1.0
NRG1-IT3,1.0
LINC01585,1.0
AC007384.1,1.0
MYOCOS,1.0
AL445363.1,1.0
LHFPL3-AS1,1.0
AC005064.1,1.0
Z93930.3,1.0
CRTC3-AS1,1.0
OR2K2,1.0
AL023495.1,1.0
AL162399.1,1.0
AC004882.1,1.0
AC005529.1,1.0
AC124290.2,1.0
XCL2,1.0
AL023755.1,1.0
OSM,1.0
AL358115.1,1.0
C9orf152,1.0
AL451074.5,1.0
AC063948.1,1.0
LINC01363,1.0
AL132857.1,1.0
LRRC52-AS1,1.0
SLC5A4,1.0
AC034213.1,1.0
LINC02558,1.0
AC090820.2,1.0
MKX-AS1,1.0
AC091153.4,1.0
AC113348.3,1.0
LINC01492,1.0
ACSM2A,1.0
FCGR3B,1.0
LINC00517,1.0
AC026108.2,1.0
AL354726.1,1.0
AL021877.2,1.0
NR1I3,1.0
AL121790.1,1.0
AC008659.1,1.0
LINC01640,1.0
AC079174.1,1.0
SLAMF1,1.0
SLAMF6,1.0
AL645608.4,1.0
AC007603.1,1.0
AC087516.2,1.0
SLAMF7,1.0
AC010251.1,1.0
MYL10,1.0
HIST1H4A,1.0
NUGGC,1.0
AC020978.6,1.0
LINC02853,1.0
CT70,1.0
SLAMF8,1.0
PLAAT2,1.0
CADM3-AS1,1.0
AC012555.1,1.0
OR10Z1,1.0
LGALS12,1.0
AL353138.1,1.0
PAX9,1.0
STAB2,1.0
AC099518.5,1.0
AL360169.2,1.0
Z83844.2,1.0
LINC02694,1.0
ETV3L,1.0
AP001453.1,1.0
AC108449.2,1.0
AP000944.6,1.0
HMBOX1-IT1,1.0
AC107958.3,1.0
FCRL5,1.0
APOBEC3B,1.0
AC234582.2,1.0
ASH1L-IT1,1.0
SPDYC,1.0
LBHD1,1.0
SYNJ2-IT1,1.0
AP003068.1,1.0
DCST1,1.0
DCST2,1.0
AL590705.2,1.0
ASCL4,1.0
AL022326.1,1.0
DPEP2NB,1.0
TRIM36-IT1,1.0
AC010230.1,1.0
AL022238.3,1.0
AC007695.1,1.0
TRPV4,1.0
LINC02315,1.0
NUP210L,1.0
AC004706.1,1.0
AC010267.1,1.0
SPRR2F,1.0
AC007570.1,1.0
LINC02200,1.0
AL390800.1,1.0
IVL,1.0
AL022316.1,1.0
AC091917.3,1.0
LINGO4,1.0
DAO,1.0
TCHHL1,1.0
AL450992.2,1.0
AC022196.1,1.0
AC008119.1,1.0
TMOD4,1.0
AL391069.1,1.0
EBF2,1.0
MATR3,1.0
LINC01846,1.0
PGA4,1.0
AL358232.2,1.0
AC242988.1,1.0
AC129492.4,1.0
ANXA9,1.0
AC122697.1,1.0
LINC01340,1.0
LINC02603,1.0
AC009623.1,1.0
AL008718.3,1.0
CD160,1.0
AC025766.1,1.0
AC099501.1,1.0
BX324167.2,1.0
LINC00624,1.0
AC244394.2,1.0
PPIAL4H,1.0
CDCA2,1.0
AC104123.1,1.0
AC246680.1,1.0
AC091185.1,1.0
Z82186.1,1.0
AP001266.1,1.0
Z97192.2,1.0
Z97192.1,1.0
AURKB,1.0
AL161729.2,1.0
AL049870.2,1.0
AP006287.2,1.0
AC005021.1,1.0
PPIAL4A,1.0
AC026408.1,1.0
AC253572.1,1.0
AP001636.3,1.0
AC084876.1,1.0
CYP3A7,1.0
Z98885.3,1.0
AC020658.4,1.0
AL158828.1,1.0
LINC01780,1.0
AC123595.2,1.0
LINC01779,1.0
LINC00871,1.0
TNFRSF10C,1.0
AL137856.1,1.0
AL049825.1,1.0
LINC01405,1.0
AC037441.2,1.0
U62317.4,1.0
AC000065.1,1.0
AC005291.1,1.0
OR9Q1,1.0
AP003419.2,1.0
ADGRF4,1.0
AC004923.4,1.0
LINC02144,1.0
ADGRF2,1.0
SPATA31E1,1.0
AL513318.2,1.0
CDRT15,1.0
AL683807.2,1.0
AC005304.1,1.0
AC005277.2,1.0
VCX3A,1.0
TBX5-AS1,1.0
MEP1A,1.0
LINC02153,1.0
LINC01337,1.0
CLDN34,1.0
VCX3B,1.0
ATG10-IT1,1.0
AL137847.2,1.0
AL160171.1,1.0
AC004554.2,1.0
AMELX,1.0
AC073529.1,1.0
AC020658.2,1.0
AMY1B,1.0
AL359397.1,1.0
AC016571.1,1.0
AC008581.1,1.0
AC093157.2,1.0
ANKRD63,1.0
OCM2,1.0
ASB11,1.0
AC105206.3,1.0
LINC02785,1.0
AC093484.2,1.0
BEND2,1.0
Z93022.1,1.0
AC008496.2,1.0
AL928596.1,1.0
AC020661.3,1.0
LINC02122,1.0
BRDT,1.0
AC010245.1,1.0
AC025166.1,1.0
AC093117.1,1.0
AC118469.2,1.0
MYEOV,1.0
AC121342.1,1.0
AC078880.1,1.0
AC079760.1,1.0
AC104459.1,1.0
AL391497.1,1.0
AC099568.1,1.0
AL079307.1,1.0
AC026765.3,1.0
CLCA1,1.0
AC020558.1,1.0
FBXW10,1.0
HYPM,1.0
ACSM3,1.0
LINC01555,1.0
AP000879.1,1.0
AC022405.1,1.0
AC007952.7,1.0
MPC1L,1.0
AC092198.1,1.0
AL139317.3,1.0
AC004448.2,1.0
OTC,1.0
AL512658.2,1.0
LINC01507,1.0
AL161782.1,1.0
LINC02567,1.0
AC104458.1,1.0
AC092813.2,1.0
AL589693.1,1.0
LINC01186,1.0
AC234772.2,1.0
LINC02457,1.0
AC136489.1,1.0
AC100849.1,1.0
AC100800.1,1.0
ZNF157,1.0
AC025062.3,1.0
AC004702.1,1.0
AL138789.1,1.0
ZRANB2-AS1,1.0
AL513493.1,1.0
LNCARSR,1.0
AL512634.1,1.0
SLC47A2,1.0
GNG12-AS1,1.0
LRRC70,1.0
AC025442.2,1.0
AL353637.2,1.0
AC083806.2,1.0
FOXD3,1.0
AL162400.3,1.0
AL136131.2,1.0
AC092353.1,1.0
AL358333.3,1.0
AC022832.2,1.0
LINC01474,1.0
ZNF705E,1.0
KRTAP5-9,1.0
IL31RA,1.0
SHANK2-AS3,1.0
LINC01496,1.0
EZHIP,1.0
LINC02101,1.0
FAM156B,1.0
TACSTD2,1.0
AC008780.2,1.0
C8B,1.0
LEXM,1.0
AC025470.2,1.0
MIR4422HG,1.0
AP000593.4,1.0
AL035415.1,1.0
AC026367.1,1.0
GZMK,1.0
AL138479.2,1.0
SLC13A2,1.0
ZYG11A,1.0
LINC02812,1.0
AC002094.2,1.0
AL606760.3,1.0
AC022431.1,1.0
AL031773.1,1.0
LINC01033,1.0
AC104170.1,1.0
AC027329.1,1.0
CARNMT1-AS1,1.0
OTUD6A,1.0
TTC39A-AS1,1.0
AL137018.1,1.0
AL365295.2,1.0
AC025180.1,1.0
AC104564.3,1.0
AL352979.2,1.0
CYP4A11,1.0
AC004969.1,1.0
AC104984.3,1.0
AC114956.1,1.0
AC114956.2,1.0
BANCR,1.0
AL135960.1,1.0
AC104564.2,1.0
CXorf65,1.0
AC108105.1,1.0
KLF17,1.0
ERCC6L,1.0
LINC02104,1.0
AL357075.3,1.0
AP002761.1,1.0
AC008945.2,1.0
AC010457.1,1.0
AC138207.5,1.0
SZT2-AS1,1.0
FAM236A,1.0
AC093151.3,1.0
AC098484.1,1.0
AC127024.4,1.0
SLFNL1-AS1,1.0
AL356379.2,1.0
AL603839.2,1.0
AL158801.2,1.0
AC008957.1,1.0
P2RY10,1.0
RTL3,1.0
PGAM4,1.0
FGF16,1.0
AL033527.3,1.0
NT5C1A,1.0
PABPC4-AS1,1.0
AL442071.1,1.0
AC003101.2,1.0
AL139316.1,1.0
DLGAP5,1.0
AL929472.2,1.0
C9,1.0
GNAT3,1.0
AL442071.2,1.0
RAPSN,1.0
AC005899.1,1.0
UGT3A2,1.0
AC011824.1,1.0
NOX1,1.0
AC109635.6,1.0
LCK,1.0
PGM5-AS1,1.0
AL513327.3,1.0
SPACA3,1.0
TRIM49B,1.0
GJB4,1.0
AC114488.3,1.0
ANKS4B,1.0
AC010343.3,1.0
AC004147.3,1.0
AC026462.5,1.0
AL353608.2,1.0
CASC16,1.0
AL035427.2,1.0
P4HA3,1.0
AL137857.1,1.0
LINC01648,1.0
RAB40AL,1.0
ARMCX5-GPRASP2-1,1.0
AC015911.6,1.0
AC025178.1,1.0
AL020997.4,1.0
AL020997.5,1.0
GLRA4,1.0
LINC02489,1.0
AL117327.1,1.0
CLDN2,1.0
PURPL,1.0
AP000763.4,1.0
AL590399.3,1.0
AC020659.2,1.0
LIN28A,1.0
AC055807.1,1.0
SERPINA7,1.0
NRK,1.0
LINC02284,1.0
FCN3,1.0
LINC02228,1.0
AC091893.2,1.0
AL031280.1,1.0
AC118658.1,1.0
SLC30A2,1.0
AC243571.2,1.0
AC138819.1,1.0
AC243654.3,1.0
CAPN6,1.0
AC244093.3,1.0
AL050344.1,1.0
NCMAP-DT,1.0
RCAN3AS,1.0
AC092338.2,1.0
AC243830.1,1.0
E2F2,1.0
AL109936.2,1.0
MYOM3,1.0
CNR2,1.0
XACT,1.0
AC243830.3,1.0
AC091946.2,1.0
AGTR2,1.0
AC093274.1,1.0
AC140168.1,1.0
LINC02241,1.0
AL445253.1,1.0
CDC42-IT1,1.0
TBC1D3D,1.0
LINC02596,1.0
AC004000.1,1.0
KIAA1210,1.0
LINC01402,1.0
AC244153.1,1.0
TBC1D3E,1.0
AL020998.1,1.0
VWA5B1,1.0
C11orf94,1.0
LINC01654,1.0
AP001085.1,1.0
TEX13C,1.0
AC048337.1,1.0
PLA2G2A,1.0
AC006441.4,1.0
RCC2-AS1,1.0
XPNPEP2,1.0
AP001922.6,1.0
AL021920.3,1.0
DEFB136,1.0
AL137802.1,1.0
OR2AT4,1.0
AP001992.2,1.0
LINC02149,1.0
AC107918.5,1.0
C8orf49,1.0
AL451042.1,1.0
AC090844.3,1.0
CLCNKA,1.0
GSDMA,1.0
FRMD7,1.0
CT45A1,1.0
CR786580.1,1.0
CCR7,1.0
AC004585.1,1.0
TNS4,1.0
CT45A10,1.0
CELA2B,1.0
LINC02757,1.0
KRTAP1-1,1.0
AC004231.1,1.0
SPANXB1,1.0
KRT34,1.0
MAGEC3,1.0
AC004921.1,1.0
AC020978.1,1.0
LINC02226,1.0
AC022239.1,1.0
MAGEA11,1.0
AC254633.1,1.0
AL357835.1,1.0
NPPB,1.0
AC093305.1,1.0
IL5,1.0
CCDC198,1.0
LINC02351,1.0
MTOR-AS1,1.0
CNTNAP3C,1.0
AC036103.1,1.0
C1orf127,1.0
U82671.1,1.0
PLA2G4E-AS1,1.0
AL357140.1,1.0
LINC02102,1.0
AC236972.4,1.0
AC093307.1,1.0
AL034417.4,1.0
C5orf38,1.0
LSINCT5,1.0
TOMM20L,1.0
TMEM270,1.0
AC091849.2,1.0
RERE-AS1,1.0
SLC6A3,1.0
AL132989.1,1.0
AL162731.1,1.0
BX255923.1,1.0
AL031848.2,1.0
AC114291.1,1.0
AP003032.2,1.0
AC116351.1,1.0
AL353626.1,1.0
AC021242.2,1.0
AC026740.3,1.0
AC234781.1,1.0
AP002812.2,1.0
AP003680.1,1.0
AL512274.1,1.0
C16orf97,1.0
H2AFB1,1.0
CCIN,1.0
DBET,1.0
AC006040.1,1.0
AC022784.1,1.0
LINC01571,1.0
TRIML1,1.0
TBL1Y,1.0
ZFP42,1.0
AC242022.1,1.0
AL831784.1,1.0
MMEL1,1.0
AC110772.2,1.0
FAM224B,1.0
RPS4Y2,1.0
AC009494.2,1.0
AC007244.1,1.0
LINC02728,1.0
AL139246.1,1.0
AC093797.1,1.0
CCDC103,1.0
HSFY2,1.0
AC010086.3,1.0
AC005180.1,1.0
AC005180.2,1.0
AL669831.2,1.0
TTLL10,1.0
LINC00430,0.0
AL354994.1,0.0
AP003469.3,0.0
AP003469.1,0.0
AP003469.2,0.0
AP001205.1,0.0
AL356413.1,0.0
LINC00351,0.0
AL160154.1,0.0
LINC00375,0.0
AL356313.1,0.0
LINC00379,0.0
LINC00380,0.0
LINC00410,0.0
LINC01049,0.0
LINC00559,0.0
LINC00353,0.0
LINC01040,0.0
LINC02336,0.0
LINC01047,0.0
LINC00560,0.0
AL445242.1,0.0
LINC00433,0.0
LINC00373,0.0
AL445647.1,0.0
LINC00397,0.0
LINC00363,0.0
OSR2,0.0
AC016877.3,0.0
AP003467.1,0.0
AP000424.2,0.0
AP001574.1,0.0
AC105328.1,0.0
AC018442.2,0.0
AC107909.1,0.0
AC107909.2,0.0
AL356737.2,0.0
GPC5-AS2,0.0
AC068189.2,0.0
AP003692.1,0.0
AP002982.2,0.0
AP003117.2,0.0
AP003548.1,0.0
AP003465.2,0.0
AC012339.1,0.0
AL139381.1,0.0
LINC00557,0.0
GPC6-AS1,0.0
GPC6-AS2,0.0
AL160159.1,0.0
AL354811.2,0.0
AL356580.1,0.0
AL359502.1,0.0
AC023632.5,0.0
AP003351.1,0.0
MIR378D2HG,0.0
AC084346.1,0.0
AL161430.1,0.0
AL353581.1,0.0
CLDN10-AS1,0.0
LINC01298,0.0
AC068189.1,0.0
GPR18,0.0
AC016885.2,0.0
AC016885.1,0.0
C8orf87,0.0
AC117834.1,0.0
AC117834.2,0.0
AC104211.3,0.0
AC104211.4,0.0
AC091096.1,0.0
DOCK9-AS1,0.0
SLC15A1,0.0
FARP1-AS1,0.0
AL161896.1,0.0
AC022695.3,0.0
AC022695.2,0.0
AF181450.1,0.0
AC103409.1,0.0
AC087439.2,0.0
AC087439.1,0.0
AL139035.2,0.0
LINC01039,0.0
AL139035.1,0.0
AL136961.1,0.0
SLC7A13,0.0
AC084128.1,0.0
AC023194.3,0.0
ATP6V0D2,0.0
LINC02849,0.0
LINC00411,0.0
PCCA-AS1,0.0
AL353697.1,0.0
LINC00554,0.0
AC090578.3,0.0
SLC10A2,0.0
AC084734.1,0.0
CA1,0.0
AC011773.2,0.0
AC011773.3,0.0
AC011773.1,0.0
AC015522.1,0.0
LINC00283,0.0
LINC00555,0.0
FGF14-AS1,0.0
AL160153.1,0.0
CNBD1,0.0
AC090572.2,0.0
AC090572.3,0.0
LINC01419,0.0
AC105031.2,0.0
LINC02839,0.0
AC132219.1,0.0
FABP12,0.0
AC023644.1,0.0
FABP9,0.0
AL359745.1,0.0
DAOA,0.0
DAOA-AS1,0.0
AL138954.1,0.0
AL136524.1,0.0
LINC01067,0.0
LINC00370,0.0
AL161431.1,0.0
MYO16-AS1,0.0
MYO16-AS2,0.0
AC018616.1,0.0
AC079209.2,0.0
AC022778.1,0.0
AC034114.2,0.0
AL359436.1,0.0
AL354741.1,0.0
AL162574.2,0.0
AL163534.1,0.0
AC013509.1,0.0
LINC01111,0.0
AC011029.1,0.0
CASC9,0.0
AC009686.1,0.0
AC016240.1,0.0
AC138646.1,0.0
AL162497.1,0.0
LINC00676,0.0
LINC00399,0.0
LINC02337,0.0
AL353704.1,0.0
ARHGEF7-AS1,0.0
ARHGEF7-IT1,0.0
LINC00368,0.0
COL4A2-AS1,0.0
COL4A2-AS2,0.0
LINC00396,0.0
PKIA-AS1,0.0
AC084706.1,0.0
AC062004.1,0.0
AC023200.1,0.0
ATP11AUN,0.0
SPACA7,0.0
LINC01044,0.0
LINC01043,0.0
LINC01070,0.0
AC100782.1,0.0
AC011632.2,0.0
AC011632.1,0.0
AC115837.2,0.0
AC087672.1,0.0
LINC00404,0.0
PROZ,0.0
AL137002.2,0.0
AC022868.2,0.0
AC027018.1,0.0
AC111149.2,0.0
AC111149.1,0.0
RDH10-AS1,0.0
AC100823.1,0.0
AL356740.2,0.0
ATP11A-AS1,0.0
LINC00454,0.0
ATP4B,0.0
AC090735.1,0.0
AC011131.1,0.0
AC104012.1,0.0
AC009446.1,0.0
AC022858.1,0.0
DCUN1D2-AS,0.0
AL136221.1,0.0
AL137002.1,0.0
RASA3-IT1,0.0
AC120194.1,0.0
AC022730.3,0.0
PRDM14,0.0
AC091047.1,0.0
LINC01603,0.0
AC021785.1,0.0
LINC01592,0.0
AC083967.1,0.0
C13orf46,0.0
LINC00452,0.0
BX072579.2,0.0
AL512310.10,0.0
AL512624.2,0.0
POTEG,0.0
LINC01297,0.0
AL589743.1,0.0
AL589743.4,0.0
AL589182.1,0.0
AL929601.3,0.0
AL929601.2,0.0
AL929601.1,0.0
CR383656.12,0.0
LINC02297,0.0
OR11H12,0.0
CR383656.10,0.0
LINC01054,0.0
OR4K14,0.0
OR4K15,0.0
AC011853.2,0.0
AC022874.1,0.0
CPA6,0.0
OR4K1,0.0
OR4K5,0.0
OR4K2,0.0
OR4M1,0.0
OR4Q3,0.0
OR4N2,0.0
OR11H2,0.0
AL512310.2,0.0
AL512310.9,0.0
RNASE9,0.0
RNASE10,0.0
AL355075.3,0.0
AL355075.2,0.0
AL355075.1,0.0
LINC00967,0.0
AL356019.1,0.0
OR11H4,0.0
OR11H6,0.0
OR4N5,0.0
OR4K17,0.0
OR4L1,0.0
OR4K13,0.0
AL133371.1,0.0
AL133371.3,0.0
EDDM3B,0.0
EDDM3A,0.0
AL163636.1,0.0
LINC00251,0.0
AC104232.1,0.0
OR6S1,0.0
RNASE12,0.0
AL163195.2,0.0
RNASE11,0.0
AC011124.1,0.0
AC090577.1,0.0
AC018861.2,0.0
LINC02155,0.0
AC025524.1,0.0
AL355922.3,0.0
AL355922.4,0.0
OR4E2,0.0
TRAV1-2,0.0
OR10G2,0.0
TRAV1-1,0.0
OR5AU1,0.0
RNASE8,0.0
RNASE7,0.0
AL161668.2,0.0
AL161668.4,0.0
TRAV13-1,0.0
TRAV8-2,0.0
TRAV12-1,0.0
TRAV11,0.0
TRAV10,0.0
TRAV9-1,0.0
TRAV8-1,0.0
TRAV7,0.0
TRAV6,0.0
TRAV5,0.0
TRAV4,0.0
TRAV3,0.0
AC243972.1,0.0
TRAV2,0.0
OR4E1,0.0
TRAV22,0.0
TRAV21,0.0
TRAV20,0.0
TRAV19,0.0
TRAV18,0.0
TRAV17,0.0
TRAV16,0.0
TRAV8-6,0.0
TRAV12-3,0.0
TRAV15,0.0
TRAV9-2,0.0
TRAV14DV4,0.0
TRAV13-2,0.0
TRAV8-5,0.0
TRAV8-4,0.0
TRAV12-2,0.0
TRAV35,0.0
TRAV34,0.0
TRAV26-2,0.0
TRAV33,0.0
TRAV32,0.0
TRAV31,0.0
TRAV30,0.0
TRAV29DV5,0.0
TRAV28,0.0
TRAV27,0.0
TRAV8-7,0.0
TRAV26-1,0.0
TRAV24,0.0
TRDV1,0.0
TRAV23DV6,0.0
TRDJ3,0.0
TRDJ2,0.0
TRDJ4,0.0
TRDJ1,0.0
TRDD3,0.0
TRDD2,0.0
TRDD1,0.0
TRDV2,0.0
AC244502.3,0.0
TRAV41,0.0
TRAV40,0.0
TRAV39,0.0
TRAV38-2DV8,0.0
TRAV38-1,0.0
TRAV37,0.0
TRAV36DV7,0.0
TRAJ48,0.0
TRAJ49,0.0
TRAJ50,0.0
TRAJ51,0.0
TRAJ52,0.0
TRAJ53,0.0
TRAJ54,0.0
TRAJ55,0.0
TRAJ56,0.0
TRAJ57,0.0
TRAJ58,0.0
TRAJ59,0.0
TRAJ60,0.0
TRAJ61,0.0
TRDV3,0.0
TRAJ32,0.0
TRAJ33,0.0
TRAJ34,0.0
TRAJ35,0.0
TRAJ36,0.0
TRAJ37,0.0
TRAJ38,0.0
TRAJ39,0.0
TRAJ40,0.0
TRAJ41,0.0
TRAJ42,0.0
TRAJ43,0.0
TRAJ44,0.0
TRAJ45,0.0
TRAJ46,0.0
TRAJ47,0.0
TRAJ16,0.0
TRAJ17,0.0
TRAJ18,0.0
TRAJ19,0.0
TRAJ20,0.0
TRAJ21,0.0
TRAJ22,0.0
TRAJ23,0.0
TRAJ24,0.0
TRAJ25,0.0
TRAJ26,0.0
TRAJ27,0.0
TRAJ28,0.0
TRAJ29,0.0
TRAJ30,0.0
TRAJ31,0.0
TRAJ8,0.0
TRAJ9,0.0
TRAJ10,0.0
TRAJ11,0.0
TRAJ12,0.0
LINC02842,0.0
AC091173.1,0.0
AC023866.1,0.0
AC113143.1,0.0
AC068389.2,0.0
AC068389.3,0.0
TRAJ13,0.0
TRAJ14,0.0
AC087664.2,0.0
AC087664.1,0.0
CYP7A1,0.0
AC092819.2,0.0
AC092819.1,0.0
AC027698.1,0.0
AC104350.1,0.0
AC243965.1,0.0
TRAJ1,0.0
TRAJ2,0.0
TRAJ3,0.0
TRAJ4,0.0
TRAJ5,0.0
TRAJ6,0.0
TRAJ7,0.0
AC022679.2,0.0
LINC01602,0.0
AC104051.1,0.0
AC090796.1,0.0
AC068075.1,0.0
AC009597.1,0.0
AC013644.1,0.0
LINC00968,0.0
AC021393.1,0.0
IL25,0.0
AL049829.2,0.0
AC100821.2,0.0
AC022034.4,0.0
BCL2L2-PABPN1,0.0
RNF212B,0.0
PSMB11,0.0
CERNA3,0.0
AC090200.1,0.0
AC090155.2,0.0
AC044893.2,0.0
AC013701.2,0.0
AC022915.3,0.0
AC009646.2,0.0
NPBWR1,0.0
AC103831.1,0.0
AC021915.1,0.0
AC021915.2,0.0
AC064807.3,0.0
AC064807.2,0.0
AL132855.1,0.0
AC022915.1,0.0
LINC02847,0.0
LINC02599,0.0
AC026904.2,0.0
AC021236.1,0.0
IGLV8OR8-1,0.0
AC120036.5,0.0
LINC00596,0.0
AL160237.1,0.0
AC012413.1,0.0
AC090539.1,0.0
AC113145.1,0.0
AC090155.1,0.0
DKK4,0.0
AC103724.3,0.0
AC103724.4,0.0
AC091163.2,0.0
AC091163.1,0.0
LINC00293,0.0
AC021451.3,0.0
AC021451.2,0.0
TSSK4,0.0
AL161663.1,0.0
AL161663.2,0.0
AL136018.1,0.0
CTSG,0.0
AC009630.3,0.0
AC016868.1,0.0
AC104393.1,0.0
AC048387.1,0.0
AC022733.2,0.0
MIR4307HG,0.0
AL132718.1,0.0
LINC02294,0.0
AL110292.1,0.0
AC022733.1,0.0
AC087518.1,0.0
AC007991.4,0.0
AC007991.2,0.0
AC007991.3,0.0
ADAM2,0.0
ADAM18,0.0
AL132633.1,0.0
LINC02286,0.0
AC084024.1,0.0
GOT1L1,0.0
AC067817.2,0.0
AC087623.1,0.0
AC087362.1,0.0
AC087362.2,0.0
LINC02326,0.0
LINC02281,0.0
LINC02300,0.0
AL139023.1,0.0
AC124067.4,0.0
AC124067.3,0.0
AC124067.1,0.0
AC091182.2,0.0
AC092818.1,0.0
KCNU1,0.0
AL121852.1,0.0
AL133372.2,0.0
AL133372.3,0.0
AC084024.4,0.0
AC105230.1,0.0
AC099685.1,0.0
LINC01288,0.0
AC087855.1,0.0
AC090993.1,0.0
AF279873.4,0.0
AL352984.1,0.0
AL355112.1,0.0
AL163973.2,0.0
AL163973.3,0.0
GPR33,0.0
AC083977.1,0.0
AC068931.1,0.0
AC090816.1,0.0
AC068672.1,0.0
AC068672.3,0.0
AC068672.2,0.0
AC009563.1,0.0
AL445363.2,0.0
EGLN3-AS1,0.0
AL161851.2,0.0
AL161851.1,0.0
AL136298.1,0.0
AC090809.1,0.0
PTCSC3,0.0
AC102945.1,0.0
AC026979.1,0.0
MBOAT4,0.0
AL133304.2,0.0
AL133304.1,0.0
AL133163.2,0.0
LINC02209,0.0
AC131254.3,0.0
AC131254.1,0.0
LINC00589,0.0
AC084026.1,0.0
AC084026.2,0.0
AC108449.1,0.0
AC108449.3,0.0
AL079304.1,0.0
AL162464.1,0.0
AL162464.2,0.0
AL079303.1,0.0
AL049828.2,0.0
AL132639.3,0.0
INTS9-AS1,0.0
AC025871.1,0.0
AC021678.2,0.0
AL355835.1,0.0
AL392023.1,0.0
FOXA1,0.0
AL121790.2,0.0
AL356022.1,0.0
FSCB,0.0
LINC02277,0.0
AL161752.1,0.0
LINC02307,0.0
AC069113.2,0.0
AC090150.1,0.0
AC090150.2,0.0
AL583809.1,0.0
AL450442.1,0.0
AL442163.1,0.0
AL445074.1,0.0
AL139354.1,0.0
AL162632.1,0.0
AL162632.3,0.0
AC011726.3,0.0
AC090103.1,0.0
AC009623.3,0.0
AC009623.2,0.0
AL121809.1,0.0
AL121809.2,0.0
AL049870.3,0.0
TNFRSF10A-AS1,0.0
AC107373.3,0.0
AC107373.1,0.0
AC024958.1,0.0
ADAM7,0.0
ADAMDEC1,0.0
AC012574.2,0.0
AL110505.1,0.0
AL358335.2,0.0
AL512358.2,0.0
AL512358.1,0.0
RPL10L,0.0
LINC02303,0.0
AC105206.1,0.0
AC107959.3,0.0
AC107959.2,0.0
AC105046.2,0.0
AL591767.1,0.0
AC012574.1,0.0
NKX2-6,0.0
AC104561.3,0.0
AC104561.1,0.0
AL591770.1,0.0
AL358334.3,0.0
AC021355.1,0.0
AC021613.3,0.0
AL358334.1,0.0
AL133485.2,0.0
AL118556.1,0.0
AC037459.3,0.0
AC037459.4,0.0
AC105206.2,0.0
AL358333.2,0.0
AC015468.2,0.0
AC015468.1,0.0
AC015468.3,0.0
AC023403.1,0.0
LZTS1-AS1,0.0
AC100802.1,0.0
AC090541.1,0.0
AL079307.2,0.0
LINC02310,0.0
AL358332.1,0.0
AL139317.1,0.0
AC068880.2,0.0
AC068880.3,0.0
AC009884.1,0.0
PTGDR,0.0
LINC02319,0.0
AL358333.1,0.0
AC018437.2,0.0
AC018437.3,0.0
AC084838.1,0.0
AC022690.2,0.0
AC124069.1,0.0
LINC02331,0.0
AL163953.1,0.0
LINC00681,0.0
AC123777.1,0.0
DEFB130A,0.0
USP17L2,0.0
USP17L7,0.0
ZNF705D,0.0
DEFB130B,0.0
AL158801.3,0.0
AL133444.1,0.0
AL359792.1,0.0
AC011586.1,0.0
AC011586.2,0.0
AL355834.1,0.0
AL391152.1,0.0
AL137100.3,0.0
AL161757.4,0.0
OTX2-AS1,0.0
OTX2,0.0
AL161757.3,0.0
AL161757.5,0.0
AL161757.2,0.0
AL355103.1,0.0
AL355073.1,0.0
LINC00520,0.0
AL355773.1,0.0
TBPL2,0.0
LINC00529,0.0
GATA4,0.0
AC022239.2,0.0
LINC00208,0.0
BLK,0.0
AL161804.1,0.0
AC105001.1,0.0
C8orf74,0.0
PRSS51,0.0
AC104964.2,0.0
AC079200.1,0.0
AC023385.1,0.0
AL139021.1,0.0
AL139021.2,0.0
AL132989.2,0.0
AC021736.1,0.0
AC022784.3,0.0
AC022784.2,0.0
AC022784.6,0.0
AC022784.5,0.0
AC087269.1,0.0
SALRNA1,0.0
AL049874.3,0.0
SIX6,0.0
LINC02322,0.0
AL157911.1,0.0
AC114550.1,0.0
AC114550.3,0.0
AC114550.2,0.0
AC103957.2,0.0
AC068020.1,0.0
USP17L3,0.0
USP17L8,0.0
ZNF705B,0.0
DEFB4A,0.0
DEFB103A,0.0
SPAG11A,0.0
AL390816.2,0.0
AL390816.1,0.0
AC084121.6,0.0
AC084121.11,0.0
AC084121.9,0.0
AC134684.9,0.0
AC134684.8,0.0
AC134684.11,0.0
AL049869.2,0.0
AL049869.3,0.0
AL136038.2,0.0
GPHB5,0.0
AL049871.1,0.0
AL137191.1,0.0
AC087269.3,0.0
LINC02290,0.0
AL355076.2,0.0
AL139022.1,0.0
DEFB104A,0.0
DEFB106A,0.0
DEFB105A,0.0
DEFB107A,0.0
PRR23D2,0.0
AC084121.13,0.0
AC084121.5,0.0
AC084121.7,0.0
AC084121.8,0.0
AC084121.12,0.0
DEFB107B,0.0
DEFB105B,0.0
DEFB106B,0.0
DEFB104B,0.0
SPAG11B,0.0
DEFB103B,0.0
DEFB4B,0.0
USP17L4,0.0
USP17L1,0.0
DEFA5,0.0
DEFA3,0.0
DEFA1B,0.0
DEFA1,0.0
AL049835.1,0.0
AL121820.1,0.0
DEFA4,0.0
AF233439.2,0.0
DEFA6,0.0
XKR5,0.0
AF233439.3,0.0
AC018398.1,0.0
AC009435.1,0.0
AC079054.1,0.0
AL133370.1,0.0
PRR23D1,0.0
SLC10A1,0.0
AC087369.2,0.0
AC084768.1,0.0
AC004944.1,0.0
AC026991.2,0.0
AC026991.1,0.0
AC115485.1,0.0
AC245187.1,0.0
AC245519.2,0.0
AF067845.1,0.0
AF067845.2,0.0
AC110288.1,0.0
AC026950.2,0.0
AC100797.1,0.0
AC136777.1,0.0
AC245164.2,0.0
DLGAP2-AS1,0.0
AL357153.2,0.0
AL356804.1,0.0
AC004908.1,0.0
OR4F21,0.0
AC144568.2,0.0
AC007269.1,0.0
AC004863.1,0.0
LINC01022,0.0
AC078942.1,0.0
AC011899.1,0.0
AC011899.4,0.0
AC004825.3,0.0
LINC01269,0.0
AC006372.2,0.0
AC006372.1,0.0
AC006372.3,0.0
AC004975.2,0.0
AC006967.3,0.0
AC006967.2,0.0
MNX1-AS1,0.0
MNX1,0.0
AL392024.1,0.0
AC004828.1,0.0
AC004900.1,0.0
AC004974.1,0.0
LINC02274,0.0
AC006357.1,0.0
LINC00244,0.0
AC009403.3,0.0
AC008060.2,0.0
CNPY1,0.0
EN2,0.0
AC006146.1,0.0
AC005225.3,0.0
AC005225.1,0.0
AC011899.3,0.0
AC011899.2,0.0
AC006003.1,0.0
AC006019.1,0.0
AC006019.3,0.0
AC008060.3,0.0
BLACE,0.0
AC099552.2,0.0
AC099552.5,0.0
AC099552.3,0.0
AC099552.1,0.0
AC093726.1,0.0
AC006017.1,0.0
AC074257.1,0.0
AC005996.1,0.0
AC005486.1,0.0
AC013451.2,0.0
AC013451.1,0.0
AC005479.2,0.0
AC073336.1,0.0
AC024730.1,0.0
AC006019.2,0.0
AC005586.1,0.0
AC092666.1,0.0
AC092681.2,0.0
AOC1,0.0
AF111167.1,0.0
AL691403.1,0.0
AL691403.2,0.0
AL049780.2,0.0
AL049780.1,0.0
IQCA1L,0.0
ASB10,0.0
GBX1,0.0
AF111169.2,0.0
LRRC74A,0.0
AF111169.4,0.0
AF111169.1,0.0
AC007376.2,0.0
AC016526.1,0.0
AC016526.2,0.0
AC016526.4,0.0
AF107885.2,0.0
AC007182.1,0.0
ISM2,0.0
AC007686.5,0.0
AC073140.2,0.0
C7orf33,0.0
AC005229.5,0.0
AC006974.1,0.0
AC006007.1,0.0
NOBOX,0.0
OR2A1,0.0
AC007686.2,0.0
LINC01629,0.0
OR2F2,0.0
AF123462.1,0.0
AC008056.1,0.0
AC008056.2,0.0
AC022469.2,0.0
AC026888.1,0.0
AC009396.1,0.0
AC009396.3,0.0
AC009396.2,0.0
AF099810.1,0.0
CTAGE15,0.0
TAS2R41,0.0
TAS2R60,0.0
EPHA1,0.0
CLCN1,0.0
OR2A1-AS1,0.0
CTAGE8,0.0
OR2A7,0.0
OR2A42,0.0
CTAGE4,0.0
OR2A14,0.0
OR2A2,0.0
OR2A12,0.0
LINC00911,0.0
LINC02329,0.0
AL049775.2,0.0
AL357172.1,0.0
AL356807.1,0.0
LINC02305,0.0
AL359238.1,0.0
AL355095.1,0.0
AL355838.1,0.0
LINC02311,0.0
LINC01467,0.0
DIO2-AS1,0.0
CTAGE6,0.0
AL133279.2,0.0
AL157955.1,0.0
AL136501.1,0.0
LINC02330,0.0
AL157688.1,0.0
AL352955.1,0.0
AL358292.1,0.0
LINC01148,0.0
LINC02309,0.0
AL161753.1,0.0
LINC02316,0.0
AL138478.1,0.0
TAS2R40,0.0
AC073342.2,0.0
TAS2R39,0.0
PIP,0.0
OR6V1,0.0
OR9A2,0.0
LLCFC1,0.0
AC245427.1,0.0
TRBV30,0.0
AL133279.1,0.0
AL133279.3,0.0
TRBJ2-5,0.0
TRBJ2-4,0.0
TRBJ2-3,0.0
TRBJ2-2P,0.0
TRBJ2-2,0.0
TRBJ2-1,0.0
TRBJ1-6,0.0
TRBJ1-5,0.0
TRBJ1-4,0.0
TRBJ1-3,0.0
TRBJ1-2,0.0
TRBJ1-1,0.0
TRBD1,0.0
AL356805.1,0.0
AL139193.2,0.0
AL139193.1,0.0
AL096869.1,0.0
AL096869.3,0.0
AL512791.1,0.0
AL161662.1,0.0
FOXN3-AS2,0.0
TRBJ2-7,0.0
TRBJ2-6,0.0
AL133240.1,0.0
PRSS2,0.0
PRSS1,0.0
TRBV29-1,0.0
TRBV28,0.0
TRBV27,0.0
TRBVB,0.0
TRBV26,0.0
TRBVA,0.0
TRBV25-1,0.0
TRBV24-1,0.0
TRBV23-1,0.0
TRBV22-1,0.0
TRBV21-1,0.0
TRBV20-1,0.0
TRBV16,0.0
TRBV15,0.0
TRBV14,0.0
TRBV12-5,0.0
TRBV12-4,0.0
TRBV12-3,0.0
TRBV11-3,0.0
TRBV10-3,0.0
TRBV13,0.0
TRBV7-9,0.0
TRBV5-7,0.0
TRBV7-7,0.0
TRBV6-8,0.0
LINC02833,0.0
AL133240.2,0.0
SERPINA4,0.0
AL132990.1,0.0
SERPINA12,0.0
SERPINA9,0.0
AL132708.1,0.0
SERPINA6,0.0
SERPINA10,0.0
CCDC197,0.0
AL132642.1,0.0
TRBV19,0.0
TRBV18,0.0
TRBV17,0.0
TRBV11-2,0.0
TRBV10-2,0.0
TRBV12-1,0.0
TRBV11-1,0.0
TRBV10-1,0.0
TRBV9,0.0
LINC02292,0.0
AL356017.1,0.0
AL390254.1,0.0
LINC02279,0.0
AL121612.1,0.0
AL121612.2,0.0
GSC,0.0
TCL1A,0.0
TCL1B,0.0
TCL6,0.0
AL133467.4,0.0
AL133467.2,0.0
LINC02318,0.0
TRBV5-6,0.0
TRBV7-6,0.0
TRBV6-7,0.0
TRBV5-5,0.0
TRBV7-5,0.0
TRBV6-6,0.0
TRBV5-4,0.0
TRBV7-4,0.0
TRBV6-5,0.0
TRBV12-2,0.0
LINC02304,0.0
AL049833.1,0.0
AL049833.2,0.0
AL049833.4,0.0
AL355102.3,0.0
AL355102.4,0.0
AL355102.5,0.0
AL133167.1,0.0
TRBV3-1,0.0
TRBV2,0.0
TRBV1,0.0
AL109767.1,0.0
AL162151.1,0.0
AL162151.3,0.0
AL132796.2,0.0
AL132796.1,0.0
C14orf177,0.0
AL132719.1,0.0
LINC02295,0.0
AL163932.1,0.0
AL355097.1,0.0
LINC02312,0.0
AL163872.1,0.0
LINC02291,0.0
AL160313.2,0.0
AL110504.1,0.0
AL132819.1,0.0
TRBV5-3,0.0
TRBV8-2,0.0
TRBV7-3,0.0
TRBV6-4,0.0
TRBV5-2,0.0
TRBV8-1,0.0
TRBV7-2,0.0
TRBV6-2,0.0
TRBV4-2,0.0
TRBV7-1,0.0
TRBV6-1,0.0
TRBV5-1,0.0
TRBV4-1,0.0
AL157871.6,0.0
AL157871.5,0.0
AC245088.2,0.0
PRSS58,0.0
MGAM2,0.0
TAS2R38,0.0
OR9A4,0.0
AL157912.1,0.0
AL133368.2,0.0
MIR381HG,0.0
RTL1,0.0
AC005692.2,0.0
AC005692.1,0.0
DLK1,0.0
AL132711.1,0.0
LINC00523,0.0
AL163974.1,0.0
AL845552.2,0.0
AL135838.1,0.0
AL157871.2,0.0
AL157871.4,0.0
SLC25A47,0.0
CREB3L2-AS1,0.0
AC078842.2,0.0
AC078845.1,0.0
RAB19,0.0
KLRG2,0.0
LINC02314,0.0
LINC00524,0.0
AL355096.1,0.0
AL359682.1,0.0
AL355836.3,0.0
AL355836.4,0.0
AC024084.1,0.0
LUZP6,0.0
AC009542.1,0.0
AL137779.1,0.0
AL049836.1,0.0
AL049836.2,0.0
TMEM213,0.0
AC009276.1,0.0
AKR1B15,0.0
AC008154.1,0.0
AC008154.2,0.0
AC009365.4,0.0
LINC00605,0.0
LINC00677,0.0
AL161669.1,0.0
AL117209.1,0.0
AL132801.1,0.0
KLF14,0.0
AC234644.2,0.0
CPA1,0.0
AC009365.1,0.0
AC011625.1,0.0
AC018643.1,0.0
AC009518.1,0.0
AL049840.2,0.0
AL139300.2,0.0
SSMEM1,0.0
AC087071.2,0.0
AC084864.1,0.0
AC084864.2,0.0
AC009244.2,0.0
AL512357.2,0.0
LINC02691,0.0
AL359399.1,0.0
RD3L,0.0
AL132712.2,0.0
AL132712.1,0.0
AC016831.6,0.0
AL583810.3,0.0
LEP,0.0
AC073934.1,0.0
PAX4,0.0
AC011005.4,0.0
AC011005.1,0.0
FLNC-AS1,0.0
OPN1SW,0.0
AL583722.4,0.0
AL583722.3,0.0
C14orf180,0.0
COPDA1,0.0
IGHG2,0.0
IGHE,0.0
IGHA2,0.0
AC000124.1,0.0
AC000123.1,0.0
AC000099.1,0.0
AC002057.1,0.0
AC002057.2,0.0
AC000372.1,0.0
AC003975.1,0.0
AC019155.2,0.0
LINC02830,0.0
AL512356.5,0.0
IGHD7-27,0.0
IGHJ1,0.0
IGHJ2,0.0
IGHJ2P,0.0
IGHJ3,0.0
IGHJ4,0.0
IGHJ5,0.0
IGHJ3P,0.0
IGHJ6,0.0
IGHM,0.0
IGHD,0.0
IGHG3,0.0
IGHG1,0.0
IGHEP1,0.0
IGHA1,0.0
IGHGP,0.0
IGHD6-13,0.0
IGHD1-14,0.0
IGHD2-15,0.0
IGHD3-16,0.0
IGHD4-17,0.0
IGHD5-18,0.0
IGHD6-19,0.0
IGHD1-20,0.0
AC246787.2,0.0
IGHD2-21,0.0
IGHD3-22,0.0
IGHD4-23,0.0
IGHD5-24,0.0
IGHD6-25,0.0
IGHD1-26,0.0
IGHJ1P,0.0
IGHV1-2,0.0
IGHVII-1-1,0.0
IGHV6-1,0.0
IGHD1-1,0.0
FAM30A,0.0
IGHD2-2,0.0
IGHD3-3,0.0
IGHD4-4,0.0
IGHD5-5,0.0
IGHD6-6,0.0
IGHD1-7,0.0
IGHD2-8,0.0
IGHD3-9,0.0
IGHD3-10,0.0
IGHD4-11,0.0
IGHD5-12,0.0
IGHVIII-13-1,0.0
IGHV3-13,0.0
IGHV1-12,0.0
IGHVIII-11-1,0.0
IGHV3-11,0.0
IGHV5-10-1,0.0
IGHV3-64D,0.0
IGHV3-7,0.0
IGHV3-6,0.0
IGHVIII-5-2,0.0
IGHVIII-5-1,0.0
IGHV2-5,0.0
IGHV7-4-1,0.0
IGHV4-4,0.0
IGHV1-3,0.0
IGHVIII-2-1,0.0
IGHV1-24,0.0
IGHV3-23,0.0
IGHVIII-22-2,0.0
IGHVII-22-1,0.0
IGHV3-22,0.0
IGHV3-21,0.0
IGHV3-20,0.0
AC247036.1,0.0
IGHV3-19,0.0
IGHV1-18,0.0
IGHV1-17,0.0
IGHVIII-16-1,0.0
IGHV3-16,0.0
IGHVII-15-1,0.0
IGHV3-15,0.0
IGHV1-14,0.0
IGHV3-29,0.0
IGHVII-30-21,0.0
IGHV4-31,0.0
IGHV3-30-2,0.0
IGHVII-30-1,0.0
IGHV3-30,0.0
IGHV3-32,0.0
IGHVII-28-1,0.0
IGHV4-28,0.0
IGHV7-27,0.0
IGHVII-26-2,0.0
IGHVIII-26-1,0.0
IGHV2-26,0.0
IGHVIII-25-1,0.0
IGHV3-25,0.0
LINC00226,0.0
IGHV3-43,0.0
IGHV3-42,0.0
IGHV3-41,0.0
IGHVII-40-1,0.0
IGHV7-40,0.0
IGHV4-39,0.0
IGHVIII-38-1,0.0
IGHV3-38,0.0
IGHV3-37,0.0
IGHV3-36,0.0
IGHV3-35,0.0
IGHV7-34-1,0.0
IGHV4-34,0.0
IGHV3-33-2,0.0
IGHVII-33-1,0.0
IGHV3-33,0.0
IGHV5-51,0.0
IGHV3-50,0.0
IGHVII-49-1,0.0
IGHV3-49,0.0
IGHV3-48,0.0
IGHVIII-47-1,0.0
IGHV3-47,0.0
IGHVII-46-1,0.0
IGHV1-46,0.0
IGHV1-45,0.0
IGHVII-44-2,0.0
IGHVIV-44-1,0.0
LINC00221,0.0
AC244452.3,0.0
IGHVIII-44,0.0
IGHVII-43-1,0.0
IGHVII-62-1,0.0
IGHV3-62,0.0
IGHV4-61,0.0
IGHVII-60-1,0.0
IGHV3-60,0.0
IGHV4-59,0.0
IGHV1-58,0.0
IGHV3-57,0.0
IGHV7-56,0.0
IGHV4-55,0.0
IGHV3-54,0.0
IGHVII-53-1,0.0
IGHV3-53,0.0
IGHV3-52,0.0
IGHVII-51-2,0.0
IGHVIII-51-1,0.0
IGHV1-69D,0.0
IGHV1-69-2,0.0
IGHV3-69-1,0.0
IGHV2-70D,0.0
IGHV1-69,0.0
IGHV1-68,0.0
IGHVIII-67-4,0.0
IGHVIII-67-3,0.0
IGHVIII-67-2,0.0
IGHVII-67-1,0.0
IGHV1-67,0.0
IGHV3-66,0.0
IGHVII-65-1,0.0
IGHV3-65,0.0
IGHV3-64,0.0
IGHV3-63,0.0
IGHV1OR15-9,0.0
IGHVIII-82,0.0
IGHV7-81,0.0
IGHV4-80,0.0
IGHV3-79,0.0
IGHVII-78-1,0.0
IGHV5-78,0.0
IGHVIII-76-1,0.0
IGHV3-76,0.0
IGHV3-75,0.0
IGHVII-74-1,0.0
IGHV3-74,0.0
IGHV3-73,0.0
IGHV3-72,0.0
IGHV3-71,0.0
IGHV2-70,0.0
POTEB2,0.0
AC012414.4,0.0
IGHV1OR15-6,0.0
GOLGA6L6,0.0
AC026495.1,0.0
AC026495.2,0.0
IGHD1OR15-1A,0.0
IGHD2OR15-2A,0.0
IGHD3OR15-3A,0.0
IGHD4OR15-4A,0.0
IGHD5OR15-5A,0.0
IGHV3OR15-7,0.0
IGHV1OR15-2,0.0
AC135068.8,0.0
AC135068.7,0.0
AC135068.3,0.0
LINC02203,0.0
AC183088.3,0.0
POTEB3,0.0
AC060814.4,0.0
AC126335.1,0.0
IGHD1OR15-1B,0.0
IGHD2OR15-2B,0.0
IGHD3OR15-3B,0.0
IGHD4OR15-4B,0.0
IGHD5OR15-5B,0.0
AC134980.2,0.0
POTEB,0.0
AC134981.1,0.0
C7orf77,0.0
SSU72P8,0.0
AC004930.1,0.0
AC006148.2,0.0
SPAM1,0.0
HYAL4,0.0
LMOD2,0.0
AC006333.1,0.0
ASB15,0.0
AC135068.2,0.0
AC135068.9,0.0
AC087463.1,0.0
AC087490.1,0.0
AC126407.1,0.0
GOLGA6L2,0.0
AC100756.4,0.0
IGHV1OR15-4,0.0
IGHV4OR15-8,0.0
IGHV1OR15-3,0.0
IGHV1OR15-1,0.0
AC010760.1,0.0
OR4N4,0.0
AC124312.5,0.0
AC124312.3,0.0
SLC13A1,0.0
AC073311.1,0.0
TAS2R16,0.0
RNF148,0.0
FEZF1,0.0
AC087463.3,0.0
AC087463.2,0.0
AC009878.2,0.0
AC012060.1,0.0
AC006364.1,0.0
AC004888.1,0.0
AC004946.2,0.0
AC004946.1,0.0
LINC02476,0.0
AC003084.1,0.0
AC000061.1,0.0
AC100836.1,0.0
AC016266.1,0.0
AC127522.1,0.0
GOLGA6L7,0.0
GOLGA8M-1,0.0
GOLGA8G,0.0
GOLGA8F,0.0
AC090696.1,0.0
AC021979.2,0.0
AC021979.1,0.0
AC104002.1,0.0
GABRG3-AS1,0.0
AC120045.1,0.0
GOLGA8T,0.0
GOLGA8J,0.0
AC111152.2,0.0
CFTR-AS1,0.0
AC002465.2,0.0
AC002465.1,0.0
AC002542.6,0.0
AC106873.1,0.0
AC006159.2,0.0
ARHGAP11B,0.0
AC006159.1,0.0
AC073130.1,0.0
AC002066.1,0.0
AC073130.2,0.0
AC093714.2,0.0
AC093714.1,0.0
LINC01393,0.0
AC003992.1,0.0
AC073626.1,0.0
GOLGA8Q,0.0
AC002386.1,0.0
AC004014.1,0.0
C7orf66,0.0
PPP1R3A,0.0
AC073348.2,0.0
AC073346.1,0.0
AC018464.1,0.0
AC002463.1,0.0
AC004112.1,0.0
DOCK4-AS1,0.0
AC139426.2,0.0
AC012236.1,0.0
AC009562.1,0.0
LINC02577,0.0
AC005050.2,0.0
AC005050.1,0.0
AC005050.3,0.0
AC004917.1,0.0
SLC26A3,0.0
AC006387.1,0.0
AC123768.1,0.0
AC073326.1,0.0
AC073326.2,0.0
AC073114.1,0.0
AC114546.1,0.0
AC100834.2,0.0
LINC02252,0.0
AC073127.1,0.0
NFE4,0.0
SPDYE2B,0.0
LHFPL3-AS2,0.0
SLC26A5,0.0
NUTM1,0.0
AC079203.2,0.0
AC009268.3,0.0
MUC17,0.0
SPDYE2,0.0
AC073517.1,0.0
SPDYE6,0.0
AC005086.2,0.0
AC005096.1,0.0
AC087516.1,0.0
AC021351.1,0.0
AC021231.1,0.0
NANOGP8,0.0
AC114546.2,0.0
AC022929.1,0.0
AC116158.2,0.0
AC092849.1,0.0
MUC3A,0.0
ZAN,0.0
EPO,0.0
LINC02345,0.0
TMCO5A,0.0
AC018563.1,0.0
AC013640.1,0.0
LNCPRESS1,0.0
AC004522.4,0.0
OR2AE1,0.0
AC092849.2,0.0
AC005071.1,0.0
SPDYE3,0.0
PVRIG,0.0
AC073842.1,0.0
AC037198.2,0.0
AC037198.1,0.0
AC109630.1,0.0
C15orf54,0.0
AC113146.1,0.0
AC087878.1,0.0
AC022929.2,0.0
KPNA7,0.0
AC004893.3,0.0
BHLHA15,0.0
AC020658.3,0.0
BMF-AS1,0.0
AC021755.2,0.0
AC073842.2,0.0
ERVW-1,0.0
AC002074.2,0.0
AC002074.1,0.0
AC003092.2,0.0
AC003092.1,0.0
AC006378.1,0.0
AC013356.2,0.0
AC013356.3,0.0
AC013356.4,0.0
PLCB2-AS1,0.0
AC020661.2,0.0
AC079760.2,0.0
AC002458.1,0.0
PPP1R14D,0.0
AC091045.1,0.0
AC002076.1,0.0
GNGT1,0.0
AC074183.1,0.0
AC003984.1,0.0
AC079799.1,0.0
AC006145.1,0.0
AC005008.2,0.0
FAM237B,0.0
AC002064.1,0.0
AC002064.2,0.0
TEX47,0.0
AC087721.1,0.0
INO80-AS1,0.0
EHD4-AS1,0.0
AC039056.2,0.0
AC003988.1,0.0
AC073048.1,0.0
AC006355.2,0.0
MAGI2-AS2,0.0
MAGI2-AS1,0.0
AC004990.1,0.0
AC073657.1,0.0
LINC00972,0.0
AC005522.1,0.0
CCL24,0.0
CCL26,0.0
AC004921.2,0.0
AC098851.1,0.0
AC114737.1,0.0
AC007003.1,0.0
AC006972.1,0.0
PLA2G4F,0.0
AC039056.1,0.0
AC211486.6,0.0
AC211486.8,0.0
AC211486.7,0.0
AC211486.2,0.0
AC211486.5,0.0
TGM5,0.0
EPB42,0.0
AC090510.4,0.0
AC092100.1,0.0
AC069280.2,0.0
AC104688.1,0.0
AC093655.1,0.0
AC006013.1,0.0
AC092637.1,0.0
TRIM50,0.0
SPDYE17,0.0
SPDYE8P,0.0
AC009852.1,0.0
TGM7,0.0
AC099398.1,0.0
DUOXA2,0.0
AC091117.1,0.0
AC091117.2,0.0
TERB2,0.0
AC122108.1,0.0
AC122108.2,0.0
AC025430.1,0.0
AC025043.1,0.0
AC090519.2,0.0
SPDYE21P,0.0
AC068533.3,0.0
AC069280.1,0.0
AC090527.1,0.0
AC025580.2,0.0
AC051619.11,0.0
AC093582.1,0.0
AC114501.3,0.0
AC104073.4,0.0
AC016769.6,0.0
AC051619.4,0.0
AC091074.2,0.0
AC091074.3,0.0
AC068722.1,0.0
ZNF679,0.0
ZNF735,0.0
AC091685.1,0.0
AC115220.3,0.0
AC115220.1,0.0
AC092634.8,0.0
AC092634.4,0.0
AC073188.6,0.0
AC073188.5,0.0
AC068722.2,0.0
AC090527.3,0.0
AC012379.1,0.0
AC084757.2,0.0
AC084757.4,0.0
AC092078.1,0.0
AC092078.2,0.0
LINC01491,0.0
AC009558.2,0.0
AC009558.1,0.0
AC023905.1,0.0
AC084882.1,0.0
AC099681.3,0.0
AC073188.2,0.0
AC073188.4,0.0
AC073188.3,0.0
AC006455.4,0.0
AC006455.5,0.0
AC006455.1,0.0
AC069285.2,0.0
AC099654.16,0.0
AC099654.1,0.0
AC099654.15,0.0
AC095038.4,0.0
AC095038.5,0.0
AC012379.2,0.0
ELDR,0.0
EGFR-AS1,0.0
AC011228.1,0.0
AC092848.1,0.0
AC025040.1,0.0
AC013452.2,0.0
AC091073.1,0.0
AC092447.8,0.0
AC092447.4,0.0
AC006970.3,0.0
AC020892.2,0.0
AC020892.1,0.0
AC020891.1,0.0
AC020891.2,0.0
AC020891.3,0.0
CYP19A1,0.0
AC073964.1,0.0
MIR4713HG,0.0
AC012100.2,0.0
USP50,0.0
AC012170.2,0.0
AC022087.1,0.0
AC099681.1,0.0
MAPK6-DT,0.0
AC009468.1,0.0
AC009468.2,0.0
POM121L12,0.0
AC079763.1,0.0
AC006478.2,0.0
AC006478.1,0.0
AC005999.1,0.0
AC004830.2,0.0
AC004920.1,0.0
DDC-AS1,0.0
AC020743.3,0.0
AC020743.2,0.0
SPATA48,0.0
AC034148.1,0.0
ZPBP,0.0
AC091730.1,0.0
CDC14C,0.0
LINC02838,0.0
AC091770.1,0.0
AC023906.4,0.0
AC023906.2,0.0
AC023906.5,0.0
AC090970.1,0.0
LINC01447,0.0
AC004870.2,0.0
AC025272.1,0.0
WDR72,0.0
AC066614.1,0.0
LINC02490,0.0
AC025917.1,0.0
AC124014.1,0.0
AC023669.2,0.0
AC023669.1,0.0
AC073115.1,0.0
AC073115.2,0.0
CCDC201,0.0
AC073325.1,0.0
AC073968.2,0.0
AC012378.1,0.0
ABCA13,0.0
C7orf69,0.0
LINC00525,0.0
AC025271.2,0.0
SPDYE1,0.0
AC013436.1,0.0
NPC1L1,0.0
AC025271.3,0.0
LINC01413,0.0
AC004869.1,0.0
AC004869.2,0.0
LUARIS,0.0
AC004692.2,0.0
LINC01448,0.0
AC018904.1,0.0
AC018904.2,0.0
AC084781.1,0.0
LIPC-AS1,0.0
AC025431.1,0.0
AC012653.2,0.0
AC092079.2,0.0
AC092755.2,0.0
AC092755.1,0.0
LINC01449,0.0
LINC01450,0.0
AC005160.1,0.0
AC004988.1,0.0
AC004837.2,0.0
AC004837.3,0.0
AC011290.1,0.0
AC092757.2,0.0
AC104574.1,0.0
AC104574.2,0.0
AC012404.2,0.0
AC012404.1,0.0
AC022898.1,0.0
RORA-AS2,0.0
AC009560.4,0.0
AC009560.3,0.0
AC009560.1,0.0
RORA-AS1,0.0
AC037433.1,0.0
AC009654.1,0.0
FOXB1,0.0
AC087612.1,0.0
AC103740.2,0.0
AC100839.1,0.0
AC126323.5,0.0
AC126323.6,0.0
AC126323.3,0.0
AC126323.2,0.0
AC009554.2,0.0
AC009554.1,0.0
LINC02349,0.0
AC018618.1,0.0
AC015914.1,0.0
AC073167.1,0.0
AC007950.1,0.0
POU6F2-AS1,0.0
TRGV1,0.0
TRGV2,0.0
TRGV3,0.0
TRGV4,0.0
TRGV5,0.0
TRGV5P,0.0
TRGV6,0.0
TRGV7,0.0
TRGV8,0.0
AOAH-IT1,0.0
AC006960.2,0.0
AC007327.2,0.0
AC083864.3,0.0
TRGVA,0.0
TRGV10,0.0
TRGVB,0.0
TRGV11,0.0
TRGJP1,0.0
TRGJP,0.0
TRGJ1,0.0
TRGJP2,0.0
TRGJ2,0.0
AC083864.2,0.0
AC007652.1,0.0
AC007652.2,0.0
AC007652.3,0.0
AC009531.1,0.0
TBX20,0.0
AC100830.2,0.0
GPR141,0.0
ELMO1-AS1,0.0
AC007349.2,0.0
AC007349.3,0.0
AC007349.1,0.0
AC004691.1,0.0
NPSR1,0.0
AC007350.1,0.0
AC008080.3,0.0
AC008080.2,0.0
AC008080.1,0.0
KBTBD13,0.0
AC083864.1,0.0
AC083864.4,0.0
AC004593.1,0.0
AC005232.1,0.0
AC005154.3,0.0
AC005154.4,0.0
AC006027.1,0.0
AC007036.1,0.0
AC055855.2,0.0
AC005090.1,0.0
AC007130.1,0.0
AC004009.1,0.0
EVX1,0.0
EVX1-AS,0.0
AC004080.1,0.0
AC004080.17,0.0
AC012568.1,0.0
LINC02206,0.0
AC093334.1,0.0
LINC01169,0.0
AC007285.2,0.0
HOXA-AS3,0.0
HOXA4,0.0
HOXA-AS2,0.0
HOXA3,0.0
AC027237.4,0.0
AC026992.1,0.0
AC027088.3,0.0
AC100825.1,0.0
AC009292.2,0.0
AC004549.1,0.0
AC048383.1,0.0
AC026583.1,0.0
AC021818.1,0.0
AC100826.1,0.0
HOTTIP,0.0
HOXA13,0.0
AC004080.2,0.0
HOXA11-AS,0.0
HOXA11,0.0
HOXA10,0.0
HOXA9,0.0
AC004080.4,0.0
HOXA7,0.0
HOXA6,0.0
HOXA5,0.0
HOXA2,0.0
HOTAIRM1,0.0
HOXA1,0.0
LINC02860,0.0
AC004947.3,0.0
KIAA0087,0.0
AC010677.2,0.0
AC010719.1,0.0
AC009269.3,0.0
AC009269.2,0.0
SALRNA2,0.0
SALRNA3,0.0
LINC02204,0.0
LINC02205,0.0
AC018706.1,0.0
AC091705.1,0.0
AC003985.1,0.0
AC004129.3,0.0
AC003044.1,0.0
AC020779.2,0.0
AC022872.1,0.0
AC108861.1,0.0
AC064799.2,0.0
CT62,0.0
AC073072.1,0.0
AC080068.1,0.0
LINC01162,0.0
AC003087.1,0.0
AC006026.3,0.0
HIGD2B,0.0
GOLGA6B,0.0
AC100827.3,0.0
TMEM202,0.0
AC009690.2,0.0
AC099342.1,0.0
AC005083.1,0.0
MACC1-AS1,0.0
AC007001.1,0.0
AC004543.1,0.0
AC003986.1,0.0
AC003986.3,0.0
TBC1D21,0.0
AC018943.1,0.0
REC114,0.0
AC068397.2,0.0
AC068397.1,0.0
PRPS1L1,0.0
AC006482.1,0.0
AC019117.1,0.0
AGR2,0.0
AC073333.1,0.0
LINC02255,0.0
AC090826.2,0.0
AC090826.1,0.0
AC023300.2,0.0
AC023300.1,0.0
AC013486.1,0.0
ABCB5,0.0
CRPPA-AS1,0.0
AC006041.1,0.0
AC006041.2,0.0
AC005550.1,0.0
AC005550.2,0.0
AC012435.3,0.0
AC090826.3,0.0
AC003986.2,0.0
AC004994.1,0.0
AC010082.1,0.0
AC006458.1,0.0
AC006150.1,0.0
AC005019.2,0.0
AC011287.2,0.0
AC011891.2,0.0
AC005281.1,0.0
AC013470.2,0.0
AC004160.2,0.0
GOLGA6D,0.0
GOLGA6C,0.0
AC113208.5,0.0
AC113208.4,0.0
AC005014.4,0.0
LRRC72,0.0
AC079804.3,0.0
RSPH10B2,0.0
AC004415.1,0.0
AC004949.1,0.0
AC004879.1,0.0
AC004936.1,0.0
AC010991.1,0.0
AC060834.2,0.0
AC007128.2,0.0
AC006042.1,0.0
AC105020.4,0.0
RNF216-IT1,0.0
AC009412.1,0.0
AC004895.1,0.0
AC027243.2,0.0
AC027243.1,0.0
ISL2,0.0
AC027243.3,0.0
AC091100.1,0.0
AC019294.3,0.0
AC006042.2,0.0
AC006042.4,0.0
AC090607.3,0.0
AC090260.1,0.0
AC093620.1,0.0
AC017000.1,0.0
AC011284.1,0.0
AC104758.2,0.0
AC104758.5,0.0
AC104758.4,0.0
AC105133.1,0.0
AC090181.1,0.0
AC104129.1,0.0
ELFN1-AS1,0.0
AC074389.1,0.0
AC074389.3,0.0
AC074389.2,0.0
AC093734.1,0.0
AC073316.3,0.0
AC073316.2,0.0
AC024028.1,0.0
AC004906.1,0.0
GRIFIN,0.0
AC027228.2,0.0
AC027228.1,0.0
AC090607.5,0.0
AC090607.1,0.0
AC073094.1,0.0
UNCX,0.0
AC021483.1,0.0
AC027811.1,0.0
AC011944.1,0.0
AC147651.2,0.0
AC147651.3,0.0
AC226118.1,0.0
AC188616.1,0.0
AC187653.1,0.0
AC108451.2,0.0
AC016705.3,0.0
LINC00927,0.0
AC087761.1,0.0
AC093627.3,0.0
AC093627.2,0.0
AC093627.22,0.0
AC093627.6,0.0
AC093627.1,0.0
AC215522.3,0.0
AL731684.1,0.0
AL031259.1,0.0
AL109910.2,0.0
AL109910.1,0.0
AL596442.1,0.0
AL596442.3,0.0
AL596442.4,0.0
AL603783.1,0.0
AL049612.1,0.0
AC245033.2,0.0
AC026624.1,0.0
AC023034.1,0.0
AC060809.1,0.0
AL354892.1,0.0
BX322234.2,0.0
LINC02544,0.0
AC024270.2,0.0
AC024270.4,0.0
AC022558.2,0.0
LINC01624,0.0
AL606970.4,0.0
AL606970.5,0.0
AL611929.1,0.0
AC087286.2,0.0
AC087286.3,0.0
AC087468.2,0.0
SLC28A1,0.0
AC115102.1,0.0
AC048382.1,0.0
AC136698.1,0.0
BNC1,0.0
AC103876.1,0.0
AC021739.5,0.0
AC021739.4,0.0
AC087286.1,0.0
LINC01615,0.0
AL136129.1,0.0
AL109924.2,0.0
AL109924.1,0.0
AL109924.4,0.0
AL136099.1,0.0
AL138918.1,0.0
AL606970.1,0.0
AL606970.2,0.0
AL009178.2,0.0
AL356123.1,0.0
TCP10,0.0
UNC93A,0.0
LINC00052,0.0
AC020687.1,0.0
AC078905.1,0.0
AC016987.1,0.0
AC016987.2,0.0
AC012229.1,0.0
AGBL1-AS1,0.0
LINC01584,0.0
AL353747.3,0.0
AL353747.4,0.0
AL121935.3,0.0
GPR31,0.0
AL121935.2,0.0
AL121935.1,0.0
RPS6KA2-AS1,0.0
AC013565.1,0.0
AC103982.1,0.0
NTRK3-AS1,0.0
AC103871.1,0.0
FRMD1,0.0
AL137005.1,0.0
AL445307.1,0.0
AL031121.3,0.0
RPS6KA2-IT1,0.0
AL121956.1,0.0
TBXT,0.0
AL627443.1,0.0
AL590302.2,0.0
AC013391.1,0.0
TICRR,0.0
AC013391.2,0.0
LINC00928,0.0
AC103739.1,0.0
AC018946.1,0.0
AL137182.1,0.0
PACRG-AS2,0.0
AL590286.2,0.0
AL138716.1,0.0
AL132982.1,0.0
AC079075.1,0.0
AL133538.1,0.0
AL358972.1,0.0
Z97205.1,0.0
Z97205.2,0.0
AL136225.1,0.0
PLG,0.0
AL109933.1,0.0
AL591069.1,0.0
AL162582.1,0.0
AC021422.1,0.0
AC103739.3,0.0
AC103739.2,0.0
AC091544.2,0.0
C15orf32,0.0
AC090985.2,0.0
AC116903.1,0.0
AC116903.2,0.0
AL078604.4,0.0
LINC02529,0.0
AL357832.1,0.0
FNDC1-IT1,0.0
AL356417.2,0.0
AL356417.3,0.0
AC091078.2,0.0
AC112693.1,0.0
AL627422.2,0.0
EZR-AS1,0.0
AL360169.1,0.0
AL360169.3,0.0
AL139330.1,0.0
AL035634.1,0.0
AC106028.2,0.0
AC091544.7,0.0
AC091544.5,0.0
AC015574.1,0.0
AC027013.1,0.0
AC104260.3,0.0
AC087636.1,0.0
AC087633.1,0.0
AC107976.1,0.0
AC022308.1,0.0
AC009432.1,0.0
LINC02852,0.0
LINC01581,0.0
AC103996.2,0.0
AC103996.3,0.0
AC110023.1,0.0
AC087477.5,0.0
AC103746.1,0.0
LINC02157,0.0
AC012409.1,0.0
AL391863.1,0.0
AL391863.2,0.0
AL049820.1,0.0
AL355297.2,0.0
AL512658.1,0.0
NOX3,0.0
AC024337.1,0.0
AC012409.2,0.0
AC024651.1,0.0
AC024651.2,0.0
AC026523.4,0.0
AC026523.3,0.0
AL358134.1,0.0
LINC02253,0.0
SPATA8,0.0
SPATA8-AS1,0.0
AC087477.4,0.0
AC087477.3,0.0
AC069029.1,0.0
NANOGP11,0.0
AL049548.1,0.0
AL078582.1,0.0
AL078582.2,0.0
AL356311.1,0.0
AC015722.1,0.0
AC022523.3,0.0
LINC01582,0.0
AC022523.1,0.0
AC015660.5,0.0
AL138733.2,0.0
AL138733.1,0.0
AL133260.2,0.0
AL450344.2,0.0
AL450344.3,0.0
AL355497.2,0.0
RAET1L,0.0
ULBP1,0.0
AC015660.2,0.0
AC015712.4,0.0
AC087762.1,0.0
RAET1G,0.0
AL355312.4,0.0
AL078581.4,0.0
AL078581.3,0.0
AC027020.1,0.0
CERS3,0.0
CERS3-AS1,0.0
AC090164.4,0.0
AC090164.3,0.0
PCSK6-AS1,0.0
AL357992.1,0.0
UST-AS1,0.0
AL513164.1,0.0
AL359382.2,0.0
AL359382.1,0.0
AL445123.1,0.0
AL445123.2,0.0
AC019254.1,0.0
AC019254.2,0.0
AC090907.3,0.0
AL024474.2,0.0
ZC2HC1B,0.0
PHACTR2-AS1,0.0
AL365271.1,0.0
AL138916.2,0.0
AL138916.1,0.0
AL359547.1,0.0
FAM138E,0.0
OR4F4,0.0
OR4F15,0.0
OR4F6,0.0
AL050338.1,0.0
FILNC1,0.0
AL031772.1,0.0
AL023581.1,0.0
AL023584.2,0.0
AL023584.1,0.0
AL360007.1,0.0
GJE1,0.0
NMBR-AS1,0.0
AL023283.1,0.0
SMIM28,0.0
LINC02528,0.0
AL591468.1,0.0
AL591468.2,0.0
Z97986.1,0.0
NMBR,0.0
AL355596.2,0.0
AL035446.2,0.0
AL133319.1,0.0
AL035604.1,0.0
AL049552.2,0.0
AL049552.1,0.0
AL023693.1,0.0
MYB-AS1,0.0
LINC02539,0.0
AL356234.3,0.0
AL356234.2,0.0
OLIG3,0.0
IL22RA2,0.0
AL135902.2,0.0
AL024508.1,0.0
Z97653.1,0.0
AC120498.1,0.0
AC120498.3,0.0
AL031598.1,0.0
SSTR5,0.0
AC009041.3,0.0
SSTR5-AS1,0.0
AC009041.4,0.0
AL031716.1,0.0
AL023882.1,0.0
AL360178.2,0.0
AC120498.4,0.0
AC120498.2,0.0
AL445190.1,0.0
AL121970.1,0.0
AL596188.1,0.0
TPSAB1,0.0
TPSG1,0.0
AC120498.6,0.0
AL031600.2,0.0
AL031600.1,0.0
TCF21,0.0
LINC01312,0.0
AL024497.2,0.0
AL024497.1,0.0
AL032821.1,0.0
VNN3,0.0
VNN1,0.0
TAAR1,0.0
AL032819.3,0.0
AL031709.1,0.0
AL031714.1,0.0
AL513524.1,0.0
TAAR5,0.0
TAAR6,0.0
TAAR8,0.0
TAAR9,0.0
CTAGE9,0.0
OR2A4,0.0
AL031717.1,0.0
Z97652.1,0.0
AL133297.2,0.0
AL133297.1,0.0
PTX4,0.0
AL034349.1,0.0
AL590006.1,0.0
LINC02536,0.0
NCOA7-AS1,0.0
SMLR1,0.0
AL583803.1,0.0
AL355581.1,0.0
HS3ST6,0.0
LINC00254,0.0
AL031722.1,0.0
TAAR2,0.0
AC009065.5,0.0
AL512283.3,0.0
AL096854.1,0.0
AC005606.1,0.0
LINC02523,0.0
AL354936.1,0.0
AL133257.1,0.0
TRDN-AS1,0.0
GPRC6A,0.0
AL445224.1,0.0
Z84488.1,0.0
AL050331.2,0.0
Z99496.2,0.0
AL132671.1,0.0
VGLL2,0.0
Z98880.1,0.0
AC009065.3,0.0
AC009065.6,0.0
LINC02527,0.0
AC141586.2,0.0
AC141586.3,0.0
AC093525.3,0.0
AC093525.5,0.0
LINC02534,0.0
AL138830.1,0.0
AL138830.2,0.0
FO393415.1,0.0
FO393415.3,0.0
LINC02541,0.0
NTN3,0.0
AC106820.5,0.0
AC002464.1,0.0
AL512303.1,0.0
AL360227.1,0.0
AL513123.1,0.0
LINC02518,0.0
AL589684.1,0.0
AL357514.1,0.0
AL365214.2,0.0
Z99289.3,0.0
AL591518.1,0.0
LINC02836,0.0
AL133406.2,0.0
AL121957.1,0.0
AC004233.1,0.0
AC004034.1,0.0
AC003965.2,0.0
PRSS41,0.0
ARMC2-AS1,0.0
Z98742.1,0.0
Z98742.4,0.0
AL080316.1,0.0
AL357315.1,0.0
AL590608.1,0.0
AL357139.2,0.0
AP002528.1,0.0
Z86062.2,0.0
SIM1,0.0
MCHR2-AS1,0.0
PRDM13,0.0
ZSCAN10,0.0
AC108134.1,0.0
AL109920.1,0.0
AL356859.1,0.0
C16orf90,0.0
AL033379.1,0.0
AL157378.1,0.0
AL391336.1,0.0
AL356094.2,0.0
AL138731.1,0.0
LINC02531,0.0
AL359987.1,0.0
OR2C1,0.0
AC004232.1,0.0
OR1F1,0.0
AL139042.1,0.0
SPACA1,0.0
AL136096.1,0.0
AL133457.1,0.0
AL590814.1,0.0
CASC6,0.0
AL080284.1,0.0
AL121787.1,0.0
GJA10,0.0
AL096678.1,0.0
AL159174.1,0.0
AC005736.2,0.0
TBX18-AS1,0.0
LINC01611,0.0
AL034347.1,0.0
AL136972.1,0.0
AC012676.3,0.0
AC009171.2,0.0
GJB7,0.0
GABRR1,0.0
AL353135.1,0.0
AC026458.2,0.0
AL355613.1,0.0
AL360157.1,0.0
LINC01526,0.0
AL359693.1,0.0
AC020663.2,0.0
SMIM22,0.0
AC023830.1,0.0
AC018767.1,0.0
AC018767.3,0.0
LINC02152,0.0
AC018767.2,0.0
AC093515.1,0.0
AC005774.2,0.0
AL591135.2,0.0
LINC01621,0.0
LCAL1,0.0
LINC01570,0.0
LINC02164,0.0
AC087190.3,0.0
AC087190.2,0.0
AL450327.1,0.0
AL121718.1,0.0
AL445465.2,0.0
AC012173.1,0.0
TMEM114,0.0
OOEP-AS1,0.0
DPPA5,0.0
KCNQ5-AS1,0.0
AL035467.2,0.0
LINC01626,0.0
AL445465.1,0.0
AL356277.2,0.0
AL356277.3,0.0
AL357507.1,0.0
AL121972.1,0.0
LINC01195,0.0
LINC01177,0.0
AC087190.1,0.0
AL136164.1,0.0
AL365226.2,0.0
AC133065.1,0.0
AC007595.1,0.0
AC027277.2,0.0
AC027277.1,0.0
AC133565.1,0.0
AC007218.2,0.0
AL713998.4,0.0
AL713998.1,0.0
AL357375.1,0.0
SCAT8,0.0
EYS,0.0
AC009121.2,0.0
AC009121.3,0.0
AC009121.4,0.0
PRM1,0.0
PRM2,0.0
PRM3,0.0
TNP2,0.0
AC007220.2,0.0
AC010333.1,0.0
AC131391.1,0.0
AC007598.1,0.0
AC007598.2,0.0
AC007601.2,0.0
AC007601.1,0.0
AC099489.3,0.0
AL606923.2,0.0
LINC02549,0.0
AL593844.1,0.0
AC003009.1,0.0
AL031779.1,0.0
GFRAL,0.0
AL049555.1,0.0
PTP4A1,0.0
LGSN,0.0
AL512427.2,0.0
AL590227.1,0.0
FO680682.1,0.0
AC009134.1,0.0
AC109597.2,0.0
AC109597.1,0.0
AC010333.2,0.0
AC009167.1,0.0
FAM83B,0.0
AL512363.1,0.0
AL589946.1,0.0
MLIP-IT1,0.0
MLIP-AS1,0.0
AL033384.2,0.0
LINC01564,0.0
AL033397.1,0.0
LINC02130,0.0
AC130650.1,0.0
LINC02186,0.0
AC010401.2,0.0
AC138969.3,0.0
AC136624.2,0.0
AC136624.1,0.0
AC130651.1,0.0
AF001548.1,0.0
AC026401.1,0.0
GCM1,0.0
AL512347.1,0.0
GSTA3,0.0
GSTA5,0.0
GSTA2,0.0
AC136443.3,0.0
AC136443.4,0.0
DEFB110,0.0
DEFB113,0.0
AC126755.3,0.0
NPIPA8,0.0
AC091489.1,0.0
AC010601.1,0.0
AC025277.1,0.0
AC109495.1,0.0
AC009152.3,0.0
AC009152.1,0.0
AC109446.3,0.0
AC136431.2,0.0
NPIPA7,0.0
AC092287.1,0.0
AC138811.1,0.0
AC136618.1,0.0
IL17F,0.0
IL17A,0.0
LINCMD1,0.0
AL355997.1,0.0
TFAP2B,0.0
TFAP2D,0.0
AL135908.1,0.0
AL360175.1,0.0
AL138826.1,0.0
AC010494.1,0.0
DEFB114,0.0
DEFB133,0.0
CRISP1,0.0
AL359458.1,0.0
PGK2,0.0
CRISP3,0.0
AL121974.1,0.0
CRISP2,0.0
RHAG,0.0
GLYATL3,0.0
AL391538.1,0.0
ACSM2B,0.0
AC137056.1,0.0
AC106796.1,0.0
PDILT,0.0
UMOD,0.0
AC092132.1,0.0
GPR139,0.0
AC002550.1,0.0
AC130456.4,0.0
AC130456.2,0.0
LINC02858,0.0
RUNX2-AS1,0.0
AL133334.1,0.0
AL136140.1,0.0
AL356421.2,0.0
ADGRF1,0.0
AL096772.1,0.0
AL161618.1,0.0
AC141273.1,0.0
AL157371.1,0.0
LINC02537,0.0
AL157371.2,0.0
POLH-AS1,0.0
MYMX,0.0
ZP2,0.0
AF001550.1,0.0
AC008551.1,0.0
AC004381.1,0.0
AC092338.1,0.0
AC009034.1,0.0
AL096814.1,0.0
GUCA1A,0.0
AL513008.1,0.0
AC009019.2,0.0
AC009019.1,0.0
PTCRA,0.0
AL035587.3,0.0
AL359813.2,0.0
AL359813.1,0.0
AL133375.1,0.0
AC008870.3,0.0
AC008870.4,0.0
SCNN1B,0.0
AL160163.1,0.0
AL035588.1,0.0
LINC01276,0.0
AC099482.2,0.0
AC127459.1,0.0
AC009021.2,0.0
AL034345.2,0.0
AL391415.1,0.0
NCR2,0.0
TREM1,0.0
TREML4,0.0
TREML2,0.0
AL031778.1,0.0
APOBEC2,0.0
TSPO2,0.0
AL583854.1,0.0
LCMT1-AS2,0.0
BTBD9-AS1,0.0
AL121574.1,0.0
AL353597.1,0.0
LINC02520,0.0
AL353579.1,0.0
AC008731.1,0.0
AC012317.1,0.0
AL139275.2,0.0
PNPLA1,0.0
Z85996.3,0.0
Z85996.2,0.0
DINOL,0.0
PANDAR,0.0
LINC02129,0.0
AC092725.1,0.0
C16orf82,0.0
LINC02195,0.0
LINC02191,0.0
AC008741.1,0.0
SMIM40,0.0
AL138889.1,0.0
AL157823.2,0.0
AL033519.4,0.0
AC016597.2,0.0
AC002551.1,0.0
AC106739.1,0.0
Z84484.1,0.0
TSBP1,0.0
AL645941.3,0.0
AL645941.1,0.0
HLA-DQA2,0.0
NPIPB8,0.0
IL27,0.0
AC138894.2,0.0
MLN,0.0
AC109460.4,0.0
AL662884.5,0.0
C4A-AS1,0.0
NPIPB9,0.0
AL662789.1,0.0
HLA-DQB1-AS1,0.0
LY6G6C,0.0
LY6G6E,0.0
EHMT2-AS1,0.0
SLC44A4,0.0
NPIPB12,0.0
AC009093.6,0.0
LINC01149,0.0
LINC02571,0.0
AL662844.3,0.0
ZG16,0.0
MCCD1,0.0
TRIM40,0.0
TRIM31-AS1,0.0
HCG20,0.0
MDC1-AS1,0.0
PSORS1C2,0.0
CDSN,0.0
C6orf15,0.0
MUC22,0.0
MUC21,0.0
HCG21,0.0
MUCL3,0.0
LINC02570,0.0
AC116348.3,0.0
RNF39,0.0
HLA-G,0.0
AL645939.4,0.0
OR2H2,0.0
UBD,0.0
LINC02569,0.0
TRIM15,0.0
TRIM10,0.0
OR2H1,0.0
OR10C1,0.0
OR11A1,0.0
OR12D2,0.0
OR12D3,0.0
OR5V1,0.0
OR2J2,0.0
AL645937.4,0.0
AL645937.2,0.0
OR2J3,0.0
OR2J1,0.0
AC002310.2,0.0
AC116348.2,0.0
OR2W1,0.0
AL662791.2,0.0
AL662791.1,0.0
HCG14,0.0
LINC00533,0.0
GPX5,0.0
AC135048.2,0.0
LINC01015,0.0
LINC02829,0.0
MAS1L,0.0
HIST1H2BO,0.0
HIST1H2AM,0.0
HIST1H3J,0.0
HIST1H4L,0.0
HIST1H3I,0.0
HIST1H1B,0.0
HIST1H2AL,0.0
HIST1H2AK,0.0
HIST1H4K,0.0
AC135050.5,0.0
AC135050.4,0.0
GPX6,0.0
OR2B3,0.0
HIST1H2AI,0.0
HIST1H2BL,0.0
AL009179.3,0.0
AL021918.3,0.0
POM121L2,0.0
HIST1H2AH,0.0
AC093520.1,0.0
ITGAD,0.0
AC009088.2,0.0
AC009088.3,0.0
OR2B6,0.0
OR2B2,0.0
AC133485.2,0.0
AC133485.3,0.0
AC133485.5,0.0
IGHV3OR16-9,0.0
IGHV1OR16-3,0.0
IGHV1OR16-1,0.0
AC074050.3,0.0
AC074050.2,0.0
AC106730.1,0.0
LINC02190,0.0
HIST1H2AJ,0.0
IGHV3OR16-8,0.0
IGHV1OR16-4,0.0
AC142086.4,0.0
IGHV3OR16-10,0.0
IGHV1OR16-2,0.0
IGHV3OR16-6,0.0
IGHV3OR16-15,0.0
AC142086.1,0.0
IGHV2OR16-5,0.0
AC137761.1,0.0
AC138907.2,0.0
AC138907.3,0.0
TP53TG3,0.0
AC138907.1,0.0
AC138907.7,0.0
AC136428.1,0.0
IGHV3OR16-13,0.0
IGHV3OR16-12,0.0
TP53TG3F,0.0
AC141257.1,0.0
TP53TG3B,0.0
TP53TG3E,0.0
AC141257.2,0.0
AC138869.3,0.0
TP53TG3C,0.0
AC138869.2,0.0
AC145350.4,0.0
AC145350.2,0.0
AC018558.2,0.0
AC018558.6,0.0
LINC01566,0.0
AC023824.3,0.0
AC023824.4,0.0
AC023824.1,0.0
AC023824.5,0.0
AC135776.2,0.0
AC135776.1,0.0
LINC02184,0.0
FP325313.3,0.0
LINC00273,0.0
AC140658.1,0.0
IGHV3OR16-7,0.0
IGHV3OR16-11,0.0
AC140658.2,0.0
AC012186.2,0.0
HIST1H2AG,0.0
AL133255.1,0.0
AC106785.2,0.0
LINC02167,0.0
AC092325.1,0.0
AC018558.1,0.0
AC018558.7,0.0
AC018558.3,0.0
HIST1H1T,0.0
AL021917.1,0.0
HIST1H2BI,0.0
HIST1H3G,0.0
HIST1H2BH,0.0
HIST1H3F,0.0
HIST1H4G,0.0
AC007533.1,0.0
AC007494.2,0.0
AC018845.1,0.0
LINC02179,0.0
AC007861.2,0.0
AC007861.1,0.0
C16orf78,0.0
AC044798.2,0.0
AC044798.1,0.0
AC044798.3,0.0
AC023813.4,0.0
AC023813.1,0.0
AC026470.2,0.0
AC026470.3,0.0
AC096996.2,0.0
AC007599.2,0.0
HIST1H2BF,0.0
AC007493.2,0.0
AC007610.5,0.0
AC007610.2,0.0
HIST1H3C,0.0
HIST1H2BB,0.0
HIST1H2AB,0.0
HIST1H3B,0.0
HIST1H4B,0.0
HIST1H3A,0.0
U91328.2,0.0
SLC17A2,0.0
SLC17A3,0.0
SLC17A1,0.0
AC007610.1,0.0
AC009166.3,0.0
AC027688.2,0.0
AC027688.1,0.0
LINC02127,0.0
AC025810.1,0.0
LINC02168,0.0
AC007728.1,0.0
AC007728.2,0.0
AC007728.3,0.0
SNX20,0.0
AC007608.1,0.0
AC007608.2,0.0
AC007493.1,0.0
LINC02178,0.0
AC026462.4,0.0
AC026462.2,0.0
CASC22,0.0
AC007333.1,0.0
AC007333.2,0.0
LINC02180,0.0
LINC00919,0.0
AC009039.1,0.0
AC007344.1,0.0
AC009166.1,0.0
AC007497.2,0.0
AC007342.5,0.0
AC007342.4,0.0
SLC17A4,0.0
HIST1H2BA,0.0
HIST1H2AA,0.0
AL022170.1,0.0
AL133268.4,0.0
AL133268.2,0.0
AL133268.3,0.0
ARMH2,0.0
AC106738.2,0.0
AC106738.1,0.0
AC106742.1,0.0
AC007491.1,0.0
LINC02183,0.0
AC007343.1,0.0
AC018553.3,0.0
LINC02140,0.0
AC018553.1,0.0
AC018553.2,0.0
LINC02169,0.0
AC007907.1,0.0
AC007347.1,0.0
AC007496.1,0.0
AC007496.2,0.0
AC007495.1,0.0
SLC6A2,0.0
AC007336.2,0.0
AC109462.2,0.0
KAAG1,0.0
AL139231.1,0.0
AL035401.1,0.0
AL033539.1,0.0
PRL,0.0
AC109462.3,0.0
AC109462.1,0.0
AC109136.1,0.0
AC009102.2,0.0
AL158198.1,0.0
AL022726.1,0.0
AL357052.1,0.0
MIR548A1HG,0.0
AL031767.2,0.0
AL031767.1,0.0
AL513188.1,0.0
E2F3-IT1,0.0
AL132775.1,0.0
AL158198.2,0.0
AC009102.4,0.0
AL022396.1,0.0
AC009090.2,0.0
AC023825.2,0.0
AC012181.2,0.0
SLC12A3,0.0
AL133405.1,0.0
LINC02543,0.0
AL021978.1,0.0
MT1B,0.0
AC026461.3,0.0
AC092140.1,0.0
CCL17,0.0
CCL22,0.0
Z93020.1,0.0
GFOD1-AS1,0.0
LINC02530,0.0
AL109914.1,0.0
AL080313.1,0.0
AL080313.2,0.0
LINC01108,0.0
AL353152.2,0.0
AL133259.1,0.0
AL358777.1,0.0
AL139039.3,0.0
LINC02522,0.0
MIR5689HG,0.0
LINC00518,0.0
AL138885.3,0.0
AL157373.1,0.0
AL022724.2,0.0
AL357518.1,0.0
AL445430.1,0.0
AL445430.2,0.0
AL139807.1,0.0
ERVFRD-1,0.0
AC018552.3,0.0
LINC02137,0.0
AC009107.1,0.0
AL138885.2,0.0
AL137220.1,0.0
AL359378.1,0.0
AC026771.1,0.0
AC092118.1,0.0
AC018552.2,0.0
GCM2,0.0
MAK,0.0
AC012174.1,0.0
AC009081.1,0.0
AC009081.2,0.0
CAGE1,0.0
AL139095.4,0.0
AL139095.5,0.0
AL158817.1,0.0
AL136361.1,0.0
AL031123.4,0.0
AL031123.1,0.0
AL162719.1,0.0
LINC02141,0.0
AC092378.1,0.0
AC009055.2,0.0
LINC02126,0.0
AL022097.1,0.0
AL022725.1,0.0
AL356747.1,0.0
AL034376.1,0.0
AC012322.1,0.0
AC093536.2,0.0
LINC02165,0.0
AC138305.2,0.0
AC138305.1,0.0
AC009110.1,0.0
AL162718.1,0.0
AL136309.3,0.0
AL136309.4,0.0
FAM217A,0.0
AC022164.1,0.0
AC092138.1,0.0
AC092138.2,0.0
AC009055.1,0.0
AL133351.2,0.0
LINC02521,0.0
AL031768.1,0.0
AL031768.2,0.0
AL391422.2,0.0
AL391422.3,0.0
AC018557.2,0.0
AC018557.3,0.0
AC010542.1,0.0
AL034376.2,0.0
AL162718.2,0.0
AL162718.3,0.0
AL035696.1,0.0
AL035696.3,0.0
OR4F3,0.0
AC138035.2,0.0
AL035693.1,0.0
FOXCUT,0.0
LINC01394,0.0
AL033381.1,0.0
AL033381.2,0.0
AL356130.1,0.0
AL392183.1,0.0
CDH16,0.0
AL031963.2,0.0
AC027682.5,0.0
AC138035.1,0.0
AC008443.2,0.0
AC008443.9,0.0
AC008443.4,0.0
OR2V2,0.0
AC009061.1,0.0
AL031770.1,0.0
AC010285.3,0.0
AC010285.1,0.0
CBY3,0.0
OR2V1,0.0
AC022413.2,0.0
OR2Y1,0.0
LINC02222,0.0
AC009095.1,0.0
AC027682.3,0.0
AC027682.2,0.0
AC136601.1,0.0
GMCL2,0.0
PROP1,0.0
C5orf60,0.0
AC136628.4,0.0
AC136628.1,0.0
AC109479.1,0.0
AC109479.3,0.0
AC113391.2,0.0
AC113391.1,0.0
SLC34A1,0.0
AC106795.3,0.0
AC140125.3,0.0
AC140125.1,0.0
AC020978.2,0.0
AC020978.4,0.0
ESRP2,0.0
AC020978.3,0.0
AC138956.2,0.0
AC138956.1,0.0
AC139491.8,0.0
AC139491.4,0.0
AC138965.1,0.0
AC138965.2,0.0
AC009137.2,0.0
AC009137.1,0.0
AC099314.1,0.0
AC126773.3,0.0
AC091393.2,0.0
AC008413.2,0.0
AC113346.1,0.0
AC113346.2,0.0
AC108112.1,0.0
AC025752.1,0.0
AC011333.1,0.0
AC113423.2,0.0
AC113423.1,0.0
AC012321.1,0.0
AC026464.2,0.0
AC138625.2,0.0
AC027281.1,0.0
AC020763.1,0.0
LINC01942,0.0
LINC01863,0.0
AC008663.2,0.0
AC008663.3,0.0
AC008663.1,0.0
AC008632.1,0.0
AC016573.1,0.0
NKX2-5,0.0
AC012184.1,0.0
AC012184.4,0.0
CLEC18C,0.0
AC009060.1,0.0
AC010547.2,0.0
CHST4,0.0
AC008378.1,0.0
AC008429.3,0.0
AC110011.1,0.0
AC022217.3,0.0
AC022217.2,0.0
AC027309.1,0.0
TLE7,0.0
LINC02136,0.0
AC106736.1,0.0
HP,0.0
PKD1L3,0.0
AC009127.1,0.0
EFCAB9,0.0
SMIM23,0.0
AC011410.1,0.0
TLX3,0.0
AC091980.2,0.0
AC008514.1,0.0
AC027312.1,0.0
AC009097.3,0.0
AC009097.4,0.0
AC009097.1,0.0
LINC01568,0.0
AC034199.1,0.0
LINC01366,0.0
LINC01187,0.0
FOXI1,0.0
AC008680.1,0.0
AC011389.1,0.0
AC004943.1,0.0
AC009075.1,0.0
AC099508.2,0.0
AC009053.3,0.0
AC011365.2,0.0
AC011369.1,0.0
AC008464.1,0.0
AC008601.1,0.0
AC091820.1,0.0
AC091820.2,0.0
AC009120.3,0.0
AC009120.4,0.0
AC087565.1,0.0
AC087565.2,0.0
AC008456.1,0.0
AC091819.1,0.0
AC091819.2,0.0
LINC01947,0.0
AC114321.1,0.0
LINC01938,0.0
AC091973.1,0.0
LINC02143,0.0
AC008662.2,0.0
AC008662.1,0.0
HMMR-AS1,0.0
CTRB1,0.0
CPHXL,0.0
DUXB,0.0
AC025287.4,0.0
AC008609.1,0.0
AC008703.1,0.0
LINC01845,0.0
LINC01932,0.0
AC134043.2,0.0
AC009163.1,0.0
LINC02159,0.0
AC106743.1,0.0
WWOX-AS1,0.0
CLEC3A,0.0
AC079414.1,0.0
AC092134.3,0.0
AC092134.1,0.0
LINC02131,0.0
AC009139.2,0.0
AC106729.1,0.0
LINC02125,0.0
AC010528.2,0.0
AC010528.1,0.0
AC099511.1,0.0
AC105430.1,0.0
AC009145.3,0.0
AC136424.1,0.0
AC136424.2,0.0
AC091939.1,0.0
AC091979.2,0.0
AC091979.1,0.0
LINC02227,0.0
AC025437.1,0.0
AC025437.2,0.0
AC025437.3,0.0
AC025437.4,0.0
AC025437.5,0.0
AC009141.1,0.0
AC046158.2,0.0
AC046158.1,0.0
SOX30,0.0
AC106801.1,0.0
AC010609.1,0.0
FAM71B,0.0
AC011377.1,0.0
LINC01228,0.0
AC009159.2,0.0
AC084064.1,0.0
AC009145.2,0.0
AC092718.5,0.0
HAVCR1,0.0
AC025434.1,0.0
AC011351.1,0.0
AC026688.2,0.0
HAND1,0.0
AC099313.1,0.0
LINC01227,0.0
AC108097.1,0.0
AC022166.2,0.0
AC022166.1,0.0
AC092130.1,0.0
C5orf52,0.0
AC009117.2,0.0
AC138304.1,0.0
AC092142.1,0.0
AC008625.1,0.0
AC091962.1,0.0
LINC01861,0.0
HSD17B2,0.0
SDR42E1,0.0
AC092142.2,0.0
AC092718.9,0.0
AC092718.1,0.0
AC092718.6,0.0
AC022100.1,0.0
IRGM,0.0
AC008453.1,0.0
AC011383.1,0.0
AC011388.1,0.0
AC091982.1,0.0
AC011374.3,0.0
FAT2,0.0
SLC36A2,0.0
SLC36A3,0.0
AC009142.1,0.0
ATP2C2-AS1,0.0
AC010551.1,0.0
AC131025.2,0.0
AC131025.3,0.0
AC012613.2,0.0
AC012613.1,0.0
AC010551.2,0.0
AC010551.3,0.0
AC040169.4,0.0
SCGB3A2,0.0
AC092127.2,0.0
AC133540.1,0.0
AC092377.1,0.0
AC092275.1,0.0
LINC02176,0.0
AC025280.2,0.0
AC025280.1,0.0
AC025280.3,0.0
AC092145.1,0.0
AC022165.1,0.0
LINC02132,0.0
AC092723.5,0.0
AC018695.3,0.0
AC018695.4,0.0
SPINK7,0.0
SPINK13,0.0
MARCOL,0.0
SPINK6,0.0
SPINK14,0.0
AC011352.3,0.0
AC011352.1,0.0
C5orf46,0.0
LINC02189,0.0
AC009154.2,0.0
AC009154.1,0.0
AC009108.2,0.0
FOXC2-AS1,0.0
AC092327.2,0.0
LINC00917,0.0
LINC02135,0.0
LINC01081,0.0
LINC01082,0.0
AC135012.3,0.0
AC135012.2,0.0
AC092723.3,0.0
AC092723.4,0.0
AC136285.2,0.0
AC136285.1,0.0
AC136285.3,0.0
AC106745.1,0.0
LINC02181,0.0
SPINK1,0.0
AC011370.1,0.0
JAKMIP2-AS1,0.0
STK32A-AS1,0.0
AC008728.1,0.0
AC011396.1,0.0
AC011396.3,0.0
AC093519.2,0.0
AC130467.1,0.0
AC126696.1,0.0
AC010536.2,0.0
AC010536.3,0.0
AC011396.2,0.0
AC091887.1,0.0
GRXCR2,0.0
AC008700.1,0.0
AC137770.1,0.0
AC109441.1,0.0
AC008652.1,0.0
AC010531.3,0.0
AC010531.5,0.0
AC010531.4,0.0
AC005740.3,0.0
AC008781.2,0.0
HMHB1,0.0
AC008696.2,0.0
AC016598.2,0.0
AC016598.1,0.0
AC134312.2,0.0
AC134312.4,0.0
AC126696.2,0.0
AC005618.3,0.0
AC005618.2,0.0
AC138028.3,0.0
IL17C,0.0
AC116552.1,0.0
AC138512.1,0.0
AC135782.3,0.0
AC244517.7,0.0
AC244517.4,0.0
AC244517.11,0.0
AC135782.2,0.0
AC092384.3,0.0
AC138028.5,0.0
AC138028.6,0.0
PCDHA2,0.0
AC244517.9,0.0
AC010223.1,0.0
AC005609.3,0.0
AC092120.3,0.0
AC092120.1,0.0
AC009113.2,0.0
SLC22A31,0.0
AC008667.3,0.0
AC008667.1,0.0
CXXC5-AS1,0.0
VPS9D1-AS1,0.0
LINC02166,0.0
DPEP1,0.0
AC129507.4,0.0
SCGB1C2,0.0
SMIM33,0.0
AC240565.1,0.0
AC240565.2,0.0
AC133919.2,0.0
PRDM7,0.0
GAS8-AS1,0.0
AC092143.2,0.0
AC008667.2,0.0
AC016292.1,0.0
AC087392.1,0.0
AC087392.2,0.0
AC087392.4,0.0
AC104116.1,0.0
WNT8A,0.0
AC015853.1,0.0
AC015853.3,0.0
AC015853.2,0.0
AC129507.3,0.0
AC129507.2,0.0
SLC25A48-AS1,0.0
NEUROG1,0.0
AC022092.1,0.0
TIFAB,0.0
AC113382.2,0.0
AC106791.2,0.0
AC112178.1,0.0
AC063980.1,0.0
TRPC7-AS2,0.0
TRPC7-AS1,0.0
AC109454.2,0.0
DCANP1,0.0
C5orf66-AS2,0.0
AC008406.1,0.0
AC008406.2,0.0
C5orf66-AS1,0.0
AC008406.3,0.0
PITX1,0.0
AC130343.1,0.0
AC032044.1,0.0
LECT2,0.0
AC002428.1,0.0
IL9,0.0
WSPAR,0.0
AC010608.1,0.0
AC010307.4,0.0
AC010307.3,0.0
AC010307.2,0.0
AC113410.2,0.0
AC113410.5,0.0
AC090617.2,0.0
AC090617.4,0.0
OVCA2,0.0
AC099684.2,0.0
AC005355.1,0.0
OR1A2,0.0
AC090282.1,0.0
OR1G1,0.0
OR1D2,0.0
OR1D5,0.0
AC015921.1,0.0
hsa-mir-1253,0.0
AC005696.3,0.0
AC006435.1,0.0
AC006435.2,0.0
AC006435.3,0.0
AL450226.1,0.0
CSF2,0.0
IL3,0.0
AC034228.3,0.0
AC004775.1,0.0
AC004039.1,0.0
IL4,0.0
TH2LCRR,0.0
AC116366.1,0.0
AC116366.2,0.0
OR1E2,0.0
OR3A3,0.0
AC087498.1,0.0
AC010424.3,0.0
AC010424.2,0.0
LMNB1-DT,0.0
TEX43,0.0
AC006525.1,0.0
AC008679.1,0.0
AC008588.1,0.0
AC116914.1,0.0
HASPIN,0.0
AC027796.5,0.0
AC063976.1,0.0
AC091153.2,0.0
LINC01996,0.0
AC118754.2,0.0
GGT6,0.0
LINC01975,0.0
AC068658.1,0.0
AC022118.1,0.0
AC106786.1,0.0
AC008669.1,0.0
LINC02201,0.0
AC022101.1,0.0
LINC02039,0.0
AC116362.2,0.0
AC109471.1,0.0
AC109458.2,0.0
AC109464.2,0.0
AC109464.1,0.0
AC113398.2,0.0
AC112196.1,0.0
AC113349.1,0.0
AC010255.2,0.0
AC010255.1,0.0
FTMT,0.0
AC008568.1,0.0
AC113418.1,0.0
GP1BA,0.0
AC025465.3,0.0
AC025465.4,0.0
AC025465.2,0.0
AC016556.1,0.0
LINC02215,0.0
LINC02216,0.0
LINC02148,0.0
LINC02208,0.0
AC093295.1,0.0
AC093534.2,0.0
AC087500.2,0.0
AC078814.1,0.0
AC012146.3,0.0
SLC52A1,0.0
AC004771.1,0.0
AC119150.1,0.0
OR4F5,0.0
AC018752.1,0.0
AL627309.3,0.0
ARL14EPL,0.0
AL627309.2,0.0
LINCADL,0.0
AC008549.1,0.0
AL627309.4,0.0
AP006222.2,0.0
AC055872.2,0.0
AC104770.1,0.0
AC007846.1,0.0
AC135726.1,0.0
DHX33-DT,0.0
FAM170A,0.0
AC093206.1,0.0
AC010261.2,0.0
AC010261.1,0.0
AL732372.1,0.0
AC008494.2,0.0
OR4F29,0.0
AC094104.1,0.0
AC094104.2,0.0
LINC01957,0.0
FAM138A,0.0
AC007325.1,0.0
AC023491.2,0.0
AC141272.1,0.0
FBXO39,0.0
AC136616.2,0.0
AC136616.3,0.0
LINC02214,0.0
TMEM95,0.0
AC026954.3,0.0
AC003688.2,0.0
NREP-AS1,0.0
AC010275.1,0.0
AC010468.2,0.0
AC008572.1,0.0
AC011841.1,0.0
AC010395.1,0.0
LINC01848,0.0
CLEC10A,0.0
SLC16A13,0.0
AC093240.1,0.0
TSSK1B,0.0
AC011043.2,0.0
AC104126.1,0.0
AC113189.1,0.0
AL645608.5,0.0
SPEM3,0.0
AC091917.1,0.0
AC091917.2,0.0
AL645608.1,0.0
PLEKHN1,0.0
AC116428.1,0.0
AC008871.1,0.0
DAZ4,0.0
TEX54,0.0
AP000753.2,0.0
AC091987.1,0.0
AC099520.2,0.0
SPEM2,0.0
SPEM1,0.0
LINC02113,0.0
AP000753.1,0.0
SLC22A12,0.0
AC099520.1,0.0
LINC02163,0.0
SLC22A11,0.0
AC010406.1,0.0
AC011362.1,0.0
AC099487.2,0.0
AC099487.1,0.0
LINC00491,0.0
LINC00492,0.0
AC094108.1,0.0
AP005273.2,0.0
SLC35G6,0.0
AC113189.3,0.0
AP003774.1,0.0
AC129492.1,0.0
AC129492.2,0.0
AP001458.1,0.0
AP001363.1,0.0
AC008883.2,0.0
AC008883.1,0.0
AP003064.2,0.0
AC008906.2,0.0
AC008906.1,0.0
AC020900.1,0.0
SLCO6A1,0.0
AC008948.1,0.0
AC027315.1,0.0
AP003068.3,0.0
AC113385.1,0.0
AC008534.1,0.0
MAJIN,0.0
AC117528.1,0.0
GPHA2,0.0
AC108102.1,0.0
SLC22A25,0.0
AC099509.2,0.0
AC099509.1,0.0
MIR583HG,0.0
AC008592.2,0.0
SLC22A24,0.0
AC008592.1,0.0
SLC22A8,0.0
AC008592.4,0.0
AP003721.2,0.0
AP002754.2,0.0
AC087501.1,0.0
AC005695.2,0.0
AC005695.3,0.0
AP002754.1,0.0
AC002091.1,0.0
AC002091.2,0.0
MFSD6L,0.0
SPDYE4,0.0
CCDC42,0.0
SCGB2A2,0.0
AC135178.4,0.0
ODF4,0.0
AP003306.1,0.0
AC135178.2,0.0
SCGB2A1,0.0
MCTP1-AS1,0.0
GSG1L2,0.0
AC118755.1,0.0
AC118755.2,0.0
SCGB1D1,0.0
LINC02736,0.0
LINC02058,0.0
AC008517.1,0.0
AP000944.1,0.0
AC026780.1,0.0
AP001266.2,0.0
AP003721.4,0.0
AP000777.3,0.0
AC008799.2,0.0
AP000777.2,0.0
AC087501.3,0.0
AC087501.2,0.0
MYH1,0.0
MYH4,0.0
AP000777.1,0.0
AC093281.2,0.0
AC093281.1,0.0
AC074132.1,0.0
MS4A10,0.0
MS4A15,0.0
MS4A18,0.0
MS4A13,0.0
LINC02161,0.0
MYH8,0.0
AC005323.2,0.0
MS4A12,0.0
AP000769.6,0.0
AC005291.2,0.0
AC005244.2,0.0
PGA3,0.0
AC005209.1,0.0
MS4A5,0.0
MS4A6E,0.0
AC074131.1,0.0
AC008525.2,0.0
LINC02705,0.0
MS4A3,0.0
TMEM238L,0.0
OOSP2,0.0
AC015908.3,0.0
AC002347.2,0.0
AC002347.1,0.0
AC005323.1,0.0
MYH2,0.0
OOSP4B,0.0
AC005224.3,0.0
AC005224.1,0.0
OOSP4A,0.0
AC005304.3,0.0
OVOL1,0.0
AC005304.2,0.0
LINC02093,0.0
AC005303.1,0.0
AC005277.1,0.0
CBLIF,0.0
AP000640.1,0.0
AC005358.1,0.0
AC068442.1,0.0
LINC00670,0.0
AC084167.1,0.0
AC005772.1,0.0
LINC02096,0.0
AC005863.1,0.0
AC013248.1,0.0
AC022816.1,0.0
AC008539.1,0.0
LINC02059,0.0
AC016550.3,0.0
AC016550.2,0.0
AC016550.1,0.0
AC026414.1,0.0
AC010595.1,0.0
AC010486.3,0.0
AC010486.2,0.0
AC010486.1,0.0
AC117522.2,0.0
OR10V1,0.0
VCAN-AS1,0.0
AC027338.1,0.0
AC027338.2,0.0
OR4D11,0.0
AC008885.2,0.0
AC026782.2,0.0
AC026782.1,0.0
AC005703.4,0.0
AC005703.2,0.0
AC005703.1,0.0
AC005703.7,0.0
AC005703.3,0.0
CDRT8,0.0
AC005772.2,0.0
CDRT7,0.0
AC108482.2,0.0
AC108482.1,0.0
OR4D10,0.0
SPZ1,0.0
AC010260.1,0.0
LINC01455,0.0
ATG10-AS1,0.0
OR4D6,0.0
AC026726.2,0.0
ACOT12,0.0
AC026427.1,0.0
LINC02087,0.0
AC015922.2,0.0
AC005324.2,0.0
AP001107.8,0.0
AC005324.5,0.0
AC022596.2,0.0
AP001107.4,0.0
AP006287.3,0.0
AC098850.1,0.0
CATSPER1,0.0
OR5A1,0.0
AC025188.1,0.0
OR5A2,0.0
AC026725.1,0.0
AC113404.1,0.0
OR5AN1,0.0
AC127540.1,0.0
AP002358.1,0.0
AC093484.4,0.0
FAM111B,0.0
GLYATL1B,0.0
LINC01333,0.0
AP001652.1,0.0
GLYAT,0.0
AC093283.1,0.0
AC091868.2,0.0
AC026774.1,0.0
AP001107.6,0.0
AP001107.3,0.0
AP001107.1,0.0
TCN1,0.0
AC055811.1,0.0
MPRIP-AS1,0.0
AC104024.3,0.0
LINC02090,0.0
AC104024.1,0.0
TNFRSF13B,0.0
FOXD1-AS1,0.0
LINC02230,0.0
AC116345.4,0.0
TMEM174,0.0
AC116345.3,0.0
AC008972.2,0.0
OR5B21,0.0
AC122129.2,0.0
AP003557.1,0.0
RAI1-AS1,0.0
OR5B12,0.0
OR5B2,0.0
AC020558.2,0.0
AC020558.6,0.0
AC055811.3,0.0
LINC01332,0.0
OR5B3,0.0
TBC1D28,0.0
LGALS9C,0.0
AL353997.2,0.0
AC139834.1,0.0
AC140134.2,0.0
AC145146.1,0.0
EVPLL,0.0
OR5B17,0.0
AC063979.2,0.0
LINC02056,0.0
AC093278.2,0.0
AC145141.1,0.0
AC145141.2,0.0
LINC01386,0.0
LINC01385,0.0
AC124066.1,0.0
EPN2-AS1,0.0
AC106017.2,0.0
AC106017.1,0.0
AC007952.8,0.0
OR10W1,0.0
AC007952.1,0.0
AC007952.9,0.0
OR10Q1,0.0
GRAPL,0.0
AC007952.2,0.0
OR1S1,0.0
AC007952.3,0.0
AC090286.1,0.0
SLC5A10,0.0
AC107982.2,0.0
AC025627.1,0.0
AC004448.1,0.0
OR1S2,0.0
OR9Q2,0.0
OR9I1,0.0
AC004448.5,0.0
ACTN3,0.0
AP002748.6,0.0
LINC02198,0.0
AC093248.1,0.0
AC010280.3,0.0
GPR152,0.0
PTPRCAP,0.0
AC024579.1,0.0
RPS6KB2-AS1,0.0
AC024581.1,0.0
AC025442.1,0.0
LINC02088,0.0
OR6Q1,0.0
AC015818.4,0.0
AC015818.8,0.0
BTBD18,0.0
AC015818.7,0.0
LGALS9B,0.0
AC008088.1,0.0
SMTNL1,0.0
AC005730.3,0.0
AP001885.3,0.0
C11orf86,0.0
AC005722.4,0.0
AP001350.1,0.0
AC115989.1,0.0
OR5T3,0.0
AC008877.1,0.0
C5orf64-AS1,0.0
AC026746.1,0.0
ALDH3B2,0.0
AC025176.1,0.0
AC106798.1,0.0
TBX10,0.0
AC079467.1,0.0
AC112206.2,0.0
AC010420.1,0.0
AP003385.3,0.0
LINC02229,0.0
PRG2,0.0
PRG3,0.0
LINC02065,0.0
LINC02002,0.0
KCNJ18,0.0
AC233702.7,0.0
AC233702.5,0.0
P2RX3,0.0
SMIM15-AS1,0.0
AC022445.1,0.0
AC109133.1,0.0
AC034234.1,0.0
AC092343.1,0.0
AC008852.1,0.0
AC016642.1,0.0
AC107926.1,0.0
AP000781.1,0.0
SHISAL2B,0.0
AC008558.1,0.0
AC061975.6,0.0
OR5AK2,0.0
AC061975.7,0.0
AC061975.8,0.0
AC005697.3,0.0
AC005697.2,0.0
LINC02735,0.0
AC069366.2,0.0
AC129926.1,0.0
AC129926.2,0.0
AC069061.2,0.0
AC131274.1,0.0
AC132825.2,0.0
AC209154.1,0.0
FAM27E5,0.0
OR9G4,0.0
AC008391.1,0.0
AC034245.1,0.0
AC008892.1,0.0
AC008914.1,0.0
OR9G1,0.0
LINC02108,0.0
CABP2,0.0
AC008786.1,0.0
AP002992.1,0.0
LINC02225,0.0
AC106822.1,0.0
OR5AR1,0.0
ACTBL2,0.0
OR5AP2,0.0
AC016644.1,0.0
OR5M1,0.0
MCIDAS,0.0
OR5M10,0.0
AC034238.2,0.0
AC034238.3,0.0
OR5M11,0.0
AC034238.1,0.0
OR5M8,0.0
OR5M3,0.0
SEBOX,0.0
OR5M9,0.0
AC061975.4,0.0
AC008937.1,0.0
AC008937.2,0.0
AC008940.1,0.0
OR5R1,0.0
C5orf67,0.0
AC010761.4,0.0
AC010761.2,0.0
AC010761.6,0.0
AC112198.3,0.0
OR8U1,0.0
OR8J1,0.0
AC025175.2,0.0
LINC02105,0.0
OR8K1,0.0
AC008966.3,0.0
AC010761.3,0.0
AC005726.2,0.0
OR8K3,0.0
OR8H1,0.0
FOXN1,0.0
OR5T1,0.0
AC024267.4,0.0
LINC02747,0.0
LINC02118,0.0
AC091860.2,0.0
AC022433.1,0.0
ISL1,0.0
AC010478.1,0.0
AC008808.1,0.0
LINC02106,0.0
AC008808.2,0.0
AC022441.2,0.0
AC022441.1,0.0
AC024267.6,0.0
AC024267.3,0.0
AC024267.1,0.0
AC010761.5,0.0
AP000439.3,0.0
ABHD15-AS1,0.0
AC122694.1,0.0
AC116350.1,0.0
AC114954.1,0.0
AC093297.1,0.0
AC093292.1,0.0
FGF10-AS1,0.0
AC104119.1,0.0
AP000439.1,0.0
AP005233.1,0.0
CRYBA1,0.0
AC024619.3,0.0
AC024619.1,0.0
AC024619.2,0.0
AC024267.5,0.0
AC104984.4,0.0
AC104984.1,0.0
AC104984.5,0.0
AP005233.2,0.0
hsa-mir-423,0.0
AC104984.2,0.0
AP003071.2,0.0
AP003071.1,0.0
AC025171.5,0.0
AC104996.1,0.0
AC104982.2,0.0
AC023389.1,0.0
MRGPRF-AS1,0.0
AC104564.1,0.0
AP003071.3,0.0
AC104564.4,0.0
AC114977.1,0.0
AC093277.1,0.0
MRGPRD,0.0
LINC00604,0.0
LINC00603,0.0
AP000808.1,0.0
AC025171.3,0.0
AP003096.1,0.0
OR5D16,0.0
OR5L2,0.0
AC108099.1,0.0
AC034222.2,0.0
AC011840.2,0.0
AC011840.4,0.0
AC011840.3,0.0
TMIGD1,0.0
AC008964.1,0.0
AC091435.2,0.0
OR5D18,0.0
EGFLAM-AS1,0.0
EGFLAM-AS2,0.0
EGFLAM-AS3,0.0
EGFLAM-AS4,0.0
AC138207.9,0.0
ANO1-AS1,0.0
AC138207.1,0.0
AC130324.2,0.0
AP000879.2,0.0
AC127024.3,0.0
C6,0.0
MROH2B,0.0
AC114977.2,0.0
AC004253.1,0.0
LINC02119,0.0
AC034226.1,0.0
LINC02110,0.0
AC008869.1,0.0
LINC02117,0.0
LINC02584,0.0
LINC02753,0.0
AC004253.2,0.0
AC007923.1,0.0
AC007923.4,0.0
AC003101.1,0.0
AP003555.1,0.0
AP003555.2,0.0
AP007216.2,0.0
AP007216.1,0.0
AC079336.3,0.0
FGF3,0.0
AC079336.1,0.0
FGF4,0.0
FGF19,0.0
AC005899.8,0.0
AC008957.2,0.0
AC114277.1,0.0
NADK2-AS1,0.0
LINC01488,0.0
UGT3A1,0.0
AC112204.2,0.0
AC137810.1,0.0
AC005899.3,0.0
AC026620.1,0.0
AC026620.2,0.0
AP000487.2,0.0
AC011824.2,0.0
AC011824.4,0.0
AC011824.3,0.0
AC008133.1,0.0
AC003687.1,0.0
AGXT2,0.0
AC025754.1,0.0
AC025754.2,0.0
AP002336.3,0.0
AC139792.1,0.0
RXFP3,0.0
AP002336.2,0.0
OR5T2,0.0
AC084809.1,0.0
OR5J2,0.0
AC005549.1,0.0
AC034232.2,0.0
OR8K5,0.0
LINC02160,0.0
AC034223.2,0.0
AC034223.1,0.0
LINC02120,0.0
OR8J3,0.0
AC008766.1,0.0
LINC02061,0.0
LINC01989,0.0
OR8H3,0.0
OR8H2,0.0
AC024610.1,0.0
AC024614.2,0.0
AC024614.1,0.0
AC112172.2,0.0
OR8I2,0.0
AC060766.6,0.0
SLC35G3,0.0
AC022916.4,0.0
UNC45B,0.0
OR5F1,0.0
AC022903.2,0.0
AC022903.1,0.0
AC005552.1,0.0
AC011193.1,0.0
CCL1,0.0
CCL13,0.0
OR10AG1,0.0
CCL11,0.0
CCL7,0.0
AC015911.9,0.0
OR5I1,0.0
SLFN14,0.0
AC015911.2,0.0
AC015911.3,0.0
AC015911.5,0.0
OR5W2,0.0
AC022447.6,0.0
AC022447.7,0.0
AC022447.1,0.0
AC022447.3,0.0
AC022447.5,0.0
AC022447.2,0.0
AC113386.1,0.0
AC026433.1,0.0
LINC02064,0.0
AC015849.3,0.0
AC015849.2,0.0
OR4C15,0.0
AC109472.1,0.0
AC008825.1,0.0
LINC02103,0.0
AC113355.1,0.0
OR4A15,0.0
OR4A16,0.0
AC025475.2,0.0
AC025475.1,0.0
AC022140.1,0.0
AC106754.1,0.0
AC099499.1,0.0
AC099499.2,0.0
TRIM48,0.0
OR4A5,0.0
AC243829.5,0.0
OR4C46,0.0
AC243829.2,0.0
DEFB131B,0.0
AC243829.4,0.0
CCL18,0.0
CCL23,0.0
AC244100.4,0.0
AC244100.3,0.0
CCL15,0.0
AC244100.2,0.0
CCL14,0.0
CCL16,0.0
LYZL6,0.0
HEATR9,0.0
DEFB108B,0.0
AC106821.1,0.0
LINC02239,0.0
AC106821.2,0.0
AP003783.1,0.0
AC091885.2,0.0
AC010387.2,0.0
AC010387.1,0.0
SHANK2-AS2,0.0
PRDM9,0.0
AC010445.1,0.0
AC138854.1,0.0
AC139497.1,0.0
TBC1D3F,0.0
TBC1D3H,0.0
TBC1D3G,0.0
AC243571.1,0.0
HNF1B,0.0
AC243585.1,0.0
AP001271.1,0.0
AP000593.3,0.0
AC243654.1,0.0
PHOX2A,0.0
C17orf78,0.0
AC244093.5,0.0
AP000812.1,0.0
FOLR3,0.0
AC243773.2,0.0
AC243773.1,0.0
LHX1-DT,0.0
AP000812.4,0.0
OR5L1,0.0
AC091946.1,0.0
OR5D14,0.0
OR5D13,0.0
OR5D3P,0.0
AP006437.1,0.0
LINC02146,0.0
CDH18-AS1,0.0
AC106744.2,0.0
AC106744.1,0.0
LINC02100,0.0
H3.Y,0.0
TAF11L14,0.0
TAF11L13,0.0
TBC1D3C,0.0
OR4C6,0.0
TBC1D3K,0.0
TAF11L10,0.0
TAF11L9,0.0
TAF11L8,0.0
TAF11L7,0.0
TAF11L6,0.0
TAF11L5,0.0
TAF11L4,0.0
TAF11L3,0.0
TAF11L2,0.0
AC106774.4,0.0
LINC02111,0.0
AC026785.3,0.0
AC006449.3,0.0
OR4S2,0.0
TBC1D3,0.0
OR4P4,0.0
LINC01194,0.0
OR4C11,0.0
AC022113.1,0.0
AC020980.1,0.0
OR4C16,0.0
AC016650.1,0.0
AC010638.1,0.0
OR4S1,0.0
LINC02079,0.0
OR4X1,0.0
FBXO47,0.0
OR4X2,0.0
AC006441.1,0.0
C17orf98,0.0
TAF11L12,0.0
TAF11L11,0.0
AC106771.1,0.0
AC012629.1,0.0
OR4B1,0.0
ANKRD33B-AS1,0.0
LINC02213,0.0
LINC02212,0.0
AC092336.1,0.0
ROPN1L-AS1,0.0
ARAP1-AS2,0.0
AC004408.1,0.0
AP003065.2,0.0
ARAP1-AS1,0.0
AC016575.2,0.0
AP003065.1,0.0
AC016553.1,0.0
LINC02220,0.0
AC012640.1,0.0
AP005019.1,0.0
AC034229.3,0.0
AC034229.2,0.0
LINC02221,0.0
AC091838.1,0.0
LINC02112,0.0
TAS2R1,0.0
AC026787.1,0.0
AC027335.1,0.0
CSF3,0.0
LINC01537,0.0
AP003785.1,0.0
LRRC3C,0.0
AP002892.1,0.0
ZPBP2,0.0
KRT20,0.0
KRT12,0.0
AC004231.3,0.0
AC090283.1,0.0
KRT28,0.0
KRT27,0.0
KRT26,0.0
KRT25,0.0
KRT24,0.0
AP002892.2,0.0
AC090589.2,0.0
AC021573.1,0.0
PTPRJ-AS1,0.0
AC080112.1,0.0
AC080112.4,0.0
AC012640.3,0.0
KRTAP4-7,0.0
KRTAP2-4,0.0
KRTAP2-3,0.0
KRTAP2-2,0.0
KRTAP2-1,0.0
LINC02750,0.0
KRTAP1-3,0.0
KRTAP1-4,0.0
KRTAP1-5,0.0
KRTAP3-1,0.0
KRTAP3-2,0.0
KRTAP3-3,0.0
KRT40,0.0
KRT39,0.0
KRT23,0.0
OR4C12,0.0
KRTAP9-8,0.0
KRTAP9-3,0.0
KRTAP9-2,0.0
KRTAP9-1,0.0
KRTAP4-1,0.0
KRTAP4-2,0.0
KRTAP4-3,0.0
KRTAP4-4,0.0
KRTAP4-5,0.0
KRTAP4-6,0.0
KRTAP4-12,0.0
KRTAP4-11,0.0
KRTAP4-9,0.0
KRTAP4-16,0.0
KRTAP4-8,0.0
AC100808.1,0.0
KRT13,0.0
KRT36,0.0
KRT35,0.0
KRT32,0.0
KRT38,0.0
KRT37,0.0
AC003958.2,0.0
OR4C13,0.0
KRT33A,0.0
KRTAP17-1,0.0
KRTAP16-1,0.0
KRTAP29-1,0.0
KRTAP9-7,0.0
KRTAP9-6,0.0
KRTAP9-9,0.0
KRTAP9-4,0.0
KRT16,0.0
KRT14,0.0
KRT9,0.0
LINC00974,0.0
TRIM64C,0.0
SEMA5A-AS1,0.0
AC091906.1,0.0
AC021088.1,0.0
AC091953.1,0.0
TRIM51GP,0.0
AC091965.1,0.0
OR4A47,0.0
OR4C5,0.0
AC116361.1,0.0
AC025174.1,0.0
AC019349.1,0.0
AC010266.1,0.0
AC026736.1,0.0
AC022424.2,0.0
OR4C3,0.0
P4HA3-AS1,0.0
AC027343.2,0.0
AC027343.1,0.0
AC027343.3,0.0
AC091951.4,0.0
AC091889.1,0.0
AP003717.1,0.0
AC122710.2,0.0
AC116021.1,0.0
AC125257.1,0.0
AP002770.1,0.0
AP002993.1,0.0
AC026415.1,0.0
AC026719.1,0.0
LINC02114,0.0
AC010634.1,0.0
AC106799.1,0.0
AC106799.2,0.0
AC106799.3,0.0
LINC02063,0.0
AC025187.1,0.0
AC025773.1,0.0
AC016595.1,0.0
AC099811.3,0.0
MYBPC3,0.0
AC125257.2,0.0
AC018410.1,0.0
AC018410.2,0.0
AC094105.1,0.0
AC090589.3,0.0
IRX2,0.0
AC091891.1,0.0
AC103681.1,0.0
AC126768.2,0.0
AC126768.1,0.0
AC126768.3,0.0
AC025183.2,0.0
AC068858.1,0.0
AC099811.4,0.0
LINC02121,0.0
AC010451.2,0.0
LINC01020,0.0
AC010451.1,0.0
AC010451.3,0.0
LINC02116,0.0
AC025183.3,0.0
AC112176.1,0.0
LINC02685,0.0
LINC02710,0.0
AC024475.3,0.0
AC024475.1,0.0
AC114291.2,0.0
LARGE2,0.0
AC100793.3,0.0
IRX1,0.0
LINC01017,0.0
LINC02162,0.0
LINC01019,0.0
AC091832.1,0.0
AC094105.2,0.0
MIR2117HG,0.0
AC044839.3,0.0
SLC6A18,0.0
SLC6A19,0.0
LINC02690,0.0
AC044839.2,0.0
AP001372.3,0.0
AP001372.1,0.0
AC122719.1,0.0
AP001922.3,0.0
AP001922.1,0.0
AC026740.1,0.0
G6PC,0.0
LINC00671,0.0
AC025183.1,0.0
IRX4,0.0
AC023855.1,0.0
MOGAT2,0.0
PPY,0.0
AC007993.2,0.0
FAM215A,0.0
AP001922.2,0.0
AC106772.1,0.0
AP002815.1,0.0
SLC9A3,0.0
AC010442.1,0.0
AP001972.2,0.0
AC021087.4,0.0
LRRC14B,0.0
AC003098.1,0.0
AP001972.4,0.0
MEOX1,0.0
AC003043.2,0.0
AC004596.1,0.0
ASB16,0.0
DUX4,0.0
AC087442.1,0.0
FRG2,0.0
LINC01596,0.0
AC103855.1,0.0
LINC01262,0.0
AC105924.1,0.0
AC107391.1,0.0
AC122138.1,0.0
AC093909.4,0.0
LINC02508,0.0
AC093909.2,0.0
AC018716.1,0.0
LINC02434,0.0
AC138781.1,0.0
AC103855.3,0.0
AP000785.1,0.0
AC108073.3,0.0
AC097521.1,0.0
LINC02492,0.0
AC093763.1,0.0
LINC02515,0.0
LINC02514,0.0
AC097652.1,0.0
LINC02374,0.0
AC108046.1,0.0
TSPAN18-AS1,0.0
AC110772.1,0.0
AC003043.1,0.0
LINC02437,0.0
LINC01093,0.0
AC108865.2,0.0
AC108865.1,0.0
AC107050.1,0.0
MTNR1A,0.0
AC109517.1,0.0
LINC02704,0.0
AC096659.1,0.0
AC108472.1,0.0
AC010768.2,0.0
FAM187A,0.0
AC010768.1,0.0
AC010768.4,0.0
AC134775.1,0.0
ACCSL,0.0
AC091132.2,0.0
AC003070.1,0.0
ALKBH3-AS1,0.0
SPATA32,0.0
MIR3945HG,0.0
AC084871.3,0.0
AC084871.1,0.0
LINC02365,0.0
AP002340.1,0.0
AC015936.2,0.0
AC015936.1,0.0
AP003031.1,0.0
AC112722.1,0.0
AC093824.2,0.0
AC087521.4,0.0
HELT,0.0
AC079226.2,0.0
AC108142.1,0.0
MIR670HG,0.0
AC084741.1,0.0
AC087276.1,0.0
AC087276.3,0.0
AC108477.1,0.0
AC108477.2,0.0
CLDN24,0.0
AC087276.2,0.0
WWC2-AS1,0.0
LINC02745,0.0
AC217774.2,0.0
AC023442.2,0.0
AC126544.2,0.0
AC091132.1,0.0
AC023442.3,0.0
AP003119.1,0.0
AP001189.4,0.0
AP001189.1,0.0
AC002558.2,0.0
AP001189.3,0.0
LINC01974,0.0
AP001189.5,0.0
CR936218.1,0.0
CR936218.2,0.0
AC087277.1,0.0
AC019193.2,0.0
AC019193.3,0.0
AC019193.4,0.0
AC114798.1,0.0
AC079226.1,0.0
AC097537.1,0.0
AC131094.1,0.0
AC095050.1,0.0
AC022325.2,0.0
AP003086.2,0.0
AC096751.2,0.0
AC104803.1,0.0
AC096747.1,0.0
AC020551.1,0.0
AP003086.1,0.0
LINC01098,0.0
AC103879.1,0.0
AC027627.1,0.0
NEIL3,0.0
LINC02509,0.0
AC092673.1,0.0
AC036222.1,0.0
AC036222.2,0.0
THRA1/BTR,0.0
SKAP1-AS1,0.0
THRSP,0.0
AC018521.4,0.0
PRR15L,0.0
AC018521.2,0.0
AC018521.6,0.0
AP003032.1,0.0
AC018521.3,0.0
AP002812.5,0.0
TBX21,0.0
AP002812.3,0.0
AC093801.1,0.0
AC019163.1,0.0
LINC02086,0.0
AC103702.2,0.0
HOXB-AS4,0.0
HOXB9,0.0
HOXB8,0.0
GDPD4,0.0
HOXB6,0.0
HOXB5,0.0
AC103702.1,0.0
OMP,0.0
HOXB-AS2,0.0
HOXB-AS3,0.0
AP002498.1,0.0
AP001547.1,0.0
AP002957.1,0.0
HOXB1,0.0
AC091133.3,0.0
GIP,0.0
AC091179.1,0.0
HOXB13,0.0
PRAC2,0.0
PRAC1,0.0
AC116616.1,0.0
AC012055.2,0.0
AC012055.1,0.0
AC106895.2,0.0
AC106895.1,0.0
LINC02269,0.0
HAND2,0.0
AP002768.1,0.0
AC093849.1,0.0
AP003110.1,0.0
LINC02075,0.0
AC091180.4,0.0
AC091180.5,0.0
LINC01499,0.0
LINC02741,0.0
AC090138.1,0.0
LINC02174,0.0
AC074254.2,0.0
LINC02504,0.0
LINC02431,0.0
LINC02382,0.0
LINC02512,0.0
LINC01493,0.0
B4GALNT2,0.0
AC091133.4,0.0
LINC02759,0.0
AC021713.1,0.0
LINC02760,0.0
AC009656.1,0.0
TAC4,0.0
AC027801.4,0.0
AC015795.1,0.0
AC087277.2,0.0
AC079768.2,0.0
AC090692.2,0.0
AC079768.4,0.0
AC079768.3,0.0
AC084724.1,0.0
AC096741.1,0.0
AC021151.1,0.0
AC006487.2,0.0
AC006487.1,0.0
AL135934.1,0.0
AC002401.1,0.0
AC002401.2,0.0
AC079858.1,0.0
AL133330.2,0.0
ANXA10,0.0
AC116634.1,0.0
AC079349.1,0.0
AC097487.1,0.0
LINC01179,0.0
AL133330.1,0.0
AC002401.3,0.0
AC002401.4,0.0
AP000793.1,0.0
AP002802.1,0.0
AP003398.2,0.0
LINC02477,0.0
LINC02233,0.0
AC074344.2,0.0
GK3P,0.0
TRIM75P,0.0
LINC02722,0.0
AC106872.9,0.0
AC106872.12,0.0
APELA,0.0
SMIM31,0.0
AC113192.3,0.0
AL049629.1,0.0
CD44-AS1,0.0
AL356215.1,0.0
AC015909.4,0.0
AC015909.1,0.0
AC005920.4,0.0
AC091062.1,0.0
LINC02707,0.0
AC121161.2,0.0
AC098679.6,0.0
AC017037.5,0.0
AC093817.1,0.0
AL137224.1,0.0
AC004590.1,0.0
AC021491.3,0.0
AC021491.1,0.0
AC021491.4,0.0
AC004707.1,0.0
AC022272.1,0.0
AC023136.1,0.0
AC104793.1,0.0
LINC02089,0.0
LINC01982,0.0
AC005823.1,0.0
AC005823.2,0.0
ELF5,0.0
AC092608.1,0.0
AC096736.1,0.0
AC096736.2,0.0
LINC02272,0.0
AC096736.3,0.0
ASIC5,0.0
AC132216.1,0.0
AC097467.1,0.0
AC005920.2,0.0
AC005920.3,0.0
AC005920.1,0.0
AC093599.1,0.0
AC106882.1,0.0
FBXW7-AS1,0.0
AP000873.3,0.0
AP001767.3,0.0
AC009567.1,0.0
FGG,0.0
FGA,0.0
FGB,0.0
AC079298.2,0.0
AC079298.1,0.0
AC020703.1,0.0
AP000893.2,0.0
LINC02734,0.0
KIF2B,0.0
C17orf112,0.0
AL078612.2,0.0
AC015845.2,0.0
CCDC182,0.0
AC007431.1,0.0
AC007431.2,0.0
AL078612.1,0.0
AC003950.1,0.0
AL035078.2,0.0
AL035078.3,0.0
AC015912.1,0.0
AP001831.1,0.0
AC090618.1,0.0
AP003128.1,0.0
CCDC83,0.0
AP000857.2,0.0
AC106865.2,0.0
OR4D2,0.0
AP002370.2,0.0
LINC02721,0.0
AC113192.1,0.0
AC015845.1,0.0
AC080078.1,0.0
TRIM64B,0.0
AC079340.1,0.0
AC079340.3,0.0
LINC02273,0.0
TRIM49,0.0
AC097375.1,0.0
AC097375.2,0.0
AC112242.1,0.0
AC112242.2,0.0
AC107074.1,0.0
AC011195.2,0.0
AP003122.2,0.0
TRIM77,0.0
AP003400.1,0.0
TYR,0.0
FAM160A1-DT,0.0
AC104819.3,0.0
PRSS48,0.0
AP005436.2,0.0
AC110813.1,0.0
AC105343.2,0.0
AC105343.1,0.0
AC093893.1,0.0
AP005436.1,0.0
AP005436.3,0.0
EPX,0.0
LINC01095,0.0
AC108206.1,0.0
AC104791.1,0.0
C4orf51,0.0
AC093864.1,0.0
IQCM,0.0
AP000676.5,0.0
LINC02430,0.0
AC108156.1,0.0
AC002460.1,0.0
LINC02711,0.0
AC069272.1,0.0
AC093835.1,0.0
LINC02507,0.0
AC097450.1,0.0
LINC02756,0.0
AC005702.5,0.0
LINC02748,0.0
SMAD1-AS1,0.0
SMAD1-AS2,0.0
AC093796.1,0.0
LINC02266,0.0
AC109811.1,0.0
AC106871.1,0.0
DISC1FP1,0.0
AL137804.1,0.0
AC099850.3,0.0
AC092435.3,0.0
AC092435.1,0.0
AC092435.2,0.0
POU4F2,0.0
AC097372.1,0.0
AC005746.1,0.0
AL353699.1,0.0
AC005746.3,0.0
FSHB,0.0
LINC01999,0.0
AC107973.1,0.0
AC097658.2,0.0
AC139720.1,0.0
AC139720.2,0.0
LINC02276,0.0
AC097504.2,0.0
LINC02546,0.0
C17orf64,0.0
AC025048.1,0.0
AC110058.1,0.0
AP000648.9,0.0
UBTFL1,0.0
TRIM49C,0.0
AC109927.2,0.0
AC109927.1,0.0
AC093766.1,0.0
TRIM64,0.0
AC107220.1,0.0
AC096733.1,0.0
TRIM49D2,0.0
AC090791.1,0.0
MGAT4D,0.0
AC131182.1,0.0
LINC02742,0.0
AC005901.1,0.0
TBX4,0.0
LINC02758,0.0
AC116563.1,0.0
LINC02510,0.0
AC005828.5,0.0
AC005828.4,0.0
AC005828.3,0.0
AC005828.1,0.0
AC005828.2,0.0
AC015923.1,0.0
AC006270.1,0.0
AC013714.1,0.0
AC005821.2,0.0
AC090159.1,0.0
AC080038.2,0.0
AC103796.1,0.0
AC018628.2,0.0
AC112236.1,0.0
AP003969.1,0.0
GH1,0.0
CSHL1,0.0
CSH1,0.0
GH2,0.0
CSH2,0.0
AC098859.2,0.0
MTNR1B,0.0
LINC00498,0.0
AC093903.1,0.0
AP003171.1,0.0
AP003718.1,0.0
AC097511.1,0.0
AC131956.1,0.0
AC131956.3,0.0
AC131956.2,0.0
AC073429.1,0.0
AC018680.1,0.0
AC073429.2,0.0
LINC00613,0.0
AC105362.1,0.0
AP000722.1,0.0
AP000943.1,0.0
AC104619.2,0.0
AC093722.1,0.0
LINC02462,0.0
ANO3-AS1,0.0
AC021698.1,0.0
AC013799.1,0.0
LINC02699,0.0
AC127029.2,0.0
SCN4A,0.0
LINC02686,0.0
LINC02466,0.0
AC100768.1,0.0
AC007448.3,0.0
AC005544.2,0.0
AC005544.1,0.0
CACNG5,0.0
LINC02726,0.0
PRKCA-AS1,0.0
APOH,0.0
LINC02563,0.0
AC037487.2,0.0
AP000786.1,0.0
AC103810.5,0.0
AC005803.1,0.0
IZUMO1R,0.0
HEPHL1,0.0
AC078850.2,0.0
AC078850.1,0.0
AC090124.1,0.0
LINC01495,0.0
AC040936.1,0.0
AC107886.1,0.0
LINC01256,0.0
AC114741.1,0.0
AC096711.1,0.0
AC093916.1,0.0
AC107882.1,0.0
AC130307.1,0.0
LINC02377,0.0
AC093831.1,0.0
LINC02479,0.0
AP000820.1,0.0
AC093772.2,0.0
AP000820.2,0.0
AC096773.1,0.0
AP001790.1,0.0
LINC02379,0.0
AC104664.1,0.0
LINC02516,0.0
AC133530.1,0.0
AC121154.1,0.0
AC108075.1,0.0
AC096732.1,0.0
AC134407.1,0.0
AC079331.3,0.0
KDM4F,0.0
AC082650.1,0.0
AC079341.2,0.0
AC105254.1,0.0
KDM4E,0.0
LINC02435,0.0
AC093821.1,0.0
AC053545.1,0.0
IL21-AS1,0.0
IL21,0.0
IL2,0.0
ADAD1,0.0
ABCA9-AS1,0.0
AC011591.1,0.0
AP002383.2,0.0
AC079210.1,0.0
AC007780.1,0.0
LINC02700,0.0
AC097173.2,0.0
LINC02502,0.0
LINC01365,0.0
AC090707.2,0.0
AC093752.2,0.0
AC093752.3,0.0
FABP2,0.0
AC118653.1,0.0
DBX1,0.0
AC011990.1,0.0
LINC01028,0.0
AC005208.1,0.0
NAV2-AS1,0.0
NAV2-AS3,0.0
NAV2-AS5,0.0
AC005495.2,0.0
AC137735.1,0.0
AC125421.2,0.0
AC009652.1,0.0
LINC00469,0.0
AC125421.1,0.0
AC032019.2,0.0
AC032019.1,0.0
CPSF4L,0.0
AP002428.1,0.0
AP003715.1,0.0
AC011120.1,0.0
AC080037.2,0.0
AC007639.1,0.0
LINC02713,0.0
LINC02553,0.0
AC005144.1,0.0
CD300LB,0.0
GPR142,0.0
AC103809.1,0.0
LINC02737,0.0
AC100786.2,0.0
LINC02264,0.0
LINC02262,0.0
JRKL-AS1,0.0
AP000779.1,0.0
CCDC179,0.0
AC093765.5,0.0
AC106892.1,0.0
MMP1,0.0
MMP10,0.0
AC137735.2,0.0
AC137735.3,0.0
OTOP2,0.0
MMP8,0.0
AC016888.1,0.0
MMP27,0.0
AC064805.2,0.0
CD300E,0.0
AC104779.1,0.0
AC093879.2,0.0
AC093879.1,0.0
AP000851.2,0.0
AP000851.1,0.0
MIR302CHG,0.0
MMP20,0.0
C17orf77,0.0
CD300LD,0.0
MMP7,0.0
AP001830.2,0.0
AC104663.1,0.0
LINC02173,0.0
GIMD1,0.0
ZCCHC23,0.0
AP000942.2,0.0
AC004704.1,0.0
AC139718.1,0.0
AC139718.2,0.0
AC083795.2,0.0
LINC01438,0.0
PITX2,0.0
PANCR,0.0
AC098798.1,0.0
HID1-AS1,0.0
OTOP3,0.0
AC105460.1,0.0
AC105460.2,0.0
LINC02428,0.0
AC018797.3,0.0
AC109361.2,0.0
AC008243.1,0.0
ARHGEF38-IT1,0.0
ARHGEF38,0.0
AC004066.2,0.0
AP001527.1,0.0
AC096577.1,0.0
AC004053.1,0.0
AC004063.1,0.0
DDI1,0.0
AC022211.1,0.0
AP003043.1,0.0
E2F8,0.0
ADH1A,0.0
ADH6,0.0
CSRP3-AS1,0.0
AC084277.1,0.0
LINC01218,0.0
LINC01217,0.0
LINC01216,0.0
AC097459.1,0.0
AP001961.1,0.0
AC087749.1,0.0
AC087749.2,0.0
AC011933.3,0.0
MRGPRX2,0.0
AC011933.4,0.0
AC004052.1,0.0
AC096746.1,0.0
ATOH1,0.0
AC023078.1,0.0
ADH4,0.0
MRGPRX1,0.0
AC019131.1,0.0
AC108159.1,0.0
AC103974.2,0.0
AC034154.1,0.0
AC087289.4,0.0
AC103974.1,0.0
AC027544.2,0.0
AC087289.1,0.0
AC083902.1,0.0
C4orf17,0.0
ADH7,0.0
LNCPRESS2,0.0
AC097520.2,0.0
AC093810.1,0.0
AC074124.1,0.0
AC004054.1,0.0
AC105445.1,0.0
AP002989.1,0.0
AC097478.2,0.0
AC097478.3,0.0
AC097478.1,0.0
AP002961.1,0.0
AC108515.1,0.0
AP001486.2,0.0
PDHA2,0.0
AC108067.1,0.0
MMP13,0.0
MMP12,0.0
AC131944.1,0.0
IBSP,0.0
DMP1,0.0
DSPP,0.0
AC093895.1,0.0
AC108516.1,0.0
AC005837.4,0.0
AC015802.7,0.0
AC015802.1,0.0
ST6GALNAC2,0.0
PIGY,0.0
AC107067.1,0.0
AC124301.1,0.0
AC095059.1,0.0
SAA1,0.0
AC079160.1,0.0
AC021192.1,0.0
AC114781.2,0.0
MRGPRX4,0.0
SLC10A6,0.0
AC104827.1,0.0
AC090099.2,0.0
WDFY3-AS1,0.0
AC104063.1,0.0
AC111170.2,0.0
AC111182.2,0.0
AC090099.1,0.0
AC068594.1,0.0
SEPTIN9-DT,0.0
AC016168.1,0.0
LINC00868,0.0
PCAT4,0.0
LINC02469,0.0
AC092542.1,0.0
LINC00989,0.0
GK2,0.0
NAA11,0.0
MRGPRX3,0.0
AP001001.1,0.0
CARD17,0.0
LINC01973,0.0
AP003123.1,0.0
AP003027.1,0.0
AC111170.1,0.0
AC067942.4,0.0
AC103794.1,0.0
AC139722.1,0.0
AC110795.1,0.0
AC009869.1,0.0
AC087379.1,0.0
AC112719.2,0.0
AC073172.1,0.0
AC110615.1,0.0
LINC02751,0.0
AC022966.1,0.0
CALCA,0.0
AP002433.2,0.0
AP002001.3,0.0
AC087645.4,0.0
CXCL13,0.0
AC092674.1,0.0
AC107072.1,0.0
AC021127.1,0.0
AC096759.1,0.0
LINC02483,0.0
LINC02719,0.0
MYOD1,0.0
AC110760.1,0.0
AC110760.2,0.0
AC098825.1,0.0
AC239584.1,0.0
AREG,0.0
AC021180.1,0.0
AC100791.2,0.0
ENPP7,0.0
LINC02729,0.0
AC021534.1,0.0
C1QTNF1-AS1,0.0
AP003973.3,0.0
LINC02550,0.0
AP003973.2,0.0
PPBP,0.0
AP003973.4,0.0
SPON1-AS1,0.0
LINC02545,0.0
AC027779.1,0.0
CXCL8,0.0
UMLILO,0.0
FAR1-IT1,0.0
AC116025.1,0.0
AC116025.2,0.0
PTH,0.0
AC013762.1,0.0
AC100791.1,0.0
AC096759.2,0.0
AC027601.3,0.0
LINC02732,0.0
AC115099.1,0.0
LINC02715,0.0
LINC02499,0.0
AFM,0.0
AC095056.1,0.0
AC068721.1,0.0
GC,0.0
AC127496.6,0.0
AC127496.4,0.0
AC127496.3,0.0
AP003049.2,0.0
AC016245.1,0.0
AC120024.1,0.0
AC013549.3,0.0
AC107881.1,0.0
AC009570.2,0.0
AC009806.1,0.0
AMBN,0.0
AMTN,0.0
MUC7,0.0
OPRPN,0.0
SMR3B,0.0
SMR3A,0.0
CABS1,0.0
CSN3,0.0
FDCSP,0.0
ODAM,0.0
AC025300.1,0.0
LINC00482,0.0
AC027601.2,0.0
HTN3,0.0
STATH,0.0
CSN2,0.0
SULT1E1,0.0
UGT2A2,0.0
UGT2A1,0.0
UGT2B4,0.0
UGT2B28,0.0
UGT2B11,0.0
AC111000.4,0.0
UGT2B7,0.0
UGT2A3,0.0
AC079329.1,0.0
AC139149.1,0.0
AC110285.4,0.0
AC110285.3,0.0
AC021146.12,0.0
UGT2B10,0.0
UGT2B15,0.0
UGT2B17,0.0
TMPRSS11E,0.0
TMPRSS11B,0.0
TMPRSS11F,0.0
TMPRSS11A,0.0
AC124276.2,0.0
GNRHR,0.0
STAP1,0.0
AC124276.1,0.0
AP002008.1,0.0
GCGR,0.0
PRR27,0.0
AP002008.4,0.0
AC132872.3,0.0
AC129510.2,0.0
AC129510.1,0.0
AC110809.1,0.0
AC096721.1,0.0
AC116049.2,0.0
LINC02835,0.0
BTG4,0.0
TECRL,0.0
AC093730.1,0.0
AC097491.1,0.0
ADGRL3-AS1,0.0
AC145207.7,0.0
AC145207.1,0.0
AC145207.4,0.0
AC145207.8,0.0
LINC02496,0.0
AP002448.1,0.0
AC093857.1,0.0
AC096588.1,0.0
AC108517.1,0.0
AC108517.2,0.0
AC097501.1,0.0
LINC02429,0.0
LINC02619,0.0
AC017091.1,0.0
AC019133.1,0.0
LINC02494,0.0
AC104790.1,0.0
AC093725.1,0.0
C11orf53,0.0
AP002884.1,0.0
AC080023.1,0.0
AC100763.1,0.0
AC107396.1,0.0
AC013724.1,0.0
LINC02380,0.0
AC105390.1,0.0
AC011092.3,0.0
AC011092.2,0.0
LINC02709,0.0
NARF-AS1,0.0
AC023946.1,0.0
KC877392.1,0.0
LINC02752,0.0
UTS2R,0.0
TEX19,0.0
AP000907.2,0.0
AC111194.2,0.0
AC111194.1,0.0
LINC02358,0.0
AC097494.1,0.0
LINC02260,0.0
AC098868.1,0.0
ALG9-IT1,0.0
AC087222.1,0.0
ZNF750,0.0
AC068014.1,0.0
AC024361.3,0.0
AC124283.2,0.0
AP001781.1,0.0
AC022267.1,0.0
RASSF10-DT,0.0
AC013549.1,0.0
AP002840.1,0.0
AC110792.4,0.0
AC110792.2,0.0
AC105384.1,0.0
AC124017.1,0.0
LNX1-AS2,0.0
LNX1-AS1,0.0
AC104066.4,0.0
AC132192.1,0.0
AP000915.1,0.0
AP001005.3,0.0
TUBB8P12,0.0
LINC02564,0.0
AC139099.1,0.0
AC130371.1,0.0
AC021220.2,0.0
AP005328.1,0.0
LINC01904,0.0
AP006259.1,0.0
AC079296.2,0.0
AC097522.2,0.0
LINC02480,0.0
ASCL3,0.0
OCIAD1-AS1,0.0
AP000894.3,0.0
C11orf16,0.0
AP001020.1,0.0
AP001020.3,0.0
AP001178.2,0.0
AP001178.1,0.0
CETN1,0.0
LINC01925,0.0
AP000919.3,0.0
AC026894.1,0.0
AC091053.1,0.0
AC016902.1,0.0
AC108467.1,0.0
AP003100.1,0.0
CNGA1,0.0
AC107068.2,0.0
AP003100.3,0.0
AC107398.2,0.0
PLET1,0.0
AP001011.1,0.0
NXPE4,0.0
AP005057.1,0.0
AC019183.1,0.0
AP005262.2,0.0
LINC01892,0.0
AP005203.1,0.0
NXPE1,0.0
AP002478.1,0.0
LINC02383,0.0
AC097451.1,0.0
AC111198.1,0.0
GRXCR1,0.0
AP002518.1,0.0
AC096734.2,0.0
AP002518.2,0.0
AC024022.1,0.0
AC091053.2,0.0
IGLJCOR18,0.0
LINC01895,0.0
AP005329.2,0.0
RIC3-DT,0.0
TUB-AS1,0.0
AP001496.1,0.0
CASC23,0.0
LINC00682,0.0
AC105389.1,0.0
AC105389.3,0.0
PHOX2B,0.0
AC105389.2,0.0
AC108050.1,0.0
UCHL1-AS1,0.0
AC131953.1,0.0
AC131953.2,0.0
OR10A3,0.0
AP001496.4,0.0
AP005380.1,0.0
LINC00668,0.0
AP005210.2,0.0
OR10A6,0.0
AC021860.1,0.0
AC098869.2,0.0
CHRNA9,0.0
AC095057.2,0.0
AP003170.3,0.0
CLDN25,0.0
AP005205.1,0.0
AP005202.1,0.0
LINC01387,0.0
AP005202.2,0.0
AP001021.2,0.0
AP001021.3,0.0
AP005059.1,0.0
AP001531.1,0.0
AP003170.4,0.0
AP006216.2,0.0
AP001793.1,0.0
LINC02702,0.0
AP002991.2,0.0
LINC02698,0.0
AC006566.1,0.0
AP000997.3,0.0
AP005900.1,0.0
AP000997.2,0.0
AP000897.2,0.0
AP003174.1,0.0
LRRC30,0.0
AP005062.1,0.0
AP002409.1,0.0
AP003174.2,0.0
AP000462.2,0.0
LINC02856,0.0
AP001381.1,0.0
AP000462.1,0.0
AP000462.3,0.0
AP000465.1,0.0
LINC01259,0.0
LINC01258,0.0
AP000892.1,0.0
AC098680.1,0.0
AC098680.2,0.0
AP000936.1,0.0
AC022463.1,0.0
AL136537.1,0.0
APOC3,0.0
AP005229.2,0.0
AP005229.1,0.0
AP005120.1,0.0
AP001180.4,0.0
AP001180.1,0.0
AP001180.2,0.0
APOA4,0.0
AP001099.1,0.0
AP006219.3,0.0
LINC01254,0.0
AP006219.2,0.0
AP006219.1,0.0
AP005209.1,0.0
AP005209.2,0.0
AP005271.1,0.0
OR5P3,0.0
LINC01255,0.0
LINC01928,0.0
AP001109.1,0.0
LINC02616,0.0
AC093746.1,0.0
LINC02505,0.0
AC104078.2,0.0
OR5P2,0.0
AC093689.1,0.0
AC110790.1,0.0
AC104237.1,0.0
AC104237.3,0.0
AC079772.1,0.0
AC097535.1,0.0
AC093606.1,0.0
AC116611.1,0.0
AC093791.1,0.0
AP001029.1,0.0
AP005264.1,0.0
AP005264.3,0.0
AP005264.4,0.0
AP002414.5,0.0
AP001542.3,0.0
AC104237.2,0.0
AP001269.2,0.0
AP005137.2,0.0
OVCH2,0.0
AP005137.1,0.0
AC107884.2,0.0
AP001120.1,0.0
AP001120.2,0.0
SLC35G4,0.0
AP002505.1,0.0
RBMXL2,0.0
AP001198.2,0.0
AP005482.2,0.0
LINC02353,0.0
AC097654.1,0.0
LINC02506,0.0
LINC02501,0.0
AC104071.1,0.0
LINC02497,0.0
AC097716.1,0.0
LINC02472,0.0
AC109349.1,0.0
AP006216.3,0.0
AP000757.2,0.0
AC091564.3,0.0
AC091564.2,0.0
AP005131.2,0.0
AC093791.2,0.0
AC024132.3,0.0
LINC02261,0.0
AC024132.1,0.0
AC024132.2,0.0
AC068733.1,0.0
LINC02357,0.0
AC133961.1,0.0
AC092436.3,0.0
AP005131.4,0.0
AP005131.5,0.0
LDLRAD4-AS1,0.0
AP002439.1,0.0
AP002505.3,0.0
OR2D3,0.0
OR2D2,0.0
LINC01906,0.0
AP006565.1,0.0
OR10A4,0.0
OR10A2,0.0
AC104662.1,0.0
OR10A5,0.0
POTEC,0.0
OR52W1,0.0
AC006557.3,0.0
AC006557.1,0.0
MC2R,0.0
OR52B2,0.0
AP001010.1,0.0
AP005131.3,0.0
AC091588.3,0.0
AC091588.1,0.0
AC022762.1,0.0
GATA6-AS1,0.0
AC091043.1,0.0
LINC01900,0.0
AC103987.2,0.0
AC106037.3,0.0
OR56B4,0.0
AC015878.1,0.0
AC015878.2,0.0
OR56A4,0.0
AP005242.5,0.0
AP005242.1,0.0
AP005242.3,0.0
AP005121.2,0.0
AC010754.1,0.0
OR52L1,0.0
OR56A5,0.0
OR56A3,0.0
AC090912.1,0.0
AC027449.1,0.0
ERVH-1,0.0
AC093607.1,0.0
AC092440.1,0.0
OR52E5,0.0
OR52E4,0.0
AC096576.2,0.0
AC096576.3,0.0
AC110296.1,0.0
SLIT2-IT1,0.0
AC091588.2,0.0
CD3E,0.0
AC104656.1,0.0
TMPRSS4,0.0
AC108063.1,0.0
AC108063.2,0.0
FGFBP1,0.0
AC110767.1,0.0
AC024230.1,0.0
LINC02438,0.0
AC093871.1,0.0
AC093898.1,0.0
SMIM35,0.0
AC048382.4,0.0
CLRN2,0.0
LINC02493,0.0
AC106894.1,0.0
AC104961.1,0.0
OR52E6,0.0
OR52N2,0.0
AC006296.1,0.0
AC006296.2,0.0
OR52N1,0.0
OR52N5,0.0
AC073848.1,0.0
OR52N4,0.0
LINC01096,0.0
AC007922.1,0.0
OR52B6,0.0
OR52H1,0.0
AC023983.1,0.0
AC090772.1,0.0
AC090772.2,0.0
AC117569.1,0.0
AC074237.1,0.0
AC090365.1,0.0
AC110015.1,0.0
UBQLN3,0.0
AC068408.2,0.0
OR52D1,0.0
CNGA4,0.0
C11orf42,0.0
AC018371.1,0.0
PCAT18,0.0
LINC01543,0.0
OR51B6,0.0
OR51B5,0.0
AC110603.1,0.0
AC105114.2,0.0
DSC3,0.0
AC016382.1,0.0
AC090506.1,0.0
OR51B4,0.0
NKX3-2,0.0
LINC01097,0.0
AC006445.3,0.0
BGLT3,0.0
LINC02270,0.0
AC108037.1,0.0
LINC02360,0.0
AC104389.2,0.0
LINC02498,0.0
AC084048.1,0.0
CLNK,0.0
AC117569.2,0.0
AC005599.1,0.0
AC005674.1,0.0
AC108199.1,0.0
OR52E8,0.0
USP17L30,0.0
USP17L29,0.0
USP17L28,0.0
USP17L27,0.0
USP17L5,0.0
USP17L26,0.0
OR51F2,0.0
DSG2-AS1,0.0
AC021549.1,0.0
OR52R1,0.0
DSG1-AS1,0.0
AP001360.3,0.0
AP003390.1,0.0
AC104985.1,0.0
AC091198.1,0.0
AC090371.1,0.0
AC090371.2,0.0
NECTIN1-AS1,0.0
AC025887.1,0.0
AC009835.1,0.0
AC015563.2,0.0
AP003396.3,0.0
MEP1B,0.0
MFRP,0.0
AP003396.1,0.0
PDZD3,0.0
AC022960.1,0.0
SLC25A52,0.0
USP17L24,0.0
USP17L23,0.0
USP17L22,0.0
USP17L21,0.0
USP17L20,0.0
USP17L19,0.0
USP17L18,0.0
USP17L17,0.0
USP17L15,0.0
USP17L13,0.0
USP17L12,0.0
USP17L11,0.0
USP17L10,0.0
FAM90A26,0.0
OR51I2,0.0
AC022601.1,0.0
PSAPL1,0.0
OR51I1,0.0
AC097382.1,0.0
AC116612.1,0.0
AC209005.1,0.0
CPZ,0.0
OR51Q1,0.0
AC105345.2,0.0
LINC02517,0.0
AP001360.2,0.0
AC097381.3,0.0
OR51V1,0.0
OR52A5,0.0
AC113331.1,0.0
OR52E2,0.0
USP17L25,0.0
AC108452.1,0.0
LINC01587,0.0
OR52J3,0.0
STX18-IT1,0.0
AC105415.1,0.0
AC106045.1,0.0
OR51L1,0.0
OR51A2,0.0
AC113615.2,0.0
AC092442.1,0.0
AC090386.1,0.0
AC016493.1,0.0
AC055840.1,0.0
AC023043.4,0.0
AC097381.1,0.0
AC112254.1,0.0
OR51A4,0.0
OTOP1,0.0
LINC02171,0.0
AL121796.1,0.0
LINC00955,0.0
AL590235.1,0.0
OR51G1,0.0
OR51G2,0.0
AC087683.3,0.0
OR51A7,0.0
AC068688.1,0.0
LINC01477,0.0
LINC01901,0.0
AC099845.1,0.0
OR51T1,0.0
AC100781.1,0.0
OR51S1,0.0
AP001924.1,0.0
NKX1-1,0.0
AL121750.1,0.0
AL645924.1,0.0
AL158068.2,0.0
AL136360.2,0.0
AC023421.2,0.0
OR51F1,0.0
AC091151.1,0.0
AC021517.2,0.0
AC021517.1,0.0
MMP26,0.0
AC090376.1,0.0
LINC01478,0.0
OR51C1P,0.0
ELOA3D,0.0
ELOA3B,0.0
ELOA3,0.0
AC139887.5,0.0
AC139887.3,0.0
AC139887.1,0.0
AC107464.2,0.0
AC018931.1,0.0
SIGLEC15,0.0
OR52I2,0.0
AC078852.1,0.0
AC078852.2,0.0
C11orf40,0.0
OR52M1,0.0
AC092535.4,0.0
AC019103.1,0.0
AC016866.2,0.0
AC016866.1,0.0
AC114684.1,0.0
AC093567.1,0.0
AC048380.1,0.0
AC092574.2,0.0
OR52K1,0.0
OR52K2,0.0
AC105101.2,0.0
AC120349.1,0.0
AC102797.1,0.0
MIR4527HG,0.0
AC051635.1,0.0
SKOR2,0.0
AC012254.1,0.0
ELOA2,0.0
AC128709.2,0.0
AL121981.1,0.0
OR52B4,0.0
SSU72P7,0.0
NCBP2-AS1,0.0
AC055764.1,0.0
AP000977.1,0.0
AP001150.1,0.0
AC128709.3,0.0
AC128709.1,0.0
LINC02837,0.0
AC100778.3,0.0
AC100778.2,0.0
AC100778.4,0.0
AC100778.1,0.0
AC044840.1,0.0
OR10G6,0.0
AC124944.3,0.0
OR10S1,0.0
MUC4,0.0
OR6T1,0.0
AC092933.2,0.0
OR4D5,0.0
UBXN7-AS1,0.0
TM4SF19,0.0
AC069257.1,0.0
TMEM225,0.0
AC012433.2,0.0
AC105227.1,0.0
AC090246.1,0.0
AC091044.1,0.0
AC090227.3,0.0
LINC01416,0.0
AC027584.1,0.0
AC022031.1,0.0
AC022031.2,0.0
TCF4-AS2,0.0
TCF4-AS1,0.0
AC098848.1,0.0
OR6M1,0.0
DYNAP,0.0
AC093462.1,0.0
LINC01919,0.0
OR6X1,0.0
AC016383.1,0.0
AC016383.3,0.0
LINC00885,0.0
LINC02727,0.0
AC012301.1,0.0
AC006305.3,0.0
AP001970.1,0.0
BSX,0.0
AP002762.2,0.0
AP000755.1,0.0
XXYLT1-AS1,0.0
AC090505.2,0.0
AP001924.2,0.0
OR8B12,0.0
AC106706.2,0.0
AC106706.1,0.0
OR8B8,0.0
AC108676.1,0.0
OR8B4,0.0
OR8B3,0.0
AC105105.3,0.0
OR8B2,0.0
AC105105.4,0.0
MIR122HG,0.0
AC105105.2,0.0
AC090236.1,0.0
OR8D2,0.0
AC107896.1,0.0
LINC01897,0.0
AC090340.1,0.0
LINC02565,0.0
BOD1L2,0.0
AC100775.1,0.0
LINC-ROR,0.0
AC012301.2,0.0
WDR7-OT1,0.0
OR8D1,0.0
AC104365.1,0.0
AC104971.3,0.0
AC104971.2,0.0
AC105105.1,0.0
OR8G5,0.0
LRRC15,0.0
CPN2,0.0
AC117469.1,0.0
LINC02048,0.0
OR8G1,0.0
OR10D3,0.0
OR10G7,0.0
AC080129.1,0.0
AC024559.2,0.0
AC024559.1,0.0
OR10G8,0.0
OR10G9,0.0
AC090621.1,0.0
AC090771.2,0.0
OR10G4,0.0
MRGPRG-AS1,0.0
MRGPRG,0.0
AC010776.1,0.0
AC090213.1,0.0
AC016229.1,0.0
AC016229.2,0.0
CPLX4,0.0
RAX,0.0
AC040963.1,0.0
LINC01926,0.0
AC104365.2,0.0
LINC01544,0.0
AC105094.1,0.0
AC108448.1,0.0
CARS-AS1,0.0
AC131971.1,0.0
LINC02038,0.0
AC069421.3,0.0
AC069421.2,0.0
OPA1-AS1,0.0
SSU72P3,0.0
SSU72P4,0.0
AC092966.1,0.0
SSU72P2,0.0
FGF12-AS2,0.0
FGF12-AS1,0.0
SSU72P5,0.0
RRM1-AS1,0.0
SERPINB12,0.0
AC036176.3,0.0
SERPINB5,0.0
AC022726.2,0.0
AC026320.3,0.0
AC026320.1,0.0
PYDC2,0.0
OSTN-AS1,0.0
AC090587.2,0.0
LINC02013,0.0
AC108747.1,0.0
TMEM207,0.0
ART1,0.0
AC100843.1,0.0
AC027514.2,0.0
PKNOX2-AS1,0.0
AC023394.1,0.0
AC023394.2,0.0
AC090358.1,0.0
LINC01916,0.0
AC007631.1,0.0
AC007948.1,0.0
AC090348.1,0.0
LINC01538,0.0
LINC00305,0.0
AP001007.2,0.0
SERPINB10,0.0
SERPINB7,0.0
SERPINB3,0.0
SERPINB11,0.0
SERPINB4,0.0
AC068112.1,0.0
AC100844.1,0.0
KCNQ1-AS1,0.0
AC022655.1,0.0
TRPM5,0.0
TPRG1-AS2,0.0
TPRG1,0.0
AC124057.1,0.0
LPP-AS1,0.0
AC022498.1,0.0
AC092941.2,0.0
AC092941.1,0.0
LINC01991,0.0
AC068295.1,0.0
AC108681.1,0.0
TSPAN32,0.0
AP003501.2,0.0
AC072022.1,0.0
RTP2,0.0
LINC02041,0.0
AC007920.1,0.0
ADIPOQ-AS1,0.0
AP003501.1,0.0
AC112907.1,0.0
AC090337.2,0.0
AP000866.5,0.0
AC127526.1,0.0
AC096708.2,0.0
AC022035.1,0.0
AC005909.1,0.0
LINC01912,0.0
AC123788.1,0.0
AC109309.1,0.0
AC079062.1,0.0
AC023301.1,0.0
AC069114.1,0.0
AC027458.1,0.0
PATE4,0.0
LINC01541,0.0
AC091691.2,0.0
AC091691.3,0.0
AC090415.2,0.0
GTSCR1,0.0
AC091646.1,0.0
LINC01910,0.0
LIVAR,0.0
PATE3,0.0
AC068254.1,0.0
PATE1,0.0
LINC01839,0.0
IGF2BP2-AS1,0.0
EHHADH-AS1,0.0
INS,0.0
AC132217.2,0.0
MRPL23-AS1,0.0
PRR33,0.0
AC051649.1,0.0
LINC02051,0.0
LINC02052,0.0
AP001007.1,0.0
ETV5-AS1,0.0
AC090398.1,0.0
AC090125.1,0.0
AC079070.1,0.0
LINC01898,0.0
AC090338.1,0.0
AC090812.1,0.0
AC012101.1,0.0
AC116003.2,0.0
SMIM21,0.0
KRTAP5-5,0.0
AC015819.5,0.0
AC015819.1,0.0
AC015819.2,0.0
AC009704.1,0.0
KRTAP5-4,0.0
AC009704.3,0.0
KRTAP5-3,0.0
C18orf63,0.0
AP002833.2,0.0
KIRREL3-AS2,0.0
AC103808.1,0.0
AC103808.3,0.0
AC103808.4,0.0
AC131235.2,0.0
HTR3E,0.0
HTR3E-AS1,0.0
HTR3C,0.0
HTR3D,0.0
ABCC5-AS1,0.0
AC103808.2,0.0
LINC01893,0.0
AC103808.6,0.0
AC011095.1,0.0
AC090457.1,0.0
AC021506.1,0.0
KIRREL3-AS1,0.0
AP001318.1,0.0
AC124254.2,0.0
AC100863.1,0.0
AC018529.2,0.0
AP001893.1,0.0
AP001893.3,0.0
LAMP3,0.0
MCCC1-AS1,0.0
AC069431.1,0.0
AC083801.2,0.0
LINC02031,0.0
LINC01927,0.0
AP000821.1,0.0
ETS1-AS1,0.0
AC009716.1,0.0
LINC02098,0.0
AC018445.6,0.0
AC018445.1,0.0
AC018445.5,0.0
AC023090.1,0.0
LINC02725,0.0
AC125437.3,0.0
AC091027.3,0.0
AC091027.1,0.0
AC091027.2,0.0
AC044873.1,0.0
AC012572.1,0.0
AC087399.1,0.0
KIRREL3-AS3,0.0
AC134978.1,0.0
LINC01029,0.0
LINC02053,0.0
SYT8,0.0
PEX5L-AS2,0.0
PEX5L-AS1,0.0
AC068580.2,0.0
AC068580.1,0.0
AC068580.3,0.0
KRTAP5-6,0.0
LINC02708,0.0
AC109131.1,0.0
AC012081.1,0.0
AC012081.2,0.0
AC108734.4,0.0
CCDC39-AS1,0.0
AC068473.1,0.0
AC068473.4,0.0
NAALADL2-AS2,0.0
NAALADL2-AS3,0.0
AC010641.1,0.0
AC016588.1,0.0
AC092192.1,0.0
FAM99B,0.0
FAM138F,0.0
AC008993.3,0.0
AC021594.2,0.0
AC021594.1,0.0
AC068473.2,0.0
AC076966.2,0.0
FAM99A,0.0
AC110992.1,0.0
AP006285.1,0.0
AC125618.1,0.0
AP006621.4,0.0
GHSR,0.0
TMEM212-IT1,0.0
AC131934.1,0.0
TMEM212-AS1,0.0
LINC02015,0.0
AC026355.2,0.0
AC026355.3,0.0
AC117465.1,0.0
CDHR5,0.0
TBL1XR1-AS1,0.0
MUC6,0.0
AP006621.1,0.0
AC104640.1,0.0
NAALADL2-AS1,0.0
AC008180.2,0.0
SLC2A2,0.0
KRTAP5-2,0.0
KRTAP5-1,0.0
LINC02689,0.0
MUC5B-AS1,0.0
AC073288.2,0.0
AC073288.1,0.0
AC061979.1,0.0
MUC2,0.0
AP002856.3,0.0
AC005775.1,0.0
AC137894.1,0.0
NLGN1-AS1,0.0
AC068759.1,0.0
SPATA16,0.0
ANO9,0.0
AC007849.1,0.0
AC074033.1,0.0
LINC01997,0.0
C11orf44,0.0
AP003327.2,0.0
LINC01395,0.0
AP003500.1,0.0
AC005379.1,0.0
AP006621.2,0.0
AC136475.8,0.0
PRSS57,0.0
SEC62-AS1,0.0
SAMD7,0.0
AC136475.4,0.0
AC136475.2,0.0
IFITM5,0.0
LINC01100,0.0
LINC01327,0.0
AC136475.3,0.0
LINC01326,0.0
NLRP6,0.0
SI,0.0
AC069287.2,0.0
LINC01323,0.0
AC079910.1,0.0
LINC01192,0.0
ODF3,0.0
AC131211.1,0.0
AC112770.1,0.0
AC004528.2,0.0
NTM-IT,0.0
AP000844.1,0.0
AP002856.4,0.0
AC079943.1,0.0
AC079943.2,0.0
AC084212.1,0.0
AC092944.3,0.0
AC104411.1,0.0
AP002856.1,0.0
AP001999.1,0.0
AP001999.3,0.0
SCGB1C1,0.0
AC005330.1,0.0
AC069287.3,0.0
AC069287.1,0.0
FRG2B,0.0
AP001775.2,0.0
ARL14,0.0
PLCH1-AS1,0.0
AC104831.1,0.0
AP000911.1,0.0
LINC01487,0.0
MME-AS1,0.0
AC073359.1,0.0
AC073359.2,0.0
AC092994.1,0.0
AC068985.1,0.0
LINC02730,0.0
AC007406.1,0.0
AC005256.1,0.0
KCNAB1-AS1,0.0
KCNAB1-AS2,0.0
AC007406.3,0.0
AC104472.1,0.0
AL360181.4,0.0
AC078788.2,0.0
AC078788.1,0.0
AL360181.1,0.0
AC092924.1,0.0
AC026347.1,0.0
MIR202HG,0.0
AADAC,0.0
AADACL2-AS1,0.0
CSNK1G2-AS1,0.0
VENTX,0.0
AC012615.5,0.0
AC012615.4,0.0
AC012615.3,0.0
AC012615.6,0.0
PLCH1-AS2,0.0
UTF1,0.0
AC026369.3,0.0
FAM138D,0.0
LINC02684,0.0
AC117386.1,0.0
AP003062.2,0.0
AADACL2,0.0
LINC02066,0.0
GPR87,0.0
LINC02706,0.0
FP565171.1,0.0
CLRN1,0.0
AC020636.1,0.0
TCERG1L-AS1,0.0
AC005258.2,0.0
LINC01168,0.0
AC005262.2,0.0
AL451069.1,0.0
AC006130.1,0.0
ANKUB1,0.0
WWTR1-AS1,0.0
C10orf91,0.0
TM4SF4,0.0
AC108751.4,0.0
AL451069.3,0.0
AC093001.1,0.0
AC093001.2,0.0
HLTF-AS1,0.0
AC006538.4,0.0
LINC02455,0.0
AC092068.1,0.0
LINC01775,0.0
CPA3,0.0
AC092979.1,0.0
AC006205.1,0.0
AGTR1,0.0
AC069410.1,0.0
LINC02046,0.0
LINC02045,0.0
AC025566.1,0.0
AC092958.2,0.0
AC092958.3,0.0
LINC02032,0.0
AC006205.2,0.0
AC092925.1,0.0
AC005414.1,0.0
AC005264.1,0.0
KF456478.1,0.0
ZIC4-AS1,0.0
LINC02010,0.0
AC005293.1,0.0
PLSCR5-AS1,0.0
CACNA1C-IT3,0.0
CACNA1C-AS4,0.0
AC005344.1,0.0
AC107021.1,0.0
AC055758.1,0.0
AC055758.2,0.0
CACTIN-AS1,0.0
AC005786.2,0.0
CACNA1C-IT2,0.0
AC005342.2,0.0
AC005551.1,0.0
AC092979.2,0.0
AC016586.1,0.0
PLS1-AS1,0.0
ATP1B3-AS1,0.0
AC112504.3,0.0
AC005343.4,0.0
AC005343.1,0.0
SLC9A9-AS2,0.0
SLC9A9-AS1,0.0
AC131210.1,0.0
LINC00942,0.0
AC018450.2,0.0
AC004672.1,0.0
RAX2,0.0
AC005954.1,0.0
AC004765.1,0.0
AC004637.1,0.0
AC011498.2,0.0
AC011498.3,0.0
AC022215.2,0.0
AC108727.2,0.0
TEX52,0.0
AC121333.1,0.0
TRIM42,0.0
CLSTN2-AS1,0.0
AC010181.2,0.0
AC010181.1,0.0
AC016933.1,0.0
AC110716.1,0.0
AC110716.2,0.0
AL354950.3,0.0
AL157832.1,0.0
AC104521.1,0.0
AL157832.2,0.0
AL355531.1,0.0
DPP9-AS1,0.0
AL359508.1,0.0
RBP2,0.0
AC024933.2,0.0
PISRT1,0.0
BPESC1,0.0
PRR23C,0.0
PRR23B,0.0
AL391869.1,0.0
AL355537.2,0.0
LINC01391,0.0
AL355537.1,0.0
AC011498.1,0.0
AC011498.6,0.0
LINC02000,0.0
AC080128.2,0.0
BFSP2-AS1,0.0
AC096992.3,0.0
AC117382.2,0.0
LINC02667,0.0
A4GNT,0.0
AC016252.1,0.0
AL390763.1,0.0
AC007159.1,0.0
LINC01210,0.0
SOX14,0.0
IL20RB-AS1,0.0
AC005790.1,0.0
AC022517.1,0.0
LINC01163,0.0
CACNA1C-AS1,0.0
AC024592.1,0.0
CACNA1C-AS3,0.0
AC006207.1,0.0
AC005908.2,0.0
AL158166.1,0.0
ACPP,0.0
FUT5,0.0
AC024592.2,0.0
FOXI2,0.0
NPS,0.0
AL359094.2,0.0
CATSPERD,0.0
AL359094.1,0.0
AL589787.1,0.0
LINC02004,0.0
H1FOO,0.0
LINC02827,0.0
AC116424.1,0.0
AC055733.2,0.0
TSPAN9-IT1,0.0
AL731577.1,0.0
COL6A5,0.0
BX469938.1,0.0
AC068058.1,0.0
AC083906.3,0.0
AC011491.3,0.0
ACER1,0.0
AC011471.2,0.0
FANK1-AS1,0.0
AC011444.3,0.0
AC011444.2,0.0
MBD3L2B,0.0
AC025278.1,0.0
ADGRE1,0.0
EDRF1-AS1,0.0
AC008760.1,0.0
AC108673.2,0.0
AC112484.5,0.0
AC112484.1,0.0
LINC01565,0.0
TEX36,0.0
TNFSF14,0.0
CD70,0.0
FGF6,0.0
AC009987.1,0.0
AL357127.1,0.0
AL357127.2,0.0
PRR20G,0.0
AC133681.1,0.0
C3orf56,0.0
AC024558.2,0.0
C3orf22,0.0
AL160290.1,0.0
DNAJB8-AS1,0.0
DNAJB8,0.0
AL449214.1,0.0
RUVBL1-AS1,0.0
AC117480.1,0.0
AC084035.1,0.0
MBD3L3,0.0
MBD3L2,0.0
MBD3L4,0.0
MBD3L5,0.0
AC117488.1,0.0
MUC13,0.0
ITGB5-AS1,0.0
AC022336.2,0.0
CCDC37-DT,0.0
AC063919.2,0.0
HMX2,0.0
AC117422.1,0.0
FAM24A,0.0
AC008763.1,0.0
PCP2,0.0
AC005906.3,0.0
AC006063.3,0.0
AC119396.1,0.0
LINC02034,0.0
AC016968.1,0.0
AC126182.3,0.0
PARP15,0.0
KCNA6,0.0
GAU1,0.0
ILDR1,0.0
ROPN1,0.0
AC005832.1,0.0
C10orf120,0.0
AL603764.2,0.0
LRRC8E,0.0
AC010336.3,0.0
ARMS2,0.0
AC063960.1,0.0
PLEKHG6,0.0
MCEMP1,0.0
AC007848.1,0.0
ACTL9,0.0
LINC01862,0.0
AC130469.1,0.0
AC092316.1,0.0
AC006206.1,0.0
AC063952.4,0.0
AC006206.2,0.0
AC069444.1,0.0
AC023494.1,0.0
AC073352.2,0.0
CD80,0.0
AC022146.2,0.0
CCL25,0.0
AC079841.2,0.0
AC072026.3,0.0
LINC02443,0.0
OR7G2,0.0
OR1M1,0.0
MUC16,0.0
AL731557.1,0.0
MBD3L1,0.0
AL583824.1,0.0
ARHGAP31-AS1,0.0
B4GALT4-AS1,0.0
GRK5-IT1,0.0
TEX55,0.0
AC025947.1,0.0
AC068633.2,0.0
AC009988.1,0.0
AC092691.3,0.0
AC008734.1,0.0
OR2Z1,0.0
LINC00903,0.0
LSAMP-AS1,0.0
AC092468.1,0.0
LINC01153,0.0
AC010998.1,0.0
ZBTB20-AS3,0.0
ZBTB20-AS2,0.0
ZBTB20-AS5,0.0
ZBTB20-AS1,0.0
AC010998.2,0.0
AC011451.1,0.0
OR7E24,0.0
OR7D4,0.0
AL391425.1,0.0
OR7G3,0.0
OR7G1,0.0
AC093010.3,0.0
AC006064.1,0.0
PNLIPRP1,0.0
AC093010.2,0.0
DRD3,0.0
PNLIP,0.0
PNLIPRP3,0.0
AC108693.2,0.0
AC008752.1,0.0
AC008759.2,0.0
CCDC172,0.0
AC008567.2,0.0
ZNF560,0.0
AC125494.1,0.0
LINC00901,0.0
TUSC7,0.0
AC022395.1,0.0
AL513324.1,0.0
SLC9C1,0.0
AC005871.2,0.0
AC018653.1,0.0
AC018653.4,0.0
SIDT1-AS1,0.0
CFAP44-AS1,0.0
PLEKHS1,0.0
AL133482.1,0.0
AC078785.2,0.0
AL158212.1,0.0
AC020931.1,0.0
RDH8,0.0
AC008742.1,0.0
AL158212.5,0.0
ZBED2,0.0
AC092916.1,0.0
U47924.1,0.0
AC117430.1,0.0
AC078980.1,0.0
MIR200CHG,0.0
DPPA4,0.0
DPPA2,0.0
AC063923.2,0.0
AC011461.1,0.0
ICAM4,0.0
AL592546.3,0.0
AC011511.3,0.0
AC011511.2,0.0
CD200R1L-AS1,0.0
LINC02042,0.0
CCDC54,0.0
KCNK18,0.0
AC131237.1,0.0
AC063938.1,0.0
ZPLD1,0.0
AC106712.1,0.0
LINC02085,0.0
C3orf85,0.0
MORC1-AS1,0.0
MIR3663HG,0.0
TRAT1,0.0
RETNLB,0.0
TECTB,0.0
AL136119.1,0.0
AC117509.1,0.0
PLCXD2-AS1,0.0
AC021035.1,0.0
AC008543.3,0.0
AL136368.1,0.0
CLEC4C,0.0
AC107029.2,0.0
AC107029.1,0.0
AC078828.1,0.0
DPPA3,0.0
AC091212.1,0.0
GDF3,0.0
APOBEC1,0.0
AC011442.1,0.0
AC020651.2,0.0
AC020651.1,0.0
ACSM4,0.0
ADGRG7,0.0
GABRR3,0.0
CLEC6A,0.0
AC110491.2,0.0
AL161646.1,0.0
AC106719.1,0.0
LINC00879,0.0
GPR15,0.0
AC021660.2,0.0
OR5K2,0.0
OR5K1,0.0
OR5K3,0.0
OR5K4,0.0
OR5H2,0.0
OR5H6,0.0
AC117473.1,0.0
OR5H15,0.0
LINC02025,0.0
LINC02620,0.0
AC092825.1,0.0
AL162742.1,0.0
LINC02661,0.0
AC129807.1,0.0
AC017015.2,0.0
ZNF878,0.0
AL353740.1,0.0
AC008543.4,0.0
AC008543.5,0.0
AL133395.1,0.0
POU1F1,0.0
OR5H1,0.0
AC117460.1,0.0
OR5AC2,0.0
AC133040.1,0.0
THSD8,0.0
AC018761.3,0.0
LINC02624,0.0
AC018761.1,0.0
AC018761.4,0.0
GNG14,0.0
AC010422.7,0.0
AL589166.1,0.0
AC010422.4,0.0
AC008758.2,0.0
SORCS3-AS1,0.0
AC108733.1,0.0
ZNF705A,0.0
CADM2-AS2,0.0
AC132660.2,0.0
RPEL1,0.0
LINC02005,0.0
AL121929.1,0.0
A2ML1-AS1,0.0
AC092490.2,0.0
AC134508.1,0.0
AC107302.2,0.0
AC099542.1,0.0
AC099542.2,0.0
AC092746.1,0.0
CLEC4D,0.0
KLRF2,0.0
AC091814.1,0.0
AC108752.1,0.0
AC117462.1,0.0
CLECL1,0.0
AC134508.2,0.0
AC112219.1,0.0
LINC02390,0.0
AC105265.4,0.0
AC105265.3,0.0
AC096970.1,0.0
AC010186.1,0.0
AC097634.2,0.0
FOXP1-AS1,0.0
FARSA-AS1,0.0
AC009533.4,0.0
AC009533.3,0.0
LINC00612,0.0
AC006581.1,0.0
FRG2C,0.0
AC117481.1,0.0
AC098969.1,0.0
LBX1,0.0
MAGI1-AS1,0.0
LINC01514,0.0
TLX1,0.0
AC104633.2,0.0
AC104633.1,0.0
MDFIC2,0.0
AC104445.1,0.0
AC099328.2,0.0
TLX1NB,0.0
AC011446.2,0.0
AC011446.3,0.0
AC010789.1,0.0
AC005546.1,0.0
AC007787.1,0.0
C19orf67,0.0
PRICKLE2-DT,0.0
PRICKLE2-AS3,0.0
PRICKLE2-AS2,0.0
PRICKLE2-AS1,0.0
LINC00994,0.0
AC010789.2,0.0
AL133387.2,0.0
CLEC1B,0.0
AC022098.2,0.0
RLN3,0.0
CLEC12A,0.0
AC020916.2,0.0
CLEC12A-AS1,0.0
AC114401.1,0.0
AC020655.1,0.0
ADGRE3,0.0
CLEC2A,0.0
THOC7-AS1,0.0
C3orf49,0.0
SNTN,0.0
SYNPR-AS1,0.0
NKX2-3,0.0
AL513542.1,0.0
AC008569.1,0.0
LINC01842,0.0
LINC01841,0.0
AC011509.1,0.0
AC011509.2,0.0
LINC01475,0.0
WNT8B,0.0
AC022098.3,0.0
AL139819.1,0.0
DNASE1L3,0.0
AC137936.1,0.0
FLNB-AS1,0.0
AL138921.1,0.0
AL138921.2,0.0
AC126121.2,0.0
AC138057.1,0.0
CPN1,0.0
LINC02598,0.0
AC119424.1,0.0
LINC02617,0.0
AC115676.1,0.0
OR7C2,0.0
OR7A10,0.0
AC024224.2,0.0
TAS2R46,0.0
AC093072.1,0.0
CYP4F22,0.0
PGLYRP2,0.0
AC093928.1,0.0
ASB14,0.0
AC097358.2,0.0
SPATA12,0.0
ARHGEF3-AS1,0.0
AC025572.1,0.0
AC121764.1,0.0
WNT5A-AS1,0.0
AC005776.2,0.0
AC004257.1,0.0
CASP14,0.0
CCDC105,0.0
CIB3,0.0
AL139241.1,0.0
PRH2,0.0
AC008894.1,0.0
LINC01855,0.0
LINC00905,0.0
LINC00661,0.0
OR10H4,0.0
TAS2R10,0.0
UCA1,0.0
TAS2R9,0.0
TAS2R8,0.0
TAS2R7,0.0
AC004597.1,0.0
OR10H3,0.0
OR10H2,0.0
GLYCTK-AS1,0.0
LINC02366,0.0
AC097015.1,0.0
ITIH4-AS1,0.0
ITIH1,0.0
AC121764.3,0.0
AC121764.2,0.0
LINC02030,0.0
LINC02017,0.0
AC092059.1,0.0
LINC02446,0.0
CACNA2D3-AS1,0.0
ESRG,0.0
KLRC1,0.0
AC020911.3,0.0
DNTT,0.0
IQCF1,0.0
IQCF5,0.0
IQCF5-AS1,0.0
IQCF2,0.0
IQCF6,0.0
AC099050.1,0.0
AC006252.1,0.0
AL136181.1,0.0
AC097637.3,0.0
AC115284.3,0.0
AC008764.2,0.0
AL355490.2,0.0
AC008764.5,0.0
AC008764.3,0.0
SLIT1-AS1,0.0
AC020917.2,0.0
PRB1,0.0
PRB4,0.0
PRB3,0.0
AC244131.2,0.0
RBM5-AS1,0.0
AC096920.1,0.0
ZMYND10-AS1,0.0
AC020913.2,0.0
AC020913.3,0.0
AC020913.1,0.0
TAS2R42,0.0
AC020908.1,0.0
AC020908.2,0.0
F2RL3,0.0
AC008737.1,0.0
AC008737.3,0.0
AC134349.1,0.0
TAS2R43,0.0
AL161652.1,0.0
AL389885.1,0.0
TMEM89,0.0
PLCE1-AS2,0.0
TREX1,0.0
AL358154.1,0.0
AC010463.2,0.0
CEP55,0.0
AL358613.2,0.0
RHOA-IT1,0.0
AC008115.2,0.0
C3orf84,0.0
AC105935.1,0.0
AC105935.2,0.0
AC007450.1,0.0
ACSM6,0.0
CCR5AS,0.0
CYP2C9,0.0
CCR3,0.0
XCR1,0.0
CXCR6,0.0
AC008761.2,0.0
AC010618.2,0.0
AL138759.1,0.0
AL365434.1,0.0
AC010319.4,0.0
PRSS45P,0.0
AC104304.3,0.0
AL390862.1,0.0
AL391704.2,0.0
AC006055.1,0.0
AC092042.4,0.0
AC092042.1,0.0
KRBOX1-AS1,0.0
ZNF197-AS1,0.0
LINC01988,0.0
AC099782.2,0.0
LARS2-AS1,0.0
AC098649.1,0.0
TGM4,0.0
AL391704.1,0.0
LINC02653,0.0
AC008761.1,0.0
FAM240A,0.0
LRRC2-AS1,0.0
RTP3,0.0
VIPR1-AS1,0.0
AC009743.1,0.0
AC099541.1,0.0
AL139340.1,0.0
AC099560.1,0.0
AC122683.1,0.0
CYP8B1,0.0
LINC01375,0.0
AC099329.1,0.0
LINC01559,0.0
AC007688.3,0.0
HHATL-AS1,0.0
KLHL40,0.0
AC005387.1,0.0
AC010335.1,0.0
AC008397.1,0.0
GPRC5D,0.0
AC008115.1,0.0
AC092053.6,0.0
AL358613.1,0.0
ART4,0.0
AL157400.1,0.0
AC116038.1,0.0
AL157400.2,0.0
AC005197.1,0.0
GDF1,0.0
SLC16A12-AS1,0.0
AC005253.2,0.0
SMCO3,0.0
AC005387.2,0.0
AC010168.1,0.0
CCR8,0.0
AC008114.1,0.0
AC096921.2,0.0
AC116035.1,0.0
LINC01985,0.0
AC092112.1,0.0
AC007535.1,0.0
AL731553.1,0.0
LINC00502,0.0
AC087242.1,0.0
CNOT10-AS1,0.0
PLCZ1,0.0
AC048352.1,0.0
ARPP21-AS1,0.0
AC007483.1,0.0
AC018359.1,0.0
AC007529.1,0.0
AC007552.2,0.0
LINC00691,0.0
AC007528.1,0.0
RBMS3-AS1,0.0
AC073651.1,0.0
RERG-AS1,0.0
LINC01981,0.0
LINC01980,0.0
RERG-IT1,0.0
LINC02084,0.0
AC099535.2,0.0
AC011477.9,0.0
AC011477.8,0.0
AC007655.1,0.0
AC092067.1,0.0
OSBPL10-AS1,0.0
AC008739.1,0.0
UBE2E2-AS1,0.0
ZNF385D-AS2,0.0
ZNF385D-AS1,0.0
AC099753.1,0.0
AC129102.1,0.0
LINC02468,0.0
LINC02398,0.0
PP2D1,0.0
AL157394.1,0.0
AC010329.1,0.0
AC010636.1,0.0
AC008554.1,0.0
AC011477.3,0.0
LINC00692,0.0
AC092422.1,0.0
LIPM,0.0
AC003973.1,0.0
AC132807.2,0.0
AC132807.1,0.0
AC104451.2,0.0
AC090644.1,0.0
PLCL2-AS1,0.0
AC091493.1,0.0
DAZL,0.0
AC010139.1,0.0
LINC00690,0.0
LIPN,0.0
LIPK,0.0
AC123912.2,0.0
LIPF,0.0
AC063965.2,0.0
CAPZA3,0.0
FAM25A,0.0
AL136982.2,0.0
AC087591.1,0.0
AC090957.1,0.0
C3orf20,0.0
AC090948.2,0.0
AC090953.2,0.0
AC027129.1,0.0
AL136982.7,0.0
AL844892.1,0.0
AC022028.2,0.0
AC011467.7,0.0
AC011516.1,0.0
ZNF729,0.0
AC073539.3,0.0
AC011503.4,0.0
AC139769.2,0.0
HDAC11-AS1,0.0
AL138767.3,0.0
AC090952.1,0.0
AC090952.2,0.0
LINC01267,0.0
AC093496.1,0.0
AL138767.2,0.0
FAM245A,0.0
AC010300.1,0.0
AC074135.1,0.0
AC074135.2,0.0
LINC01858,0.0
LINC01859,0.0
AC022145.1,0.0
AC011524.1,0.0
AC008991.1,0.0
AC007795.1,0.0
NUTM2A,0.0
AC079466.2,0.0
AL136982.3,0.0
AC005394.1,0.0
AC005381.1,0.0
AC005307.1,0.0
AC093074.1,0.0
AC005580.1,0.0
AC020905.1,0.0
AC010511.1,0.0
AC006504.2,0.0
ERVK-28,0.0
AC011503.1,0.0
AC011474.3,0.0
IAPP,0.0
FANCD2OS,0.0
SLCO1B1,0.0
SLCO1B7,0.0
AC022001.2,0.0
AC083855.2,0.0
SLCO1B3,0.0
SLC6A1-AS1,0.0
AC027128.1,0.0
AC018495.1,0.0
LINC00606,0.0
CERNA2,0.0
AC023796.2,0.0
AC011505.1,0.0
AC011524.2,0.0
AC011478.1,0.0
LINC00477,0.0
AC008507.5,0.0
AC008507.4,0.0
AC026191.1,0.0
SOX5-AS1,0.0
SRGAP3-AS3,0.0
SRGAP3-AS2,0.0
AC037193.1,0.0
SRGAP3-AS1,0.0
AC087260.1,0.0
AC087235.1,0.0
AC008507.2,0.0
AC084819.1,0.0
AC087241.2,0.0
AC011474.2,0.0
AC008474.1,0.0
AC074139.1,0.0
AC011518.1,0.0
LINC01782,0.0
LINC01533,0.0
LINC01837,0.0
AC011525.2,0.0
LINC02841,0.0
AC008794.1,0.0
AC008992.1,0.0
AC087318.1,0.0
AC008250.2,0.0
AC008250.1,0.0
AC020897.1,0.0
AC010185.1,0.0
AC011507.1,0.0
AC008738.1,0.0
AC010197.1,0.0
AC019209.3,0.0
AC022367.1,0.0
AC023483.1,0.0
AC034195.1,0.0
LMNTD1,0.0
AC018832.1,0.0
AC026310.2,0.0
GRM7-AS2,0.0
GRID1-AS1,0.0
LINC01520,0.0
AC026167.1,0.0
AC025428.1,0.0
AC026202.1,0.0
AC008736.2,0.0
AC016587.1,0.0
AC010485.1,0.0
AC008738.5,0.0
LINC02647,0.0
CNTN4-AS1,0.0
AL358787.1,0.0
CNTN4-AS2,0.0
AC018814.1,0.0
LINC01519,0.0
LRIT1,0.0
AC087428.1,0.0
CHL1-AS1,0.0
AC066595.2,0.0
LRIT2,0.0
AC008738.6,0.0
AC008738.7,0.0
AC008555.4,0.0
C10orf99,0.0
AC008555.1,0.0
LINC01801,0.0
AL359195.1,0.0
NUTM2E,0.0
AC066595.1,0.0
LINC01986,0.0
AL132656.3,0.0
AC093642.1,0.0
LINC01237,0.0
PDCD1,0.0
AC131097.3,0.0
AL390786.1,0.0
LINC02650,0.0
NRG3-AS1,0.0
LINC02655,0.0
AC021028.1,0.0
CROCC2,0.0
MAB21L4,0.0
AGXT,0.0
GAL3ST2,0.0
AC114730.2,0.0
AC114730.1,0.0
AC114730.3,0.0
DYDC1,0.0
AC019209.1,0.0
AC005104.3,0.0
AC005104.1,0.0
AC019209.2,0.0
LINC01838,0.0
AC087257.1,0.0
ARNTL2-AS1,0.0
AC092747.1,0.0
AC002128.2,0.0
AQP12A,0.0
AC011298.1,0.0
AQP12B,0.0
AC124862.1,0.0
AC124861.1,0.0
AC124861.2,0.0
AC124861.3,0.0
FAM187B,0.0
AC020907.4,0.0
AC024896.1,0.0
AC104841.1,0.0
AC005237.1,0.0
AC023051.1,0.0
OR6B2,0.0
AC093802.2,0.0
AC079612.2,0.0
AC079612.1,0.0
AC055720.2,0.0
AC024145.1,0.0
AC055720.1,0.0
AC022509.4,0.0
AC022081.1,0.0
LINC01940,0.0
FFAR2,0.0
AC002511.1,0.0
AC002511.2,0.0
LINC01531,0.0
AC009511.1,0.0
FFAR3,0.0
AC009511.2,0.0
AC113618.2,0.0
LINC01937,0.0
LINC01107,0.0
AC016999.1,0.0
AC012485.2,0.0
MANSC4,0.0
AC012485.1,0.0
ZBTB32,0.0
SFTPA1,0.0
UPK1A,0.0
AC002115.1,0.0
LINC01766,0.0
PMIS2,0.0
SBSN,0.0
OR6B3,0.0
OVOL3,0.0
AL356753.1,0.0
AF038458.3,0.0
AC016820.1,0.0
AL583852.1,0.0
AC012076.1,0.0
LINC02386,0.0
AC104667.2,0.0
PRLH,0.0
AC023511.1,0.0
AC112721.2,0.0
AC112721.1,0.0
PRODH2,0.0
AC002398.1,0.0
AC023511.3,0.0
AC145625.1,0.0
AC005538.1,0.0
AC009320.1,0.0
AC092295.1,0.0
AC092296.4,0.0
AC092296.1,0.0
AD001527.1,0.0
AC112715.1,0.0
AC107079.1,0.0
AC084030.1,0.0
IQCA1-AS1,0.0
AC093915.1,0.0
ASB18,0.0
AL731555.1,0.0
GBX2,0.0
AC064874.1,0.0
AL391421.1,0.0
UGT1A7,0.0
UGT1A9,0.0
UGT1A10,0.0
UGT1A8,0.0
KCNMA1-AS3,0.0
AL731575.1,0.0
AC114814.3,0.0
AC114814.1,0.0
AC010148.1,0.0
LINC01173,0.0
LINC01891,0.0
AC097713.1,0.0
AC097713.3,0.0
AC122134.1,0.0
AC006037.1,0.0
AC005538.3,0.0
NEU2,0.0
KCNMA1-AS2,0.0
AC024603.1,0.0
AC064852.1,0.0
AC013286.1,0.0
AC022540.1,0.0
AC022400.2,0.0
AC022400.1,0.0
HJURP,0.0
AL589863.2,0.0
AC010997.2,0.0
UGT1A3,0.0
UGT1A4,0.0
UGT1A5,0.0
AC114812.2,0.0
UGT1A6,0.0
AC012673.1,0.0
AC078776.1,0.0
AL512656.1,0.0
AC012507.1,0.0
ALPI,0.0
AC068134.2,0.0
ALPG,0.0
AC068134.1,0.0
ALPP,0.0
AC019130.1,0.0
TEX44,0.0
AC104634.2,0.0
AL731563.2,0.0
PLA2G12B,0.0
AC016590.2,0.0
AC012309.2,0.0
AC068774.1,0.0
AC005789.1,0.0
AC005625.1,0.0
C19orf33,0.0
DENND5B-AS1,0.0
AC010149.1,0.0
FBXO36-IT1,0.0
AC008273.1,0.0
LINC02387,0.0
AC011479.3,0.0
AC011465.1,0.0
AC024940.1,0.0
WDR87,0.0
AC017104.6,0.0
AC017104.3,0.0
AC024940.6,0.0
AC067969.2,0.0
SCYGR2,0.0
SCYGR1,0.0
TM4SF20,0.0
AC010735.1,0.0
AC062015.1,0.0
AC012070.1,0.0
DUPD1,0.0
AC009410.1,0.0
AC018511.1,0.0
SCYGR8,0.0
SCYGR7,0.0
SCYGR6,0.0
SCYGR5,0.0
AC018511.2,0.0
SCYGR3,0.0
AC011233.2,0.0
AC093083.1,0.0
LINC02651,0.0
AC008281.1,0.0
LINC01803,0.0
CCDC195,0.0
NEUROG3,0.0
AC013448.2,0.0
AC013448.1,0.0
AC013476.1,0.0
AC016821.1,0.0
AC104534.1,0.0
CDH23-AS1,0.0
LINC02622,0.0
AC008649.2,0.0
AC073176.1,0.0
IFNL3,0.0
SYCN,0.0
AC053503.4,0.0
AC073176.2,0.0
TBATA,0.0
LINC02832,0.0
AC009955.1,0.0
AC009955.3,0.0
AC087588.3,0.0
AC053503.1,0.0
NCCRP1,0.0
AC011443.1,0.0
AC048344.1,0.0
AC011455.1,0.0
CCDC140,0.0
AL513185.1,0.0
AC073370.1,0.0
AC011500.3,0.0
AL590502.1,0.0
AC067751.1,0.0
MYPN,0.0
AC009974.2,0.0
AC068946.3,0.0
AC022017.1,0.0
AC097468.4,0.0
AC087897.2,0.0
AC097468.1,0.0
LINC00608,0.0
AC097468.2,0.0
AC079460.2,0.0
IFNL1,0.0
IFNL2,0.0
AC010271.1,0.0
AC140847.1,0.0
AC087311.2,0.0
AL596223.1,0.0
LINC02400,0.0
LINC02621,0.0
ANK3-DT,0.0
CATIP-AS2,0.0
GPBAR1,0.0
CXCR1,0.0
AL592430.2,0.0
AC090531.1,0.0
LEUTX,0.0
CLC,0.0
LGALS14,0.0
AC107023.1,0.0
LINC02555,0.0
AC121334.3,0.0
AC098820.2,0.0
AC069155.1,0.0
AC012513.1,0.0
AL592466.1,0.0
AC007749.2,0.0
AC007749.1,0.0
AC007557.3,0.0
AL513321.2,0.0
AC007557.4,0.0
AC025030.2,0.0
TNP1,0.0
AC007557.2,0.0
AC007563.1,0.0
ADAMTS20,0.0
LINC02461,0.0
AC012668.1,0.0
AC012668.3,0.0
AC012668.2,0.0
AC012462.2,0.0
AC012462.1,0.0
AC012462.3,0.0
AC073284.1,0.0
AL592430.1,0.0
AC016396.2,0.0
CYP2A7,0.0
CYP2A6,0.0
AC008537.2,0.0
AC012038.1,0.0
AC073321.1,0.0
LINC01280,0.0
CEACAM5,0.0
CEACAM7,0.0
CEACAM4,0.0
AC243960.3,0.0
ERICH4,0.0
AC011462.2,0.0
AC011462.3,0.0
AC012038.2,0.0
AC011510.1,0.0
CYP2F1,0.0
CYP2A13,0.0
CYP2B6,0.0
LINC02451,0.0
LINC02402,0.0
AC122136.1,0.0
LINC01614,0.0
MYL1,0.0
AC006197.2,0.0
AC016743.1,0.0
AC109824.1,0.0
AL512366.1,0.0
VWC2L-IT1,0.0
AC068051.1,0.0
AL117341.1,0.0
AC069547.2,0.0
LINC01953,0.0
AC108066.1,0.0
LINC01878,0.0
AC016396.1,0.0
CEACAM3,0.0
AC243967.2,0.0
CEACAM6,0.0
CXCL17,0.0
AC011497.1,0.0
AL355314.2,0.0
AL355314.1,0.0
CRYGC,0.0
AC036101.1,0.0
LINC01857,0.0
LINC02672,0.0
AC073174.1,0.0
MBL2,0.0
AC009248.2,0.0
DMRTC2,0.0
LYPD4,0.0
AC243967.3,0.0
CPS1-IT1,0.0
LANCL1-AS1,0.0
AGAP6,0.0
AC005392.3,0.0
AL442003.1,0.0
AC005392.2,0.0
PSG9,0.0
PSG4,0.0
PSG5,0.0
AC005392.1,0.0
SLC18A3,0.0
PSG11,0.0
PSG7,0.0
PSG6,0.0
PSG1,0.0
PSG8,0.0
PSG3,0.0
CEACAM8,0.0
CHAT,0.0
GPR1,0.0
C10orf71,0.0
AC007679.1,0.0
AC007362.1,0.0
LINC01802,0.0
AC009226.1,0.0
AC007879.4,0.0
AC025031.1,0.0
AC007879.5,0.0
AC009464.1,0.0
AC007879.1,0.0
MYOSLID,0.0
AC069079.1,0.0
AC022537.1,0.0
AL731537.2,0.0
AC016903.2,0.0
AC016903.1,0.0
AC009498.1,0.0
AC009965.1,0.0
ICOS,0.0
CTLA4,0.0
CD28,0.0
AC080075.1,0.0
IRGC,0.0
AC004801.3,0.0
L34079.3,0.0
L34079.2,0.0
DYTN,0.0
AC004801.4,0.0
AC010731.3,0.0
AC010731.2,0.0
AC138470.2,0.0
AC007163.1,0.0
AC004801.5,0.0
AC121338.1,0.0
AC007283.1,0.0
LINC02354,0.0
LINC02416,0.0
AC008083.2,0.0
AC067968.2,0.0
H1FNT,0.0
AC024257.1,0.0
OR10AD1,0.0
AC079354.3,0.0
C10orf71-AS1,0.0
FAM170B,0.0
AC007736.1,0.0
IGSF23,0.0
AC245748.3,0.0
FAM170B-AS1,0.0
AC013264.1,0.0
AC068544.2,0.0
AC060234.1,0.0
AC060234.2,0.0
AC016746.1,0.0
AC020718.1,0.0
AC019330.1,0.0
LRRC18,0.0
AC011997.2,0.0
BOLL,0.0
AC060234.3,0.0
AC035139.1,0.0
CEACAM20,0.0
AC035139.2,0.0
AC005757.1,0.0
AC114760.2,0.0
AC068898.1,0.0
AC064834.1,0.0
AC068898.2,0.0
AC010983.1,0.0
LINC01790,0.0
AC073973.1,0.0
AC068135.2,0.0
AC074290.2,0.0
ARHGAP22-IT1,0.0
AC011481.2,0.0
AC092306.1,0.0
CBLC,0.0
CEACAM16,0.0
AC133106.1,0.0
DIRC1,0.0
AC092598.1,0.0
AC074029.3,0.0
AC006460.1,0.0
FAM25C,0.0
PCGEM1,0.0
AC013401.1,0.0
AC062039.1,0.0
AC098617.1,0.0
NPY4R2,0.0
AC092614.1,0.0
AC067945.4,0.0
AC067945.3,0.0
AC067945.2,0.0
CKM,0.0
AL591684.1,0.0
BHMG1,0.0
AC096555.1,0.0
AC093639.2,0.0
AC093639.1,0.0
FAM25G,0.0
RBP3,0.0
AC064871.2,0.0
AC012500.1,0.0
EML2-AS1,0.0
GDF2,0.0
LALBA,0.0
AC017101.1,0.0
OR5BS1P,0.0
AC020584.1,0.0
AC013439.2,0.0
PGLYRP1,0.0
AC010680.4,0.0
OR8S1,0.0
AC009948.3,0.0
AC013733.1,0.0
AC013733.2,0.0
AC020595.1,0.0
AC068196.1,0.0
AC104076.1,0.0
SCHLAP1,0.0
AC009478.1,0.0
AC093911.1,0.0
AC089987.2,0.0
FOXA3,0.0
ANP32D,0.0
OR13A1,0.0
HOXD4,0.0
AC011998.3,0.0
AC012499.1,0.0
AC073834.1,0.0
AL353801.1,0.0
AC019080.4,0.0
AL353801.2,0.0
FAM245B,0.0
AC007193.1,0.0
AC007193.2,0.0
LINC02637,0.0
AC006262.3,0.0
NPY4R,0.0
AC006262.2,0.0
IGFL3,0.0
AC007785.1,0.0
HOXD11,0.0
HOXD12,0.0
HOXD13,0.0
EVX2,0.0
AC016751.1,0.0
AC016751.2,0.0
AC093459.1,0.0
AC096649.1,0.0
AC008635.1,0.0
AC093503.1,0.0
ANXA8L1,0.0
ANTXRL,0.0
AC017048.2,0.0
AC017048.1,0.0
MSMB,0.0
AC009336.1,0.0
AC106900.1,0.0
MAP3K20-AS1,0.0
AC078883.2,0.0
AC104088.2,0.0
WNT1,0.0
DLX2-DT,0.0
AC010894.4,0.0
LINC01960,0.0
AC016737.2,0.0
AC117498.1,0.0
TEX49,0.0
HOXD3,0.0
AC074325.1,0.0
HOXD9,0.0
HOXD-AS2,0.0
HOXD10,0.0
AL139237.1,0.0
LINC01595,0.0
AC007556.1,0.0
LINC00841,0.0
LINC02659,0.0
XIRP2-AS1,0.0
XIRP2,0.0
TPRX1,0.0
NOP53-AS1,0.0
BICRA-AS1,0.0
LINC02658,0.0
AL645634.1,0.0
ZNF32-AS1,0.0
AC007277.1,0.0
C1QL4,0.0
TROAP,0.0
AC016766.1,0.0
AC011900.1,0.0
GCG,0.0
AC009487.3,0.0
TTC21B-AS1,0.0
AC009495.2,0.0
AC125611.4,0.0
AC009495.3,0.0
AC125611.3,0.0
ZNF114-AS1,0.0
AC011466.2,0.0
AC011466.3,0.0
AC011603.1,0.0
AL731567.1,0.0
ELSPBP1,0.0
IGKV1OR10-1,0.0
AC064843.1,0.0
AC005042.2,0.0
PKP4-AS1,0.0
CCDC148-AS1,0.0
UPP2-IT1,0.0
LINC01806,0.0
ZNF25-DT,0.0
AC009313.1,0.0
AC092153.1,0.0
ITGB6,0.0
AC009961.4,0.0
SPACA4,0.0
AL450326.3,0.0
AC068707.1,0.0
AC008403.2,0.0
LINC02633,0.0
LINC01264,0.0
NUCB1-AS1,0.0
AC131157.1,0.0
FAM186B,0.0
AC020612.3,0.0
AC096589.1,0.0
AC096589.2,0.0
LINC01958,0.0
AC074099.1,0.0
LINC01876,0.0
AL356157.1,0.0
FGF21,0.0
AL356157.3,0.0
AL137026.2,0.0
AL132657.2,0.0
AC008277.1,0.0
CGB8,0.0
CGB5,0.0
AC092625.1,0.0
AC009227.2,0.0
AL157387.1,0.0
AC012501.2,0.0
LINC01850,0.0
AC011901.1,0.0
AL390061.1,0.0
AC079790.2,0.0
CGB1,0.0
AL590730.1,0.0
CGB3,0.0
AC008687.4,0.0
LHB,0.0
AC026803.2,0.0
AC009230.1,0.0
AC105402.4,0.0
AC105402.3,0.0
AL355300.1,0.0
LINC02630,0.0
AC018731.1,0.0
AC023469.1,0.0
AC023469.2,0.0
LINC02612,0.0
AC104777.1,0.0
AC104777.2,0.0
AL603824.1,0.0
AC008687.3,0.0
NTF4,0.0
AC008687.2,0.0
AC008147.1,0.0
AC079163.1,0.0
AC025154.1,0.0
AC092484.1,0.0
AC096666.1,0.0
LINC01966,0.0
AC023128.1,0.0
LINC01412,0.0
AQP2,0.0
LINC02396,0.0
DKKL1,0.0
AC010524.1,0.0
LINC01920,0.0
LINC01817,0.0
LINC01818,0.0
AC016682.1,0.0
LINC02623,0.0
LINC01518,0.0
AC009951.5,0.0
AC079584.1,0.0
AC079584.2,0.0
AC092652.3,0.0
AC079793.1,0.0
AC013437.1,0.0
AC078882.1,0.0
CELA1,0.0
AC011495.3,0.0
LINC02635,0.0
AC009480.1,0.0
LINC02629,0.0
AC062032.1,0.0
LINC01911,0.0
AC079248.1,0.0
LINC00838,0.0
AC011893.1,0.0
LCT,0.0
LINC02628,0.0
ACMSD,0.0
LINC01853,0.0
AC078851.1,0.0
AC016710.1,0.0
AC023468.1,0.0
AC008121.3,0.0
HIGD1C,0.0
AC114763.2,0.0
AC114763.1,0.0
LINC01832,0.0
AC010624.3,0.0
PTOV1-AS2,0.0
TMPRSS12,0.0
FAM186A,0.0
LINC01087,0.0
AC093838.1,0.0
LYZL2,0.0
AL590068.3,0.0
POTEE,0.0
AL590068.2,0.0
AL590068.1,0.0
AC092623.1,0.0
AC011243.1,0.0
NCKAP5-IT1,0.0
NCKAP5-AS1,0.0
AC010974.2,0.0
AC010974.1,0.0
AC097532.1,0.0
AC011473.2,0.0
KLK9,0.0
AL590068.4,0.0
AC011483.1,0.0
AC011483.2,0.0
AL121748.1,0.0
IATPR,0.0
KLK3,0.0
AC011523.1,0.0
AL391839.3,0.0
KLK1,0.0
AC010325.2,0.0
ACP4,0.0
AL391839.1,0.0
GPR32,0.0
AC008743.1,0.0
AC063977.6,0.0
AL391839.2,0.0
KLK14,0.0
SMIM39,0.0
GPR148,0.0
POTEJ,0.0
AC140481.2,0.0
AC013269.1,0.0
CFC1B,0.0
AC013269.2,0.0
POTEI,0.0
KLK13,0.0
AC011473.1,0.0
AC011473.3,0.0
KLK12,0.0
AL158834.1,0.0
AC018755.1,0.0
AC020914.1,0.0
AL158834.2,0.0
FIGNL2-DT,0.0
CEACAM18,0.0
AC008750.2,0.0
AC008750.1,0.0
AC008750.7,0.0
KRT75,0.0
LIM2,0.0
AC055736.1,0.0
AC078865.1,0.0
AC008750.3,0.0
LINC01872,0.0
AC063977.3,0.0
SIGLECL1,0.0
AC023347.1,0.0
AC142116.2,0.0
LINC01941,0.0
LINC01889,0.0
AC010976.1,0.0
TUBA3E,0.0
AC018865.1,0.0
POTEF,0.0
LINC01856,0.0
KRT84,0.0
KRT85,0.0
LINC01854,0.0
AC068483.1,0.0
AC012451.1,0.0
AC021066.1,0.0
SIGLEC5,0.0
AC073409.1,0.0
AC073409.2,0.0
LINC01826,0.0
AC062020.1,0.0
AC073632.1,0.0
KRT7-AS,0.0
C12orf80,0.0
AC078864.1,0.0
AC025259.1,0.0
LINC02644,0.0
AC018755.5,0.0
KRT2,0.0
KRT73,0.0
LYZL1,0.0
LINC00837,0.0
TEX51,0.0
AL355376.1,0.0
AC079988.1,0.0
AC067960.1,0.0
AC017033.1,0.0
LINC02652,0.0
AC073257.1,0.0
AC073257.2,0.0
AC012363.2,0.0
AC012363.1,0.0
AC010320.4,0.0
AC010320.3,0.0
AC010320.2,0.0
MPP7-DT,0.0
AC011468.3,0.0
AC097499.2,0.0
AC019159.2,0.0
AC092070.3,0.0
AC092070.1,0.0
ERVV-2,0.0
ERVV-1,0.0
AL355501.1,0.0
KRT73-AS1,0.0
KRT72,0.0
KRT74,0.0
AC013457.1,0.0
KRT6C,0.0
AL390866.1,0.0
LINC01956,0.0
AC009303.3,0.0
LINC02673,0.0
AC022150.1,0.0
AC022150.3,0.0
AC011453.1,0.0
AL390961.1,0.0
KRT79,0.0
AC092070.4,0.0
VN1R4,0.0
AC009303.2,0.0
KRT4,0.0
AC064856.1,0.0
AC093610.1,0.0
DPP10-AS2,0.0
DPP10-AS3,0.0
AC010982.1,0.0
KRT76,0.0
AC110769.1,0.0
AC055716.3,0.0
KRT77,0.0
EBLN1,0.0
IL37,0.0
LINC02643,0.0
C10orf113,0.0
AL512603.1,0.0
AC017074.1,0.0
AC017074.2,0.0
AL512603.2,0.0
AL513128.3,0.0
AL513128.1,0.0
FOXD4L1,0.0
IGKV1OR2-108,0.0
AC008440.1,0.0
AL158211.3,0.0
AC008753.2,0.0
AC008753.3,0.0
LILRA6,0.0
ESPL1,0.0
AC245052.1,0.0
NT5DC4,0.0
AC021072.1,0.0
AC073573.1,0.0
AC093675.2,0.0
SOAT2,0.0
AL358612.1,0.0
AC008440.2,0.0
AC016683.1,0.0
HOXC-AS2,0.0
IL1F10,0.0
IL36RN,0.0
IL36B,0.0
IL36A,0.0
KIR3DL3,0.0
LILRB1-AS1,0.0
AC245036.5,0.0
AC017002.2,0.0
AC017002.1,0.0
AC017002.3,0.0
AC017002.5,0.0
AC017002.6,0.0
AC068491.3,0.0
AC068491.2,0.0
AC108463.2,0.0
HOXC6,0.0
AC114776.1,0.0
HOXC10,0.0
AC245884.1,0.0
LILRA5,0.0
HOXC-AS3,0.0
HOXC11,0.0
NLRP7,0.0
AC245128.3,0.0
HOTAIR,0.0
KIR3DL2,0.0
HOXC12,0.0
HOXC13,0.0
HOXC13-AS,0.0
LIMS4,0.0
LIMS3,0.0
AC076968.1,0.0
KIR3DL1,0.0
KIR2DL4,0.0
AC023509.6,0.0
KIR2DL3,0.0
TMEM190,0.0
FAM71E2,0.0
COX6B2,0.0
AC023509.2,0.0
AMHR2,0.0
AL157831.3,0.0
EDAR,0.0
LIMS1-AS1,0.0
SULT1C3,0.0
AL157831.2,0.0
LINC01593,0.0
SLC5A7,0.0
AC023794.5,0.0
AC010327.4,0.0
AC023794.6,0.0
AC023794.1,0.0
AC069549.1,0.0
AC012360.1,0.0
GPR45,0.0
AL157895.1,0.0
GACAT1,0.0
AC064869.1,0.0
AL590378.1,0.0
AL512641.1,0.0
LINC01789,0.0
HOXC5,0.0
AC016994.1,0.0
ST6GAL2-IT1,0.0
AC108868.1,0.0
AC108868.2,0.0
AC012531.1,0.0
AC018878.1,0.0
HOXC8,0.0
AC104655.1,0.0
HOXC-AS1,0.0
AC013402.3,0.0
AC013402.2,0.0
LINC01103,0.0
AC068535.2,0.0
SBK3,0.0
SBK2,0.0
AC008735.3,0.0
C19orf85,0.0
AC020922.3,0.0
AC009505.1,0.0
AC010978.1,0.0
AC018802.2,0.0
AC018802.1,0.0
EDDM13,0.0
ZSCAN5C,0.0
HOXC9,0.0
AL365215.2,0.0
AC073367.1,0.0
NLRP5,0.0
LINC02654,0.0
NLRP13,0.0
NLRP4,0.0
NLRP11,0.0
RFPL4AL1,0.0
RFPL4A,0.0
NLRP9,0.0
AC010525.1,0.0
AL607028.1,0.0
AC008735.2,0.0
AC069542.1,0.0
AC093894.1,0.0
LINC01870,0.0
AC096554.1,0.0
AC013727.2,0.0
AC013727.1,0.0
AL133415.1,0.0
AC073987.1,0.0
AC108051.1,0.0
LINC01935,0.0
LINC01796,0.0
SLC9A4,0.0
AC067747.1,0.0
AC078778.1,0.0
AC006116.6,0.0
SCAT2,0.0
AC016738.1,0.0
AC016738.2,0.0
AC092168.2,0.0
AC092168.3,0.0
AC092168.1,0.0
LINC01868,0.0
AC092845.1,0.0
AC023794.2,0.0
NMS,0.0
OR6C75,0.0
AC007278.2,0.0
IL18RAP,0.0
IL1R1-AS1,0.0
AC007271.1,0.0
IL1R2,0.0
LINC01127,0.0
IGKV2OR2-7,0.0
IGKV1OR2-6,0.0
IGKV3OR2-5,0.0
IGKV2OR2-7D,0.0
IGKV2OR2-10,0.0
IGKV1OR2-9,0.0
AC159540.1,0.0
OR6C3,0.0
OR6C1,0.0
ZIM3,0.0
OR6C6,0.0
AC092675.2,0.0
AC092675.1,0.0
LINC01104,0.0
AC018690.1,0.0
OR6C74,0.0
TRIM43B,0.0
AC103563.2,0.0
AC103563.7,0.0
OR10A7,0.0
AC012307.1,0.0
ASTL,0.0
OR9K2,0.0
NEUROD4,0.0
IGKV1OR2-3,0.0
IGKV2OR2-2,0.0
IGKV2OR2-1,0.0
AC027287.2,0.0
AC017099.2,0.0
AC079310.1,0.0
IGKV1OR2-11,0.0
IGKV2OR2-8,0.0
IGKV1OR2-118,0.0
IGKV3D-7,0.0
IGKV1D-8,0.0
IGKV1D-43,0.0
IGKV1D-42,0.0
IGKV2D-10,0.0
IGKV3D-11,0.0
IGKV1D-12,0.0
IGKV1D-13,0.0
IGKV2D-14,0.0
DCD,0.0
ZSCAN4,0.0
LACRT,0.0
AC008268.1,0.0
TRIM43,0.0
AC068789.1,0.0
IGKV2D-19,0.0
IGKV3D-20,0.0
IGKV6D-21,0.0
IGKV1D-22,0.0
IGKV2D-23,0.0
IGKV2D-24,0.0
IGKV3D-25,0.0
IGKV2D-26,0.0
IGKV1D-27,0.0
IGKV2D-28,0.0
IGKV2D-29,0.0
LINC01154,0.0
AL158168.1,0.0
AL845331.2,0.0
IGKV1OR2-1,0.0
AC027612.5,0.0
IGKV2-38,0.0
IGKV1-37,0.0
IGKV2-36,0.0
DEFB126,0.0
DEFB125,0.0
AL157896.1,0.0
AC012313.9,0.0
AC044781.1,0.0
LINC02560,0.0
RNF225,0.0
AL157392.2,0.0
IGKV3D-15,0.0
IGKV1D-16,0.0
IGKV1D-17,0.0
IGKV6D-41,0.0
IGKV2D-18,0.0
DEFB129,0.0
DEFB128,0.0
DEFB127,0.0
IGKV2D-30,0.0
IGKV3D-31,0.0
IGKV1D-32,0.0
IGKV1D-33,0.0
IGKV3D-34,0.0
IGKV1D-35,0.0
IGKV2D-36,0.0
IGKV1D-37,0.0
IGKV2D-38,0.0
IGKV1D-39,0.0
IGKV2D-40,0.0
IGKV2-40,0.0
IGKV1-39,0.0
IGKV1-32,0.0
IGKV3-31,0.0
IGKV2-30,0.0
IGKV2-29,0.0
IGKV2-28,0.0
IGKV1-27,0.0
IGKV2-26,0.0
IGKV3-25,0.0
IGKV2-24,0.0
IGKV2-23,0.0
IGKV1-22,0.0
IGKV6-21,0.0
IGKV3-20,0.0
AL157392.1,0.0
AL157392.4,0.0
DEFB132,0.0
IGKV1-6,0.0
IGKV1-5,0.0
IGKV2-4,0.0
OR10P1,0.0
OR2AP1,0.0
OR6C4,0.0
OR6C68,0.0
SIRPG-AS1,0.0
OR6C70,0.0
SIRPD,0.0
OR6C2,0.0
RAD21L1,0.0
AC122685.1,0.0
IGKV1-35,0.0
IGKV3-34,0.0
IGKV1-33,0.0
C20orf141,0.0
OR6C76,0.0
TGM6,0.0
IGKV2-19,0.0
IGKV2-18,0.0
IGKV1-17,0.0
IGKV1-16,0.0
IGKV3-15,0.0
IGKV2-14,0.0
IGKV1-13,0.0
IGKV1-12,0.0
IGKV3-11,0.0
IGKV2-10,0.0
IGKV1-9,0.0
IGKV1-8,0.0
IGKV3-7,0.0
AC092651.3,0.0
OR6C65,0.0
IGKV7-3,0.0
IGKV5-2,0.0
IGKV4-1,0.0
IGKJ1,0.0
IGKJ2,0.0
IGKJ3,0.0
IGKJ4,0.0
IGKJ5,0.0
AL136320.1,0.0
AC104134.1,0.0
TEX37,0.0
FOXI3,0.0
CELF2-AS2,0.0
TMEM239,0.0
AC106874.1,0.0
LINC01809,0.0
AC105053.1,0.0
AL162408.1,0.0
AL136369.1,0.0
AL355870.1,0.0
AC012511.2,0.0
AL355870.2,0.0
UBOX5-AS1,0.0
UCMA,0.0
AL353586.1,0.0
AC133644.2,0.0
LINC01943,0.0
IGKV3OR2-268,0.0
AC068279.2,0.0
LINC01955,0.0
REG1B,0.0
REG3G,0.0
PROKR2,0.0
LINC02670,0.0
LINC02663,0.0
LINC00709,0.0
PRNT,0.0
PRND,0.0
AL121781.1,0.0
AL139350.1,0.0
LINC01433,0.0
AL356414.1,0.0
AC044784.1,0.0
AC062037.2,0.0
TCF7L1-IT1,0.0
LINC01964,0.0
LINC02676,0.0
AC025946.1,0.0
AL390835.1,0.0
AL121757.3,0.0
AC034102.7,0.0
AC098817.1,0.0
AC010105.1,0.0
AC079896.1,0.0
AC034102.3,0.0
AC012355.1,0.0
AC008067.1,0.0
AC016716.2,0.0
AC011754.2,0.0
AC025162.1,0.0
REG3A,0.0
REG1A,0.0
AL080248.1,0.0
LINC01428,0.0
AL096799.1,0.0
LINC01713,0.0
CASC20,0.0
PMEL,0.0
AC092660.1,0.0
AC012494.2,0.0
LINC01851,0.0
AC084149.1,0.0
AC079117.1,0.0
AC068616.1,0.0
AL512631.2,0.0
CELF2-AS1,0.0
MCM8-AS1,0.0
AL109935.1,0.0
AL353612.1,0.0
AL353612.2,0.0
LINC00708,0.0
AL390294.1,0.0
GATA3-AS1,0.0
AC007099.1,0.0
AC007099.2,0.0
AL445070.1,0.0
LINC02665,0.0
LINC01293,0.0
AC073896.5,0.0
LINC01291,0.0
PLCB1-IT1,0.0
HAO1,0.0
LINC01706,0.0
LINC01751,0.0
AL135937.1,0.0
SLC39A5,0.0
AC034102.5,0.0
AC034102.6,0.0
LINC02657,0.0
AC007387.3,0.0
AL732437.2,0.0
AL732437.1,0.0
LBX2-AS1,0.0
AC005041.3,0.0
LBX2,0.0
AL034430.2,0.0
AL034430.1,0.0
AL023913.1,0.0
CALML5,0.0
TUBAL3,0.0
AC074008.2,0.0
UCN3,0.0
NOTO,0.0
AC012366.1,0.0
AC073046.1,0.0
AC073046.3,0.0
C2orf78,0.0
AC024884.2,0.0
AL035448.1,0.0
LINC00687,0.0
APOF,0.0
AL109837.2,0.0
AL049649.1,0.0
LINP1,0.0
C20orf187,0.0
AL050403.1,0.0
AL161941.1,0.0
AL079338.1,0.0
AL121584.1,0.0
AL138808.1,0.0
MACROD2-AS1,0.0
LINC02648,0.0
AL121582.1,0.0
AL137186.1,0.0
AL050320.1,0.0
ISM1-AS1,0.0
LINC01723,0.0
AL133331.1,0.0
AL078623.1,0.0
IL2RA,0.0
AL136460.1,0.0
NAT8,0.0
AL049646.1,0.0
AL049646.3,0.0
AL160411.1,0.0
AL035045.1,0.0
BANF2,0.0
AL391427.1,0.0
AC007881.4,0.0
LINC00705,0.0
AC007881.2,0.0
AC007040.1,0.0
AC022535.2,0.0
AL121892.1,0.0
OTOR,0.0
AL034428.1,0.0
AC022535.1,0.0
AC137834.2,0.0
AL121900.1,0.0
LRP1-AS,0.0
AL049646.2,0.0
AC016700.3,0.0
AC092431.1,0.0
GPR182,0.0
ATP6V1B1,0.0
LINC01143,0.0
AL365356.1,0.0
CLEC4F,0.0
FIGLA,0.0
AC005234.1,0.0
AC005234.2,0.0
TGFA-IT1,0.0
AC022201.1,0.0
AC022201.2,0.0
LINC02677,0.0
AL121830.1,0.0
AL049647.1,0.0
AL136090.1,0.0
AC114802.1,0.0
GKN1,0.0
GKN2,0.0
BMP10,0.0
LINC01888,0.0
LINC01890,0.0
LINC02678,0.0
AC015969.1,0.0
LINC02660,0.0
AL135936.1,0.0
SCP2D1,0.0
C20orf78,0.0
AL121759.1,0.0
LINC01812,0.0
AC010987.1,0.0
AC007422.1,0.0
LINC02831,0.0
AC023115.1,0.0
LINC02639,0.0
AL513303.1,0.0
AC007403.1,0.0
LINC01628,0.0
LINC01799,0.0
LINC01797,0.0
AL121759.2,0.0
AL121721.1,0.0
AL357833.1,0.0
AL035454.1,0.0
AL158175.1,0.0
LINC01747,0.0
LNCNEF,0.0
FOXA2,0.0
LINC00261,0.0
AL133464.1,0.0
LINC01427,0.0
AL035258.1,0.0
LINC01432,0.0
AL109807.1,0.0
PAX1,0.0
LINC01726,0.0
AL133325.2,0.0
NKX2-2-AS1,0.0
AL158013.1,0.0
NKX2-4,0.0
AL096677.2,0.0
CST11,0.0
CSTL1,0.0
AL096677.1,0.0
LINC01798,0.0
MEIS1-AS3,0.0
AL139280.1,0.0
AC092669.1,0.0
AC118345.1,0.0
AC007389.3,0.0
AC012370.2,0.0
AL451164.1,0.0
AL390037.1,0.0
LINC00656,0.0
AC022506.1,0.0
AL049651.1,0.0
AL157413.1,0.0
AL158090.1,0.0
AL110503.1,0.0
GGTLC1,0.0
AC126614.1,0.0
LINC02561,0.0
AL591074.1,0.0
CST1,0.0
AL591074.2,0.0
CST4,0.0
AL355303.1,0.0
CST9,0.0
CST9L,0.0
CST8,0.0
AL109954.2,0.0
AL109954.1,0.0
AC092567.1,0.0
AC092567.2,0.0
AL355303.2,0.0
AKR1C4,0.0
LINC02576,0.0
AL441943.1,0.0
AC007880.1,0.0
AC108721.1,0.0
LINC02579,0.0
LINC01805,0.0
AC046129.1,0.0
AC114752.2,0.0
AC114752.1,0.0
LINC00309,0.0
AL035661.1,0.0
AL049594.1,0.0
FAM242B,0.0
AL121904.1,0.0
AL121904.2,0.0
AL391119.1,0.0
AC020637.1,0.0
LINC01733,0.0
AC018462.1,0.0
LINC02403,0.0
AC016727.3,0.0
AC083805.3,0.0
AC016747.2,0.0
AC083805.2,0.0
AL121772.2,0.0
AC025165.1,0.0
AL035661.2,0.0
AC012368.2,0.0
DEFB116,0.0
DEFB115,0.0
FAM242A,0.0
LINC00703,0.0
AC025822.2,0.0
AC010733.2,0.0
LINC01185,0.0
AC009970.1,0.0
AC007381.2,0.0
AC025822.1,0.0
AL392083.2,0.0
AC007100.2,0.0
AC007179.1,0.0
AC007179.2,0.0
AC007100.1,0.0
LINC00200,0.0
AC092839.1,0.0
LINC01795,0.0
IDI2,0.0
AL359878.2,0.0
LINC01813,0.0
MIR217HG,0.0
AL157709.1,0.0
AL731533.1,0.0
MCTS2P,0.0
AL713851.2,0.0
LINC00028,0.0
DEFB124,0.0
DEFB123,0.0
DEFB121,0.0
DEFB119,0.0
DEFB118,0.0
AC010967.1,0.0
AC139712.3,0.0
LINC01867,0.0
AC079304.1,0.0
AC007402.2,0.0
LINC00701,0.0
AC007682.1,0.0
ABALON,0.0
AL117381.1,0.0
LINC02662,0.0
AL441943.2,0.0
AC084357.2,0.0
AC104781.2,0.0
AC104781.1,0.0
AC026116.1,0.0
AC092839.2,0.0
BPIFB3,0.0
BPIFB6,0.0
BPIFB2,0.0
SUN5,0.0
AL669841.1,0.0
AL035071.2,0.0
AL133343.1,0.0
NOL4L-DT,0.0
AC215217.1,0.0
AL772363.1,0.0
AC079035.1,0.0
AL034550.1,0.0
AC080011.1,0.0
LINC02448,0.0
TSPYL6,0.0
AC010967.2,0.0
AL355597.1,0.0
TMEM210,0.0
BPIFB1,0.0
BPIFA1,0.0
AC009234.1,0.0
AC068725.1,0.0
AC009971.1,0.0
AL807752.3,0.0
ENTPD8,0.0
BX255925.4,0.0
GTF2A1L,0.0
BX255925.1,0.0
BPIFA3,0.0
AL121901.1,0.0
BPIFA2,0.0
BPIFB4,0.0
AC018682.2,0.0
TMEM247,0.0
LINC02583,0.0
LINC01820,0.0
AC017006.1,0.0
AC017006.2,0.0
AC138655.1,0.0
STPG3,0.0
AC073283.1,0.0
AC025576.1,0.0
AC093732.1,0.0
AC093732.2,0.0
AC016722.2,0.0
AC025576.2,0.0
AL050349.1,0.0
AL121906.1,0.0
AC025576.3,0.0
AC020611.2,0.0
AC093833.1,0.0
AC090023.2,0.0
AC090023.1,0.0
AC025419.1,0.0
AC012354.1,0.0
FUT7,0.0
ITCH-IT1,0.0
ITCH-AS1,0.0
AL356299.2,0.0
AL035458.2,0.0
ASIP,0.0
AL031668.1,0.0
LINC02692,0.0
AC135895.1,0.0
AC083949.1,0.0
AC013480.1,0.0
C2orf91,0.0
LINC01914,0.0
LINC02231,0.0
AC009413.2,0.0
LINC01794,0.0
FAM83C,0.0
AL356652.1,0.0
AL109824.1,0.0
AC078962.3,0.0
LINC01126,0.0
AC010883.2,0.0
AC078962.4,0.0
LINC02590,0.0
U51244.1,0.0
AC018693.1,0.0
AC074366.1,0.0
AC011247.1,0.0
LINC01883,0.0
AC078962.2,0.0
AC009229.1,0.0
AC009229.3,0.0
AC009229.2,0.0
C20orf173,0.0
LINC02442,0.0
GDF5OS,0.0
LINC02420,0.0
AC007317.1,0.0
AC073530.1,0.0
LCN6,0.0
OXER1,0.0
AC007378.1,0.0
AC019064.1,0.0
AC012593.1,0.0
AC078889.1,0.0
LINC01318,0.0
RMDN2-AS1,0.0
LINC00211,0.0
AC006369.2,0.0
LINC02425,0.0
AC007391.3,0.0
AC007391.2,0.0
AC007391.1,0.0
AC090673.1,0.0
LHX3,0.0
AL138781.1,0.0
LCN9,0.0
LINC01946,0.0
AL133247.1,0.0
SRD5A2,0.0
XDH,0.0
AL590226.2,0.0
AC009305.1,0.0
IL22,0.0
IL26,0.0
AL133243.1,0.0
BIRC6-AS1,0.0
LINC00489,0.0
LINC01746,0.0
GHRH,0.0
AL136172.1,0.0
TLDC2,0.0
SULT6B1,0.0
LINC02421,0.0
AC078777.1,0.0
AC109642.1,0.0
AL354761.1,0.0
AC106870.2,0.0
AC074096.1,0.0
AC105398.1,0.0
OBP2A,0.0
AL391095.2,0.0
LBP,0.0
AL161452.1,0.0
AL353615.1,0.0
AL359555.2,0.0
AL031651.1,0.0
AL390778.2,0.0
AL121652.1,0.0
AL390778.1,0.0
AC020656.2,0.0
PRR30,0.0
AC127894.1,0.0
AC074011.1,0.0
AC104695.1,0.0
AC008033.3,0.0
AC002101.1,0.0
AL035251.1,0.0
LINC01734,0.0
AL023803.3,0.0
MYMK,0.0
COL5A1-AS1,0.0
AL669970.2,0.0
LINC02247,0.0
AL445931.1,0.0
AL049812.2,0.0
AC015977.2,0.0
LINC02821,0.0
LRRC10,0.0
AGBL5-IT1,0.0
LINC02373,0.0
AC013472.1,0.0
AC013472.2,0.0
AC089984.1,0.0
BARHL1,0.0
AL035665.2,0.0
AL160271.2,0.0
AL009050.1,0.0
AL133419.1,0.0
LINC01370,0.0
AL132981.1,0.0
PRRT1B,0.0
AC008073.2,0.0
AL358781.2,0.0
AC011239.1,0.0
AC104699.1,0.0
AL157938.4,0.0
AC013267.2,0.0
AC012073.1,0.0
AC093798.1,0.0
LINC01728,0.0
GTSF1L,0.0
AC011601.1,0.0
AC025575.2,0.0
AL031676.1,0.0
AL031656.1,0.0
AC025575.1,0.0
AC012506.3,0.0
AC123905.1,0.0
LINC01884,0.0
AC096570.2,0.0
LINC01822,0.0
AC009411.1,0.0
AL445645.1,0.0
AC011752.1,0.0
TDRD15,0.0
AC010872.2,0.0
LINC01620,0.0
AL117382.2,0.0
HNF4A-AS1,0.0
AL117382.1,0.0
R3HDML,0.0
AL035447.1,0.0
SEMG2,0.0
GPRACR,0.0
AC115619.1,0.0
LINC02850,0.0
HS1BP3-IT1,0.0
AC012065.1,0.0
AC023137.1,0.0
AC098828.2,0.0
AL158207.2,0.0
PRRX2-AS1,0.0
WFDC12,0.0
WFDC5,0.0
AL157938.3,0.0
AL008725.1,0.0
AL157938.2,0.0
AL161733.1,0.0
WFDC8,0.0
EPPIN,0.0
QRFP,0.0
AC090502.2,0.0
AC019055.1,0.0
LINC01808,0.0
AC010096.1,0.0
AC130814.1,0.0
AC106053.1,0.0
NT5C1B,0.0
WFDC6,0.0
SPINT3,0.0
AL031663.2,0.0
LINC02394,0.0
AC136188.1,0.0
LINC02445,0.0
AL008726.1,0.0
SPATA25,0.0
AC079148.2,0.0
AC079148.3,0.0
MSGN1,0.0
LINC01866,0.0
AC104623.1,0.0
AC010880.1,0.0
AC010745.4,0.0
AC010745.5,0.0
UBE2C,0.0
SPINT4,0.0
AC090503.1,0.0
LINC02444,0.0
WFDC11,0.0
WFDC9,0.0
OCSTAMP,0.0
AC090503.2,0.0
AC010745.3,0.0
AC133480.1,0.0
AC010745.1,0.0
AC130710.1,0.0
AC079030.1,0.0
AC010145.1,0.0
MYCNUT,0.0
AC113608.2,0.0
LINC01804,0.0
AC008278.1,0.0
AC008278.2,0.0
AC068286.1,0.0
AC124784.1,0.0
AC011611.3,0.0
LINC00494,0.0
AC011611.2,0.0
AL121888.2,0.0
AL136102.1,0.0
AC078820.2,0.0
AC078923.1,0.0
LINC01523,0.0
LINC01522,0.0
AL357558.3,0.0
AL357558.1,0.0
AL357558.2,0.0
AL354813.1,0.0
LINC01754,0.0
AL031666.3,0.0
AC091534.1,0.0
AL354766.2,0.0
AC106875.2,0.0
AC099344.2,0.0
AC099344.1,0.0
AC092687.1,0.0
AC068286.2,0.0
AC011897.1,0.0
AC016730.1,0.0
AC073062.1,0.0
AC093912.1,0.0
AC009486.1,0.0
AC009486.2,0.0
AC096559.1,0.0
AC012456.2,0.0
AC012456.1,0.0
AC106875.1,0.0
AL137078.1,0.0
AC011747.1,0.0
AC092617.1,0.0
U91324.1,0.0
AC007463.2,0.0
AC104794.4,0.0
AC010969.1,0.0
AC010969.3,0.0
AC025257.1,0.0
AC073571.1,0.0
CSE1L-AS1,0.0
AL049541.2,0.0
AL049541.1,0.0
AL137078.2,0.0
AC092687.2,0.0
AC007314.1,0.0
AL158151.2,0.0
AL133230.1,0.0
AC007463.1,0.0
AL391056.2,0.0
AL353803.4,0.0
AL353803.5,0.0
AC068481.1,0.0
AL161785.2,0.0
AC097517.1,0.0
LINC01271,0.0
SMIM25,0.0
AL161937.1,0.0
TRERNA1,0.0
AC093904.1,0.0
AC093904.3,0.0
AC093904.4,0.0
AC093904.2,0.0
AL354993.1,0.0
AL109930.1,0.0
AL391097.2,0.0
AL391097.1,0.0
AL391097.3,0.0
AL121902.1,0.0
AL161945.1,0.0
AL359091.3,0.0
AL049765.1,0.0
AL109610.1,0.0
HMGA1P4,0.0
AL109984.1,0.0
AL356481.3,0.0
AL356481.2,0.0
AL050404.1,0.0
AL353653.1,0.0
MIR7515HG,0.0
LINC01824,0.0
LINC01247,0.0
AC017053.1,0.0
LINC01810,0.0
ODF2-AS1,0.0
AC010729.2,0.0
AC108025.1,0.0
LINC01248,0.0
AC073569.2,0.0
LINC01249,0.0
AC012445.1,0.0
LINC01304,0.0
AC027288.1,0.0
AC090709.1,0.0
AL354993.2,0.0
MC3R,0.0
AC010907.1,0.0
AC079362.1,0.0
AC010907.2,0.0
AC090680.1,0.0
AC089998.2,0.0
EIPR1-IT1,0.0
AL109828.1,0.0
AL160413.1,0.0
AC089998.4,0.0
LINC01440,0.0
AL133335.1,0.0
AL133335.2,0.0
AC006076.1,0.0
AL450263.1,0.0
AC005808.1,0.0
AL035541.1,0.0
AL360268.1,0.0
AL360268.2,0.0
AL109955.2,0.0
LINC02426,0.0
SPO11,0.0
BMP7-AS1,0.0
AL157414.4,0.0
AL157414.1,0.0
AL157414.2,0.0
AL133232.1,0.0
LINC01716,0.0
AC078955.1,0.0
FAM209A,0.0
GCNT7,0.0
AL139824.1,0.0
ANKRD60,0.0
C20orf85,0.0
AL354984.2,0.0
LINC01742,0.0
AL354984.1,0.0
AC019118.1,0.0
AC019118.2,0.0
AC011995.1,0.0
LINC01490,0.0
MYT1L-AS1,0.0
MYF5,0.0
AC074031.1,0.0
AL354979.1,0.0
AC141930.2,0.0
AC141930.1,0.0
AL161908.2,0.0
AC092159.3,0.0
LMX1B,0.0
AL161908.1,0.0
AL035250.2,0.0
AL035250.1,0.0
TUBB1,0.0
AL356309.1,0.0
AL356309.2,0.0
AL132655.1,0.0
AL589923.1,0.0
AL132655.3,0.0
AL139349.1,0.0
AL162584.1,0.0
LINC02820,0.0
AC090679.2,0.0
APCDD1L,0.0
AL121910.1,0.0
AL139348.1,0.0
AC090679.3,0.0
AL389889.1,0.0
AL389889.2,0.0
AC093025.1,0.0
AC108462.1,0.0
AC114808.2,0.0
AC114808.1,0.0
AL162724.1,0.0
AC113607.1,0.0
LINC01939,0.0
LINC01115,0.0
AC116609.1,0.0
AC116609.2,0.0
AL162724.2,0.0
OR2T10,0.0
OR2T34,0.0
OR2T29,0.0
OR2T5,0.0
AC093326.1,0.0
LINC01875,0.0
AC093326.2,0.0
LINC01874,0.0
AC006450.1,0.0
AL390774.2,0.0
AL445489.1,0.0
AC079779.4,0.0
AC079779.3,0.0
AC079598.1,0.0
AC079779.1,0.0
LINC01718,0.0
AL450469.2,0.0
BX640514.2,0.0
BX640514.1,0.0
LINC02258,0.0
AL499627.1,0.0
AL499627.2,0.0
GATA5,0.0
AC016993.1,0.0
AL354710.2,0.0
AL354928.1,0.0
AL162457.1,0.0
BX640515.1,0.0
AL672291.1,0.0
OR2T27,0.0
OR2T35,0.0
OR2T11,0.0
AC123512.1,0.0
AC090049.1,0.0
OR2T3,0.0
OR2T2,0.0
OR2T1,0.0
LINC02404,0.0
OR2T4,0.0
OR14C36,0.0
OR2M7,0.0
AC025254.1,0.0
OR2T33,0.0
AC126175.2,0.0
OR2M2,0.0
OR2M5,0.0
AC090016.1,0.0
AL450469.1,0.0
LINC02823,0.0
EPYC,0.0
AL096828.1,0.0
LINC00615,0.0
CCER1,0.0
AL096828.6,0.0
LINC01056,0.0
LINC00029,0.0
LINC01749,0.0
BHLHE23,0.0
LINC00659,0.0
AC112481.2,0.0
LINC00686,0.0
SLCO4A1-AS1,0.0
AL357033.3,0.0
AL357033.4,0.0
AL121829.1,0.0
AL353658.1,0.0
AL353658.2,0.0
AC084365.1,0.0
OR2AK2,0.0
OR2L8,0.0
OR2AJ1,0.0
LINC02392,0.0
OR2W3,0.0
OR11L1,0.0
OR14A16,0.0
OR1C1,0.0
OR14K1,0.0
OR14A2,0.0
OR6F1,0.0
OR13G1,0.0
LINC01743,0.0
LINC02399,0.0
AC092801.1,0.0
AC118555.1,0.0
OR2G3,0.0
OR2G2,0.0
AL606804.1,0.0
GCSAML-AS1,0.0
OR2C3,0.0
LINC02413,0.0
C12orf74,0.0
CLLU1OS,0.0
AC007066.3,0.0
OR1K1,0.0
OR5C1,0.0
SRMS,0.0
AL590483.2,0.0
AL590483.4,0.0
AL590483.1,0.0
AL662889.1,0.0
AL591721.1,0.0
AL606534.2,0.0
AL606534.1,0.0
ABHD16B,0.0
ZBTB46-AS1,0.0
OR1L6,0.0
AC104462.1,0.0
AC104462.2,0.0
KIF26B-AS1,0.0
OR1L4,0.0
AL451007.2,0.0
OR1L3,0.0
OR1L1,0.0
AC079801.1,0.0
OR1B1,0.0
FP565260.5,0.0
FP565260.4,0.0
AL606534.3,0.0
OR1Q1,0.0
AC025164.2,0.0
AL513122.2,0.0
BECN2,0.0
NPBWR2,0.0
OR1N2,0.0
AL355803.1,0.0
OR1N1,0.0
C1orf100,0.0
AL358177.1,0.0
OR1J4,0.0
FP475955.3,0.0
CU638689.1,0.0
CRYAA2,0.0
FP236240.1,0.0
OR1J2,0.0
OR1J1,0.0
CU633906.1,0.0
AL359636.1,0.0
CU639417.5,0.0
AC138123.2,0.0
LINC01669,0.0
CU639417.1,0.0
AC084879.2,0.0
AL441989.1,0.0
LINC01613,0.0
AC006288.1,0.0
LINC02578,0.0
LINC01666,0.0
AL355592.1,0.0
AL354754.1,0.0
FP236383.3,0.0
AL445644.1,0.0
AL157829.1,0.0
FP671120.4,0.0
KCNE1B,0.0
SMIM34B,0.0
FAM243B,0.0
CU633904.1,0.0
AC023161.1,0.0
CU634019.2,0.0
FP475955.2,0.0
AP003900.1,0.0
CR382287.2,0.0
AC018692.1,0.0
AC124864.3,0.0
CR392039.4,0.0
AC073655.1,0.0
AC073655.3,0.0
AC012464.3,0.0
AL358176.1,0.0
AL590490.1,0.0
AC012464.1,0.0
AL356361.3,0.0
AL356361.2,0.0
CHRM3-AS1,0.0
AC016152.1,0.0
LINC02409,0.0
AL583825.1,0.0
AC007656.4,0.0
AC007656.1,0.0
AL356010.2,0.0
ZP4,0.0
AL359259.1,0.0
AC007513.1,0.0
AC008149.1,0.0
LIPI,0.0
AL050303.1,0.0
POTED,0.0
LINC01674,0.0
AJ239318.1,0.0
AP001464.1,0.0
IGHV1OR21-1,0.0
AC007298.1,0.0
AC007298.2,0.0
AP000962.1,0.0
AP000962.3,0.0
AP001172.2,0.0
HAL,0.0
AL122018.2,0.0
LINC02768,0.0
AL139161.1,0.0
LYST-AS1,0.0
CCDC38,0.0
LINC02410,0.0
AC090001.1,0.0
AF127577.2,0.0
FAM71C,0.0
AC117377.1,0.0
SAMSN1-AS1,0.0
LINC01683,0.0
AP000855.1,0.0
AP000431.1,0.0
AP000431.2,0.0
AL157359.1,0.0
AL157359.2,0.0
AF240627.1,0.0
MIR548XHG,0.0
AL109763.1,0.0
TMPRSS15,0.0
AF130417.1,0.0
CHODL-AS1,0.0
AL109761.1,0.0
C21orf91-OT1,0.0
AP000432.1,0.0
AC069437.1,0.0
AP000961.1,0.0
AP000459.1,0.0
ASTN2-AS1,0.0
AP001255.1,0.0
AP001116.1,0.0
AP000959.1,0.0
AP000561.1,0.0
LINC00308,0.0
LINC01687,0.0
AP000472.1,0.0
LINC01425,0.0
LINC00317,0.0
AF241725.1,0.0
AP001117.1,0.0
AP001136.1,0.0
LINC02573,0.0
PAPPA-AS2,0.0
AP001341.1,0.0
AP000233.1,0.0
AP000233.2,0.0
AP000235.1,0.0
AP000146.1,0.0
AP000402.1,0.0
LINC01692,0.0
LINC01684,0.0
LINC01689,0.0
AP000470.1,0.0
AP000477.1,0.0
AP000477.3,0.0
AP000477.2,0.0
AP000474.1,0.0
AP000474.2,0.0
AL691426.1,0.0
AP001442.1,0.0
LINC00474,0.0
LINC01348,0.0
AL391832.3,0.0
AL391832.2,0.0
AL391832.1,0.0
AL691420.1,0.0
AL360294.1,0.0
AL355601.1,0.0
AL160408.6,0.0
AL160408.3,0.0
AL160408.4,0.0
AL162425.1,0.0
SHOC1,0.0
TEX48,0.0
AJ006995.1,0.0
LINC00113,0.0
LINC01673,0.0
AP001604.1,0.0
AP001605.1,0.0
AL160408.2,0.0
AL161640.1,0.0
TEX53,0.0
AL161640.2,0.0
AL138895.1,0.0
AL122008.4,0.0
AL122008.1,0.0
ORM2,0.0
AP001599.1,0.0
AP001596.2,0.0
AP001595.1,0.0
AF129075.3,0.0
ORM1,0.0
AL713868.1,0.0
AMBP,0.0
AL360006.1,0.0
AL122003.2,0.0
LINC01744,0.0
LINC01745,0.0
AL353052.2,0.0
AL353052.1,0.0
DISC1-IT1,0.0
AL157702.2,0.0
LINC00161,0.0
LINC01695,0.0
AL162727.1,0.0
AL162727.2,0.0
KRTAP23-1,0.0
KRTAP27-1,0.0
KRTAP26-1,0.0
KRTAP25-1,0.0
KRTAP24-1,0.0
CLDN8,0.0
LINC00307,0.0
CLDN17,0.0
AF096876.1,0.0
AC010203.2,0.0
BACH1-IT3,0.0
AC079907.1,0.0
AC084398.2,0.0
AL135787.1,0.0
LINC00189,0.0
AF124730.1,0.0
KRTAP22-1,0.0
KRTAP6-2,0.0
KRTAP6-3,0.0
KRTAP22-2,0.0
KRTAP19-7,0.0
KRTAP19-6,0.0
KRTAP19-5,0.0
KRTAP19-4,0.0
KRTAP19-3,0.0
KRTAP19-2,0.0
KRTAP19-1,0.0
KRTAP15-1,0.0
KRTAP13-4,0.0
KRTAP13-3,0.0
KRTAP13-1,0.0
KRTAP13-2,0.0
KRTAP19-8,0.0
KRTAP11-1,0.0
KRTAP7-1,0.0
KRTAP8-1,0.0
AL162414.1,0.0
LINC00582,0.0
AL109810.2,0.0
AL118511.3,0.0
KRTAP21-1,0.0
KRTAP21-2,0.0
KRTAP21-3,0.0
KRTAP20-3,0.0
KRTAP20-2,0.0
KRTAP20-4,0.0
KRTAP20-1,0.0
KRTAP6-1,0.0
AL592463.1,0.0
AL160004.1,0.0
TXNDC8,0.0
SPHAR,0.0
AL158829.1,0.0
SPIC,0.0
AC063947.1,0.0
AC138360.1,0.0
AL118511.2,0.0
AL512328.1,0.0
LINC02401,0.0
LINC01737,0.0
AL136988.1,0.0
AL136988.2,0.0
HUNK-AS1,0.0
AP000248.1,0.0
AL136379.1,0.0
AC084364.3,0.0
WNT3A,0.0
PRSS38,0.0
SNAP47-AS1,0.0
LINC02815,0.0
HIST3H3,0.0
AL139288.1,0.0
AL670729.1,0.0
AC068643.2,0.0
AL353593.3,0.0
AL353593.2,0.0
AP000282.1,0.0
AP000281.2,0.0
AP000266.1,0.0
LINC01682,0.0
ACTL7A,0.0
AL627308.3,0.0
AL451047.1,0.0
AL353689.3,0.0
AL353689.2,0.0
ACTL7B,0.0
AL358779.1,0.0
ITPKB-IT1,0.0
AL353742.1,0.0
IL10RB-DT,0.0
LINC01548,0.0
AP000290.1,0.0
AP000289.1,0.0
LINC00945,0.0
LINC01690,0.0
AL359552.1,0.0
AF015262.1,0.0
AL807761.3,0.0
AL807761.4,0.0
LINC00160,0.0
LINC00485,0.0
SMIM34A,0.0
AL359704.3,0.0
LINC02456,0.0
ACBD3-AS1,0.0
PMCH,0.0
AL117348.1,0.0
AP000322.2,0.0
FAM243A,0.0
AC089983.1,0.0
AC089983.2,0.0
AL451054.4,0.0
AP000695.1,0.0
AP000688.3,0.0
AC138393.3,0.0
CCDC185,0.0
AL359979.1,0.0
AL359979.2,0.0
AC099066.1,0.0
AC099066.2,0.0
AC092811.1,0.0
LINC02385,0.0
LINC01505-1,0.0
AL512649.2,0.0
AL596330.2,0.0
AL451140.1,0.0
AP000688.4,0.0
AF015720.1,0.0
TTC3-AS1,0.0
AL732323.1,0.0
AL158070.1,0.0
AL591506.1,0.0
AL359182.1,0.0
AC012555.2,0.0
AL513314.1,0.0
AC025265.3,0.0
LINC01705,0.0
LINC02474,0.0
AP000697.1,0.0
AP000696.1,0.0
AP000696.3,0.0
AP000696.2,0.0
CLDN14,0.0
AP000695.2,0.0
AC025265.2,0.0
DSCR8,0.0
DSCR4-IT1,0.0
DSCR4,0.0
KCNJ6-AS1,0.0
LINC00587,0.0
LINC02257,0.0
OR13D1,0.0
AL360013.4,0.0
AL360013.3,0.0
AL360013.2,0.0
LINC02817,0.0
HLX-AS1,0.0
OR13C9,0.0
AP001437.2,0.0
OR13C2,0.0
OR13C8,0.0
AF064858.2,0.0
AP001043.1,0.0
AP001042.3,0.0
LINC02779,0.0
AC096644.3,0.0
AL451081.1,0.0
AL356364.1,0.0
OR13C3,0.0
AL360093.1,0.0
AP001042.2,0.0
OR13C4,0.0
AP001037.1,0.0
LINC01423,0.0
AP001434.1,0.0
DSCR10,0.0
AL450426.1,0.0
DSCAM-AS1,0.0
OR13F1,0.0
AF064860.1,0.0
LINC01710,0.0
AL590381.1,0.0
TGFB2-OT1,0.0
AL355526.2,0.0
LINC01653,0.0
AL355526.1,0.0
LINC00210,0.0
SPATA17-AS1,0.0
AC138024.1,0.0
AC093581.1,0.0
BRWD1-AS1,0.0
BRWD1-IT1,0.0
AP006748.1,0.0
AP001610.3,0.0
TMPRSS2,0.0
AP001610.2,0.0
AL358452.1,0.0
AL450990.1,0.0
AL390962.1,0.0
AL929236.1,0.0
LINC02775,0.0
AL606537.1,0.0
AC078874.1,0.0
AC089985.1,0.0
BACE2-IT1,0.0
PLAC4,0.0
AL136084.2,0.0
AF064866.1,0.0
FOXE1,0.0
AC096639.1,0.0
AL592402.1,0.0
AC104333.4,0.0
AL445531.1,0.0
LINC02773,0.0
FAM71A,0.0
AL590648.2,0.0
AP001619.1,0.0
AL358937.1,0.0
AP001615.1,0.0
RIPK4,0.0
LINC00112,0.0
LINC00479,0.0
LINC00111,0.0
AP006748.2,0.0
AP001631.1,0.0
FRGCA,0.0
AL162394.1,0.0
AP001630.1,0.0
ERVH48-1,0.0
AP001628.1,0.0
AP001628.2,0.0
LINC01668,0.0
AL162427.1,0.0
LINC01671,0.0
AP001625.2,0.0
AP001625.1,0.0
AL136084.3,0.0
UBASH3A,0.0
TFF1,0.0
TFF2,0.0
LINC00319,0.0
AC011595.1,0.0
AP001046.1,0.0
AC079851.1,0.0
LINC00322,0.0
AC092803.4,0.0
AC011313.1,0.0
AC092803.2,0.0
LINC02771,0.0
CYLC2,0.0
AL360091.1,0.0
AL360091.3,0.0
AL360091.2,0.0
AL449403.3,0.0
AL606468.1,0.0
CRYAA,0.0
AL162385.1,0.0
NUTM2G,0.0
AL022397.1,0.0
LPGAT1-AS1,0.0
AC096637.1,0.0
AC007622.2,0.0
LINC01693,0.0
AL356310.1,0.0
AC105275.2,0.0
AC105275.1,0.0
RD3,0.0
AATBC,0.0
AC007649.1,0.0
H2BFS,0.0
AP001048.1,0.0
AC078929.1,0.0
AC007834.1,0.0
AP001065.4,0.0
LINC02575,0.0
FAM222A-AS1,0.0
LRRC3-DT,0.0
LINC01486,0.0
AP001063.1,0.0
AP001062.2,0.0
FOXN4,0.0
DNMT3L,0.0
AC007637.1,0.0
USP30-AS1,0.0
AC007569.1,0.0
AP001056.1,0.0
AL133477.3,0.0
AC092017.4,0.0
KRTAP12-3,0.0
KRTAP12-4,0.0
KRTAP10-11,0.0
KRTAP10-10,0.0
KRTAP10-9,0.0
KRTAP10-8,0.0
KRTAP10-7,0.0
KRTAP10-6,0.0
KRTAP10-5,0.0
KRTAP10-4,0.0
KRTAP10-3,0.0
KRTAP10-2,0.0
KRTAP10-1,0.0
HSD17B3-AS1,0.0
FBP2,0.0
TSPEAR-AS1,0.0
AL844908.1,0.0
AL023754.2,0.0
AL023754.1,0.0
MIR205HG,0.0
LINC01698,0.0
LINC01696,0.0
AC092810.3,0.0
LINC01774,0.0
NUTM2F,0.0
LINC02769,0.0
LINC01735,0.0
AL590138.1,0.0
BARX1-DT,0.0
KRTAP10-12,0.0
KRTAP12-1,0.0
KRTAP12-2,0.0
LINC00315,0.0
BX322557.2,0.0
AL354861.3,0.0
AL137789.2,0.0
CR1L,0.0
AL137789.1,0.0
AL354861.2,0.0
AL391597.1,0.0
AL596218.1,0.0
AL445493.2,0.0
C4BPA,0.0
AL392185.1,0.0
AL133499.1,0.0
PICSAR,0.0
LINC00165,0.0
LINC00163,0.0
AP001476.2,0.0
AP001476.3,0.0
AP001476.1,0.0
AL161729.1,0.0
AL161729.3,0.0
AJ011931.1,0.0
AJ011931.2,0.0
AL592528.1,0.0
AL133492.1,0.0
AL133493.2,0.0
AL354893.2,0.0
AL353768.2,0.0
COL18A1-AS2,0.0
BX322559.1,0.0
LINC00316,0.0
BX322557.1,0.0
AP000542.3,0.0
CU104787.1,0.0
DIP2A-IT1,0.0
AP000471.1,0.0
AP001469.2,0.0
AP001469.1,0.0
C4BPB,0.0
C1orf116,0.0
FCAMR,0.0
PIGR,0.0
IL24,0.0
IL20,0.0
AL591846.2,0.0
MIR4290HG,0.0
FTCD-AS1,0.0
AP001471.1,0.0
POTEH-AS1,0.0
POTEH,0.0
AP000532.2,0.0
AP000534.1,0.0
OR11H1,0.0
AC244034.2,0.0
C1orf147,0.0
AC244035.2,0.0
AL161629.1,0.0
AC244035.1,0.0
BX470209.1,0.0
RHEX,0.0
CTSE,0.0
AL713965.1,0.0
BX470209.2,0.0
AP000542.2,0.0
IGKV2OR22-4,0.0
IGKV1OR22-5,0.0
AL157827.2,0.0
XKR3,0.0
LINC01665,0.0
AC119673.1,0.0
AL136097.2,0.0
LEMD1-AS1,0.0
AC093422.2,0.0
AC005301.2,0.0
AP000365.1,0.0
AP000547.4,0.0
AC007546.1,0.0
AP000547.2,0.0
AC145543.1,0.0
BARX1,0.0
AL442224.1,0.0
LINC00303,0.0
AC096645.1,0.0
AL583839.1,0.0
AL390760.1,0.0
AL451065.1,0.0
AL161793.1,0.0
AL512306.2,0.0
AL512306.3,0.0
AL606489.1,0.0
LINC00628,0.0
LINC02834,0.0
GAB4,0.0
IGKV1OR22-1,0.0
IGKV3OR22-2,0.0
IGKV2OR22-3,0.0
AL353613.1,0.0
FAM230D,0.0
AL606807.1,0.0
LINC01136,0.0
AL772202.1,0.0
AC105940.1,0.0
AL390791.1,0.0
LINC02843,0.0
LINC01634,0.0
MYL2,0.0
CCDC63,0.0
AC002375.1,0.0
LINC00484,0.0
AL355607.2,0.0
ERLNC1,0.0
AL592146.1,0.0
AC007326.2,0.0
AL355607.1,0.0
AC008103.1,0.0
AC098934.4,0.0
AC104463.1,0.0
AL162585.1,0.0
AL691482.3,0.0
FAM230F,0.0
FAM230E,0.0
AC023490.5,0.0
RIMBP3,0.0
GGTLC3,0.0
AC023490.4,0.0
AC023490.2,0.0
FAM230A,0.0
AC011718.1,0.0
TNNI1,0.0
AC119427.1,0.0
LAD1,0.0
AC103925.1,0.0
AL358473.2,0.0
GPR25,0.0
AL161447.2,0.0
AL157882.1,0.0
AL645504.1,0.0
AC092800.1,0.0
AC096677.2,0.0
GSC2,0.0
TSSK2,0.0
AC004471.2,0.0
AC004471.1,0.0
AL356134.1,0.0
SLC28A3,0.0
NR5A2,0.0
LINC02789,0.0
AC004551.1,0.0
LINC01221,0.0
AC004217.1,0.0
AC073575.1,0.0
AL157402.2,0.0
AC000067.1,0.0
AL353572.3,0.0
AC000082.1,0.0
AL772337.2,0.0
AL353752.2,0.0
LINC02459,0.0
AC000085.1,0.0
AC000072.1,0.0
AC010183.2,0.0
AC010183.1,0.0
AC007663.2,0.0
AL157402.1,0.0
ATP6V1G3,0.0
AC009731.1,0.0
AL365258.1,0.0
AL136322.1,0.0
F13B,0.0
AL354733.3,0.0
CFHR2,0.0
AC006547.1,0.0
AL499602.1,0.0
AL359834.1,0.0
AC104461.1,0.0
LHX5-AS1,0.0
AL713866.1,0.0
LHX5,0.0
CFHR4,0.0
CFHR3,0.0
LINC01724,0.0
AL353072.2,0.0
AL513348.1,0.0
AC089999.2,0.0
AL357793.1,0.0
AL136456.1,0.0
LINC01031,0.0
AC007731.3,0.0
USP41,0.0
AC007731.5,0.0
AC007731.2,0.0
FAM230G,0.0
AC089999.1,0.0
LINC01651,0.0
AP000552.2,0.0
FAM230H,0.0
AC012157.3,0.0
AP000550.2,0.0
LINC02463,0.0
AC002472.1,0.0
AC009387.1,0.0
AC009803.1,0.0
RGS13,0.0
AL136987.1,0.0
RGS21,0.0
AL359081.1,0.0
LINC02770,0.0
LINC01680,0.0
LINC01720,0.0
AL391645.1,0.0
AL354771.1,0.0
AL591504.2,0.0
AL591504.1,0.0
LINC01701,0.0
LINC01035,0.0
AL691515.2,0.0
AL691515.1,0.0
AL929288.1,0.0
AL596211.1,0.0
AL136372.2,0.0
AC009803.2,0.0
AC078880.2,0.0
AC078880.5,0.0
RIMBP3B,0.0
IGLV4-60,0.0
IGLV8-61,0.0
IGLV1-62,0.0
IGLVI-63,0.0
IGLVIV-64,0.0
IGLVIV-65,0.0
IGLVV-66,0.0
IGLVIV-66-1,0.0
IGLV10-67,0.0
IGLV10-54,0.0
AC245452.5,0.0
IGLVI-68,0.0
IGLV4-69,0.0
IGLVI-70,0.0
AP000553.8,0.0
AP000553.9,0.0
IGLV5-45,0.0
IGLV7-46,0.0
IGLV1-47,0.0
IGLV5-48,0.0
IGLV9-49,0.0
IGLV1-50,0.0
AC078880.4,0.0
AC078880.3,0.0
AC245060.2,0.0
VPREB1,0.0
IGLVIV-53,0.0
IGLV11-55,0.0
IGLVI-56,0.0
IGLV6-57,0.0
IGLVV-58,0.0
IGLVIV-59,0.0
IGLV3-32,0.0
IGLV2-33,0.0
IGLV2-34,0.0
AC008125.1,0.0
PRAME,0.0
ZNF280A,0.0
IGLV7-35,0.0
IGLV1-36,0.0
IGLV5-37,0.0
IGLVI-38,0.0
IGLV1-40,0.0
AC009804.2,0.0
IGLVVII-41-1,0.0
IGLVI-42,0.0
IGLV7-43,0.0
IGLV1-44,0.0
IGLV3-21,0.0
IGLV3-22,0.0
IGLVVI-22-1,0.0
IGLV2-23,0.0
IGLV3-24,0.0
AC244250.1,0.0
IGLV3-25,0.0
IGLVVI-25-1,0.0
IGLV3-26,0.0
IGLV3-27,0.0
IGLV2-28,0.0
IGLV3-29,0.0
GGTLC2,0.0
AC244250.4,0.0
IGLV3-30,0.0
IGLV3-31,0.0
IGLV2-5,0.0
IGLV3-6,0.0
IGLV3-7,0.0
IGLV2-8,0.0
IGLV3-9,0.0
IGLV3-10,0.0
IGLV2-11,0.0
IGLV3-12,0.0
IGLV3-13,0.0
IGLV2-14,0.0
IGLV3-15,0.0
IGLV3-16,0.0
IGLV3-17,0.0
IGLV2-18,0.0
IGLV3-19,0.0
IGLVI-20,0.0
IGLC6,0.0
IGLJ6,0.0
IGLC5,0.0
IGLJ5,0.0
IGLC4,0.0
IGLJ4,0.0
AC026765.2,0.0
IGLJ3,0.0
IGLC2,0.0
IGLJ2,0.0
IGLC1,0.0
IGLJ1,0.0
IGLV3-1,0.0
IGLV3-2,0.0
IGLV4-3,0.0
IGLV3-4,0.0
LINC02556,0.0
LINC01633,0.0
AC026765.4,0.0
AL445228.1,0.0
AL158011.1,0.0
AL590422.1,0.0
AC010177.1,0.0
OCLM,0.0
AL162726.4,0.0
AL133553.2,0.0
AL133553.1,0.0
AL133383.1,0.0
LINC01350,0.0
AL162726.1,0.0
IGLC7,0.0
IGLJ7,0.0
SPATA31D1,0.0
SPATA31D3,0.0
AL449223.1,0.0
AL354953.1,0.0
SPATA31D4,0.0
LAMC1-AS1,0.0
SHCBP1L,0.0
C22orf15,0.0
RGL4,0.0
AL158154.2,0.0
AP000345.1,0.0
AL591368.1,0.0
LINC02557,0.0
AP000345.3,0.0
AL138749.1,0.0
AL161912.2,0.0
AL161912.1,0.0
AC079384.1,0.0
LINC01688,0.0
LINC01686,0.0
AC079384.2,0.0
LINC00272,0.0
TEDDM1,0.0
AL390856.1,0.0
AC012157.2,0.0
AL355482.2,0.0
AL451127.1,0.0
ZNF648,0.0
AC253536.3,0.0
GSTT4,0.0
AC253536.6,0.0
APOBEC4,0.0
AL451127.2,0.0
AL022323.2,0.0
AL022323.5,0.0
GNA14-AS1,0.0
TMEM211,0.0
VPS13A-AS1,0.0
LINC01699,0.0
AL358393.1,0.0
LINC01732,0.0
LINC02816,0.0
OVAAL,0.0
PIWIL3,0.0
AP000357.2,0.0
FOXB2,0.0
TESC-AS1,0.0
GGT1-1,0.0
AC083806.3,0.0
AL513013.1,0.0
AC125603.1,0.0
AL390718.1,0.0
AL353708.2,0.0
AC125603.2,0.0
LINC02818,0.0
AL359853.1,0.0
AL359853.2,0.0
NPHS2,0.0
AL160286.3,0.0
AC125603.3,0.0
AL008721.1,0.0
AL353774.1,0.0
LINC02423,0.0
LINC02460,0.0
AL008638.4,0.0
LINC01504,0.0
AL008638.3,0.0
AL135924.2,0.0
C9orf57,0.0
AL159990.1,0.0
Z95115.2,0.0
AL159990.2,0.0
LINC02559,0.0
Z98949.3,0.0
Z98949.1,0.0
AL022329.3,0.0
AC131159.1,0.0
AL022329.2,0.0
AC084291.1,0.0
AL353780.1,0.0
AL355674.1,0.0
AL020994.1,0.0
AL020994.3,0.0
LINC01638,0.0
AL021153.1,0.0
LINC01741,0.0
LINC01645,0.0
AL031290.1,0.0
AL590723.1,0.0
LINC01657,0.0
TNR-IT1,0.0
AC002563.1,0.0
AL008626.1,0.0
C9orf135-DT,0.0
AL008638.6,0.0
AL008638.2,0.0
AL353693.1,0.0
Z97198.1,0.0
AL031599.1,0.0
FASLG,0.0
AL355140.1,0.0
GPR52,0.0
LINC02776,0.0
PRKACG,0.0
LINC00934,0.0
AL121885.1,0.0
AL121885.3,0.0
AL121885.2,0.0
AL133456.1,0.0
AL050402.1,0.0
AL050402.2,0.0
AL049536.1,0.0
AC084880.2,0.0
AC084880.3,0.0
AC084361.1,0.0
AL137157.1,0.0
AC087885.1,0.0
AC087863.2,0.0
MYOC,0.0
LINC02439,0.0
AC069234.2,0.0
AL021026.1,0.0
AL021393.1,0.0
AC003982.1,0.0
AL354794.1,0.0
LINC01506,0.0
TEX50,0.0
AL139142.1,0.0
TMEM252-DT,0.0
Z99758.1,0.0
AL031726.1,0.0
AL031726.2,0.0
LINC00970,0.0
MROH9,0.0
TMEM252,0.0
AL161457.1,0.0
AL353608.1,0.0
LINC01142,0.0
LINC01681,0.0
METTL11B,0.0
AL356475.1,0.0
AC004882.2,0.0
AL353608.3,0.0
FOXD4L3,0.0
LINC00626,0.0
AC004263.1,0.0
AC004263.2,0.0
AL022100.2,0.0
LINC01189,0.0
Z99943.1,0.0
ADCY10,0.0
AL590399.5,0.0
AC004264.1,0.0
LIF,0.0
LIF-AS1,0.0
AC002378.1,0.0
HORMAD2,0.0
HORMAD2-AS1,0.0
AL021940.1,0.0
SELE,0.0
FAM242E,0.0
AL627230.3,0.0
BX664730.1,0.0
SPATA31A3,0.0
AL359962.2,0.0
AL359962.1,0.0
AL359962.3,0.0
AL353770.3,0.0
AL158837.1,0.0
AC005006.1,0.0
AL353770.4,0.0
AC004832.1,0.0
SEC14L3,0.0
AC004832.6,0.0
AC004832.4,0.0
AL135926.2,0.0
LRRC52,0.0
IGKV1OR-3,0.0
AL390730.2,0.0
AL390730.1,0.0
LMX1A,0.0
AL357568.1,0.0
AL391001.1,0.0
AL592435.2,0.0
AL499616.1,0.0
RNF185-AS1,0.0
AC004542.1,0.0
AC004542.2,0.0
LINC01675,0.0
AL583804.1,0.0
AL596087.3,0.0
AL626787.1,0.0
AL021937.3,0.0
FOXD4L4,0.0
IGLCOR22-1,0.0
AL008723.1,0.0
C22orf42,0.0
Z83839.2,0.0
IGKV1OR9-1,0.0
AC079360.1,0.0
AL008719.1,0.0
AC084018.1,0.0
AC084018.4,0.0
AL596325.1,0.0
SPATA46,0.0
AL512785.1,0.0
AL450163.1,0.0
AL590408.1,0.0
Z73495.1,0.0
Z82246.1,0.0
HNF1A,0.0
AC069214.1,0.0
AC069234.1,0.0
AL451067.1,0.0
AC069234.3,0.0
IGKV1OR-2,0.0
AL590385.1,0.0
AL831711.1,0.0
AL592295.3,0.0
CR769776.3,0.0
AL021937.4,0.0
IGLVIVOR22-2,0.0
IGLCOR22-2,0.0
AL772155.1,0.0
AL008635.1,0.0
Z99755.2,0.0
ISX,0.0
AC069503.4,0.0
Z82196.1,0.0
AC069503.3,0.0
AL391987.3,0.0
AL391987.4,0.0
AL391987.1,0.0
LINC01643,0.0
LARGE-AS1,0.0
LARGE-IT1,0.0
Z82173.1,0.0
Z82198.2,0.0
Z82198.1,0.0
AL391987.2,0.0
AL935212.1,0.0
FAM242D,0.0
AL138930.1,0.0
BX005040.3,0.0
SPATA31A7,0.0
AL590491.2,0.0
AL591806.1,0.0
SPATA31A5,0.0
ITLN2,0.0
AL354714.1,0.0
AL354714.3,0.0
ITLN1,0.0
LY9,0.0
BX664718.1,0.0
Z82244.1,0.0
Z82244.2,0.0
AL022313.2,0.0
AC026333.3,0.0
AC127002.2,0.0
SLAMF9,0.0
AL445584.2,0.0
AL590560.5,0.0
FAM74A7,0.0
SNHG28,0.0
FO393418.1,0.0
Z82215.1,0.0
SPATA31A6,0.0
FAM242F,0.0
APOL5,0.0
AL049748.1,0.0
AL049747.1,0.0
AL591926.2,0.0
AL354718.2,0.0
FCRL6,0.0
CRP,0.0
APCS,0.0
OR10J5,0.0
LINC02819,0.0
OR10J1,0.0
AL513323.1,0.0
FOXD4L6,0.0
IGKV1OR9-2,0.0
FP325318.1,0.0
NCF4-AS1,0.0
Z82185.1,0.0
Z80897.1,0.0
Z80897.2,0.0
AL022313.3,0.0
OR6K2,0.0
SPTA1,0.0
CLIP1-AS1,0.0
OR10X1,0.0
OR6P1,0.0
OR6Y1,0.0
AL365440.2,0.0
OR10R2,0.0
IL31,0.0
MELK,0.0
Z82188.2,0.0
AL022314.1,0.0
TMPRSS6,0.0
AL135785.1,0.0
TEX33,0.0
Z82180.1,0.0
CD5L,0.0
FCRL1,0.0
AL513165.1,0.0
AL356276.1,0.0
AL773545.1,0.0
AL031587.2,0.0
AL031587.1,0.0
BX005214.2,0.0
BX005214.1,0.0
SPATA31A1,0.0
AL022315.1,0.0
Z94160.2,0.0
OR6N2,0.0
OR6K6,0.0
OR6N1,0.0
OR6K3,0.0
AL138900.1,0.0
AL845311.1,0.0
LRRC71,0.0
INSRR,0.0
FAM240B,0.0
AL590666.5,0.0
OR10T2,0.0
CD1E,0.0
CD1B,0.0
CD1C,0.0
CD1A,0.0
AC027290.1,0.0
HCAR3,0.0
LINC01704,0.0
AL138899.3,0.0
KIRREL1-IT1,0.0
RHBG,0.0
OR2S2,0.0
VHLL,0.0
AL590666.1,0.0
AL590666.4,0.0
AL590666.3,0.0
AL590666.2,0.0
TTC24,0.0
Z97056.3,0.0
Z97056.1,0.0
Z97056.2,0.0
Z98749.1,0.0
AL020993.1,0.0
OR13J1,0.0
LINC01627,0.0
LINC02772,0.0
APOBEC3B-AS1,0.0
AL512604.3,0.0
AL022318.1,0.0
LINC01400,0.0
AL162734.1,0.0
AL353807.2,0.0
AL161781.2,0.0
AL450267.1,0.0
AL021707.1,0.0
AL021707.3,0.0
C9orf131,0.0
FAM205A,0.0
AL355388.3,0.0
AL355388.1,0.0
RXFP4,0.0
AL139130.1,0.0
AL513523.4,0.0
UBE2Q1-AS1,0.0
AL162591.2,0.0
CCL21,0.0
AQP10,0.0
C1orf189,0.0
AC068790.3,0.0
AC117503.5,0.0
LENEP,0.0
AL357874.1,0.0
AL357874.2,0.0
AL592078.1,0.0
AC006065.3,0.0
AL031846.2,0.0
AC006065.4,0.0
LINC02825,0.0
EP300-AS1,0.0
AL035658.1,0.0
DNAJB7,0.0
LINC02826,0.0
LINC00939,0.0
AL022238.2,0.0
AC122688.2,0.0
THRIL,0.0
Z83847.1,0.0
AC073592.1,0.0
GRAP2,0.0
ENTHD1,0.0
AL022312.1,0.0
MGAT3-AS1,0.0
ARID3C,0.0
AL513523.3,0.0
AL162596.1,0.0
LCE6A,0.0
LCE1A,0.0
LCE1B,0.0
LCE1C,0.0
CNTFR-AS1,0.0
S100A7L2,0.0
S100A7A,0.0
LINC02375,0.0
PGLYRP4,0.0
PGLYRP3,0.0
PRR9,0.0
LELP1,0.0
AL161636.1,0.0
LINC02376,0.0
SPRR2E,0.0
LCE3E,0.0
CRCT1,0.0
AC079949.6,0.0
AC079949.5,0.0
Z99716.1,0.0
SPRR2B,0.0
SPRR2A,0.0
SPRR2D,0.0
SPRR1B,0.0
SPRR3,0.0
SPRR1A,0.0
SPRR4,0.0
SPRR5,0.0
TRBV29OR9-2,0.0
LINC01251,0.0
SMCP,0.0
AL356489.4,0.0
LINC02372,0.0
LCE1D,0.0
LCE1E,0.0
LCE1F,0.0
KPRP,0.0
C1orf68,0.0
LCE4A,0.0
LCE2A,0.0
LCE2B,0.0
LCE2C,0.0
LCE2D,0.0
LCE3A,0.0
LCE3B,0.0
LCE3C,0.0
LCE3D,0.0
LINC02824,0.0
AL589765.2,0.0
AL589765.4,0.0
LCE5A,0.0
CRNN,0.0
LINC00508,0.0
FLG,0.0
HRNR,0.0
AL589986.2,0.0
RPTN,0.0
AL589986.1,0.0
TRBV25OR9-2,0.0
AL450992.1,0.0
AL450992.3,0.0
TRBV24OR9-2,0.0
TRBV23OR9-2,0.0
TRBV22OR9-2,0.0
TRBV21OR9-2,0.0
AL589765.1,0.0
AL391335.1,0.0
AL365436.2,0.0
TRBV20OR9-2,0.0
AL356218.2,0.0
BX546033.1,0.0
Z99756.1,0.0
Z82214.1,0.0
Z82214.2,0.0
BIK,0.0
AC025252.1,0.0
AC068787.5,0.0
LINC02419,0.0
RORC,0.0
AC135388.1,0.0
HIST2H3A,0.0
HIST2H2AA3,0.0
HIST2H3C,0.0
HIST2H4A,0.0
AL356356.1,0.0
AC055717.2,0.0
AC242988.2,0.0
AC055717.1,0.0
LINC01656,0.0
Z85994.1,0.0
Z97055.2,0.0
AC117373.2,0.0
AC130404.2,0.0
TMEM132D-AS2,0.0
CTXND2,0.0
NOTCH2NLB,0.0
AC245100.1,0.0
LINC02806,0.0
GJA8,0.0
AC241644.2,0.0
TMEM132D-AS1,0.0
AC242842.1,0.0
PPIAL4C,0.0
AC239802.2,0.0
AC239802.1,0.0
AC023595.1,0.0
AL021391.1,0.0
AC061709.2,0.0
Z82243.1,0.0
AL079301.1,0.0
LINC00229,0.0
LINC02368,0.0
PPIAL4D,0.0
FP700111.1,0.0
LINC02369,0.0
PPIAL4F,0.0
AC243547.2,0.0
AC243547.1,0.0
AL121672.1,0.0
LINC02441,0.0
LINC02415,0.0
LINC01589,0.0
AC241644.3,0.0
AC241644.1,0.0
AC078925.1,0.0
ADGRD1-AS1,0.0
AC073862.1,0.0
BX284656.2,0.0
AC073912.2,0.0
FP325330.1,0.0
AC073912.1,0.0
PPIAL4E,0.0
IGKV1OR1-1,0.0
SPINK4,0.0
LINC02799,0.0
LINC01691,0.0
AL592494.1,0.0
SRGAP2-AS1,0.0
AL589642.1,0.0
AC095350.1,0.0
TBC1D22A-AS1,0.0
AL021392.1,0.0
AC063926.1,0.0
AL023802.1,0.0
Z97192.4,0.0
AC026336.2,0.0
AC026336.3,0.0
AL031593.1,0.0
AL008636.1,0.0
AC117500.3,0.0
LINC01243,0.0
Z82202.1,0.0
Z82202.2,0.0
LINC01242,0.0
Z84468.1,0.0
Z82249.1,0.0
Z72006.1,0.0
AL008720.1,0.0
BX284656.1,0.0
TTLL8,0.0
IL17REL,0.0
BX539320.1,0.0
AL445526.1,0.0
AL360014.1,0.0
AC244453.1,0.0
AC244453.3,0.0
IFNK,0.0
AL451123.2,0.0
AL163192.1,0.0
AC073578.5,0.0
ADAM30,0.0
REG4,0.0
AC140118.1,0.0
AC140118.2,0.0
LINC02370,0.0
VTCN1,0.0
IZUMO3,0.0
AC079031.2,0.0
HMGCS2,0.0
HSD3B1,0.0
HSD3B2,0.0
HAO2-IT1,0.0
HAO2,0.0
AC079031.1,0.0
AL359915.1,0.0
WARS2-IT1,0.0
AL139420.2,0.0
AL139420.1,0.0
AL022328.2,0.0
AC148476.1,0.0
AL034546.1,0.0
AL390066.2,0.0
AL390066.1,0.0
AL136376.1,0.0
LINC01762,0.0
AL355538.1,0.0
AC148477.10,0.0
AL365318.1,0.0
LINC01649,0.0
U62317.2,0.0
MIOX,0.0
AC148477.4,0.0
CR559946.2,0.0
CR559946.1,0.0
AL391557.1,0.0
AL157902.1,0.0
LINC01525,0.0
AC138466.1,0.0
AC117500.2,0.0
AL512638.3,0.0
NGF-AS1,0.0
AC117500.6,0.0
LINC01765,0.0
TSHB,0.0
SYCP1,0.0
AMPD1,0.0
AC000036.1,0.0
AC000050.1,0.0
LINC02414,0.0
AL445623.1,0.0
U62317.1,0.0
AL357614.1,0.0
C1orf137,0.0
AL683807.1,0.0
ASMT,0.0
P2RY8,0.0
AC017067.1,0.0
AL157937.1,0.0
AL603832.2,0.0
AL603832.1,0.0
LINC00106,0.0
CRLF2,0.0
AL449423.1,0.0
SHOX,0.0
AL732314.6,0.0
AC002056.2,0.0
AL121999.1,0.0
AL591742.2,0.0
AL355432.1,0.0
LRRC19,0.0
AL356133.2,0.0
AL356387.1,0.0
CHIA,0.0
AL355816.1,0.0
AL451137.2,0.0
KCND3-AS1,0.0
KCND3-IT1,0.0
AL353753.1,0.0
LINC01241,0.0
ARSD-AS1,0.0
GYG2-AS1,0.0
AL353730.1,0.0
LINC00102,0.0
AL353811.1,0.0
AL137001.1,0.0
LINC00442,0.0
AL355516.1,0.0
AL355990.2,0.0
AL355990.1,0.0
LINC01397,0.0
AL450468.2,0.0
AL450468.1,0.0
VCX,0.0
LINC00408,0.0
AC074035.1,0.0
PRKX-AS1,0.0
ARSH,0.0
KCNA10,0.0
CYMP-AS1,0.0
AL358215.2,0.0
AL358215.1,0.0
EPS8L3,0.0
LINC00387,0.0
LINC00388,0.0
FAM230C,0.0
GNAT2,0.0
ANHX,0.0
AL355310.3,0.0
AC026786.2,0.0
FAM9B,0.0
AC074281.2,0.0
AC003685.1,0.0
FAM9A,0.0
AC006062.1,0.0
AL356259.1,0.0
VCX2,0.0
CDKN2A-DT,0.0
AL591719.2,0.0
IFNA1,0.0
IFNA8,0.0
NBPF6,0.0
AL390038.1,0.0
AL359258.1,0.0
NBPF4,0.0
TLR8,0.0
TLR8-AS1,0.0
FRMPD4-AS1,0.0
IFNA6,0.0
IFNA5,0.0
IFNA14,0.0
AC003666.1,0.0
WWC3-AS1,0.0
LINC01768,0.0
TUBA3C,0.0
LINC01661,0.0
AL355306.2,0.0
LINC01677,0.0
LINC01676,0.0
AL591888.1,0.0
AMY1C,0.0
AL137001.2,0.0
AMY1A,0.0
AL442638.1,0.0
AC003035.2,0.0
ATXN3L,0.0
AC004674.1,0.0
LINC02154,0.0
AC079171.1,0.0
AL358117.1,0.0
LINC01349,0.0
AL589990.1,0.0
AC104457.2,0.0
IFNA16,0.0
AC095032.2,0.0
AC099567.1,0.0
AC114485.1,0.0
LINC01709,0.0
LINC01307,0.0
IFNA10,0.0
IFNA7,0.0
AC097625.1,0.0
IFNA4,0.0
IFNA21,0.0
IFNW1,0.0
IFNB1,0.0
PHKA2-AS1,0.0
PPEF1-AS1,0.0
AC093019.2,0.0
FRRS1,0.0
LINC01708,0.0
LINC01776,0.0
FOCAD-AS1,0.0
LINC00556,0.0
LINC01456,0.0
NHS-AS1,0.0
GJA3,0.0
S100G,0.0
MAGEB17,0.0
AC078993.1,0.0
LINC01072,0.0
AC099670.3,0.0
BX088723.1,0.0
AL807740.1,0.0
AL355001.1,0.0
DPYD-AS2,0.0
DPYD-AS1,0.0
LINC01787,0.0
LINC02790,0.0
AL683887.1,0.0
LINC01761,0.0
AL445218.1,0.0
LINC01650,0.0
LINC01760,0.0
AC092802.2,0.0
EIF1AX-AS1,0.0
LINC00350,0.0
AL512484.1,0.0
SETSIP,0.0
AL450003.1,0.0
AC091614.1,0.0
LINC02788,0.0
AL109613.1,0.0
AL449983.1,0.0
AC092802.3,0.0
AL512643.1,0.0
AL512643.2,0.0
CER1,0.0
AC097059.1,0.0
ARHGAP29-AS1,0.0
AC093579.1,0.0
AC092832.2,0.0
CBLL2,0.0
LINC01046,0.0
AC107419.1,0.0
AC112493.1,0.0
VENTXP1,0.0
MAGEB5,0.0
MAGEB6,0.0
MAGEB6B,0.0
MAGEB18,0.0
LATS2-AS1,0.0
PCYT1B-AS1,0.0
ZFX-AS1,0.0
AL391834.3,0.0
AC131011.1,0.0
DDX53,0.0
AC004470.1,0.0
AL161909.2,0.0
C1orf146,0.0
AC099063.1,0.0
GBP7,0.0
SPATA13-AS1,0.0
AC092805.1,0.0
BARHL2,0.0
LINC02787,0.0
AC098656.1,0.0
AL161797.1,0.0
AL445985.1,0.0
LINC00583,0.0
AC093423.2,0.0
AC112495.1,0.0
DCAF8L1,0.0
AL589678.1,0.0
DCAF8L2,0.0
PPP4R3C,0.0
AC092807.1,0.0
LINC01364,0.0
AL353595.1,0.0
AL121989.1,0.0
AL355981.1,0.0
LINC00352,0.0
SACS-AS1,0.0
FTHL17,0.0
TAB3-AS2,0.0
TAB3-AS1,0.0
GK-AS1,0.0
MAGEB1,0.0
MAGEB4,0.0
MAGEB3,0.0
MAGEB2,0.0
LINC00362,0.0
AL157931.1,0.0
AL121578.3,0.0
AL513422.1,0.0
AL596451.1,0.0
AL359762.2,0.0
AL844170.1,0.0
AC104454.2,0.0
AL583805.2,0.0
AL606516.1,0.0
MAGEB16,0.0
FAM47B,0.0
AL592043.1,0.0
FAM47A,0.0
DMD-AS3,0.0
AC079177.1,0.0
AL135923.1,0.0
AL135923.2,0.0
AL157703.1,0.0
AC092473.2,0.0
AC091806.1,0.0
AL161443.1,0.0
AL592164.2,0.0
AL592164.1,0.0
AL513412.1,0.0
LINC01282,0.0
LINC01281,0.0
AC108879.1,0.0
AL391560.1,0.0
AF241728.1,0.0
AL359538.3,0.0
AL606748.1,0.0
LINC00566,0.0
PPP1R2C,0.0
Z94277.1,0.0
Z93403.1,0.0
AL133329.1,0.0
CASK-AS1,0.0
NYX,0.0
AL035706.1,0.0
LINC01712,0.0
AC116099.1,0.0
LINC01362,0.0
C1QTNF9-AS1,0.0
AL138799.4,0.0
AL138799.2,0.0
AC093154.1,0.0
LINC01781,0.0
AL136234.1,0.0
DUSP21,0.0
AL160035.1,0.0
AC095030.1,0.0
AL159978.1,0.0
WASF3-AS1,0.0
LINC02851,0.0
AL606519.1,0.0
AC098657.2,0.0
AC099671.1,0.0
LINC02792,0.0
AL353651.1,0.0
AL353651.2,0.0
AC096531.2,0.0
AC103591.4,0.0
AL023574.1,0.0
PINCR,0.0
AL133480.1,0.0
LINC01545,0.0
AC092813.1,0.0
ASB17,0.0
AC099786.2,0.0
LHX8,0.0
AC099786.1,0.0
AC099786.3,0.0
AC133865.1,0.0
ERICH3-AS1,0.0
AL139811.3,0.0
TPD52L3,0.0
AL031584.3,0.0
MLANA,0.0
AL353789.1,0.0
LINC00415,0.0
AL031429.1,0.0
AL513285.1,0.0
LINC01788,0.0
AL158839.1,0.0
AL353771.1,0.0
AC093158.1,0.0
LINC01076,0.0
LINC02238,0.0
LINC01360,0.0
AL451129.1,0.0
LINC02796,0.0
AL583808.1,0.0
NEGR1-IT1,0.0
AL354949.1,0.0
AL162413.1,0.0
AL591503.1,0.0
AL606490.3,0.0
SSX1,0.0
AL359894.1,0.0
LINC01758,0.0
LINC02791,0.0
LINC01707,0.0
AL691520.1,0.0
AL033530.1,0.0
AL137071.1,0.0
AL354977.1,0.0
AL162253.1,0.0
SSX5,0.0
SPACA5B,0.0
ZNF630-AS1,0.0
SPACA5,0.0
INSL4,0.0
AL158147.1,0.0
LINC01079,0.0
AL139294.1,0.0
LINC00412,0.0
USP12-AS1,0.0
LINC00385,0.0
LINC01702,0.0
IL23R,0.0
AL592161.1,0.0
LINC00365,0.0
AC115618.2,0.0
AC115618.1,0.0
LINC00544,0.0
SSX4B,0.0
SSX4,0.0
SSX3,0.0
LINC00572,0.0
SYP-AS1,0.0
AL445205.1,0.0
LINC00297,0.0
BX004807.1,0.0
MTUS2-AS1,0.0
FOXD3-AS1,0.0
AC096543.2,0.0
LINC00466,0.0
AC096543.1,0.0
AL162400.2,0.0
AL162400.1,0.0
GATA1,0.0
GLOD5,0.0
AC231533.1,0.0
AL590783.1,0.0
GAGE12C,0.0
GAGE12B,0.0
GAGE2E,0.0
GAGE13,0.0
GAGE12J,0.0
MTUS2-AS2,0.0
CDX2,0.0
AC099794.1,0.0
ANGPTL3,0.0
LINC00543,0.0
AC099791.3,0.0
PDX1,0.0
PLUT,0.0
AC232271.2,0.0
LINC00398,0.0
KCNV2,0.0
AKAP4,0.0
LINC02778,0.0
C1orf87,0.0
AL035416.1,0.0
AL450467.1,0.0
AL592431.1,0.0
AL592431.2,0.0
PAGE4,0.0
PAGE1,0.0
GAGE2A,0.0
GAGE1,0.0
GAGE12H,0.0
GAGE12G,0.0
GAGE12E,0.0
GAGE12F,0.0
GAGE12D,0.0
SSX7,0.0
XAGE1B,0.0
XAGE1A,0.0
XAGE2,0.0
AC245177.1,0.0
AL353614.1,0.0
AL359076.1,0.0
AC239585.1,0.0
CENPVL1,0.0
CENPVL2,0.0
AL358053.1,0.0
LINC01230,0.0
AC233976.2,0.0
AC233976.1,0.0
BMP15,0.0
AL358976.2,0.0
AL591212.1,0.0
DMRT1,0.0
XAGE3,0.0
XAGE5,0.0
AL136985.1,0.0
AL136979.1,0.0
AL161725.2,0.0
AL445193.2,0.0
DAB1-AS1,0.0
AL390243.1,0.0
AL161740.1,0.0
LINC01058,0.0
C8A,0.0
SPANXN5,0.0
SSX2B,0.0
SSX2,0.0
AL161893.1,0.0
AC096536.1,0.0
AL590093.1,0.0
FAM151A,0.0
LINC02784,0.0
AL360295.1,0.0
LINC01767,0.0
AL353681.1,0.0
LINC01753,0.0
LINC01755,0.0
LINC00427,0.0
AF235103.1,0.0
AC084125.3,0.0
BSND,0.0
AL590440.1,0.0
AC233728.1,0.0
PAGE3,0.0
PAGE5,0.0
AL161725.1,0.0
AL161644.1,0.0
SSBP3-AS1,0.0
AL158832.1,0.0
CDCP2,0.0
LDLRAD1,0.0
DIO1,0.0
PAGE2,0.0
LINC01388,0.0
PGM5P3-AS1,0.0
ITIH6,0.0
FAM138C,0.0
AC096536.2,0.0
AC096536.3,0.0
AL161616.2,0.0
SHISAL2A,0.0
AL591167.1,0.0
DMRTB1,0.0
LINC01066,0.0
AC119428.1,0.0
AC119428.2,0.0
AL353680.1,0.0
AL355483.2,0.0
AL355483.1,0.0
AL355483.3,0.0
AL138999.2,0.0
LINC02344,0.0
AL139397.1,0.0
AL354793.1,0.0
FOXR2,0.0
AL592182.1,0.0
SPATC1,0.0
TXNDC12-AS1,0.0
AL445685.1,0.0
AL050343.3,0.0
AC234917.2,0.0
AC234917.1,0.0
AC104170.2,0.0
AL627232.1,0.0
AL356317.2,0.0
ARHGEF9-IT1,0.0
SPIN4-AS1,0.0
STARD13-IT1,0.0
AL445183.2,0.0
AL445183.1,0.0
AC099677.4,0.0
DGAT2L6,0.0
IGBP1-AS1,0.0
IGBP1-AS2,0.0
LINC00423,0.0
AWAT2,0.0
AL158141.1,0.0
AL158069.1,0.0
AL034397.2,0.0
ZAR1L,0.0
AL162430.2,0.0
C1orf185,0.0
AL049637.1,0.0
AL049637.2,0.0
AL138708.1,0.0
AL592182.3,0.0
AC233992.1,0.0
TONSL-AS1,0.0
AL590432.1,0.0
AC099788.1,0.0
AL645507.1,0.0
AC067930.4,0.0
AC067930.3,0.0
SLC5A9,0.0
AL109659.1,0.0
AL356289.1,0.0
LINC02794,0.0
AC096541.1,0.0
AL691459.1,0.0
RAB41,0.0
ARR3,0.0
P2RY4,0.0
AWAT1,0.0
AC105219.2,0.0
AC105219.3,0.0
EFCAB14-AS1,0.0
AL390071.1,0.0
LINC02343,0.0
LINC01398,0.0
LINC01738,0.0
AL139081.1,0.0
LYPD2,0.0
LINC01389,0.0
SLURP1,0.0
CYP4A22,0.0
AC108002.1,0.0
LY6L,0.0
TEX11,0.0
DLG3-AS1,0.0
FAM236B,0.0
DMRTC1B,0.0
PHKA1-AS1,0.0
CYP11B2,0.0
ERI3-IT1,0.0
KLF18,0.0
CYP11B1,0.0
GML,0.0
CXorf49B,0.0
CXorf49,0.0
CXCR3,0.0
AC083841.3,0.0
TCTEX1D4,0.0
P3R3URF,0.0
AC083841.2,0.0
AL358075.1,0.0
LINC01048,0.0
AL139289.3,0.0
AC138647.2,0.0
C1orf210,0.0
AC100803.2,0.0
AC099795.1,0.0
AL451062.1,0.0
LINC01300,0.0
AC011676.4,0.0
CDX4,0.0
AL662864.1,0.0
PABPC1L2B-AS1,0.0
AC011676.3,0.0
FAM236C,0.0
DMRTC1,0.0
FAM236D,0.0
GUCA2B,0.0
AL158216.1,0.0
AC119676.1,0.0
AL445933.2,0.0
EDN2,0.0
AC093151.2,0.0
AC011676.2,0.0
AC093151.8,0.0
AL451105.2,0.0
ZCCHC13,0.0
AL353804.2,0.0
AL353804.1,0.0
FREM2-AS1,0.0
CLDN19,0.0
LINC00366,0.0
AL139289.1,0.0
AL031985.4,0.0
TMCO2,0.0
AL033527.2,0.0
LINC02334,0.0
AC119677.1,0.0
AL031289.1,0.0
AL356495.1,0.0
LINC00547,0.0
LINC00400,0.0
LINC00428,0.0
LINC01050,0.0
FAM216B,0.0
LINC02341,0.0
AL157932.1,0.0
AC096540.1,0.0
GUCA2A,0.0
CPXCR1,0.0
Z83818.2,0.0
POF1B,0.0
LINC02811,0.0
LINC00332,0.0
BMP8B-AS1,0.0
AC100860.1,0.0
AL035404.2,0.0
AC021744.1,0.0
AC100807.2,0.0
AC003001.1,0.0
CYLC1,0.0
AC027541.1,0.0
LINC00051,0.0
TENT5D,0.0
TBX22,0.0
AC105180.1,0.0
AC117945.1,0.0
AC117945.2,0.0
AC090821.2,0.0
AC133634.1,0.0
AF305872.2,0.0
AF230666.1,0.0
AL354702.2,0.0
LINC01685,0.0
LINC01343,0.0
AL390839.2,0.0
AC040914.1,0.0
LINC02786,0.0
AL121823.1,0.0
TGIF2LX,0.0
AL121872.1,0.0
AC099565.1,0.0
CSMD2-AS1,0.0
HMGB4,0.0
AL513327.2,0.0
AL354864.1,0.0
LINC01591,0.0
AL138787.2,0.0
AL139286.3,0.0
AC103764.1,0.0
TRMT2B-AS1,0.0
ARL13A,0.0
AC083843.2,0.0
ENOX1-AS1,0.0
AL157778.1,0.0
DIAPH2-AS1,0.0
AL513220.1,0.0
TCP11X1,0.0
AC114489.1,0.0
AL356515.1,0.0
AL109945.1,0.0
HHLA1,0.0
AC104257.1,0.0
A3GALT2,0.0
AC087341.1,0.0
AL020995.1,0.0
AL031602.2,0.0
NXF5,0.0
AC090987.1,0.0
AL589745.1,0.0
AL122010.1,0.0
AL121988.1,0.0
AL589745.2,0.0
SMIM2,0.0
AL162713.1,0.0
AC087045.2,0.0
AC114488.1,0.0
ZFAT-AS1,0.0
SPERT,0.0
DCDC2B,0.0
AL136115.3,0.0
AL136115.1,0.0
LINC01055,0.0
AC009682.1,0.0
AC131568.1,0.0
AL035427.1,0.0
TCP11X2,0.0
NXF2B,0.0
NXF2,0.0
AC022973.4,0.0
AL445235.1,0.0
AL137027.1,0.0
AC022973.5,0.0
AL161638.1,0.0
AL161638.2,0.0
AL137076.1,0.0
AC103718.1,0.0
AL645944.2,0.0
AC092265.1,0.0
NXF3,0.0
Z95624.1,0.0
AC011257.1,0.0
AC103833.2,0.0
AC100822.1,0.0
AL354919.2,0.0
AL590640.1,0.0
AL359706.1,0.0
AC104370.1,0.0
AL020997.2,0.0
CCAT2,0.0
AL445490.1,0.0
FO393419.2,0.0
POU5F1B,0.0
AC024382.1,0.0
TCEAL3-AS1,0.0
AC084116.3,0.0
AL353622.2,0.0
AL512288.1,0.0
LINC01756,0.0
AL590729.1,0.0
AL357500.1,0.0
AC084116.1,0.0
AL138686.1,0.0
AL034380.1,0.0
LINC00563,0.0
AL139801.1,0.0
CPB2,0.0
AC084116.2,0.0
AC087667.1,0.0
CRYBG2,0.0
AC024681.2,0.0
AC016074.1,0.0
TEX13A,0.0
ESX1,0.0
H2BFWT,0.0
AC091114.1,0.0
AC084083.1,0.0
WASHC5-AS1,0.0
AC009908.1,0.0
AL033528.2,0.0
AL020996.3,0.0
AC100858.4,0.0
RHD,0.0
CATSPER4,0.0
C1orf232,0.0
MED4-AS1,0.0
AL391650.2,0.0
AL157369.1,0.0
TEX13B,0.0
NCBP2L,0.0
FRMPD3-AS1,0.0
HTR2A-AS1,0.0
AL359880.1,0.0
ALG13-AS1,0.0
AL158195.1,0.0
AC100858.2,0.0
AC090192.2,0.0
AC100871.2,0.0
LINC02793,0.0
AL445471.2,0.0
AL445471.1,0.0
AL445648.1,0.0
FER1L6-AS1,0.0
MLNR,0.0
AC000113.1,0.0
LINC00462,0.0
AMMECR1-IT1,0.0
GUCY2F,0.0
LINC01077,0.0
AL021154.1,0.0
AL392048.1,0.0
AC100872.2,0.0
GRHL3,0.0
AL138902.1,0.0
LINC02800,0.0
IL22RA1,0.0
AL591178.2,0.0
AC108136.1,0.0
AL591178.1,0.0
AL590609.3,0.0
SMILR,0.0
AC037486.1,0.0
AL023877.1,0.0
AC002072.1,0.0
LINC02855,0.0
AL772284.2,0.0
AC090753.1,0.0
AL031428.1,0.0
TEX46,0.0
LACTBL1,0.0
AL512444.1,0.0
ZBTB40-IT1,0.0
BX119904.2,0.0
CT83,0.0
SLC6A14,0.0
KLHL38,0.0
DANT1,0.0
LUZP4,0.0
RBMXL3,0.0
AC135166.1,0.0
AL450043.1,0.0
AL592309.2,0.0
AL031728.1,0.0
AL031005.1,0.0
AC090193.1,0.0
AL663074.1,0.0
FAM83A-AS1,0.0
AC068228.1,0.0
FAM83A,0.0
CELA3A,0.0
CELA3B,0.0
AL157817.1,0.0
AC027419.2,0.0
SLC30A8,0.0
AC004973.1,0.0
AC004835.1,0.0
AC068413.1,0.0
CT47A5,0.0
CT47A6,0.0
CT47A7,0.0
CT47A8,0.0
CT47A9,0.0
CT47A10,0.0
CT47A11,0.0
CT47A12,0.0
AC008162.2,0.0
CT47B1,0.0
ATP1B4,0.0
RHOXF2,0.0
AC104958.1,0.0
RHOXF2B,0.0
AC021733.2,0.0
LINC02333,0.0
RNF186,0.0
AL031727.2,0.0
AL139254.3,0.0
AL139254.2,0.0
AL139254.1,0.0
AL139082.1,0.0
UTP14C,0.0
Z98257.2,0.0
LINC01757,0.0
Z98257.1,0.0
PLA2G2F,0.0
CCDC70,0.0
CT47A1,0.0
CT47A2,0.0
CT47A3,0.0
CT47A4,0.0
KLHDC7A,0.0
AL591896.1,0.0
IGSF21-AS1,0.0
SERPINE3,0.0
AL357509.1,0.0
AC104316.1,0.0
LINC02810,0.0
AL445072.1,0.0
AC016405.2,0.0
TEX13D,0.0
AL138997.1,0.0
XIAP-AS1,0.0
AL513487.1,0.0
AL354821.1,0.0
PLA2G2E,0.0
AL391883.1,0.0
LINC02335,0.0
AL390964.1,0.0
PADI6,0.0
PADI3,0.0
PADI1,0.0
AL590644.1,0.0
LINC02783,0.0
AL049569.1,0.0
AL049569.2,0.0
AL023653.1,0.0
AL512655.1,0.0
ACTRT1,0.0
AL591643.1,0.0
PRR32,0.0
DCAF12L1,0.0
TAS1R2,0.0
AL365256.1,0.0
AL442636.1,0.0
BX284668.1,0.0
LINC00458,0.0
AL021920.1,0.0
AL137798.2,0.0
AL137798.1,0.0
LINC00558,0.0
AL136359.1,0.0
LINC01065,0.0
OR13H1,0.0
AL135784.1,0.0
LINC01201,0.0
AC107953.2,0.0
GPR119,0.0
LINC01074,0.0
SLC25A34-AS1,0.0
AL450998.3,0.0
LINC01075,0.0
RSC1A1,0.0
LINC00358,0.0
ARHGEF19-AS1,0.0
LINC02339,0.0
AL451042.2,0.0
LINC01442,0.0
LINC00434,0.0
AL355994.3,0.0
DIAPH3-AS2,0.0
TFDP3,0.0
USP26,0.0
HS6ST2-AS1,0.0
DIAPH3-AS1,0.0
CT45A6,0.0
CT45A5,0.0
CT45A3,0.0
LINC00374,0.0
AL445288.1,0.0
AL590282.2,0.0
ETDC,0.0
ETDA,0.0
AC234771.1,0.0
ETDB,0.0
PRR20E,0.0
LINC02243,0.0
PRR20D,0.0
PLAC1,0.0
PRR20B,0.0
TMEM82,0.0
ADGRG4,0.0
SAGE1,0.0
PRR20C,0.0
CT45A9,0.0
CT45A8,0.0
CT45A7,0.0
PRR20A,0.0
CELA2A,0.0
PCDH9-AS3,0.0
AL031283.3,0.0
AL031283.2,0.0
C1orf195,0.0
AL031293.1,0.0
KAZN-AS1,0.0
AL357873.1,0.0
CT45A2,0.0
PRAMEF18,0.0
PRAMEF13,0.0
PRAMEF9,0.0
FO393408.1,0.0
AL589987.2,0.0
CXorf66,0.0
F9,0.0
LINC01052,0.0
AL031386.1,0.0
Z96074.1,0.0
AL035443.1,0.0
GPR101,0.0
CD40LG,0.0
LINC00892,0.0
VGLL1,0.0
AL445238.1,0.0
SPANXA1,0.0
SPANXC,0.0
AL445238.2,0.0
AL451048.1,0.0
AL844175.1,0.0
AL359771.1,0.0
AL445989.1,0.0
PRAMEF20,0.0
PRAMEF17,0.0
PRAMEF19,0.0
PRAMEF14,0.0
AC243961.1,0.0
PRAMEF15,0.0
PRAMEF33,0.0
PRAMEF8,0.0
PRAMEF5,0.0
CXorf51A,0.0
CXorf51B,0.0
SPANXN1,0.0
AL713923.1,0.0
AL500522.1,0.0
SPANXN2,0.0
SPANXN3,0.0
AC239727.1,0.0
SPANXN4,0.0
MAGEC2,0.0
AL031073.2,0.0
MAGEC1,0.0
LINC00395,0.0
SPANXD,0.0
AL359208.1,0.0
SPANXA2,0.0
PRAMEF11,0.0
LINC01784,0.0
PRAMEF1,0.0
HSFX2,0.0
MAGEA9B,0.0
HSFX3,0.0
LINC00376,0.0
AC231656.1,0.0
AFF2-IT1,0.0
AC002368.1,0.0
FMR1NB,0.0
AL354810.1,0.0
LINC00448,0.0
AC016925.3,0.0
AL591022.1,0.0
AL589669.1,0.0
MAGEA9,0.0
HSFX1,0.0
AL445668.1,0.0
HNRNPCL4,0.0
PRAMEF26,0.0
AC245056.1,0.0
HNRNPCL2,0.0
PRAMEF25,0.0
HNRNPCL3,0.0
PRAMEF27,0.0
PRAMEF6,0.0
PRAMEF7,0.0
PRAMEF10,0.0
PRAMEF4,0.0
PRAMEF2,0.0
HNRNPCL1,0.0
GPR50,0.0
PRAMEF12,0.0
C1orf158,0.0
AADACL3,0.0
AADACL4,0.0
LINC00459,0.0
LINC02766,0.0
LINC02342,0.0
TNFRSF8,0.0
AL096840.2,0.0
GPR50-AS1,0.0
AF274573.1,0.0
HSFX4,0.0
MAGEA8,0.0
MAGEA8-AS1,0.0
LINC00850,0.0
MAGEA3,0.0
AC244102.4,0.0
LINC00550,0.0
AL953897.1,0.0
AC105177.1,0.0
LINC01647,0.0
AL590989.1,0.0
AC116666.1,0.0
MAGEA10,0.0
MAGEA4,0.0
MAGEA4-AS1,0.0
CNGA2,0.0
PASD1,0.0
BX546450.1,0.0
AF178030.1,0.0
KC877982.1,0.0
AL603962.1,0.0
AC064802.1,0.0
AL031291.1,0.0
AC103993.1,0.0
AC055788.2,0.0
AC022360.2,0.0
LINC02237,0.0
PCDH9-AS4,0.0
LINC00392,0.0
AC244102.3,0.0
MAGEA6,0.0
CSAG3,0.0
MAGEA2,0.0
AC244102.1,0.0
MAGEA2B,0.0
CSAG2,0.0
AL358876.2,0.0
LINC01714,0.0
AC009930.1,0.0
AL357140.4,0.0
AP005357.1,0.0
PIK3CD-AS1,0.0
AL928921.1,0.0
AC025366.1,0.0
TREX2,0.0
PNMA6E,0.0
AC073023.1,0.0
AC236972.3,0.0
MAGEA1,0.0
AC079061.1,0.0
AL354956.1,0.0
AL139424.1,0.0
AC021237.1,0.0
TRHR,0.0
LINC00348,0.0
Z98884.1,0.0
AL160391.1,0.0
AL365194.1,0.0
Z97987.1,0.0
LINC00383,0.0
AL512330.1,0.0
AVPR2,0.0
U52112.1,0.0
U52111.1,0.0
SLC2A7,0.0
CA6,0.0
AC104248.1,0.0
AC022634.2,0.0
Z98259.2,0.0
Z98259.3,0.0
AL139823.1,0.0
AC087620.1,0.0
AP000428.1,0.0
AL139230.1,0.0
LINC01078,0.0
LINC00347,0.0
AC245140.3,0.0
AC245140.1,0.0
AL355390.1,0.0
TEX28,0.0
OPN1MW3,0.0
OPN1MW2,0.0
OPN1MW,0.0
OPN1LW,0.0
LINC02782,0.0
LINC02781,0.0
BX005132.1,0.0
LINC00402,0.0
LINC01646,0.0
Z98747.1,0.0
MYCBP2-AS2,0.0
LINC01777,0.0
LINC02780,0.0
LINC01345,0.0
AC027031.1,0.0
FAM223A,0.0
HES3,0.0
AC090802.1,0.0
AC103853.1,0.0
Z98259.1,0.0
AP003471.1,0.0
AC012213.1,0.0
CCDC27,0.0
ACOD1,0.0
AL136528.1,0.0
LINC00561,0.0
AL512413.1,0.0
AL354743.1,0.0
AL354743.2,0.0
LMO7DN-IT1,0.0
AP001208.1,0.0
SMIM9,0.0
CTAG2,0.0
FAM223B,0.0
CTAG1B,0.0
CTAG1A,0.0
LINC02845,0.0
AC025370.2,0.0
AC010722.1,0.0
AC010737.1,0.0
AC012078.2,0.0
TGIF2LY,0.0
ZFY-AS1,0.0
LINC01181,0.0
SRY,0.0
AP003550.1,0.0
AP003696.1,0.0
BX571846.1,0.0
AL138957.1,0.0
H2AFB3,0.0
F8A2,0.0
H2AFB2,0.0
TSPY3,0.0
FAM197Y6,0.0
FAM197Y7,0.0
TSPY8,0.0
TSPY4,0.0
TTTY20,0.0
TTTY19,0.0
TTTY18,0.0
TTTY12,0.0
LINC00446,0.0
AMELY,0.0
TTTY8B,0.0
TTTY7,0.0
TTTY21B,0.0
TTTY2B,0.0
TTTY1B,0.0
TTTY7B,0.0
TTTY8,0.0
TSPY10,0.0
TSPY9P,0.0
AL139002.1,0.0
AL008733.1,0.0
ACTRT2,0.0
AL589702.1,0.0
AL592464.1,0.0
AL592464.3,0.0
AL592464.2,0.0
SCEL-AS1,0.0
AL137140.1,0.0
AL159158.1,0.0
AL445588.1,0.0
TSPY1,0.0
FAM224A,0.0
CDY2A,0.0
CDY2B,0.0
LINC00333,0.0
FAM41AY1,0.0
AC011751.1,0.0
NLGN4Y-AS1,0.0
AC010723.1,0.0
VCY1B,0.0
VCY,0.0
TTTY23,0.0
AC010891.1,0.0
TTTY22,0.0
TTTY1,0.0
TTTY2,0.0
TTTY21,0.0
AL445604.1,0.0
AL590681.1,0.0
AL445255.1,0.0
LINC01770,0.0
AL353633.1,0.0
AL391845.1,0.0
AL139246.4,0.0
LINC00564,0.0
LINC00382,0.0
AL590822.3,0.0
LINC01038,0.0
AL136442.1,0.0
TTTY9B,0.0
HSFY1,0.0
AC022486.1,0.0
FAM41AY2,0.0
TTTY6,0.0
AC008175.1,0.0
RBMY1J,0.0
TTTY5,0.0
RBMY1F,0.0
TTTY6B,0.0
AC007359.1,0.0
PRY2,0.0
RBMY1E,0.0
RBMY1D,0.0
TTTY13,0.0
RBMY1A1,0.0
RBMY1B,0.0
LINC01068,0.0
PRORY,0.0
AC007876.1,0.0
DAZ3,0.0
BPY2B,0.0
TTTY4B,0.0
TTTY17B,0.0
CDY1B,0.0
TTTY3B,0.0
AL391244.1,0.0
NDFIP2-AS1,0.0
AL139287.1,0.0
PRYP3,0.0
DAZ2,0.0
DAZ1,0.0
BPY2,0.0
TTTY4,0.0
TTTY17A,0.0
PRY,0.0
AC114498.1,0.0
AC136616.1,0.0
AC136612.1,0.0
AC133551.1,0.0
AC171558.1,0.0
AC171558.3,0.0
AC136352.2,0.0
AC136352.3,0.0
AC233755.1,0.0
AC233755.2,0.0
AC213203.1,0.0
AC213203.2,0.0
BX072566.1,0.0
LINC00331,0.0
AP001207.3,0.0
AL645608.6,0.0
AP001453.2,0.0
AL162741.1,0.0
AL360267.2,0.0
TTLL10-AS1,0.0
AL390719.2,0.0
LINC01342,0.0
AL390719.3,0.0
RNF223,0.0
AL645608.8,0.0
TTTY3,0.0
CDY1,0.0
LINC00266-4P,0.0
TTTY17C,0.0
TTTY4C,0.0
BPY2C,0.0
OR4F16,0.0
