barcode,sample_id,technology,in_tissue,array_row,array_col,pxl_col_in_fullres,pxl_row_in_fullres,predicted_celltype,max_marker_score
AAACAAGTATCTCCCA-1,Br2039,Visium,1,50,102,11152,12804,Astrocyte,2.2458582
AAACAATCTACTAGCA-1,Br2039,Visium,1,3,43,2937,6845,Astrocyte,2.468442
AAACAGAGCGACTCCT-1,Br2039,Visium,1,14,94,4850,11983,Oligodendrocyte,1.7431091
AAACAGTGTTCCTGGG-1,Br2039,Visium,1,73,43,15195,6876,Oligodendrocyte,3.1838965
AAACATTTCCCGGATT-1,Br2039,Visium,1,61,97,13080,12306,Astrocyte,2.352118
AAACCCGAACGAAATC-1,Br2039,Visium,1,45,115,10273,14110,Oligodendrocyte,2.3246603
AAACCGGAAATGTTAA-1,Br2039,Visium,1,54,124,11847,15020,Astrocyte,1.8291812
AAACCGGGTAGGTACC-1,Br2039,Visium,1,42,28,9770,5353,Astrocyte,2.127007
AAACCGTTCGTCCAGG-1,Br2039,Visium,1,52,42,11518,6766,Oligodendrocyte,2.878553
AAACCTAAGCAGCCGG-1,Br2039,Visium,1,65,83,13784,10898,Astrocyte,3.5824363
AAACGAGACGGTTGAT-1,Br2039,Visium,1,35,79,8531,10482,Oligodendrocyte,1.3569281
AAACGCTGGGCACGAC-1,Br2039,Visium,1,70,126,14648,15228,Oligodendrocyte,2.351976
AAACGGGCGTACGGGT-1,Br2039,Visium,1,65,91,13782,11704,Oligodendrocyte,1.4311687
AAACGGTTGCGAACTG-1,Br2039,Visium,1,67,59,14140,8484,Astrocyte,2.9654992
AAACTCGGTTCGCAAT-1,Br2039,Visium,1,66,70,13962,9591,Astrocyte,2.8869758
AAACTCGTGATATAAG-1,Br2039,Visium,1,23,113,6421,13899,Astrocyte,2.4595904
AAACTGCTGGCTCCAA-1,Br2039,Visium,1,45,67,10286,9279,Oligodendrocyte,1.9907541
AAAGAATGTGGACTAA-1,Br2039,Visium,1,71,105,14829,13115,Astrocyte,3.0063293
AAAGCTTGCCTACATA-1,Br2039,Visium,1,26,122,6944,14806,Astrocyte,3.4581084
AAAGGCCCTATAATAC-1,Br2039,Visium,1,66,22,13975,4760,Astrocyte,3.3073409
AAAGGCTACGGACCAT-1,Br2039,Visium,1,62,54,13266,7979,Oligodendrocyte,2.0467255
AAAGGCTCTCGCGCCG-1,Br2039,Visium,1,55,55,12040,8076,Oligodendrocyte,2.401526
AAAGGGATGTAGCAAG-1,Br2039,Visium,1,24,62,6610,8767,Astrocyte,1.5754507
AAAGGGCAGCTTGAAT-1,Br2039,Visium,1,24,26,6619,5144,Astrocyte,1.7068195
AAAGTAGCATTGCTCA-1,Br2039,Visium,1,51,27,11347,5256,Astrocyte,2.6056747
AAAGTGCCATCAATTA-1,Br2039,Visium,1,63,125,13423,15124,Astrocyte,2.2234218
AAAGTGTGATTTATCT-1,Br2039,Visium,1,44,94,10104,11996,Excitatory_neuron,1.8608443
AAAGTTGACTCCCGTA-1,Br2039,Visium,1,42,96,9753,12196,Oligodendrocyte,1.9792575
AAATAAGGTAGTGCCC-1,Br2039,Visium,1,31,115,7822,14104,Astrocyte,1.1536089
AAATACCTATAAGCAT-1,Br2039,Visium,1,47,69,10635,9481,Astrocyte,2.3940516
AAATAGCTTAGACTTT-1,Br2039,Visium,1,36,106,8700,13200,Astrocyte,1.6602805
AAATAGGGTGCTATTG-1,Br2039,Visium,1,53,79,11683,10490,Oligodendrocyte,2.3235285
AAATCCGATACACGCC-1,Br2039,Visium,1,65,87,13783,11301,Oligodendrocyte,2.0483658
AAATCGTGTACCACAA-1,Br2039,Visium,1,44,56,10113,8172,Oligodendrocyte,1.6760699
AAATCTAGCCCTGCTA-1,Br2039,Visium,1,53,101,11678,12705,Oligodendrocyte,1.6386794
AAATGACTGATCAAAC-1,Br2039,Visium,1,76,60,15716,8589,Oligodendrocyte,4.3714104
AAATGCTCGTTACGTT-1,Br2039,Visium,1,16,24,5218,4939,Astrocyte,1.5734749
AAATGGCATGTCTTGT-1,Br2039,Visium,1,13,69,4682,9466,Astrocyte,1.4816651
AAATGGTCAATGTGCC-1,Br2039,Visium,1,33,51,8188,7664,Astrocyte,2.4092991
AAATTAACGGGTAGCT-1,Br2039,Visium,1,34,58,8362,8369,Oligodendrocyte,1.511936
AAATTACACGACTCTG-1,Br2039,Visium,1,14,86,4852,11178,Astrocyte,2.8305182
AAATTACCTATCGATG-1,Br2039,Visium,1,26,94,6952,11988,Astrocyte,2.0601916
AAATTCCAGGTCCAAA-1,Br2039,Visium,1,35,115,8522,14105,Oligodendrocyte,1.0267736
AAATTGATAGTCCTTT-1,Br2039,Visium,1,55,31,12046,5661,Astrocyte,2.6186905
AAATTGCGGCGGTTCT-1,Br2039,Visium,1,5,19,3294,4431,Astrocyte,2.4604263
AAATTTGCGGGTGTGG-1,Br2039,Visium,1,47,33,10645,5858,Astrocyte,2.157792
AACAACTGGTAGTTGC-1,Br2039,Visium,1,28,42,7315,6756,Astrocyte,1.649329
AACAATACATTGTCGA-1,Br2039,Visium,1,61,37,13095,6267,Astrocyte,3.0487719
AACAATTACTCTACGC-1,Br2039,Visium,1,29,25,7495,5045,Astrocyte,2.4061785
AACACACGCTCGCCGC-1,Br2039,Visium,1,51,93,11330,11899,Oligodendrocyte,2.007265
AACACGACTGTACTGA-1,Br2039,Visium,1,9,65,3982,9062,Mural,2.089209
AACAGCTGTGTGGCAA-1,Br2039,Visium,1,59,31,12746,5663,Oligodendrocyte,2.4684021
AACAGGATGGGCCGCG-1,Br2039,Visium,1,29,31,7493,5649,Oligodendrocyte,1.9859849
AACAGGTAGTATGGAT-1,Br2039,Visium,1,49,113,10974,13910,Excitatory_neuron,1.349979
AACATAGCGTGTATCG-1,Br2039,Visium,1,75,83,15535,10903,Astrocyte,3.1887083
AACATATCAACTGGTG-1,Br2039,Visium,1,27,99,7125,12492,Excitatory_neuron,1.1643367
AACATTGAAGTTGATC-1,Br2039,Visium,1,67,23,14149,4861,Astrocyte,3.2952042
AACATTGTGACTCGAG-1,Br2039,Visium,1,64,52,13617,7778,Astrocyte,3.0783398
AACCATGGGATCGCTA-1,Br2039,Visium,1,14,30,4867,5542,Astrocyte,2.9471502
AACCCAGAGACGGAGA-1,Br2039,Visium,1,15,39,5040,6448,Excitatory_neuron,1.5510838
AACCCGACAACCCGTG-1,Br2039,Visium,1,67,43,14144,6874,Oligodendrocyte,2.843694
AACCCGAGCAGAATCG-1,Br2039,Visium,1,57,113,12375,13914,Astrocyte,2.2567835
AACCCGCTGTATTCCA-1,Br2039,Visium,1,75,59,15541,8488,Oligodendrocyte,3.2374814
AACCCTACTGTCAATA-1,Br2039,Visium,1,40,96,9403,12196,Oligodendrocyte,1.4607646
AACCCTGGTGGAACCA-1,Br2039,Visium,1,8,70,3806,9565,Astrocyte,1.4602966
AACCGAGCTTGGTCAT-1,Br2039,Visium,1,24,70,6608,9572,Astrocyte,1.6429605
AACCGCTAAGGGATGC-1,Br2039,Visium,1,46,92,10454,11796,Astrocyte,1.9759307
AACCGTTGTGTTTGCT-1,Br2039,Visium,1,12,64,4508,8963,Astrocyte,1.4809003
AACCTCGCTTTAGCCC-1,Br2039,Visium,1,62,82,13259,10796,Astrocyte,2.1077037
AACCTGTCACGGAATT-1,Br2039,Visium,1,36,118,8697,14408,Astrocyte,2.262062
AACCTTTAAATACGGT-1,Br2039,Visium,1,54,68,11861,9384,Oligodendrocyte,1.3524787
AACGACCTCCTAGCCG-1,Br2039,Visium,1,71,119,14825,14524,Astrocyte,3.0408087
AACGATAATGCCGTAG-1,Br2039,Visium,1,53,73,11685,9887,Astrocyte,2.6186805
AACGATAGAAGGGCCG-1,Br2039,Visium,1,15,53,5036,7857,Astrocyte,3.3141618
AACGATATGTCAACTG-1,Br2039,Visium,1,24,76,6606,10176,Astrocyte,1.7402904
AACGCGACCTTGGGCG-1,Br2039,Visium,1,67,53,14142,7880,Oligodendrocyte,2.829416
AACGCGGTCTCCAGCC-1,Br2039,Visium,1,23,65,6434,9068,Astrocyte,1.6816137
AACGCTGTTGCTGAAA-1,Br2039,Visium,1,54,94,11855,12001,Oligodendrocyte,2.1310608
AACGGACGTACGTATA-1,Br2039,Visium,1,50,92,11155,11797,Astrocyte,2.0969954
AACGGCCATCTCCGGT-1,Br2039,Visium,1,47,39,10643,6462,Oligodendrocyte,1.9242089
AACGTACTGTGGGTAC-1,Br2039,Visium,1,48,42,10817,6765,Oligodendrocyte,2.150628
AACGTAGTCTACCCAT-1,Br2039,Visium,1,1,41,2587,6643,Astrocyte,3.4610186
AACGTCAGACTAGTGG-1,Br2039,Visium,1,24,40,6615,6553,Astrocyte,1.7986116
AACGTCATCCGGCTTG-1,Br2039,Visium,1,77,57,15892,8287,Oligodendrocyte,3.3894444
AACGTCGCTGCACTTC-1,Br2039,Visium,1,73,109,15178,13519,Oligodendrocyte,3.8337114
AACGTGCGAAAGTCTC-1,Br2039,Visium,1,36,74,8708,9980,Oligodendrocyte,1.4171804
AACGTTCTACCATTGT-1,Br2039,Visium,1,75,127,15524,15331,Astrocyte,2.7667131
AACTACCCGTTTGTCA-1,Br2039,Visium,1,47,113,10624,13910,Oligodendrocyte,2.1707172
AACTAGCGTATCGCAC-1,Br2039,Visium,1,4,48,3111,7349,Astrocyte,2.042633
AACTAGGCTTGGGTGT-1,Br2039,Visium,1,55,61,12038,8680,Astrocyte,2.1714365
AACTCAAGTTAATTGC-1,Br2039,Visium,1,38,44,9066,6961,Astrocyte,2.413537
AACTCCAGAGCGTGTT-1,Br2039,Visium,1,60,92,12906,11802,Oligodendrocyte,1.9417248
AACTCCTAATCCCATG-1,Br2039,Visium,1,12,92,4501,11780,Astrocyte,1.9290442
AACTCGATGGCGCAGT-1,Br2039,Visium,1,11,27,4342,5238,Astrocyte,3.319796
AACTCTCAATAGAGCG-1,Br2039,Visium,1,35,93,8528,11891,Oligodendrocyte,1.7399065
AACTCTCAGTGTGCTC-1,Br2039,Visium,1,53,41,11693,6666,Astrocyte,2.1447606
AACTGAGTTATACTGA-1,Br2039,Visium,1,51,127,11321,15320,Oligodendrocyte,1.7190228
AACTGATATTAGGCCT-1,Br2039,Visium,1,16,66,5208,9166,Astrocyte,1.8673866
AACTGGGTCCCGACGT-1,Br2039,Visium,1,20,66,5908,9167,Astrocyte,2.1810374
AACTTGCCCGTATGCA-1,Br2039,Visium,1,29,27,7494,5247,Astrocyte,1.8132136
AACTTGCGTTCTCGCG-1,Br2039,Visium,1,14,20,4869,4535,Astrocyte,2.210545
AACTTTAGCTGCTGAG-1,Br2039,Visium,1,5,49,3286,7450,Astrocyte,1.7116048
AAGAAGGATCAGTTAG-1,Br2039,Visium,1,13,25,4693,5038,Astrocyte,1.8266101
AAGACATACGTGGTTT-1,Br2039,Visium,1,68,114,14301,14020,Astrocyte,2.971789
AAGACCCAACTGAACA-1,Br2039,Visium,1,60,54,12916,7978,Astrocyte,2.635707
AAGACTAACCCGTTGT-1,Br2039,Visium,1,5,27,3291,5236,Astrocyte,3.5890079
AAGACTGCAAGCTACT-1,Br2039,Visium,1,36,68,8709,9376,Astrocyte,1.6112368
AAGAGATGAATCGGTA-1,Br2039,Visium,1,27,27,7144,5246,Astrocyte,2.1305332
AAGAGCTCTTTATCGG-1,Br2039,Visium,1,35,77,8532,10281,Oligodendrocyte,1.5214677
AAGAGGATGTACGCGA-1,Br2039,Visium,1,39,29,9245,5452,Astrocyte,2.2545247
AAGAGGCATGGATCGC-1,Br2039,Visium,1,36,80,8706,10584,Oligodendrocyte,2.588101
AAGAGGCCCTTTGGAA-1,Br2039,Visium,1,59,109,12726,13512,Astrocyte,2.1682854
AAGATGGCACCGGACC-1,Br2039,Visium,1,59,39,12744,6468,Astrocyte,2.165845
AAGATTGGCGGAACGT-1,Br2039,Visium,1,26,90,6953,11585,Astrocyte,2.0319867
AAGCACCCTGCGTATC-1,Br2039,Visium,1,59,73,12736,9889,Oligodendrocyte,1.9906535
AAGCATACTCTCCTGA-1,Br2039,Visium,1,53,69,11686,9484,Oligodendrocyte,1.8420678
AAGCCACTTGCAGGTA-1,Br2039,Visium,1,74,30,15373,5569,Astrocyte,3.3488386
AAGCCGAAGCGGTTTA-1,Br2039,Visium,1,49,107,10976,13307,Astrocyte,2.0558991
AAGCCGCCGTGAAATC-1,Br2039,Visium,1,65,23,13799,4860,Oligodendrocyte,3.1467705
AAGCCGGAGAGCAGGA-1,Br2039,Visium,1,61,125,13073,15123,Astrocyte,1.7049856
AAGCGCAGGGCTTTGA-1,Br2039,Visium,1,67,73,14137,9893,Astrocyte,2.446228
AAGCGTCCCTCATCGA-1,Br2039,Visium,1,57,35,12395,6064,Oligodendrocyte,2.1650598
AAGCTAGATCGAGTAA-1,Br2039,Visium,1,50,68,11161,9382,Oligodendrocyte,2.6070213
AAGCTCGTGCCAAGTC-1,Br2039,Visium,1,35,73,8533,9879,Oligodendrocyte,1.9049194
AAGCTCTTTCATGGTG-1,Br2039,Visium,1,57,81,12383,10694,Oligodendrocyte,1.7278404
AAGGAGCGGTTGGTGC-1,Br2039,Visium,1,28,48,7314,7359,Oligodendrocyte,1.483924
AAGGATCGATCGCTTG-1,Br2039,Visium,1,39,109,9224,13503,Oligodendrocyte,1.4624035
AAGGATGAGGGACCTC-1,Br2039,Visium,1,27,87,7129,11284,Astrocyte,2.006102
AAGGCAGGCTGTCTCC-1,Br2039,Visium,1,42,118,9747,14410,Oligodendrocyte,1.4450297
AAGGCGCGTAAAGCTT-1,Br2039,Visium,1,24,38,6616,6351,Excitatory_neuron,1.213465
AAGGCTGTGCTCATCG-1,Br2039,Visium,1,30,46,7664,7159,Astrocyte,1.439891
AAGGGACAGATTCTGT-1,Br2039,Visium,1,26,92,6952,11787,Astrocyte,1.19268
AAGGGACTATGCATTC-1,Br2039,Visium,1,60,26,12923,5160,Oligodendrocyte,2.214368
AAGGGTTAGCCATGCG-1,Br2039,Visium,1,75,121,15525,14727,Oligodendrocyte,3.2527308
AAGGTATCCTAATATA-1,Br2039,Visium,1,25,81,6780,10679,Astrocyte,2.2674725
AAGGTGATAAACCAGC-1,Br2039,Visium,1,44,92,10104,11795,Oligodendrocyte,1.8626529
AAGTAGAAGACCGGGT-1,Br2039,Visium,1,19,47,5738,7255,Astrocyte,1.9312162
AAGTAGTGACGCGAGG-1,Br2039,Visium,1,33,31,8194,5651,Astrocyte,2.303471
AAGTCAATTGTCGTCA-1,Br2039,Visium,1,45,101,10277,12701,Astrocyte,1.4728287
AAGTGACGACCGAATT-1,Br2039,Visium,1,41,25,9596,5051,Astrocyte,2.532196
AAGTGAGTCGGGTTTA-1,Br2039,Visium,1,62,48,13267,7375,Oligodendrocyte,2.1528335
AAGTGCCTTGACTGTA-1,Br2039,Visium,1,44,104,10101,13002,Oligodendrocyte,1.5250118
AAGTGCGTTAGAATCT-1,Br2039,Visium,1,49,27,10996,5255,Oligodendrocyte,2.1953576
AAGTGCTTCTCTATTG-1,Br2039,Visium,1,69,37,14496,6271,Astrocyte,2.5617485
AAGTGTTTGGAGACGG-1,Br2039,Visium,1,52,80,11508,10591,Oligodendrocyte,1.8191174
AAGTTCACTCCAAGCT-1,Br2039,Visium,1,57,85,12382,11096,Oligodendrocyte,1.6071515
AAGTTCGGCCAACAGG-1,Br2039,Visium,1,46,34,10469,5959,Oligodendrocyte,1.9700718
AAGTTGTGATGTTATA-1,Br2039,Visium,1,66,106,13953,13214,Astrocyte,2.7490072
AAGTTTACTAATGGCA-1,Br2039,Visium,1,5,61,3283,8658,Astrocyte,1.5438514
AAGTTTATGGGCCCAA-1,Br2039,Visium,1,68,70,14312,9591,Astrocyte,2.860917
AATAACAACGCTCGGC-1,Br2039,Visium,1,36,30,8719,5552,Astrocyte,2.5292747
AATAACACTAGAACAA-1,Br2039,Visium,1,52,38,11519,6364,Astrocyte,2.2385435
AATAACGTCGCGCCCA-1,Br2039,Visium,1,75,115,15527,14123,Oligodendrocyte,3.01691
AATAATCTTCGTATCG-1,Br2039,Visium,1,52,122,11497,14817,Oligodendrocyte,2.224437
AATACCGGAGGGCTGT-1,Br2039,Visium,1,67,37,14146,6270,Astrocyte,3.153006
AATACCTGATGTGAAC-1,Br2039,Visium,1,74,100,15355,12613,Oligodendrocyte,3.4080613
AATAGAACAGAGTGGC-1,Br2039,Visium,1,52,46,11517,7169,Oligodendrocyte,2.130655
AATAGAATCTGTTTCA-1,Br2039,Visium,1,48,86,10806,11193,Astrocyte,1.9551088
AATAGGCACGACCCTT-1,Br2039,Visium,1,77,33,15898,5872,Astrocyte,3.4359107
AATAGTCCGTCCCGAC-1,Br2039,Visium,1,57,57,12390,8278,Astrocyte,2.5107496
AATATCAAGGTCGGAT-1,Br2039,Visium,1,8,42,3813,6747,Mural,1.9498633
AATATCGAATCAATGC-1,Br2039,Visium,1,49,109,10975,13508,Astrocyte,1.778964
AATATCGAGGGTTCTC-1,Br2039,Visium,1,27,101,7125,12693,Astrocyte,0.937659
AATCAGACTGCAGGAC-1,Br2039,Visium,1,5,23,3293,4833,Astrocyte,3.4354231
AATCAGGTTTCATTTA-1,Br2039,Visium,1,69,33,14497,5868,Oligodendrocyte,2.255374
AATCATGTAAAGACTC-1,Br2039,Visium,1,54,98,11854,12403,Oligodendrocyte,2.048833
AATCCAAGGGCCTGAG-1,Br2039,Visium,1,13,47,4687,7252,Astrocyte,3.2760005
AATCCATGCAAGGGTG-1,Br2039,Visium,1,8,26,3817,5136,Oligodendrocyte,2.1563115
AATCCCGCTCAGAGCC-1,Br2039,Visium,1,76,56,15717,8186,Oligodendrocyte,2.848197
AATCGAGGTCTCAAGG-1,Br2039,Visium,1,76,80,15711,10601,Astrocyte,3.8013182
AATCGCCTCAGCGCCA-1,Br2039,Visium,1,39,79,9232,10484,Astrocyte,1.8084822
AATCGCGCAGAGGACT-1,Br2039,Visium,1,42,114,9748,14008,Oligodendrocyte,1.4285922
AATCGGTATAGCCCTC-1,Br2039,Visium,1,71,109,14828,13518,Astrocyte,3.2788649
AATCGTGAGCCGAGCA-1,Br2039,Visium,1,67,83,14134,10899,Oligodendrocyte,2.3247552
AATCTATGCCGGAGCC-1,Br2039,Visium,1,26,110,6947,13598,Astrocyte,2.0158925
AATCTGCGTTGGGACG-1,Br2039,Visium,1,32,92,8003,11789,Oligodendrocyte,1.1580487
AATGACAGCAATGTCT-1,Br2039,Visium,1,48,30,10820,5557,Astrocyte,2.7592142
AATGACGTAGGATGTC-1,Br2039,Visium,1,44,78,10108,10386,Oligodendrocyte,1.8769202
AATGACTGTCAGCCGG-1,Br2039,Visium,1,23,47,6438,7257,Astrocyte,1.7110813
AATGAGTTCGCATATG-1,Br2039,Visium,1,15,21,5044,4636,Astrocyte,2.2730467
AATGATGATACGCTAT-1,Br2039,Visium,1,23,93,6427,11886,Oligodendrocyte,1.2474868
AATGATGCGACTCCTG-1,Br2039,Visium,1,25,101,6775,12692,Astrocyte,1.860608
AATGCAACCGGGTACC-1,Br2039,Visium,1,25,59,6785,8465,Astrocyte,2.312282
AATGGTTCTCACAAGC-1,Br2039,Visium,1,19,35,5741,6047,Astrocyte,1.7315581
AATGTGCCCGAGGTGT-1,Br2039,Visium,1,55,27,12047,5258,Astrocyte,2.5421185
AATGTGCTAATCTGAG-1,Br2039,Visium,1,66,32,13972,5766,Oligodendrocyte,2.9575574
AATGTTAAGACCCTGA-1,Br2039,Visium,1,75,81,15535,10702,Oligodendrocyte,3.5400276
AATGTTGTCGTGAGAC-1,Br2039,Visium,1,68,108,14303,13416,Oligodendrocyte,2.6317046
AATTAAAGGTCGGCGT-1,Br2039,Visium,1,40,50,9414,7566,Astrocyte,2.095997
AATTAACGGATTTCCA-1,Br2039,Visium,1,58,66,12562,9184,Oligodendrocyte,2.2878618
AATTAGCGCTGCAGCG-1,Br2039,Visium,1,51,63,11337,8879,Astrocyte,2.0077453
AATTATACCCAGCAAG-1,Br2039,Visium,1,75,89,15533,11507,Oligodendrocyte,3.183598
AATTCATAAGGGATCT-1,Br2039,Visium,1,23,91,6427,11685,Astrocyte,1.3677601
AATTCCAAGCATGTAC-1,Br2039,Visium,1,66,58,13965,8383,Astrocyte,2.9729843
AATTCGATTCGAGGAT-1,Br2039,Visium,1,66,76,13961,10194,Astrocyte,2.5737915
AATTCTAGAGTTAGGC-1,Br2039,Visium,1,49,63,10987,8878,Astrocyte,1.8823025
AATTGAACGCTCTGGT-1,Br2039,Visium,1,45,83,10282,10889,Oligodendrocyte,1.7867768
AATTGCAGCAATCGAC-1,Br2039,Visium,1,64,102,13604,12810,Astrocyte,2.4484563
AATTGTGGTTGCCAAA-1,Br2039,Visium,1,65,119,13775,14521,Astrocyte,2.087178
AATTTGGGACATAGTA-1,Br2039,Visium,1,13,91,4676,11680,Astrocyte,2.4519506
ACAAACTCCATCAGAG-1,Br2039,Visium,1,76,40,15721,6576,Astrocyte,3.2270858
ACAAAGCATGACCTAG-1,Br2039,Visium,1,63,97,13430,12306,Astrocyte,2.2070034
ACAAATCGCACCGAAT-1,Br2039,Visium,1,50,82,11157,10791,Astrocyte,2.3685288
ACAAATGGTAGTGTTT-1,Br2039,Visium,1,44,84,10106,10990,Astrocyte,2.0825162
ACAACAGCATGAGCTA-1,Br2039,Visium,1,32,72,8008,9777,Astrocyte,1.8019221
ACAACGGTCCCTGCGA-1,Br2039,Visium,1,22,30,6268,5545,Astrocyte,2.3160434
ACAAGCAGTGCCTAGC-1,Br2039,Visium,1,30,26,7670,5146,Oligodendrocyte,1.6592368
ACAAGGAAATCCGCCC-1,Br2039,Visium,1,49,75,10984,10086,Oligodendrocyte,1.9602966
ACAAGGACAAGAGGTT-1,Br2039,Visium,1,29,37,7492,6253,Oligodendrocyte,1.8428144
ACAAGGATGCTTTAGG-1,Br2039,Visium,1,61,87,13082,11299,Astrocyte,2.6163883
ACAAGGGCAGGCTCTG-1,Br2039,Visium,1,44,76,10108,10185,Astrocyte,1.8021843
ACAAGTAATTGTAAGG-1,Br2039,Visium,1,77,21,15901,4664,Astrocyte,3.3326359
ACAATCCATTTAAACC-1,Br2039,Visium,1,36,32,8719,5753,Astrocyte,2.0049603
ACAATGAATACGGAGA-1,Br2039,Visium,1,57,31,12396,5662,Astrocyte,2.463695
ACAATTGTGTCTCTTT-1,Br2039,Visium,1,51,97,11329,12301,Astrocyte,2.5274434
ACAATTTGAGCAGTGG-1,Br2039,Visium,1,28,82,7305,10781,Oligodendrocyte,1.6090658
ACAATTTGGCCATATT-1,Br2039,Visium,1,43,123,9921,14914,Oligodendrocyte,2.032954
ACACAAAGACGGGTGG-1,Br2039,Visium,1,24,56,6611,8163,Astrocyte,1.3648671
ACACACCAGGACCAGT-1,Br2039,Visium,1,44,90,10105,11593,Oligodendrocyte,1.5306429
ACACATTTCCGTAGAC-1,Br2039,Visium,1,73,67,15189,9292,Oligodendrocyte,2.9560382
ACACCACATAATTAGC-1,Br2039,Visium,1,31,117,7821,14305,Astrocyte,1.6427548
ACACCCAGCATGCAGC-1,Br2039,Visium,1,24,50,6613,7559,Oligodendrocyte,1.6723559
ACACCCGAGAAATCCG-1,Br2039,Visium,1,19,39,5740,6450,Astrocyte,1.9431354
ACACCTTAAGTAGGGC-1,Br2039,Visium,1,25,43,6790,6855,Astrocyte,1.9399109
ACACCTTACTACTTGC-1,Br2039,Visium,1,41,111,9574,13706,Oligodendrocyte,1.744387
ACACGAGACTCCTTCT-1,Br2039,Visium,1,31,71,7833,9676,Astrocyte,2.1610074
ACACGGCACTATGCAT-1,Br2039,Visium,1,7,71,3630,9665,Astrocyte,2.1913767
ACACGGGAACTTAGGG-1,Br2039,Visium,1,27,71,7133,9674,Astrocyte,2.023618
ACACGTAGGCCACAAG-1,Br2039,Visium,1,58,110,12551,13613,Oligodendrocyte,1.9257205
ACACTGATCAAGGTGT-1,Br2039,Visium,1,52,48,11516,7370,Astrocyte,2.3668156
ACACTGGGACAGTCGT-1,Br2039,Visium,1,59,115,12725,14116,Astrocyte,2.6066892
ACAGAACTGAGAACAA-1,Br2039,Visium,1,52,24,11522,4955,Oligodendrocyte,1.9230373
ACAGATTAGGTTAGTG-1,Br2039,Visium,1,7,57,3634,8256,Astrocyte,2.110449
ACAGCGACATTCTCAT-1,Br2039,Visium,1,59,99,12729,12506,Oligodendrocyte,1.9616466
ACAGCGCACCCGCAGC-1,Br2039,Visium,1,10,80,4153,10572,Astrocyte,2.1231775
ACAGGCACGGATCCTT-1,Br2039,Visium,1,69,95,14481,12108,Astrocyte,3.0032294
ACAGGCTTGCCCGACT-1,Br2039,Visium,1,53,87,11681,11296,Oligodendrocyte,1.3619463
ACAGGTGGAGGTGAGG-1,Br2039,Visium,1,51,39,11344,6464,Astrocyte,2.0235162
ACATAATAAGGCGGTG-1,Br2039,Visium,1,21,63,6084,8866,Oligodendrocyte,0.9614681
ACATACAATCAAGCGG-1,Br2039,Visium,1,76,96,15707,12212,Oligodendrocyte,3.9499016
ACATCCCGGCCATACG-1,Br2039,Visium,1,55,57,12039,8277,Oligodendrocyte,2.4152226
ACATCCTGGTAACTGT-1,Br2039,Visium,1,42,102,9751,12800,Astrocyte,1.6454294
ACATCGATCGTTTACC-1,Br2039,Visium,1,42,62,9762,8775,Oligodendrocyte,1.8635559
ACATCGCAATATTCGG-1,Br2039,Visium,1,77,27,15899,5268,Astrocyte,3.5103617
ACATCGGTCAGCCGCG-1,Br2039,Visium,1,41,37,9593,6258,Oligodendrocyte,1.6926417
ACATCGTATGCAATGG-1,Br2039,Visium,1,45,81,10282,10688,Astrocyte,1.8765445
ACATCGTTAACCTAGT-1,Br2039,Visium,1,9,75,3980,10068,Astrocyte,1.578589
ACATGGCGCCAAAGTA-1,Br2039,Visium,1,40,104,9401,13001,Astrocyte,1.5967021
ACATTAGTTTATATCC-1,Br2039,Visium,1,51,61,11338,8678,Astrocyte,2.2841024
ACATTCGCGCGGAATA-1,Br2039,Visium,1,73,27,15199,5266,Astrocyte,3.2624607
ACATTTGAAACCTAAC-1,Br2039,Visium,1,73,99,15181,12512,Astrocyte,3.067288
ACCAACCGCACTCCAC-1,Br2039,Visium,1,65,97,13780,12307,Oligodendrocyte,2.4139981
ACCAACGCTTATTTAT-1,Br2039,Visium,1,53,49,11691,7471,Astrocyte,2.6240692
ACCAAGAACGCGTGTC-1,Br2039,Visium,1,17,49,5387,7455,Astrocyte,2.2499173
ACCAAGTCATCGGCAG-1,Br2039,Visium,1,70,106,14653,13215,Astrocyte,2.8113074
ACCAATATGCAAGTTA-1,Br2039,Visium,1,56,78,12209,10391,Astrocyte,2.0758429
ACCACAAGTTTCTATC-1,Br2039,Visium,1,30,54,7662,7964,Oligodendrocyte,1.1087608
ACCACACGGTTGATGG-1,Br2039,Visium,1,75,79,15536,10500,Astrocyte,3.7647471
ACCACCAATGTAACAA-1,Br2039,Visium,1,41,107,9575,13303,Oligodendrocyte,1.6859678
ACCACGTGCAGCTATA-1,Br2039,Visium,1,48,76,10809,10186,Oligodendrocyte,1.899019
ACCAGTGCGGGAGACG-1,Br2039,Visium,1,48,94,10804,11998,Astrocyte,2.112111
ACCATATCCGCAATAA-1,Br2039,Visium,1,38,56,9063,8169,Astrocyte,1.4849689
ACCATCGTATATGGTA-1,Br2039,Visium,1,42,42,9767,6762,Astrocyte,1.9910433
ACCCAACGCCCGTGGC-1,Br2039,Visium,1,30,86,7654,11185,Astrocyte,1.1985639
ACCCACCTACATGCTC-1,Br2039,Visium,1,25,25,6794,5043,Astrocyte,2.3679883
ACCCATCTTGAGGGTA-1,Br2039,Visium,1,37,37,8892,6256,Astrocyte,1.7217022
ACCCATTTGTCCCTCT-1,Br2039,Visium,1,60,100,12904,12607,Astrocyte,2.6134324
ACCCGAGCGAAATTAC-1,Br2039,Visium,1,61,29,13097,5462,Astrocyte,2.5641687
ACCCGATTGGTTCCGA-1,Br2039,Visium,1,69,35,14497,6070,Astrocyte,3.3621767
ACCCGGAAACTCCCAG-1,Br2039,Visium,1,57,65,12388,9083,Astrocyte,2.1907349
ACCCGGAGCACCACAA-1,Br2039,Visium,1,59,123,12723,14921,Oligodendrocyte,2.1997957
ACCCGGATGACGCATC-1,Br2039,Visium,1,38,100,9051,12597,Astrocyte,1.7836415
ACCCGGTTACACTTCC-1,Br2039,Visium,1,42,48,9765,7366,Oligodendrocyte,2.2818902
ACCCGTAGTCTAGTTG-1,Br2039,Visium,1,68,118,14300,14422,Astrocyte,2.9696906
ACCCGTGTCATCAGTA-1,Br2039,Visium,1,58,54,12565,7977,Astrocyte,2.3246982
ACCCTATAGGACTGAG-1,Br2039,Visium,1,12,20,4519,4534,Astrocyte,2.9533997
ACCCTATGCCATATCG-1,Br2039,Visium,1,56,40,12219,6567,Astrocyte,2.4669523
ACCCTCCCGTCAGGGC-1,Br2039,Visium,1,69,99,14480,12510,Oligodendrocyte,2.9091856
ACCCTCCCTTGCTATT-1,Br2039,Visium,1,48,84,10807,10991,Astrocyte,1.6859845
ACCCTTCATCTGCGAA-1,Br2039,Visium,1,13,65,4683,9064,Astrocyte,2.7619896
ACCGACACATCTCCCA-1,Br2039,Visium,1,61,67,13087,9286,Astrocyte,2.6673236
ACCGACTGAGTCCCAC-1,Br2039,Visium,1,28,66,7309,9171,Oligodendrocyte,1.8791007
ACCGAGTCTCCTTATT-1,Br2039,Visium,1,71,79,14835,10499,Oligodendrocyte,2.7422442
ACCGATAGGCATAACC-1,Br2039,Visium,1,60,118,12899,14419,Astrocyte,2.3554854
ACCGATATTTAATCAT-1,Br2039,Visium,1,54,120,11848,14617,Astrocyte,2.0903013
ACCGATGGTAGCATCG-1,Br2039,Visium,1,36,92,8703,11791,Oligodendrocyte,1.6684881
ACCGCAATAACTGCCT-1,Br2039,Visium,1,51,79,11333,10490,Astrocyte,1.7130075
ACCGCGGTGGAAGTCG-1,Br2039,Visium,1,44,106,10101,13204,Oligodendrocyte,1.7536839
ACCGCTAGTCATTGGT-1,Br2039,Visium,1,74,32,15373,5770,Oligodendrocyte,2.7679322
ACCGGGCCTTTGTTGA-1,Br2039,Visium,1,46,98,10453,12399,Astrocyte,2.4807785
ACCGTGACCACGTGGG-1,Br2039,Visium,1,61,39,13095,6469,Astrocyte,2.8175805
ACCTAAGTACCTTTCA-1,Br2039,Visium,1,50,30,11171,5558,Oligodendrocyte,2.2463923
ACCTAATCGACTTCCT-1,Br2039,Visium,1,32,30,8019,5550,Oligodendrocyte,2.1312184
ACCTACAGTATGTGGT-1,Br2039,Visium,1,41,113,9573,13907,Oligodendrocyte,1.562171
ACCTACTATAAATCTA-1,Br2039,Visium,1,68,58,14316,8384,Oligodendrocyte,2.15715
ACCTCAGCGAGGCGCA-1,Br2039,Visium,1,77,99,15881,12514,Oligodendrocyte,2.6644442
ACCTCCGCCCTCGCTG-1,Br2039,Visium,1,55,107,12026,13309,Astrocyte,1.848042
ACCTCCGTTATTCACC-1,Br2039,Visium,1,34,112,8348,13803,Astrocyte,1.8979672
ACGACCCATGAGTTGC-1,Br2039,Visium,1,59,125,12722,15123,Astrocyte,2.1507642
ACGACTCTAGGGCCGA-1,Br2039,Visium,1,71,93,14832,11907,Astrocyte,3.1555037
ACGACTGGTCATACTC-1,Br2039,Visium,1,64,34,13621,5967,Astrocyte,2.8534544
ACGAGAACCCATCACG-1,Br2039,Visium,1,8,34,3815,5942,Astrocyte,2.9089196
ACGAGTACGGATGCCC-1,Br2039,Visium,1,28,104,7299,12995,Excitatory_neuron,1.08727
ACGATACATAGAACTA-1,Br2039,Visium,1,22,80,6255,10577,Astrocyte,1.5982184
ACGATCATACATAGAG-1,Br2039,Visium,1,25,63,6784,8868,Astrocyte,1.8374902
ACGATCATCTTGTAAA-1,Br2039,Visium,1,36,102,8701,12798,Oligodendrocyte,1.5087466
ACGATGCATATGTTAT-1,Br2039,Visium,1,37,43,8891,6860,Oligodendrocyte,2.018193
ACGCAAACTAATAGAT-1,Br2039,Visium,1,63,47,13443,7275,Astrocyte,3.0329468
ACGCAATCACTACAGC-1,Br2039,Visium,1,25,109,6773,13497,Astrocyte,1.4963753
ACGCATACGTTTACTA-1,Br2039,Visium,1,56,102,12203,12807,Astrocyte,2.8458986
ACGCATTCGTGAGTAC-1,Br2039,Visium,1,33,61,8186,8670,Astrocyte,1.3714697
ACGCCACTCGAAACAG-1,Br2039,Visium,1,75,71,15538,9695,Astrocyte,3.2841177
ACGCCAGATGATTTCT-1,Br2039,Visium,1,17,73,5381,9871,Astrocyte,2.873232
ACGCCAGTGCGTTTGC-1,Br2039,Visium,1,72,102,15005,12814,Astrocyte,3.317421
ACGCCGCTAGACGACC-1,Br2039,Visium,1,43,71,9934,9681,Oligodendrocyte,2.0504074
ACGCGAAGTCAGACGA-1,Br2039,Visium,1,49,59,10988,8476,Oligodendrocyte,1.9990672
ACGCGCTACACAGGGT-1,Br2039,Visium,1,41,31,9594,5654,Oligodendrocyte,2.1094217
ACGCGGGCCAAGGACA-1,Br2039,Visium,1,34,62,8361,8771,Astrocyte,1.835983
ACGCTACTGAATGGGC-1,Br2039,Visium,1,74,120,15350,14626,Oligodendrocyte,3.3351884
ACGCTAGTGATACACT-1,Br2039,Visium,1,28,100,7300,12593,Oligodendrocyte,1.0306373
ACGGAACACGAGTGCC-1,Br2039,Visium,1,73,101,15180,12713,Astrocyte,3.0828698
ACGGAATTTAGCAAAT-1,Br2039,Visium,1,15,27,5043,5240,Astrocyte,2.0075533
ACGGACTCTCAAAGCG-1,Br2039,Visium,1,61,75,13085,10092,Astrocyte,2.872879
ACGGATGGTGCGGATA-1,Br2039,Visium,1,57,79,12384,10492,Astrocyte,2.5215783
ACGGCACTTGCTTGGG-1,Br2039,Visium,1,52,60,11513,8578,Astrocyte,2.1242523
ACGGCCAACATGGACT-1,Br2039,Visium,1,53,55,11690,8075,Oligodendrocyte,3.0523736
ACGGCGACGATGGGAA-1,Br2039,Visium,1,49,77,10984,10287,Oligodendrocyte,1.8758829
ACGGGAGTGTCGGCCC-1,Br2039,Visium,1,47,25,10647,5053,Oligodendrocyte,2.1516283
ACGGTACAGTTCAATG-1,Br2039,Visium,1,71,97,14831,12310,Oligodendrocyte,3.2405734
ACGTACTTTGGCACGG-1,Br2039,Visium,1,70,32,14672,5768,Oligodendrocyte,3.1213863
ACGTAGATTGCTGATG-1,Br2039,Visium,1,33,67,8184,9274,Oligodendrocyte,1.8868229
ACGTAGGAGAGTCGCT-1,Br2039,Visium,1,70,72,14662,9794,Oligodendrocyte,3.1631587
ACGTATTACTCCGATC-1,Br2039,Visium,1,41,97,9577,12297,Oligodendrocyte,1.7704617
ACGTGCGCCTCGTGCA-1,Br2039,Visium,1,17,63,5384,8864,Astrocyte,2.0449278
ACGTTAATGTCGAAGA-1,Br2039,Visium,1,41,69,9585,9479,Astrocyte,1.3022394
ACGTTAGATTTGCCCG-1,Br2039,Visium,1,39,39,9242,6459,Astrocyte,2.5493877
ACGTTCACTATGCCGC-1,Br2039,Visium,1,74,38,15371,6374,Oligodendrocyte,2.8977432
ACGTTCGCAATCAATT-1,Br2039,Visium,1,33,113,8172,13903,Astrocyte,1.1047492
ACGTTCGTTCAGGAAA-1,Br2039,Visium,1,60,44,12918,6971,Astrocyte,2.7106957
ACGTTCTGTACAAGTC-1,Br2039,Visium,1,65,95,13781,12106,Oligodendrocyte,3.0542836
ACGTTGTCGTTGAAAG-1,Br2039,Visium,1,75,31,15548,5670,Astrocyte,3.533346
ACGTTTCGGTGCACTT-1,Br2039,Visium,1,74,122,15350,14827,Astrocyte,2.8130255
ACTACAAAGAGAGGTG-1,Br2039,Visium,1,71,49,14843,7479,Astrocyte,3.2943473
ACTACCAGCTCTCTGG-1,Br2039,Visium,1,25,41,6790,6654,Astrocyte,1.8666351
ACTACCATCCGAGGGC-1,Br2039,Visium,1,74,28,15374,5367,Astrocyte,3.5821111
ACTACGCGTTAGAATT-1,Br2039,Visium,1,60,56,12915,8179,Oligodendrocyte,1.9951141
ACTAGTTGCGATCGTC-1,Br2039,Visium,1,50,104,11152,13005,Astrocyte,1.7004135
ACTATCCAGGGCATGG-1,Br2039,Visium,1,38,108,9049,13402,Oligodendrocyte,1.6063875
ACTATCTGCCCGCGTA-1,Br2039,Visium,1,53,113,11675,13912,Oligodendrocyte,1.9741843
ACTATGTCCAGCTGCC-1,Br2039,Visium,1,64,22,13624,4759,Oligodendrocyte,2.8816059
ACTATTTCCGGGCCCA-1,Br2039,Visium,1,59,41,12744,6669,Astrocyte,2.0868857
ACTCAAGTGCAAGGCT-1,Br2039,Visium,1,60,86,12907,11198,Astrocyte,2.6762242
ACTCAATAAAGGCACG-1,Br2039,Visium,1,25,69,6783,9472,Astrocyte,1.688557
ACTCAGACCTGCTTCT-1,Br2039,Visium,1,9,43,3988,6848,Astrocyte,2.9696279
ACTCCAATATCATCAT-1,Br2039,Visium,1,63,29,13447,5463,Astrocyte,2.5479565
ACTCCCGAATTCGTTT-1,Br2039,Visium,1,32,104,8000,12997,Astrocyte,2.0372233
ACTCCCTAATGCTAAA-1,Br2039,Visium,1,57,69,12386,9486,Astrocyte,2.673104
ACTCCCTAGAATAGTA-1,Br2039,Visium,1,48,70,10810,9582,Astrocyte,2.266386
ACTCCGGCCGACCACT-1,Br2039,Visium,1,70,90,14658,11605,Astrocyte,2.9332213
ACTCGCCGTTCGATAA-1,Br2039,Visium,1,67,111,14127,13717,Oligodendrocyte,2.4270194
ACTCGCGATCTGACGC-1,Br2039,Visium,1,42,126,9745,15216,Oligodendrocyte,1.5708425
ACTCGTCAGTAATCCC-1,Br2039,Visium,1,36,78,8707,10382,Oligodendrocyte,1.7517955
ACTCTCTGACTTAGGT-1,Br2039,Visium,1,42,78,9757,10385,Astrocyte,2.438356
ACTCTGACCTAATAGA-1,Br2039,Visium,1,69,97,14481,12309,Oligodendrocyte,2.5894423
ACTCTTCAGCTCCCGC-1,Br2039,Visium,1,36,126,8694,15213,Oligodendrocyte,1.4948266
ACTCTTGTATAGTAAC-1,Br2039,Visium,1,36,70,8709,9577,Oligodendrocyte,2.0304556
ACTGAAACGCCGTTAG-1,Br2039,Visium,1,57,93,12380,11901,Astrocyte,2.183953
ACTGAATGGCGAAAGT-1,Br2039,Visium,1,47,83,10632,10890,Oligodendrocyte,2.1530552
ACTGCCCGCCATTCTC-1,Br2039,Visium,1,68,30,14323,5566,Astrocyte,3.1600223
ACTGCCGTCGTAACTC-1,Br2039,Visium,1,16,70,5207,9568,Astrocyte,2.9130375
ACTGCGGACACACCGT-1,Br2039,Visium,1,37,119,8871,14509,Excitatory_neuron,1.2334206
ACTGGGATGCCAGTGC-1,Br2039,Visium,1,73,53,15192,7883,Oligodendrocyte,3.335607
ACTGTACGATACACAT-1,Br2039,Visium,1,30,78,7656,10380,Astrocyte,0.82853454
ACTGTAGCACTTTGGA-1,Br2039,Visium,1,27,39,7141,6453,Astrocyte,2.7533903
ACTGTATACGCGAGCA-1,Br2039,Visium,1,10,36,4165,6144,Astrocyte,2.8670616
ACTGTCCAGGATTATA-1,Br2039,Visium,1,33,55,8187,8066,Oligodendrocyte,1.8344429
ACTGTCTTCTTTAGAA-1,Br2039,Visium,1,30,64,7660,8971,Astrocyte,1.4990268
ACTGTGCTAGTAGATC-1,Br2039,Visium,1,13,31,4691,5642,Astrocyte,3.588757
ACTTACGCATCCACGC-1,Br2039,Visium,1,58,78,12559,10392,Astrocyte,2.3453314
ACTTAGTACGACAAGA-1,Br2039,Visium,1,14,32,4866,5743,Astrocyte,2.673348
ACTTATACTTACCCGG-1,Br2039,Visium,1,36,90,8704,11590,Oligodendrocyte,1.5480967
ACTTATTAGGATCGGT-1,Br2039,Visium,1,38,52,9064,7767,Astrocyte,2.6970139
ACTTATTTATGTGCCA-1,Br2039,Visium,1,46,90,10455,11594,Oligodendrocyte,1.8601284
ACTTCAGGCTGATCCC-1,Br2039,Visium,1,51,81,11333,10691,Astrocyte,2.7866554
ACTTCCATGCGGGACA-1,Br2039,Visium,1,61,85,13083,11098,Oligodendrocyte,2.1501915
ACTTCGCCATACGCAC-1,Br2039,Visium,1,27,75,7132,10076,Astrocyte,1.5960982
ACTTCGCTAGCGAGTG-1,Br2039,Visium,1,31,127,7819,15311,Astrocyte,1.2465632
ACTTGACTCCCTCTTT-1,Br2039,Visium,1,42,72,9759,9781,Astrocyte,1.9124289
ACTTGGGACCCGGTGG-1,Br2039,Visium,1,29,49,7488,7461,Astrocyte,1.9248577
ACTTGGGCTTTCGCCA-1,Br2039,Visium,1,77,75,15887,10099,Oligodendrocyte,3.1803687
ACTTGTGGATGGAACG-1,Br2039,Visium,1,52,108,11501,13409,Astrocyte,1.9605118
ACTTGTTACCGGATCA-1,Br2039,Visium,1,75,57,15542,8286,Astrocyte,3.3611836
ACTTTACCCTCATGAA-1,Br2039,Visium,1,32,106,7999,13198,Astrocyte,2.0516253
ACTTTCCTATAGCTTC-1,Br2039,Visium,1,28,62,7310,8768,Excitatory_neuron,1.0444164
ACTTTGTCGACGCACT-1,Br2039,Visium,1,56,120,12198,14618,Astrocyte,2.301385
AGAAATTATGACTCGC-1,Br2039,Visium,1,53,115,11674,14113,Oligodendrocyte,1.3358676
AGAACCCAGCGTGACA-1,Br2039,Visium,1,44,124,10096,15015,Excitatory_neuron,1.3484975
AGAACGTGGTACATTC-1,Br2039,Visium,1,27,73,7132,9875,Oligodendrocyte,1.4520813
AGAACTGTACTTTGTA-1,Br2039,Visium,1,74,96,15356,12211,Oligodendrocyte,3.240309
AGAAGAGCGCCGTTCC-1,Br2039,Visium,1,38,88,9054,11390,Oligodendrocyte,2.4358668
AGAAGGTTGCCGAATT-1,Br2039,Visium,1,42,44,9766,6963,Oligodendrocyte,1.7214692
AGAAGGTTGTAGGTCG-1,Br2039,Visium,1,64,78,13610,10395,Astrocyte,3.024627
AGAAGTGATTCGTGAT-1,Br2039,Visium,1,48,28,10821,5356,Astrocyte,2.3617358
AGAATACAGGCTATCC-1,Br2039,Visium,1,75,99,15531,12513,Astrocyte,3.5695858
AGAATTATGGATTCGA-1,Br2039,Visium,1,32,98,8001,12393,Oligodendrocyte,1.1109421
AGAATTGTTTGACATA-1,Br2039,Visium,1,17,23,5394,4839,Oligodendrocyte,1.4880475
AGACAGGCATCTCAGC-1,Br2039,Visium,1,55,125,12022,15121,Excitatory_neuron,1.0619738
AGACATAGATCCTTCC-1,Br2039,Visium,1,7,47,3637,7249,Mural,2.4504337
AGACCATGGGATACAA-1,Br2039,Visium,1,22,28,6268,5344,Oligodendrocyte,1.2888813
AGACCCACCGCTGATC-1,Br2039,Visium,1,49,65,10987,9080,Astrocyte,2.8639462
AGACCCGCCCTCCTCG-1,Br2039,Visium,1,26,56,6961,8164,Astrocyte,1.465597
AGACCGCTCCGCGGTT-1,Br2039,Visium,1,51,111,11325,13710,Astrocyte,2.240981
AGACGAAGTGCCGGTC-1,Br2039,Visium,1,49,97,10978,12300,Astrocyte,1.6835506
AGACGACGATGCCGCT-1,Br2039,Visium,1,53,33,11695,5861,Oligodendrocyte,2.088719
AGACGCCCACTTCGCC-1,Br2039,Visium,1,60,120,12899,14620,Astrocyte,2.042913
AGACTAGCCTTCCAGA-1,Br2039,Visium,1,28,46,7314,7158,Oligodendrocyte,1.2725002
AGACTGTTACCGGGTC-1,Br2039,Visium,1,63,45,13443,7073,Astrocyte,3.3019605
AGAGAAACACCAGAAA-1,Br2039,Visium,1,68,34,14322,5968,Oligodendrocyte,2.9530494
AGAGAACCGTCTAGGA-1,Br2039,Visium,1,26,88,6953,11384,Astrocyte,2.0237117
AGAGAAGGAGTACAAT-1,Br2039,Visium,1,58,34,12571,5964,Astrocyte,3.1416602
AGAGCCGCCGAGATTT-1,Br2039,Visium,1,58,112,12551,13814,Astrocyte,1.975091
AGAGCGGGCTAATCAT-1,Br2039,Visium,1,16,64,5208,8964,Astrocyte,2.7868657
AGAGCGTACAAGCTCG-1,Br2039,Visium,1,24,28,6618,5345,Astrocyte,2.337998
AGAGGCTTCGGAAACC-1,Br2039,Visium,1,51,101,11328,12704,Oligodendrocyte,1.7080731
AGAGTAAACTTCACTA-1,Br2039,Visium,1,48,106,10801,13205,Astrocyte,2.4104939
AGAGTATAGTGTTACG-1,Br2039,Visium,1,28,122,7295,14807,Astrocyte,1.9435894
AGAGTCTTAATGAAAG-1,Br2039,Visium,1,76,122,15700,14828,Oligodendrocyte,3.232559
AGATAACTTCAGGGCC-1,Br2039,Visium,1,32,44,8015,6959,Oligodendrocyte,1.6959698
AGATACCAATAGAACC-1,Br2039,Visium,1,64,110,13602,13615,Oligodendrocyte,2.077024
AGATACCGGTGTTCAC-1,Br2039,Visium,1,40,38,9418,6358,Astrocyte,2.4578323
AGATACGACTTCATAT-1,Br2039,Visium,1,15,35,5041,6045,Astrocyte,1.763554
AGATACTCAAGATCGA-1,Br2039,Visium,1,46,82,10457,10789,Astrocyte,2.07121
AGATATAATACGACTA-1,Br2039,Visium,1,64,72,13611,9791,Astrocyte,2.3069236
AGATCGTGCATAAGAT-1,Br2039,Visium,1,21,97,6075,12288,Astrocyte,3.2786393
AGATCTCAGGTGTGAT-1,Br2039,Visium,1,29,75,7482,10077,Astrocyte,1.3526845
AGATGACTCGCCCACG-1,Br2039,Visium,1,21,55,6086,8061,Astrocyte,1.9382285
AGATGATGGAGTCTGG-1,Br2039,Visium,1,34,106,8349,13199,Astrocyte,1.3569934
AGATGCAAGACGTGCA-1,Br2039,Visium,1,58,24,12573,4958,Astrocyte,2.5514889
AGATTATAGGACGTTT-1,Br2039,Visium,1,36,54,8713,7967,Excitatory_neuron,1.5094826
AGCAAAGGCCGCTAGT-1,Br2039,Visium,1,60,72,12911,9789,Oligodendrocyte,2.1396346
AGCAACATATCTTATT-1,Br2039,Visium,1,41,93,9579,11894,Oligodendrocyte,2.5303643
AGCACACGTTTAGACT-1,Br2039,Visium,1,68,26,14324,5163,Oligodendrocyte,2.8496451
AGCACCAGTACTCACG-1,Br2039,Visium,1,27,65,7134,9070,Astrocyte,1.4217515
AGCACTACCTCACCAG-1,Br2039,Visium,1,53,81,11683,10692,Astrocyte,2.0971084
AGCACTTAAGGACGCC-1,Br2039,Visium,1,31,35,7842,6053,Astrocyte,1.5671173
AGCAGAAGGAGAAAGA-1,Br2039,Visium,1,64,68,13613,9388,Oligodendrocyte,2.8704686
AGCAGCCAGATGAATA-1,Br2039,Visium,1,56,58,12214,8378,Astrocyte,2.0734625
AGCAGTCGAAGCATGC-1,Br2039,Visium,1,74,84,15360,11003,Oligodendrocyte,4.0343657
AGCATATCAATATGCT-1,Br2039,Visium,1,51,95,11329,12100,Oligodendrocyte,2.3021483
AGCATCGTCGATAATT-1,Br2039,Visium,1,22,52,6262,7759,Oligodendrocyte,1.253449
AGCATTACGAGGCAAG-1,Br2039,Visium,1,67,105,14128,13113,Astrocyte,2.8438005
AGCCAAGCTTTGTGTC-1,Br2039,Visium,1,64,58,13615,8382,Astrocyte,2.1721988
AGCCACAGGTTACCCG-1,Br2039,Visium,1,63,89,13432,11501,Astrocyte,2.0683372
AGCCACTCCCGTGCTT-1,Br2039,Visium,1,23,81,6430,10678,Astrocyte,2.1648192
AGCCATATAGTATGTG-1,Br2039,Visium,1,71,65,14839,9090,Astrocyte,3.516221
AGCCCATACATGTAAG-1,Br2039,Visium,1,42,26,9771,5152,Oligodendrocyte,2.0376077
AGCCCGCAACAAGCAG-1,Br2039,Visium,1,68,54,14317,7981,Astrocyte,2.7276704
AGCCCGCACTACAATG-1,Br2039,Visium,1,73,111,15177,13720,Astrocyte,3.576604
AGCCCGGCATTAGAGG-1,Br2039,Visium,1,64,26,13623,5162,Astrocyte,2.8107352
AGCCCGGTAGCCTGTA-1,Br2039,Visium,1,61,49,13092,7475,Astrocyte,2.6133652
AGCCCTAAGCGAAGTT-1,Br2039,Visium,1,15,65,5033,9065,Astrocyte,3.2443788
AGCCCTCCCTGGTGGC-1,Br2039,Visium,1,67,29,14148,5465,Astrocyte,3.0991726
AGCCCTGTCGCACCGT-1,Br2039,Visium,1,41,121,9571,14712,Oligodendrocyte,1.9802939
AGCCCTTCTAATCCGA-1,Br2039,Visium,1,17,103,5373,12890,Mural,1.2755162
AGCCCTTGGACATCCC-1,Br2039,Visium,1,57,117,12374,14317,Astrocyte,2.107173
AGCGACAGGAACGGTC-1,Br2039,Visium,1,51,37,11344,6263,Astrocyte,2.2028296
AGCGACATCCCATTCA-1,Br2039,Visium,1,17,59,5385,8462,Astrocyte,2.5194902
AGCGACCAACGATATT-1,Br2039,Visium,1,25,55,6787,8063,Oligodendrocyte,1.7013253
AGCGACTTTGAAGACA-1,Br2039,Visium,1,77,45,15895,7079,Oligodendrocyte,3.16608
AGCGAGACGTGAAGGC-1,Br2039,Visium,1,68,22,14325,4761,Astrocyte,3.0451121
AGCGATGCGCCTAATA-1,Br2039,Visium,1,64,108,13602,13414,Astrocyte,2.3608546
AGCGCATAATGAATCG-1,Br2039,Visium,1,57,55,12390,8077,Astrocyte,2.6499603
AGCGCGGGTGCCAATG-1,Br2039,Visium,1,24,92,6602,11786,Oligodendrocyte,1.884299
AGCGCTAGAGCGATGT-1,Br2039,Visium,1,40,122,9396,14812,Oligodendrocyte,1.8464155
AGCGGACACTTCGTAG-1,Br2039,Visium,1,62,62,13264,8784,Oligodendrocyte,2.6872163
AGCGGGAAGGGTCCAT-1,Br2039,Visium,1,13,37,4690,6246,Astrocyte,2.8586967
AGCGGGTCTGACACTC-1,Br2039,Visium,1,66,66,13963,9188,Astrocyte,3.0760455
AGCGTGGTATTCTACT-1,Br2039,Visium,1,45,71,10285,9682,Oligodendrocyte,1.7822472
AGCTAACAAGCAATGT-1,Br2039,Visium,1,61,33,13096,5865,Astrocyte,2.774901
AGCTAAGCTCCGTCCG-1,Br2039,Visium,1,76,36,15722,6173,Oligodendrocyte,3.1551185
AGCTAAGTACGCAGGC-1,Br2039,Visium,1,64,86,13608,11200,Oligodendrocyte,1.8203692
AGCTACGAATGGTGGT-1,Br2039,Visium,1,77,109,15878,13520,Astrocyte,4.3717275
AGCTAGAAGCAGAAGT-1,Br2039,Visium,1,21,99,6075,12489,Astrocyte,2.9327927
AGCTATTTAATCCAAC-1,Br2039,Visium,1,16,74,5206,9971,Astrocyte,2.8056085
AGCTCCATATATGTTC-1,Br2039,Visium,1,57,109,12376,13511,Oligodendrocyte,1.9351885
AGCTCCTTCGCACATC-1,Br2039,Visium,1,52,86,11507,11195,Oligodendrocyte,1.5473632
AGCTCTAGACGTTCCA-1,Br2039,Visium,1,38,76,9058,10182,Astrocyte,1.7358809
AGCTCTTCGTAACCTT-1,Br2039,Visium,1,39,107,9225,13302,Excitatory_neuron,1.1522374
AGCTCTTTACTCAGTT-1,Br2039,Visium,1,41,45,9591,7063,Astrocyte,2.151636
AGCTGAAGTAAACCAA-1,Br2039,Visium,1,20,84,5903,10979,Astrocyte,2.4089353
AGCTGTAACCTCAATC-1,Br2039,Visium,1,54,28,11872,5358,Astrocyte,2.2900724
AGCTTATAGAGACCTG-1,Br2039,Visium,1,5,47,3286,7249,Endothelial,1.9570725
AGCTTCTTCTCGAGCA-1,Br2039,Visium,1,68,100,14305,12611,Astrocyte,2.183096
AGGAACGAACGACTTC-1,Br2039,Visium,1,64,120,13599,14622,Astrocyte,1.891268
AGGAAGCTGTCCGCCG-1,Br2039,Visium,1,61,65,13088,9085,Astrocyte,2.1832252
AGGACAGTCGAATCCC-1,Br2039,Visium,1,43,85,9931,11090,Oligodendrocyte,1.6446712
AGGACATCGCACGTCG-1,Br2039,Visium,1,16,38,5215,6348,Astrocyte,1.4140496
AGGACATCGGCACACT-1,Br2039,Visium,1,68,122,14299,14825,Astrocyte,2.803935
AGGACGACCCATTAGA-1,Br2039,Visium,1,43,45,9941,7064,Oligodendrocyte,2.462778
AGGAGAGTCTGGCTAC-1,Br2039,Visium,1,26,126,6943,15208,Astrocyte,2.2223346
AGGAGCGTTTATTATC-1,Br2039,Visium,1,77,115,15877,14124,Oligodendrocyte,3.4903073
AGGAGGCCTTCGCGCG-1,Br2039,Visium,1,52,98,11503,12402,Astrocyte,1.862745
AGGATAAAGTCGGGAT-1,Br2039,Visium,1,53,65,11687,9082,Astrocyte,2.2002425
AGGATATAGGGATTTA-1,Br2039,Visium,1,46,96,10453,12198,Oligodendrocyte,1.8552732
AGGATATCCGACTGCA-1,Br2039,Visium,1,71,95,14831,12109,Oligodendrocyte,3.3364513
AGGATTGCTTACGACA-1,Br2039,Visium,1,30,120,7645,14606,Astrocyte,0.8777896
AGGCAAAGAGGAATCA-1,Br2039,Visium,1,1,39,2588,6442,Astrocyte,2.4264917
AGGCACGTGACTGTCC-1,Br2039,Visium,1,57,115,12375,14115,Oligodendrocyte,1.9035332
AGGCAGATGCGTAAAC-1,Br2039,Visium,1,26,86,6954,11183,Astrocyte,1.1823007
AGGCAGGGAGCGTACT-1,Br2039,Visium,1,59,49,12742,7474,Astrocyte,2.3984895
AGGCATTGTCGTAGGG-1,Br2039,Visium,1,49,99,10978,12501,Oligodendrocyte,2.0683398
AGGCCACATTGGTTAC-1,Br2039,Visium,1,46,126,10446,15217,Oligodendrocyte,1.7029308
AGGCCACCCGTTATGA-1,Br2039,Visium,1,28,38,7316,6353,Astrocyte,1.8321705
AGGCCCAGTGACTGGT-1,Br2039,Visium,1,9,15,3995,4030,Astrocyte,1.5071814
AGGCCCATTGTACAGG-1,Br2039,Visium,1,15,55,5035,8058,Astrocyte,3.4111462
AGGCCCTAGAACGCCA-1,Br2039,Visium,1,45,25,10296,5052,Astrocyte,2.276425
AGGCCTATCATACCAA-1,Br2039,Visium,1,72,52,15018,7782,Oligodendrocyte,3.2958226
AGGCCTGAGAATCTCG-1,Br2039,Visium,1,62,88,13257,11400,Oligodendrocyte,1.984507
AGGCGATAACTGGCGT-1,Br2039,Visium,1,58,122,12548,14820,Astrocyte,2.100101
AGGCTATGGTTAGCTT-1,Br2039,Visium,1,26,30,6968,5547,Astrocyte,1.8582993
AGGCTTAAGTTGCACA-1,Br2039,Visium,1,77,69,15889,9495,Oligodendrocyte,3.2589033
AGGCTTCCCGAAGAAG-1,Br2039,Visium,1,50,42,11168,6766,Astrocyte,2.1770844
AGGGAAACGAGGTACT-1,Br2039,Visium,1,13,89,4676,11479,Astrocyte,1.6832194
AGGGACAGCACGGCGG-1,Br2039,Visium,1,4,46,3111,7147,Astrocyte,1.6741512
AGGGACCGGCTGCGTT-1,Br2039,Visium,1,36,110,8699,13603,Oligodendrocyte,1.3724769
AGGGACTCTACGCGAC-1,Br2039,Visium,1,55,53,12040,7875,Astrocyte,1.6278939
AGGGAGACATACTTCG-1,Br2039,Visium,1,29,113,7472,13901,Astrocyte,1.0153604
AGGGCAGCGGCGTGGT-1,Br2039,Visium,1,8,74,3805,9967,Astrocyte,1.6566811
AGGGCCCTAATGTTCT-1,Br2039,Visium,1,64,122,13599,14823,Astrocyte,2.7824621
AGGGCGTGATCGGCTA-1,Br2039,Visium,1,17,45,5388,7053,Astrocyte,0.84239143
AGGGCTGCAGTTACAG-1,Br2039,Visium,1,35,65,8535,9073,Astrocyte,1.2813059
AGGGTCAGAGCACTCG-1,Br2039,Visium,1,68,40,14320,6572,Astrocyte,3.3380032
AGGGTCGATGCGAACT-1,Br2039,Visium,1,37,97,8877,12295,Oligodendrocyte,1.609122
AGGGTCTGGACGCAGT-1,Br2039,Visium,1,69,119,14475,14523,Oligodendrocyte,3.5055895
AGGGTGCCGTTCTTTA-1,Br2039,Visium,1,65,33,13797,5866,Astrocyte,2.672299
AGGGTGCTCTCGAGGG-1,Br2039,Visium,1,34,92,8353,11790,Oligodendrocyte,1.5099454
AGGGTTCAGACGGTCC-1,Br2039,Visium,1,69,45,14494,7076,Astrocyte,3.2043214
AGGGTTCCCTTTGGTT-1,Br2039,Visium,1,30,88,7654,11386,Oligodendrocyte,1.1143093
AGGGTTTAGTTCGGGA-1,Br2039,Visium,1,33,63,8185,8871,Astrocyte,2.306936
AGGTAACCTCCTATTC-1,Br2039,Visium,1,13,41,4689,6648,Astrocyte,2.6194816
AGGTAGATCGAGATAT-1,Br2039,Visium,1,63,35,13446,6067,Astrocyte,2.07977
AGGTAGGTACAAAGCT-1,Br2039,Visium,1,35,31,8544,5652,Astrocyte,2.5590434
AGGTATAATTGATAGT-1,Br2039,Visium,1,35,109,8524,13502,Oligodendrocyte,1.5927032
AGGTATGCGGACATTA-1,Br2039,Visium,1,38,124,9045,15013,Astrocyte,1.3887408
AGGTCGCCACTTCGGT-1,Br2039,Visium,1,3,27,2941,5235,Astrocyte,2.41651
AGGTCGCCTCCCAACA-1,Br2039,Visium,1,61,121,13074,14721,Oligodendrocyte,2.284917
AGGTCGCGGAGTTACT-1,Br2039,Visium,1,26,104,6949,12994,Excitatory_neuron,0.87406194
AGGTGCACGTCCACAT-1,Br2039,Visium,1,70,104,14654,13014,Oligodendrocyte,3.3387325
AGGTGGTGACCTTCGC-1,Br2039,Visium,1,64,56,13616,8181,Oligodendrocyte,2.154137
AGGTGTTGCCGACCAC-1,Br2039,Visium,1,65,123,13773,14924,Astrocyte,2.7262897
AGGTTACACCATGCCG-1,Br2039,Visium,1,43,115,9923,14109,Oligodendrocyte,1.5249825
AGGTTGAGGCACGCTT-1,Br2039,Visium,1,22,74,6256,9973,Astrocyte,1.984881
AGGTTTCACACACCTT-1,Br2039,Visium,1,41,67,9585,9277,Oligodendrocyte,1.6560419
AGTAACTATAGCAGCC-1,Br2039,Visium,1,71,107,14828,13316,Oligodendrocyte,3.1662393
AGTAAGGGACAGAATC-1,Br2039,Visium,1,77,105,15879,13118,Oligodendrocyte,3.059414
AGTAATCTAAGGGTGG-1,Br2039,Visium,1,74,88,15358,11406,Oligodendrocyte,3.830286
AGTAATGTCTTGCCGC-1,Br2039,Visium,1,16,60,5209,8562,Astrocyte,2.013642
AGTACAGAAGCTTATA-1,Br2039,Visium,1,71,77,14836,10297,Astrocyte,3.253477
AGTACATCATTTATCA-1,Br2039,Visium,1,29,109,7473,13499,Astrocyte,1.2787559
AGTACGGGCACCTGGC-1,Br2039,Visium,1,25,79,6780,10478,Astrocyte,1.9280142
AGTACTCTTATGCCCA-1,Br2039,Visium,1,56,88,12206,11398,Oligodendrocyte,1.7739817
AGTAGAAGGCGCCTCA-1,Br2039,Visium,1,70,62,14665,8787,Astrocyte,3.431657
AGTAGGAAGGAAGTTG-1,Br2039,Visium,1,16,98,5199,12386,Endothelial,1.670958
AGTAGGTAACATACAT-1,Br2039,Visium,1,13,51,4686,7655,Astrocyte,2.3012037
AGTATAATACTAGGCA-1,Br2039,Visium,1,25,33,6792,5849,Astrocyte,1.4741988
AGTATACACAGCGACA-1,Br2039,Visium,1,64,48,13618,7376,Oligodendrocyte,2.4993677
AGTATCCATAATAACG-1,Br2039,Visium,1,4,24,3117,4933,Astrocyte,2.6109846
AGTATGCTGGAGACCA-1,Br2039,Visium,1,58,26,12573,5159,Oligodendrocyte,2.7296896
AGTATTTGGCACGACC-1,Br2039,Visium,1,58,52,12566,7775,Astrocyte,2.5556278
AGTCAAATGATGTGAT-1,Br2039,Visium,1,67,35,14146,6069,Astrocyte,3.4502697
AGTCAACACCACCATC-1,Br2039,Visium,1,41,47,9590,7265,Astrocyte,2.7616057
AGTCAAGATGACACTT-1,Br2039,Visium,1,48,90,10805,11595,Astrocyte,2.0779555
AGTCACTAGCTCTCGA-1,Br2039,Visium,1,55,99,12029,12504,Astrocyte,2.002173
AGTCAGCCACCGCCTG-1,Br2039,Visium,1,16,28,5217,5341,Astrocyte,1.4841145
AGTCCATTGGCTGATG-1,Br2039,Visium,1,42,100,9752,12599,Oligodendrocyte,1.5920322
AGTCGAATTAGCGTAA-1,Br2039,Visium,1,76,126,15699,15231,Oligodendrocyte,2.7514458
AGTCGACGGTCTCAAG-1,Br2039,Visium,1,38,90,9054,11591,Excitatory_neuron,1.7155795
AGTCGGCCCAAACGAC-1,Br2039,Visium,1,25,39,6791,6452,Astrocyte,2.1896515
AGTCGGTTGCGTGAGA-1,Br2039,Visium,1,40,112,9399,13806,Astrocyte,1.7606848
AGTCGTATAAAGCAGA-1,Br2039,Visium,1,65,81,13784,10697,Astrocyte,2.2260725
AGTCGTCGACCACCAA-1,Br2039,Visium,1,57,91,12381,11700,Astrocyte,2.7054346
AGTCGTGGGCATTACG-1,Br2039,Visium,1,51,29,11346,5458,Astrocyte,2.412909
AGTCTAAAGTATACTC-1,Br2039,Visium,1,29,111,7473,13700,Astrocyte,1.0836442
AGTCTCACAAGACTAC-1,Br2039,Visium,1,54,30,11871,5560,Astrocyte,2.4826198
AGTCTTCTCCTCAAAT-1,Br2039,Visium,1,24,66,6609,9169,Astrocyte,1.1580241
AGTCTTTAAAGTGTCC-1,Br2039,Visium,1,67,77,14136,10295,Oligodendrocyte,2.5286024
AGTGAACAAACTTCTC-1,Br2039,Visium,1,44,102,10102,12801,Astrocyte,1.7894322
AGTGACCTACTTTACG-1,Br2039,Visium,1,44,52,10114,7769,Astrocyte,1.5984571
AGTGACTGTGACACAA-1,Br2039,Visium,1,66,28,13973,5364,Astrocyte,3.479757
AGTGAGACTTCCAGTA-1,Br2039,Visium,1,35,87,8529,11288,Oligodendrocyte,1.6841846
AGTGAGCCTCGCCGCC-1,Br2039,Visium,1,29,103,7475,12895,Astrocyte,2.0176897
AGTGAGTCGAATTAAC-1,Br2039,Visium,1,67,109,14127,13516,Astrocyte,2.8884988
AGTGATAACCTGCGCG-1,Br2039,Visium,1,59,89,12732,11500,Astrocyte,2.0216713
AGTGATATGAGTAGTT-1,Br2039,Visium,1,45,49,10290,7468,Astrocyte,2.5112677
AGTGATTCAAGCAGGA-1,Br2039,Visium,1,33,87,8179,11287,Astrocyte,1.7262578
AGTGCACGCTTAAGAA-1,Br2039,Visium,1,52,96,11504,12201,Astrocyte,2.5126116
AGTGCGTAGCTCGTAA-1,Br2039,Visium,1,46,42,10467,6764,Astrocyte,2.3954663
AGTGCTAAACACAGCA-1,Br2039,Visium,1,61,91,13081,11702,Astrocyte,2.0683331
AGTGCTTGCACGAATA-1,Br2039,Visium,1,41,89,9580,11491,Oligodendrocyte,1.8947469
AGTGGCCCGCAAATGG-1,Br2039,Visium,1,73,95,15182,12110,Astrocyte,3.2142067
AGTGGCGGCAATTTGA-1,Br2039,Visium,1,24,94,6601,11987,Astrocyte,2.3621953
AGTGGCGTCTGAAGGT-1,Br2039,Visium,1,62,86,13258,11199,Astrocyte,2.4720736
AGTGTATTGCGCATTG-1,Br2039,Visium,1,17,95,5375,12085,Astrocyte,2.5731535
AGTTAAACACTTGCGA-1,Br2039,Visium,1,40,44,9416,6962,Astrocyte,1.820091
AGTTAAGCGGTCCCGG-1,Br2039,Visium,1,16,80,5204,10575,Astrocyte,2.5539591
AGTTAAGTCAACCGCT-1,Br2039,Visium,1,51,25,11347,5055,Astrocyte,2.2393184
AGTTACTCTATCGTGG-1,Br2039,Visium,1,15,89,5027,11480,Astrocyte,1.9611285
AGTTATTCAGACTGTG-1,Br2039,Visium,1,76,112,15703,13822,Oligodendrocyte,2.8689723
AGTTCCTACAGAATTA-1,Br2039,Visium,1,30,50,7663,7562,Oligodendrocyte,2.1405547
AGTTCCTATTTATGTT-1,Br2039,Visium,1,43,65,9936,9077,Oligodendrocyte,1.8489039
AGTTCTGCGTTGTATC-1,Br2039,Visium,1,13,19,4694,4434,Astrocyte,2.7235916
AGTTGACGGTCCTTGC-1,Br2039,Visium,1,65,63,13789,8886,Oligodendrocyte,1.8118826
AGTTGGCAAGGCTAGA-1,Br2039,Visium,1,68,106,14303,13214,Astrocyte,2.02019
AGTTTGCACCTGCCTC-1,Br2039,Visium,1,58,74,12560,9990,Astrocyte,2.1329758
AGTTTGGCACGGGTTG-1,Br2039,Visium,1,48,102,10802,12803,Astrocyte,1.8237652
AGTTTGGCCAGACCTA-1,Br2039,Visium,1,47,31,10645,5657,Oligodendrocyte,2.2980294
ATAAACCATTGGACGG-1,Br2039,Visium,1,3,45,2937,7046,Astrocyte,2.0967944
ATAAACGGACCCGTAA-1,Br2039,Visium,1,47,61,10637,8676,Astrocyte,2.0749607
ATAAACGTTGCACCAC-1,Br2039,Visium,1,57,107,12377,13310,Astrocyte,2.6804547
ATAAAGGCTCGGTCGT-1,Br2039,Visium,1,34,50,8364,7563,Oligodendrocyte,1.318814
ATAAATATTAGCAGCT-1,Br2039,Visium,1,38,28,9070,5351,Astrocyte,2.5037327
ATAACGCCGGAGGGTC-1,Br2039,Visium,1,35,81,8531,10684,Excitatory_neuron,1.5645559
ATAACGGAGTCCAACG-1,Br2039,Visium,1,25,75,6781,10075,Astrocyte,1.4841367
ATAAGGTGGAGAACAT-1,Br2039,Visium,1,50,72,11160,9785,Astrocyte,2.6619484
ATAAGTAGGATTCAGA-1,Br2039,Visium,1,27,103,7124,12894,Astrocyte,0.870479
ATAAGTAGGGCGACTC-1,Br2039,Visium,1,36,108,8699,13401,Oligodendrocyte,1.6765078
ATAAGTTACCGCGACG-1,Br2039,Visium,1,46,52,10465,7770,Astrocyte,2.110926
ATAATAGCTGTTGAAT-1,Br2039,Visium,1,47,63,10637,8878,Oligodendrocyte,1.8075664
ATAATAGTGTAGGGAC-1,Br2039,Visium,1,18,30,5567,5544,Astrocyte,1.4801688
ATAATCTTGGAGAACC-1,Br2039,Visium,1,61,77,13085,10293,Oligodendrocyte,2.4809263
ATAATTAGCTAAGTAG-1,Br2039,Visium,1,64,64,13614,8986,Astrocyte,2.4536264
ATACAGGCCCTCCAAT-1,Br2039,Visium,1,56,72,12211,9787,Oligodendrocyte,2.0166066
ATACCACGGGCAACTT-1,Br2039,Visium,1,35,29,8544,5450,Oligodendrocyte,2.0417762
ATACCTAACCAAGAAA-1,Br2039,Visium,1,58,64,12563,8983,Oligodendrocyte,1.88011
ATACGAAGGCTTTCCA-1,Br2039,Visium,1,37,123,8870,14911,Oligodendrocyte,1.3874512
ATACGAGGTTTGTAAG-1,Br2039,Visium,1,75,49,15544,7481,Oligodendrocyte,3.1969051
ATACGCCGGCGAAACC-1,Br2039,Visium,1,40,78,9407,10384,Oligodendrocyte,2.0231597
ATACGGGTTTCGATTG-1,Br2039,Visium,1,22,82,6254,10779,Astrocyte,1.5049455
ATACGTACTTAGCCAC-1,Br2039,Visium,1,55,77,12034,10290,Oligodendrocyte,1.9810867
ATACGTCCACTCCTGT-1,Br2039,Visium,1,47,93,10629,11897,Excitatory_neuron,1.3508964
ATACGTTATGCACGGA-1,Br2039,Visium,1,63,63,13439,8885,Oligodendrocyte,2.2845163
ATACTACCCGTACCAC-1,Br2039,Visium,1,59,105,12727,13110,Astrocyte,2.5672746
ATACTAGCATGACCCT-1,Br2039,Visium,1,21,61,6085,8665,Astrocyte,1.7552495
ATACTGCCTTACACCG-1,Br2039,Visium,1,58,84,12558,10996,Oligodendrocyte,2.1848814
ATAGACAACGGGACCT-1,Br2039,Visium,1,28,92,7302,11788,Astrocyte,2.0194616
ATAGACGAAGAGAAAG-1,Br2039,Visium,1,33,45,8190,7060,Oligodendrocyte,1.68781
ATAGAGTACTGGGACA-1,Br2039,Visium,1,26,48,6963,7359,Oligodendrocyte,1.7620826
ATAGAGTTATCAACTT-1,Br2039,Visium,1,27,93,7127,11888,Astrocyte,1.6596916
ATAGCAACTAGGGAAG-1,Br2039,Visium,1,62,98,13255,12407,Oligodendrocyte,1.7315979
ATAGCCATAACAGTCA-1,Br2039,Visium,1,72,114,15002,14021,Oligodendrocyte,3.2502887
ATAGGCGGCTATAGAA-1,Br2039,Visium,1,43,33,9944,5857,Oligodendrocyte,2.472306
ATAGGCTAGCTTCGCA-1,Br2039,Visium,1,25,97,6776,12289,Astrocyte,1.0504757
ATAGGGATATCCTTGA-1,Br2039,Visium,1,21,71,6082,9671,Astrocyte,1.9631319
ATAGGTTGGGCAGATG-1,Br2039,Visium,1,28,64,7310,8970,Astrocyte,1.6363189
ATAGTCTTTGACGTGC-1,Br2039,Visium,1,7,67,3631,9262,Astrocyte,1.425407
ATAGTGAAGCGTTCTC-1,Br2039,Visium,1,41,57,9588,8271,Astrocyte,1.418231
ATAGTTCCACCCACTC-1,Br2039,Visium,1,38,102,9051,12798,Oligodendrocyte,1.6004107
ATATAAAGCGCTCGTG-1,Br2039,Visium,1,58,68,12562,9386,Astrocyte,2.4061375
ATATAAATGTAGCTGC-1,Br2039,Visium,1,54,74,11860,9988,Oligodendrocyte,2.6152322
ATATAACACGGGCGCA-1,Br2039,Visium,1,66,94,13956,12006,Astrocyte,2.533363
ATATACGCTCGTGACG-1,Br2039,Visium,1,62,108,13252,13413,Astrocyte,2.4256082
ATATCAACCTACAGAG-1,Br2039,Visium,1,37,105,8875,13100,Excitatory_neuron,1.3009923
ATATCGGTAGGGAGAT-1,Br2039,Visium,1,38,110,9049,13604,Oligodendrocyte,1.1583917
ATATCGTTCCTCGAAC-1,Br2039,Visium,1,58,92,12556,11801,Astrocyte,1.7679145
ATATCTCCCTCGTTAA-1,Br2039,Visium,1,19,87,5728,11280,Astrocyte,2.560789
ATATCTTAGGGCCTTC-1,Br2039,Visium,1,35,61,8536,8671,Astrocyte,1.8725327
ATATGGGATAGCAACT-1,Br2039,Visium,1,71,55,14842,8083,Astrocyte,3.262106
ATATGTCTAGAGCGTG-1,Br2039,Visium,1,74,68,15364,9393,Astrocyte,3.6492238
ATATGTCTCCCTAGCC-1,Br2039,Visium,1,35,97,8527,12294,Oligodendrocyte,1.5923526
ATATTCAGTTAAACCT-1,Br2039,Visium,1,44,40,10117,6562,Oligodendrocyte,2.4128675
ATATTCCACATAGTGA-1,Br2039,Visium,1,51,77,11334,10288,Oligodendrocyte,1.4890027
ATATTGCTGTCAAAGT-1,Br2039,Visium,1,18,32,5567,5745,Astrocyte,1.9607743
ATATTGGAGAGGCCTT-1,Br2039,Visium,1,59,121,12723,14720,Astrocyte,2.4009984
ATATTTAACCCTCAAG-1,Br2039,Visium,1,31,55,7837,8065,Excitatory_neuron,1.6451497
ATCAAACACTGTTCCA-1,Br2039,Visium,1,47,107,10626,13306,Oligodendrocyte,1.7237029
ATCAAACGAAGGTTTG-1,Br2039,Visium,1,49,33,10995,5859,Oligodendrocyte,1.9670215
ATCAAAGAGCCGTGGT-1,Br2039,Visium,1,76,62,15715,8790,Oligodendrocyte,3.3099873
ATCAAGATCCCAGGAC-1,Br2039,Visium,1,72,58,15016,8386,Oligodendrocyte,2.7980027
ATCAATCTGGGCTGCA-1,Br2039,Visium,1,33,65,8185,9073,Astrocyte,2.1385021
ATCACATTAGAATATC-1,Br2039,Visium,1,20,82,5904,10778,Astrocyte,2.1801374
ATCACGTGCTAATTAA-1,Br2039,Visium,1,46,36,10469,6160,Oligodendrocyte,2.191478
ATCACTTCATCCTCGC-1,Br2039,Visium,1,21,67,6083,9269,Astrocyte,0.9452988
ATCAGACGGCACGCCG-1,Br2039,Visium,1,44,42,10117,6763,Oligodendrocyte,2.2237177
ATCAGCCTCATGCTGC-1,Br2039,Visium,1,57,87,12382,11297,Oligodendrocyte,2.3123736
ATCAGGTAGCTGACAG-1,Br2039,Visium,1,33,127,8169,15312,Astrocyte,1.3327408
ATCAGTAGGCAGGGAT-1,Br2039,Visium,1,23,87,6428,11282,Excitatory_neuron,0.730467
ATCATAGATCGACGAG-1,Br2039,Visium,1,74,44,15370,6978,Oligodendrocyte,3.3302667
ATCATAGCCCTATGTA-1,Br2039,Visium,1,62,106,13253,13212,Astrocyte,2.0878506
ATCATCCAATATTTGT-1,Br2039,Visium,1,39,59,9237,8471,Astrocyte,1.5317904
ATCATGGACTACCGAC-1,Br2039,Visium,1,44,126,10095,15216,Oligodendrocyte,1.6548462
ATCCAACGCAGTCATA-1,Br2039,Visium,1,25,37,6791,6251,Astrocyte,1.6860746
ATCCAATGGAGGGTCC-1,Br2039,Visium,1,43,27,9946,5253,Oligodendrocyte,2.7759247
ATCCACATCGACAGAA-1,Br2039,Visium,1,62,72,13261,9790,Astrocyte,1.917501
ATCCAGAGCAACAACC-1,Br2039,Visium,1,50,52,11165,7772,Astrocyte,2.414146
ATCCAGGATTCGTGAA-1,Br2039,Visium,1,40,46,9415,7164,Oligodendrocyte,2.0240896
ATCCCATTTCCGTGGG-1,Br2039,Visium,1,71,57,14841,8284,Astrocyte,3.4309726
ATCCGGACCAGCCTGA-1,Br2039,Visium,1,67,125,14123,15126,Astrocyte,1.7179457
ATCCTACCTAAGCTCT-1,Br2039,Visium,1,44,48,10115,7367,Astrocyte,1.6775802
ATCCTGAATCGCTGCG-1,Br2039,Visium,1,38,26,9070,5150,Astrocyte,2.191321
ATCCTGCGTGGAATGG-1,Br2039,Visium,1,45,47,10291,7266,Astrocyte,2.594408
ATCCTGCTGCAGATAG-1,Br2039,Visium,1,6,44,3462,6947,Astrocyte,1.3073571
ATCCTTCTGAAAGAAC-1,Br2039,Visium,1,48,126,10796,15218,Astrocyte,2.1218808
ATCGACCCAATACAGA-1,Br2039,Visium,1,43,63,9936,8876,Oligodendrocyte,2.0557735
ATCGACTCTTTCCGTT-1,Br2039,Visium,1,23,61,6435,8666,Astrocyte,2.1942368
ATCGCACGATTGTTCA-1,Br2039,Visium,1,7,17,3644,4230,Astrocyte,3.648591
ATCGCACGCCGGGAGA-1,Br2039,Visium,1,25,57,6786,8264,Astrocyte,2.3209467
ATCGCCAGTCAACATT-1,Br2039,Visium,1,45,105,10276,13104,Astrocyte,1.9607949
ATCGCCGTGGTTCATG-1,Br2039,Visium,1,72,124,14999,15028,Oligodendrocyte,2.521363
ATCGCTTTACGTCTCA-1,Br2039,Visium,1,35,125,8520,15112,Astrocyte,1.4273405
ATCGGAGACAGACGGC-1,Br2039,Visium,1,52,76,11509,10188,Astrocyte,2.4018288
ATCGGCAAGCAGTCCA-1,Br2039,Visium,1,20,96,5900,12187,Astrocyte,3.5101154
ATCGTGGAAAGTCTGG-1,Br2039,Visium,1,63,23,13449,4859,Astrocyte,2.570221
ATCGTTAGCTAGCGGA-1,Br2039,Visium,1,58,98,12554,12405,Astrocyte,2.3831441
ATCTAATATCCTACGG-1,Br2039,Visium,1,55,67,12037,9284,Oligodendrocyte,1.7699903
ATCTACCATCTGCTCC-1,Br2039,Visium,1,70,88,14658,11404,Oligodendrocyte,2.7249098
ATCTAGCTTGTGAGGG-1,Br2039,Visium,1,67,65,14139,9088,Astrocyte,2.433496
ATCTCCCACGGAATAT-1,Br2039,Visium,1,60,108,12902,13412,Oligodendrocyte,2.6213753
ATCTCCCTGCAATCTA-1,Br2039,Visium,1,16,72,5206,9769,Astrocyte,2.3289843
ATCTCGTGAGCGAAAC-1,Br2039,Visium,1,48,116,10798,14212,Oligodendrocyte,1.511885
ATCTGACATGGAAGGA-1,Br2039,Visium,1,63,41,13444,6671,Oligodendrocyte,3.0059683
ATCTGCACCTCTGCGA-1,Br2039,Visium,1,29,101,7475,12694,Oligodendrocyte,1.819291
ATCTGCTGTTATCGCC-1,Br2039,Visium,1,67,57,14141,8283,Astrocyte,3.4450707
ATCTGGGCTGTTCTTG-1,Br2039,Visium,1,61,69,13087,9488,Astrocyte,2.0177603
ATCTGGTTAAGACTGT-1,Br2039,Visium,1,26,76,6956,10176,Astrocyte,1.5426309
ATCTGTAATTGTACCC-1,Br2039,Visium,1,15,57,5035,8259,Astrocyte,3.2479062
ATCTTATCGCACACCC-1,Br2039,Visium,1,64,104,13603,13011,Oligodendrocyte,2.0372581
ATCTTGACCTGCAACG-1,Br2039,Visium,1,26,44,6964,6956,Astrocyte,1.6359028
ATCTTGACTTGTCCAA-1,Br2039,Visium,1,30,108,7648,13399,Astrocyte,2.1444674
ATCTTTCGTATAACCA-1,Br2039,Visium,1,26,120,6945,14605,Astrocyte,3.1422417
ATGAAGCCAAGGAGCC-1,Br2039,Visium,1,22,46,6263,7156,Astrocyte,2.0211978
ATGACGCCGGCTCTAA-1,Br2039,Visium,1,16,58,5210,8361,Astrocyte,2.7986388
ATGACGCGTTCTATCC-1,Br2039,Visium,1,52,30,11521,5559,Astrocyte,2.3265429
ATGACTATCAGCTGTG-1,Br2039,Visium,1,63,43,13444,6872,Oligodendrocyte,2.6122918
ATGACTATGCGACATT-1,Br2039,Visium,1,48,88,10806,11394,Oligodendrocyte,1.6585584
ATGAGGAGTGTTAATC-1,Br2039,Visium,1,25,35,6792,6050,Astrocyte,1.8420734
ATGAGGGCAGCGGCTA-1,Br2039,Visium,1,42,120,9747,14612,Astrocyte,1.6709706
ATGATCGGGAATAGAC-1,Br2039,Visium,1,16,54,5211,7958,Excitatory_neuron,1.537749
ATGATGCAATGGTACA-1,Br2039,Visium,1,44,50,10115,7568,Oligodendrocyte,2.0861187
ATGCACTACCGCATTG-1,Br2039,Visium,1,27,45,7139,7057,Astrocyte,1.5780377
ATGCATGATCCAGGAT-1,Br2039,Visium,1,25,65,6784,9069,Oligodendrocyte,1.6392479
ATGCCATTTGCGACCA-1,Br2039,Visium,1,43,91,9929,11694,Oligodendrocyte,1.9185795
ATGCCGGTCTTGCATA-1,Br2039,Visium,1,31,75,7832,10078,Oligodendrocyte,1.654269
ATGCCGGTTGATGGGA-1,Br2039,Visium,1,19,83,5729,10878,Astrocyte,2.5834987
ATGCGACAGTCCCATT-1,Br2039,Visium,1,35,71,8534,9677,Astrocyte,1.2048551
ATGCGAGTCCCACCAC-1,Br2039,Visium,1,48,104,10801,13004,Astrocyte,1.9351531
ATGCTCAGTGTTGCAT-1,Br2039,Visium,1,21,29,6093,5444,Oligodendrocyte,1.4566619
ATGCTCTGGCGCGGTA-1,Br2039,Visium,1,60,76,12910,10192,Oligodendrocyte,2.020427
ATGCTTAGGAGTTGAT-1,Br2039,Visium,1,56,112,12200,13813,Oligodendrocyte,2.3640926
ATGGAACCTTTGCACA-1,Br2039,Visium,1,38,120,9046,14610,Astrocyte,1.3916714
ATGGACTGCTTAGTTG-1,Br2039,Visium,1,75,39,15546,6475,Oligodendrocyte,4.05625
ATGGAGCAGGCCGTGA-1,Br2039,Visium,1,36,66,8710,9175,Excitatory_neuron,1.7151992
ATGGATCCGGCGTCCG-1,Br2039,Visium,1,19,79,5730,10475,Astrocyte,2.4792976
ATGGATTGACCAAACG-1,Br2039,Visium,1,27,61,7135,8667,Oligodendrocyte,0.9788096
ATGGCCCGAAAGGTTA-1,Br2039,Visium,1,76,120,15700,14627,Astrocyte,3.2080312
ATGGCGGAATAGTCGC-1,Br2039,Visium,1,34,124,8345,15011,Astrocyte,2.2830613
ATGGGACCTGCTGAAC-1,Br2039,Visium,1,61,31,13097,5663,Astrocyte,2.0584078
ATGGGCCTCGGCCTCT-1,Br2039,Visium,1,45,91,10279,11695,Oligodendrocyte,1.4298021
ATGGGTGTATACCTCC-1,Br2039,Visium,1,64,24,13624,4960,Astrocyte,2.8926291
ATGGTATTGGGAACCG-1,Br2039,Visium,1,73,61,15190,8688,Astrocyte,3.642061
ATGGTCGCGTGGTTTC-1,Br2039,Visium,1,45,85,10281,11091,Astrocyte,2.1527994
ATGTAAGGCTGCTCTT-1,Br2039,Visium,1,32,112,7998,13802,Excitatory_neuron,1.2251506
ATGTACATGCGGTGAG-1,Br2039,Visium,1,64,112,13601,13816,Astrocyte,2.125608
ATGTACGATGACGTCG-1,Br2039,Visium,1,66,64,13964,8987,Oligodendrocyte,2.4053352
ATGTAGCGCGCGTAGG-1,Br2039,Visium,1,68,72,14312,9793,Astrocyte,3.1099772
ATGTCATAATAAACGA-1,Br2039,Visium,1,77,63,15890,8891,Astrocyte,3.659697
ATGTCTTGTTTGACTC-1,Br2039,Visium,1,74,34,15372,5971,Astrocyte,3.8277445
ATGTGCATCCGACGCA-1,Br2039,Visium,1,23,57,6436,8263,Astrocyte,1.9488182
ATGTGGACATCTTGAT-1,Br2039,Visium,1,47,71,10635,9683,Astrocyte,2.4172015
ATGTGTAGTTTAGTCA-1,Br2039,Visium,1,5,59,3283,8456,Astrocyte,2.10983
ATGTTACGAGCAATAC-1,Br2039,Visium,1,15,29,5042,5442,Astrocyte,1.4303932
ATGTTGATTAGAGACT-1,Br2039,Visium,1,68,92,14307,11805,Oligodendrocyte,2.7043004
ATGTTGTAGTCTGTTT-1,Br2039,Visium,1,65,47,13793,7275,Astrocyte,2.7843566
ATGTTTCGGCCCGGAG-1,Br2039,Visium,1,33,125,8169,15111,Astrocyte,1.8636796
ATTAAACATGCGGACC-1,Br2039,Visium,1,43,59,9937,8473,Oligodendrocyte,1.7733798
ATTAATACTACGCGGG-1,Br2039,Visium,1,22,66,6258,9168,Astrocyte,1.9440932
ATTAATGAACCAGTCG-1,Br2039,Visium,1,23,79,6430,10477,Astrocyte,1.3795168
ATTACAACTACCGGCC-1,Br2039,Visium,1,11,87,4327,11277,Astrocyte,1.9255422
ATTACATGTCAGTCTT-1,Br2039,Visium,1,50,108,11151,13408,Excitatory_neuron,1.7770314
ATTACCACACTGCCTG-1,Br2039,Visium,1,48,118,10798,14413,Oligodendrocyte,2.066284
ATTACGCGCTGGCAGG-1,Br2039,Visium,1,40,30,9420,5553,Oligodendrocyte,1.9185232
ATTACTAGCCTCTTGC-1,Br2039,Visium,1,18,44,5564,6952,Astrocyte,2.3785763
ATTACTTACTGGGCAT-1,Br2039,Visium,1,22,100,6250,12590,Astrocyte,2.258609
ATTAGATTCCTCAGCA-1,Br2039,Visium,1,25,105,6774,13095,Astrocyte,1.5999283
ATTAGATTGATAGCGG-1,Br2039,Visium,1,19,49,5737,7456,Astrocyte,0.8513145
ATTAGGCGATGCTTTC-1,Br2039,Visium,1,37,71,8884,9678,Oligodendrocyte,1.7892277
ATTATACTTTGCTCGT-1,Br2039,Visium,1,18,78,5555,10374,Astrocyte,2.2815673
ATTATAGCTACTTTAC-1,Br2039,Visium,1,33,115,8172,14105,Astrocyte,1.4602194
ATTATCGGAATGTACG-1,Br2039,Visium,1,69,57,14491,8284,Oligodendrocyte,3.0586476
ATTATCTCGACAGATC-1,Br2039,Visium,1,7,61,3633,8658,Astrocyte,1.4352489
ATTATGCCATAGGGAG-1,Br2039,Visium,1,21,53,6087,7860,Astrocyte,0.9349575
ATTATTATGTCCGTCA-1,Br2039,Visium,1,59,37,12745,6266,Astrocyte,3.1764522
ATTATTCAGAGTCACT-1,Br2039,Visium,1,67,97,14130,12308,Oligodendrocyte,2.0445416
ATTCAACCATTTAAGG-1,Br2039,Visium,1,58,100,12554,12606,Astrocyte,1.9736466
ATTCACTGATGTTGGA-1,Br2039,Visium,1,56,68,12212,9385,Oligodendrocyte,2.2684302
ATTCAGGACCTATTTC-1,Br2039,Visium,1,20,98,5900,12388,Astrocyte,2.9572282
ATTCAGTAGCAGGGTC-1,Br2039,Visium,1,27,25,7144,5044,Astrocyte,1.5651667
ATTCATATACTGTCCA-1,Br2039,Visium,1,46,60,10463,8575,Astrocyte,2.9837143
ATTCATCGTTGAGGCA-1,Br2039,Visium,1,61,89,13082,11500,Oligodendrocyte,2.1957846
ATTCCTCCGCCAGTGC-1,Br2039,Visium,1,23,39,6440,6452,Astrocyte,1.8673657
ATTCGACGCCGGGCCT-1,Br2039,Visium,1,36,26,8720,5149,Oligodendrocyte,1.9917396
ATTCGCGCCTTGAGAG-1,Br2039,Visium,1,65,107,13778,13314,Astrocyte,2.6411495
ATTCGTCCCGAGGTTA-1,Br2039,Visium,1,75,125,15524,15130,Oligodendrocyte,3.538288
ATTCGTGCTATCTCTT-1,Br2039,Visium,1,42,110,9749,13605,Oligodendrocyte,1.2426069
ATTCGTGTACCCATTC-1,Br2039,Visium,1,77,97,15882,12313,Astrocyte,3.4876087
ATTCGTTTATCGTATT-1,Br2039,Visium,1,76,110,15703,13621,Oligodendrocyte,3.3522034
ATTGAAGATCTTAGTG-1,Br2039,Visium,1,31,49,7839,7461,Oligodendrocyte,2.1891072
ATTGAATTCCCTGTAG-1,Br2039,Visium,1,76,124,15699,15030,Astrocyte,3.0585575
ATTGACGTAACTCGGT-1,Br2039,Visium,1,8,72,3805,9766,Excitatory_neuron,1.1805004
ATTGATAGCAACGAGA-1,Br2039,Visium,1,12,22,4519,4736,Astrocyte,2.948487
ATTGATGAGTCCTAAC-1,Br2039,Visium,1,33,99,8176,12494,Oligodendrocyte,1.1950622
ATTGCCTATTAGACCG-1,Br2039,Visium,1,67,25,14149,5062,Astrocyte,2.6699462
ATTGCCTTTATGTTTG-1,Br2039,Visium,1,64,84,13608,10999,Astrocyte,2.2583442
ATTGCGATCAGTAACT-1,Br2039,Visium,1,51,99,11328,12502,Astrocyte,2.3431103
ATTGCTGCTCCTCCAT-1,Br2039,Visium,1,35,43,8541,6859,Oligodendrocyte,1.5632596
ATTGGATTACAGCGTA-1,Br2039,Visium,1,54,102,11853,12806,Astrocyte,2.1817896
ATTGGGAATATCTTGG-1,Br2039,Visium,1,12,52,4511,7755,Astrocyte,3.4217892
ATTGGTTGTGCATTAC-1,Br2039,Visium,1,72,106,15004,13216,Oligodendrocyte,2.9703774
ATTGTACAACTCGGCT-1,Br2039,Visium,1,35,103,8525,12898,Oligodendrocyte,1.2630936
ATTGTCTGTTTCATGT-1,Br2039,Visium,1,71,53,14842,7882,Astrocyte,3.063072
ATTGTTCAACGATCCG-1,Br2039,Visium,1,53,123,11672,14919,Astrocyte,1.6684728
ATTTAACTCGTATTAC-1,Br2039,Visium,1,14,52,4861,7756,Astrocyte,3.296078
ATTTACAGTTTACTGG-1,Br2039,Visium,1,30,38,7666,6354,Oligodendrocyte,1.2461939
ATTTACTAAGTCCATT-1,Br2039,Visium,1,31,111,7823,13701,Astrocyte,2.0635927
ATTTATACTGGTAAAG-1,Br2039,Visium,1,75,75,15537,10098,Oligodendrocyte,3.8436453
ATTTCCGGGTTCTGCG-1,Br2039,Visium,1,55,35,12045,6063,Astrocyte,2.6575828
ATTTGCGCGAGTAGCT-1,Br2039,Visium,1,53,31,11696,5660,Astrocyte,2.5326443
ATTTGTCTTGGGAGCT-1,Br2039,Visium,1,40,84,9406,10988,Astrocyte,2.5138788
ATTTGTTCCAGGGCTC-1,Br2039,Visium,1,19,71,5732,9670,Astrocyte,1.2179589
CAAACCATAAGCGTAT-1,Br2039,Visium,1,77,89,15884,11508,Oligodendrocyte,3.0087705
CAAACCCTCCGGCGGG-1,Br2039,Visium,1,70,70,14663,9592,Oligodendrocyte,3.4397535
CAAACGAGTATCGCAG-1,Br2039,Visium,1,47,47,10641,7267,Oligodendrocyte,1.8446904
CAAACGGTCGCACTTT-1,Br2039,Visium,1,30,40,7666,6555,Astrocyte,1.472894
CAAACTACGATAGAGA-1,Br2039,Visium,1,12,84,4503,10975,Astrocyte,1.5328128
CAAACTCGCGACGCCG-1,Br2039,Visium,1,45,111,10274,13707,Excitatory_neuron,1.7082056
CAAAGATTATTGGGCC-1,Br2039,Visium,1,56,30,12221,5561,Oligodendrocyte,2.5236092
CAAAGGTCATCTGAAA-1,Br2039,Visium,1,46,124,10446,15016,Oligodendrocyte,1.731984
CAAATCTCTCACAAGG-1,Br2039,Visium,1,44,24,10122,4951,Astrocyte,1.9978439
CAAATGTCCTTCCGTG-1,Br2039,Visium,1,45,53,10289,7870,Astrocyte,2.5938368
CAAATTGTCAGCAAGC-1,Br2039,Visium,1,13,67,4682,9265,Astrocyte,2.2794023
CAACACATCTCCTGCC-1,Br2039,Visium,1,32,120,7996,14607,Astrocyte,1.4157081
CAACCAGTGGCCTACC-1,Br2039,Visium,1,61,115,13075,14117,Oligodendrocyte,1.8375728
CAACCTACCGAGCAGT-1,Br2039,Visium,1,61,103,13078,12909,Astrocyte,2.5153124
CAACGACCCGTTTACA-1,Br2039,Visium,1,20,50,5912,7557,Excitatory_neuron,0.9506873
CAACGATCGATCCAAT-1,Br2039,Visium,1,73,127,15173,15330,Astrocyte,2.9370708
CAACGCGATGAGCCAA-1,Br2039,Visium,1,74,36,15372,6172,Astrocyte,3.6575692
CAACGGTTCTTGATAC-1,Br2039,Visium,1,18,38,5565,6349,Astrocyte,1.2550119
CAACGTGGTGGAGTCT-1,Br2039,Visium,1,55,113,12025,13913,Astrocyte,2.0442
CAACTCCTTGATCCCG-1,Br2039,Visium,1,18,46,5563,7154,Astrocyte,1.4455426
CAACTGCTCATCCGAT-1,Br2039,Visium,1,59,55,12740,8078,Astrocyte,2.510522
CAACTTGTAGTGGGCA-1,Br2039,Visium,1,9,41,3988,6647,Astrocyte,1.54109
CAAGACTCAGAAGCGC-1,Br2039,Visium,1,30,126,7644,15210,Astrocyte,1.8446681
CAAGAGGGCGGAGTAC-1,Br2039,Visium,1,46,74,10459,9984,Astrocyte,1.7310688
CAAGATATTATAACGT-1,Br2039,Visium,1,45,89,10280,11493,Astrocyte,1.9450951
CAAGCAACGTCGGAGT-1,Br2039,Visium,1,32,38,8017,6355,Astrocyte,1.7339869
CAAGCACCAAATGCCT-1,Br2039,Visium,1,18,66,5558,9167,Astrocyte,1.7466931
CAAGCGGCACATAATT-1,Br2039,Visium,1,54,72,11860,9786,Oligodendrocyte,1.5834409
CAAGGATCGCATGTTC-1,Br2039,Visium,1,40,68,9410,9378,Astrocyte,2.071875
CAAGGCCAGTGGTGCA-1,Br2039,Visium,1,66,100,13955,12610,Astrocyte,2.6876779
CAAGGTCCTATAGGCT-1,Br2039,Visium,1,34,110,8348,13602,Astrocyte,1.6590654
CAAGTAAGTGATAGAC-1,Br2039,Visium,1,69,53,14492,7881,Astrocyte,3.1040263
CAAGTCGTTGAAATCT-1,Br2039,Visium,1,76,48,15719,7381,Oligodendrocyte,3.8142312
CAAGTGTGGTTGCAAA-1,Br2039,Visium,1,40,94,9403,11994,Astrocyte,1.9256642
CAATAAACCTTGGCCC-1,Br2039,Visium,1,26,74,6957,9975,Oligodendrocyte,1.117338
CAATACGAGAGTCTGA-1,Br2039,Visium,1,44,120,10097,14613,Oligodendrocyte,1.7779669
CAATATTCTTGACCTA-1,Br2039,Visium,1,54,40,11869,6566,Astrocyte,2.2260149
CAATATTGGACTAGTG-1,Br2039,Visium,1,8,18,3819,4331,Astrocyte,2.750365
CAATCCCTATACCAGC-1,Br2039,Visium,1,12,88,4502,11378,Astrocyte,2.0795295
CAATCCTGCCGTGGAG-1,Br2039,Visium,1,14,24,4868,4938,Astrocyte,2.4447732
CAATGACCCTTAATTT-1,Br2039,Visium,1,73,57,15191,8285,Astrocyte,3.3075805
CAATGAGGTTCGACTA-1,Br2039,Visium,1,29,119,7471,14505,Astrocyte,1.453898
CAATGCGAGAAGTATC-1,Br2039,Visium,1,54,82,11858,10793,Astrocyte,2.0644982
CAATGGATCTCTACCA-1,Br2039,Visium,1,28,86,7304,11184,Oligodendrocyte,1.5802206
CAATGGTCGGCCTGGG-1,Br2039,Visium,1,6,56,3459,8155,Oligodendrocyte,1.4146836
CAATGTGCCAACCCTT-1,Br2039,Visium,1,37,115,8872,14106,Oligodendrocyte,1.942221
CAATTAAGGGTGATGA-1,Br2039,Visium,1,29,65,7484,9071,Oligodendrocyte,0.92954636
CAATTTCGTATAAGGG-1,Br2039,Visium,1,37,63,8886,8873,Oligodendrocyte,2.12004
CACAAACCGCAGAACT-1,Br2039,Visium,1,71,115,14826,14122,Astrocyte,3.3624754
CACAATGAGCTGCTAT-1,Br2039,Visium,1,42,50,9765,7567,Oligodendrocyte,2.4656777
CACACACGCTAACGAG-1,Br2039,Visium,1,55,103,12028,12907,Astrocyte,2.3020113
CACACAGCTTGCGCTC-1,Br2039,Visium,1,47,115,10624,14111,Excitatory_neuron,1.5046239
CACACAGGGATAGATT-1,Br2039,Visium,1,25,27,6794,5245,Astrocyte,2.334528
CACACGCGCTGTCTTA-1,Br2039,Visium,1,33,89,8179,11488,Excitatory_neuron,1.0433117
CACAGCACCCACGGCA-1,Br2039,Visium,1,31,59,7836,8468,Oligodendrocyte,1.0287888
CACAGCTAGGGAGTGA-1,Br2039,Visium,1,20,60,5910,8564,Astrocyte,1.256891
CACAGGGCCATATAGT-1,Br2039,Visium,1,57,97,12379,12304,Astrocyte,2.3009617
CACAGGGCCGTTGTCA-1,Br2039,Visium,1,62,60,13264,8582,Astrocyte,2.4406595
CACAGTCCCGCTTCGC-1,Br2039,Visium,1,60,112,12901,13815,Oligodendrocyte,2.1550624
CACAGTTCGCTTCCCA-1,Br2039,Visium,1,54,114,11850,14013,Oligodendrocyte,1.7351024
CACATATTAGCAGGAT-1,Br2039,Visium,1,47,73,10634,9884,Astrocyte,2.6262836
CACATCGTGCACGCGC-1,Br2039,Visium,1,60,38,12920,6367,Oligodendrocyte,2.2196362
CACATCTCACCGACGA-1,Br2039,Visium,1,57,75,12385,10090,Astrocyte,3.217357
CACATGATTCAGCAAC-1,Br2039,Visium,1,38,64,9061,8974,Astrocyte,1.5476049
CACATTTCTTGTCAGA-1,Br2039,Visium,1,44,108,10100,13405,Oligodendrocyte,1.9956797
CACCCAAATCTTATGT-1,Br2039,Visium,1,35,105,8525,13099,Astrocyte,1.5726206
CACCCACACGTCACCC-1,Br2039,Visium,1,17,43,5389,6851,Astrocyte,2.1311867
CACCCACGAGGCAATT-1,Br2039,Visium,1,20,86,5903,11180,Astrocyte,2.56357
CACCCGCGTTTGACAC-1,Br2039,Visium,1,73,117,15176,14324,Oligodendrocyte,2.4678178
CACCCGGTTTGTGACT-1,Br2039,Visium,1,53,39,11694,6465,Astrocyte,2.5476744
CACCCTAACAAGATCT-1,Br2039,Visium,1,56,80,12209,10592,Astrocyte,2.5356736
CACCGATGATGGGTAC-1,Br2039,Visium,1,71,117,14826,14323,Astrocyte,2.3596663
CACCGCCAGAAGGTTT-1,Br2039,Visium,1,27,59,7136,8466,Astrocyte,1.8131671
CACCGCCGACCAGCGA-1,Br2039,Visium,1,9,67,3982,9263,Oligodendrocyte,1.3353287
CACCGGGCATCACAAG-1,Br2039,Visium,1,72,94,15007,12009,Astrocyte,3.2011619
CACCGTATCCCATCCG-1,Br2039,Visium,1,52,104,11502,13006,Oligodendrocyte,1.8639206
CACCGTTAGGGATCAC-1,Br2039,Visium,1,53,37,11694,6264,Astrocyte,2.4353657
CACCGTTGCGCGATAT-1,Br2039,Visium,1,47,29,10646,5456,Oligodendrocyte,2.3092527
CACCTAATAGAGTCGT-1,Br2039,Visium,1,17,25,5393,5040,Astrocyte,1.1555765
CACCTAATCAGTTTAC-1,Br2039,Visium,1,20,72,5907,9771,Astrocyte,1.2437508
CACCTCGATGGTGGAC-1,Br2039,Visium,1,18,70,5557,9569,Astrocyte,1.7010719
CACCTTGCGAAACTCG-1,Br2039,Visium,1,24,84,6604,10981,Astrocyte,1.3268112
CACCTTGGCGCCTTTG-1,Br2039,Visium,1,43,103,9926,12901,Excitatory_neuron,1.5479962
CACGAAAGTTAGTCCC-1,Br2039,Visium,1,33,29,8194,5450,Oligodendrocyte,1.9222941
CACGAGCAAACCAGAC-1,Br2039,Visium,1,74,22,15375,4763,Oligodendrocyte,3.3846097
CACGCACAGCGCAGCT-1,Br2039,Visium,1,24,72,6607,9773,Astrocyte,2.4903708
CACGCAGCGAGGCTTT-1,Br2039,Visium,1,31,43,7840,6858,Oligodendrocyte,1.7279305
CACGCGGAACTGTTGC-1,Br2039,Visium,1,42,98,9752,12398,Oligodendrocyte,3.062262
CACGTCAATCAATGGA-1,Br2039,Visium,1,62,116,13250,14218,Astrocyte,2.3874698
CACGTCGGCAACCTCT-1,Br2039,Visium,1,49,37,10994,6262,Oligodendrocyte,1.874072
CACGTTCGTGCTCTAG-1,Br2039,Visium,1,37,81,8881,10685,Oligodendrocyte,1.9106531
CACGTTTCGTACACAC-1,Br2039,Visium,1,55,91,12031,11699,Astrocyte,2.4691167
CACTAAAGTTGCCTAT-1,Br2039,Visium,1,35,51,8539,7665,Astrocyte,1.8885503
CACTACGGGAGCTGCC-1,Br2039,Visium,1,59,107,12727,13311,Astrocyte,2.086473
CACTCAAGAGCTATGG-1,Br2039,Visium,1,39,57,9238,8270,Astrocyte,2.6882668
CACTCCTATGTAAGAT-1,Br2039,Visium,1,56,36,12220,6164,Astrocyte,2.7600589
CACTCGAGCTGAACAA-1,Br2039,Visium,1,48,74,10809,9985,Astrocyte,2.1161509
CACTCTCAAGCATCGA-1,Br2039,Visium,1,69,47,14493,7277,Astrocyte,2.7482045
CACTCTTCTGCTAGCC-1,Br2039,Visium,1,59,101,12728,12707,Astrocyte,2.1040199
CACTGACGATTGTGGA-1,Br2039,Visium,1,65,51,13792,7678,Astrocyte,2.7326264
CACTGTCCAAGTGAGA-1,Br2039,Visium,1,19,43,5739,6852,Astrocyte,2.0918372
CACTTAATCAGACGGA-1,Br2039,Visium,1,34,48,8364,7362,Astrocyte,1.6191287
CACTTCGCCACAGGCT-1,Br2039,Visium,1,21,31,6092,5646,Astrocyte,2.2085457
CAGAACTTAGCCCTCT-1,Br2039,Visium,1,53,85,11682,11094,Astrocyte,1.9429362
CAGAATAACACACGGA-1,Br2039,Visium,1,55,111,12025,13712,Oligodendrocyte,1.7833
CAGAATATTCGTTATC-1,Br2039,Visium,1,50,124,11147,15018,Excitatory_neuron,1.831984
CAGACACCGATCGCTG-1,Br2039,Visium,1,53,51,11691,7673,Astrocyte,2.233714
CAGACCTGTAAGTGTT-1,Br2039,Visium,1,31,99,7826,12493,Astrocyte,1.7214559
CAGACGAACCTGATAC-1,Br2039,Visium,1,50,50,11166,7571,Astrocyte,2.16114
CAGAGACGGTCACCCA-1,Br2039,Visium,1,51,57,11339,8276,Astrocyte,1.2548459
CAGAGCATGAGCTTGC-1,Br2039,Visium,1,26,70,6958,9573,Oligodendrocyte,1.525112
CAGAGCGATGGATGCT-1,Br2039,Visium,1,70,124,14649,15027,Astrocyte,2.5379033
CAGAGGCGATGCATGA-1,Br2039,Visium,1,54,48,11867,7371,Astrocyte,2.3500464
CAGAGTGATTTAACGT-1,Br2039,Visium,1,9,69,3981,9464,Oligodendrocyte,1.7924039
CAGATAATGGGCGGGT-1,Br2039,Visium,1,66,102,13954,12811,Astrocyte,2.9655387
CAGATACTAACATAGT-1,Br2039,Visium,1,26,46,6964,7157,Excitatory_neuron,1.56437
CAGATCATTTAAAGTC-1,Br2039,Visium,1,22,108,6248,13395,Astrocyte,3.42971
CAGCAGCCCGTTCCTT-1,Br2039,Visium,1,28,78,7306,10379,Astrocyte,1.6217954
CAGCAGTCCAGACTAT-1,Br2039,Visium,1,50,100,11153,12603,Astrocyte,1.3404379
CAGCAGTCTGTGCTGC-1,Br2039,Visium,1,62,74,13261,9991,Oligodendrocyte,2.1104832
CAGCCGGGCCCTCTAT-1,Br2039,Visium,1,11,85,4327,11076,Astrocyte,2.258406
CAGCCTCCTGCAGAGG-1,Br2039,Visium,1,23,77,6431,10276,Astrocyte,2.1211843
CAGCCTCGATAGCGGT-1,Br2039,Visium,1,63,123,13423,14923,Astrocyte,2.8326807
CAGCCTCTCCTCAAGA-1,Br2039,Visium,1,15,95,5025,12084,Mural,1.1591066
CAGCGATTCCCTTCAA-1,Br2039,Visium,1,53,43,11693,6867,Oligodendrocyte,2.5976043
CAGCTCACTGAGACAT-1,Br2039,Visium,1,33,59,8186,8469,Astrocyte,1.3897127
CAGCTCGACAAGTTAA-1,Br2039,Visium,1,28,90,7303,11586,Astrocyte,2.3111835
CAGCTCGTGCTTGTGT-1,Br2039,Visium,1,14,42,4864,6749,Astrocyte,2.559653
CAGCTCTGGGCTCACT-1,Br2039,Visium,1,73,35,15197,6071,Oligodendrocyte,3.283762
CAGCTTAGTAGGTAGC-1,Br2039,Visium,1,32,28,8019,5349,Oligodendrocyte,1.703947
CAGGACAGCTGCCCTT-1,Br2039,Visium,1,35,127,8519,15313,Astrocyte,1.9465321
CAGGATATATCGTTGT-1,Br2039,Visium,1,44,60,10112,8574,Astrocyte,2.4012928
CAGGCAGTCTTACCAG-1,Br2039,Visium,1,65,85,13783,11100,Astrocyte,2.4058743
CAGGCCGTTTGGGTGT-1,Br2039,Visium,1,39,43,9241,6861,Astrocyte,2.3391542
CAGGCGCACGGTGGTC-1,Br2039,Visium,1,56,28,12222,5359,Oligodendrocyte,2.546075
CAGGCGCCATGCTAGG-1,Br2039,Visium,1,49,73,10985,9885,Oligodendrocyte,2.3631423
CAGGGAGATAGGCCAG-1,Br2039,Visium,1,74,18,15376,4361,Oligodendrocyte,2.8751802
CAGTAATCCCTCCCAG-1,Br2039,Visium,1,21,25,6094,5042,Astrocyte,2.3242292
CAGTAGCCCACGCGGT-1,Br2039,Visium,1,25,91,6777,11686,Astrocyte,2.1305304
CAGTAGCGAGGTAGTA-1,Br2039,Visium,1,4,30,3116,5537,Astrocyte,3.5549748
CAGTCGAGGATGCAAT-1,Br2039,Visium,1,25,99,6775,12491,Astrocyte,2.1156938
CAGTCTCTCGGCTAAT-1,Br2039,Visium,1,6,28,3466,5337,Astrocyte,2.548925
CAGTCTGTATACTGGG-1,Br2039,Visium,1,42,66,9761,9177,Astrocyte,2.6981444
CAGTGAATAAATGACT-1,Br2039,Visium,1,25,83,6779,10881,Astrocyte,2.2589817
CAGTGGTTGCACATGA-1,Br2039,Visium,1,16,22,5219,4738,Astrocyte,1.8979689
CAGTGTCCGCAGAATG-1,Br2039,Visium,1,15,37,5040,6247,Astrocyte,2.69915
CAGTGTCGGCTGGCCC-1,Br2039,Visium,1,52,92,11505,11798,Astrocyte,2.0100713
CAGTTCAAATTGACAC-1,Br2039,Visium,1,29,51,7488,7662,Astrocyte,1.498065
CAGTTCCGCGGGTCGA-1,Br2039,Visium,1,26,26,6969,5145,Oligodendrocyte,1.6149471
CAGTTCGAGGACCCGA-1,Br2039,Visium,1,69,49,14493,7478,Oligodendrocyte,3.045645
CATAACGGACAGTCGT-1,Br2039,Visium,1,36,94,8703,11992,Oligodendrocyte,1.4177475
CATAAGAAGCTTGGCT-1,Br2039,Visium,1,58,72,12561,9788,Oligodendrocyte,1.998007
CATAATGAGCGGGCGA-1,Br2039,Visium,1,6,46,3462,7148,Astrocyte,1.6180316
CATACAAAGCCGAACC-1,Br2039,Visium,1,13,35,4690,6044,Astrocyte,2.73016
CATACACGGTTCCCAC-1,Br2039,Visium,1,61,55,13091,8079,Astrocyte,2.2082653
CATACCCGTACCCAGT-1,Br2039,Visium,1,37,31,8894,5653,Oligodendrocyte,2.0208573
CATACGAACTAGCTGG-1,Br2039,Visium,1,65,31,13797,5665,Astrocyte,2.1345327
CATACGGCGTCTGGGC-1,Br2039,Visium,1,39,63,9236,8874,Astrocyte,1.8307558
CATACTATGTAATTGT-1,Br2039,Visium,1,36,48,8715,7363,Astrocyte,2.2614713
CATACTTAGGCAATAC-1,Br2039,Visium,1,37,113,8873,13905,Oligodendrocyte,0.9568729
CATACTTCTTTCTCCG-1,Br2039,Visium,1,68,52,14317,7780,Astrocyte,3.6076071
CATAGAGGAGATACTA-1,Br2039,Visium,1,69,87,14483,11303,Oligodendrocyte,2.9153867
CATAGCGTTGCCCACC-1,Br2039,Visium,1,54,42,11868,6767,Astrocyte,2.6005325
CATAGGGACACTTGTG-1,Br2039,Visium,1,75,21,15551,4663,Astrocyte,3.3481658
CATAGTAGCATAGTAG-1,Br2039,Visium,1,19,45,5738,7054,Astrocyte,1.0998658
CATAGTCAAATACATA-1,Br2039,Visium,1,65,93,13781,11905,Astrocyte,2.5327563
CATAGTCCACAAGAAC-1,Br2039,Visium,1,45,31,10295,5656,Astrocyte,2.1659822
CATAGTGGGCACGCCT-1,Br2039,Visium,1,71,125,14824,15128,Astrocyte,2.543252
CATATACTACTGATAA-1,Br2039,Visium,1,18,102,5549,12790,Mural,1.2000855
CATATAGGTACAGTCA-1,Br2039,Visium,1,43,55,9939,8071,Oligodendrocyte,2.9810586
CATATGTCAGGCTACG-1,Br2039,Visium,1,48,24,10822,4953,Astrocyte,2.6636043
CATCATTACCCTGAGG-1,Br2039,Visium,1,52,94,11504,12000,Oligodendrocyte,1.9497955
CATCCCGAGATTCATA-1,Br2039,Visium,1,69,115,14476,14121,Astrocyte,2.5605805
CATCCTCTCAAAGATC-1,Br2039,Visium,1,54,92,11855,11799,Astrocyte,2.3968477
CATCGCCCGCGGCCAA-1,Br2039,Visium,1,14,44,4863,6951,Astrocyte,3.2371392
CATCGGACGGGTTAAT-1,Br2039,Visium,1,42,58,9763,8372,Oligodendrocyte,2.1629457
CATCTAGTGAAGGGAA-1,Br2039,Visium,1,45,121,10272,14714,Oligodendrocyte,1.9953618
CATCTATCCCGTGTCT-1,Br2039,Visium,1,18,100,5549,12588,Astrocyte,2.456232
CATCTTACACCACCTC-1,Br2039,Visium,1,37,99,8877,12496,Astrocyte,2.211074
CATGAACCGACATTTG-1,Br2039,Visium,1,11,43,4338,6849,Astrocyte,2.11966
CATGACTTCGCTGAAT-1,Br2039,Visium,1,40,106,9400,13202,Oligodendrocyte,1.6841835
CATGAGATGCACTCTC-1,Br2039,Visium,1,59,79,12734,10493,Astrocyte,1.8909484
CATGAGTCCATCACGG-1,Br2039,Visium,1,75,33,15548,5871,Oligodendrocyte,2.996759
CATGATACGGTGAAAC-1,Br2039,Visium,1,76,76,15712,10199,Oligodendrocyte,3.9562135
CATGATCGCTTTGAGA-1,Br2039,Visium,1,66,116,13950,14220,Astrocyte,2.6954877
CATGATGCACAATTCT-1,Br2039,Visium,1,21,69,6082,9470,Astrocyte,2.1878014
CATGATGGAAGTTAGC-1,Br2039,Visium,1,45,103,10276,12902,Oligodendrocyte,2.1993334
CATGCACATGAGAGGC-1,Br2039,Visium,1,73,21,15201,4662,Oligodendrocyte,3.2909012
CATGCGACCAGTTTAA-1,Br2039,Visium,1,26,98,6951,12391,Astrocyte,1.4371327
CATGCGTTAGACAGAA-1,Br2039,Visium,1,15,63,5033,8863,Oligodendrocyte,2.9341702
CATGCGTTGAGAGGAG-1,Br2039,Visium,1,72,46,15019,7178,Astrocyte,2.930288
CATGGATTGTCTTCCG-1,Br2039,Visium,1,55,101,12028,12705,Oligodendrocyte,1.9132649
CATGGCAGGAAGATCG-1,Br2039,Visium,1,17,57,5385,8260,Astrocyte,2.127899
CATGGGTATGCCTTAT-1,Br2039,Visium,1,56,82,12208,10794,Astrocyte,2.468835
CATGGGTCGGGTGTGG-1,Br2039,Visium,1,21,85,6078,11080,Astrocyte,1.3475763
CATGGTAAGTAGCGTT-1,Br2039,Visium,1,45,73,10284,9883,Astrocyte,2.4776013
CATGGTCTAGATACCG-1,Br2039,Visium,1,26,66,6959,9170,Oligodendrocyte,1.2809491
CATGGTTTATTAATCA-1,Br2039,Visium,1,69,103,14479,12913,Oligodendrocyte,2.3967702
CATGTAAGAGACATTT-1,Br2039,Visium,1,54,90,11856,11598,Astrocyte,2.5589957
CATGTCTCATTTATGG-1,Br2039,Visium,1,49,85,10981,11093,Astrocyte,2.1201043
CATGTGGGCTCATCAC-1,Br2039,Visium,1,76,90,15708,11608,Oligodendrocyte,3.093686
CATTACATAGATTGTG-1,Br2039,Visium,1,27,117,7121,14303,Astrocyte,1.396058
CATTACGCAGGAAGGG-1,Br2039,Visium,1,71,101,14830,12713,Astrocyte,3.53014
CATTACGTCGGCCCGT-1,Br2039,Visium,1,19,65,5733,9066,Astrocyte,2.0804565
CATTATCCCATTAACG-1,Br2039,Visium,1,67,31,14147,5666,Astrocyte,3.0391064
CATTATGCTTGTTGTG-1,Br2039,Visium,1,26,52,6962,7761,Astrocyte,1.596917
CATTCAGGTCAGTGCG-1,Br2039,Visium,1,5,21,3293,4632,Astrocyte,3.4904115
CATTCCCATTCCGTCG-1,Br2039,Visium,1,32,118,7996,14406,Astrocyte,2.0580828
CATTCGTCGTAGCGGT-1,Br2039,Visium,1,62,122,13248,14822,Astrocyte,2.2716444
CATTTAGCGGACCATG-1,Br2039,Visium,1,25,85,6779,11082,Oligodendrocyte,1.5615522
CATTTCTAGCAGACTA-1,Br2039,Visium,1,16,26,5218,5140,Astrocyte,1.6814171
CATTTGAGTGGTACGT-1,Br2039,Visium,1,50,48,11166,7369,Oligodendrocyte,2.0833478
CCAAACAGAACCCTCG-1,Br2039,Visium,1,22,48,6263,7357,Astrocyte,1.9064618
CCAAATAACAAGATTC-1,Br2039,Visium,1,51,113,11324,13911,Oligodendrocyte,1.9960831
CCAAATCAAAGGGCAA-1,Br2039,Visium,1,72,22,15025,4763,Oligodendrocyte,2.8816228
CCAACCTTATGTAACT-1,Br2039,Visium,1,67,41,14145,6672,Astrocyte,3.1437976
CCAACGATGCACTGAT-1,Br2039,Visium,1,31,37,7842,6254,Astrocyte,1.84711
CCAACTTGATAGATCC-1,Br2039,Visium,1,47,123,10621,14916,Excitatory_neuron,1.3373467
CCAAGAAAGTGGGCGA-1,Br2039,Visium,1,52,52,11515,7773,Astrocyte,2.2082162
CCAAGACTTCTGCGAA-1,Br2039,Visium,1,20,62,5909,8765,Astrocyte,1.1544164
CCAAGCGTAACTCGTA-1,Br2039,Visium,1,33,71,8183,9676,Astrocyte,2.0729363
CCAAGGAACAGAGAGG-1,Br2039,Visium,1,14,48,4862,7353,Astrocyte,2.9260874
CCAAGGTTGCCCTTTC-1,Br2039,Visium,1,69,109,14478,13517,Astrocyte,2.6143188
CCAATAGTGCCGTCGA-1,Br2039,Visium,1,34,42,8366,6758,Astrocyte,1.5078664
CCAATCGGTAGATCGA-1,Br2039,Visium,1,14,84,4853,10976,Astrocyte,2.797283
CCAATGTCACAGCAAG-1,Br2039,Visium,1,37,49,8889,7464,Astrocyte,1.8652527
CCAATTGAATGTTAAT-1,Br2039,Visium,1,20,46,5913,7155,Astrocyte,1.9050927
CCACAATGTACGTCTT-1,Br2039,Visium,1,29,85,7479,11084,Mural,1.5926638
CCACACTGAGATATTA-1,Br2039,Visium,1,39,49,9240,7465,Astrocyte,2.0001469
CCACAGCTGAAATCAT-1,Br2039,Visium,1,8,28,3817,5338,Astrocyte,3.070519
CCACAGTACCCATCCT-1,Br2039,Visium,1,48,92,10805,11797,Astrocyte,1.9142817
CCACATACTGCACCCA-1,Br2039,Visium,1,52,118,11498,14415,Oligodendrocyte,1.500022
CCACCAACTTTACTGT-1,Br2039,Visium,1,52,40,11518,6565,Astrocyte,2.2290893
CCACCCAAGGAAAGTG-1,Br2039,Visium,1,37,75,8883,10081,Oligodendrocyte,1.4878273
CCACCTGTATGGAATA-1,Br2039,Visium,1,61,123,13073,14922,Astrocyte,2.2051249
CCACGAATTTAACCTC-1,Br2039,Visium,1,41,109,9574,13504,Oligodendrocyte,1.6149337
CCACGAGAAGAGAATC-1,Br2039,Visium,1,17,75,5380,10072,Oligodendrocyte,2.2074103
CCACGGAGCCATAAGA-1,Br2039,Visium,1,47,27,10646,5255,Oligodendrocyte,2.3790348
CCACGGCAGGTGTAGG-1,Br2039,Visium,1,71,31,14848,5668,Astrocyte,3.3376408
CCACGGTGCCCGGTAG-1,Br2039,Visium,1,35,107,8524,13300,Astrocyte,1.2466311
CCACGTAAATTAGACT-1,Br2039,Visium,1,34,122,8345,14809,Astrocyte,1.1069655
CCACTATCCGGGTCAC-1,Br2039,Visium,1,30,116,7646,14204,Astrocyte,1.4773042
CCACTCAGATCCGCAA-1,Br2039,Visium,1,72,80,15010,10600,Oligodendrocyte,2.5884762
CCACTGTTTGGATTAA-1,Br2039,Visium,1,58,106,12552,13210,Astrocyte,2.2436895
CCACTTTCCTTCTAGG-1,Br2039,Visium,1,77,113,15877,13923,Astrocyte,3.0504568
CCAGAAACTGATGCGA-1,Br2039,Visium,1,69,117,14475,14322,Astrocyte,2.5516248
CCAGAAAGCAACTCAT-1,Br2039,Visium,1,52,36,11519,6163,Astrocyte,2.3336382
CCAGATAGTTGAGTGA-1,Br2039,Visium,1,28,84,7304,10982,Oligodendrocyte,0.6110461
CCAGCCTGGACCAATA-1,Br2039,Visium,1,37,65,8885,9074,Astrocyte,1.8292062
CCAGCGGGATCACCAG-1,Br2039,Visium,1,32,124,7995,15010,Astrocyte,1.2887386
CCAGCTACGCCTCATA-1,Br2039,Visium,1,9,35,3990,6043,Oligodendrocyte,1.2624099
CCAGCTCGAACGCATT-1,Br2039,Visium,1,63,65,13438,9086,Astrocyte,2.2074409
CCAGGCTGGCGTCTGA-1,Br2039,Visium,1,56,122,12198,14819,Oligodendrocyte,2.6295412
CCAGGGACGTGGCCTC-1,Br2039,Visium,1,27,53,7137,7862,Excitatory_neuron,1.2161554
CCAGTAGTCTGATCCA-1,Br2039,Visium,1,27,91,7127,11687,Astrocyte,2.7234633
CCAGTCTAGACGGCGC-1,Br2039,Visium,1,24,86,6603,11182,Astrocyte,1.7670119
CCAGTCTTGTCATAGA-1,Br2039,Visium,1,59,59,12739,8480,Astrocyte,1.9340527
CCAGTGTACAGACCGA-1,Br2039,Visium,1,72,18,15026,4360,Astrocyte,2.9822097
CCAGTTCGGTAACTCA-1,Br2039,Visium,1,73,89,15183,11506,Astrocyte,3.2911406
CCATACCTTTACTTGT-1,Br2039,Visium,1,30,102,7650,12795,Astrocyte,2.0481024
CCATAGGTTGGCGTGG-1,Br2039,Visium,1,18,62,5559,8764,Astrocyte,0.7092154
CCATATGGAAACTATA-1,Br2039,Visium,1,53,103,11677,12906,Oligodendrocyte,1.9471767
CCATCCATACCAAGTC-1,Br2039,Visium,1,14,38,4865,6347,Astrocyte,2.1525965
CCATCGCAGTTAAACT-1,Br2039,Visium,1,50,62,11162,8778,Astrocyte,2.2014444
CCATCTCACCAGTGAA-1,Br2039,Visium,1,38,98,9052,12396,Astrocyte,2.3642712
CCATGCCCTAGATTTC-1,Br2039,Visium,1,56,98,12204,12404,Oligodendrocyte,2.06187
CCATGCCTGTTTAGTA-1,Br2039,Visium,1,35,53,8538,7866,Oligodendrocyte,1.5169932
CCATGCTCTGCAGGAA-1,Br2039,Visium,1,21,43,6089,6853,Astrocyte,2.3307061
CCATGGCAAACGCTCA-1,Br2039,Visium,1,74,40,15371,6575,Oligodendrocyte,3.0724585
CCATGTTCATCTATAT-1,Br2039,Visium,1,68,28,14323,5365,Astrocyte,2.1406233
CCATTAGCGATAATCC-1,Br2039,Visium,1,32,42,8016,6757,Oligodendrocyte,1.5751165
CCATTCCCTGCCCACA-1,Br2039,Visium,1,33,39,8192,6456,Astrocyte,1.6170955
CCATTGTTTCCTCCAT-1,Br2039,Visium,1,29,123,7469,14908,Astrocyte,1.4294436
CCATTTCTACCTATTA-1,Br2039,Visium,1,55,71,12036,9686,Astrocyte,2.7191668
CCCAAACATGCTGCTC-1,Br2039,Visium,1,34,88,8354,11388,Oligodendrocyte,1.5871546
CCCAACATACGTCGCG-1,Br2039,Visium,1,43,35,9944,6058,Astrocyte,2.2556052
CCCAACCACACTAACA-1,Br2039,Visium,1,8,66,3807,9162,Astrocyte,1.6980084
CCCAAGTCATTACACT-1,Br2039,Visium,1,68,96,14306,12208,Oligodendrocyte,2.1510696
CCCAATGAGATTTGCA-1,Br2039,Visium,1,60,40,12919,6569,Oligodendrocyte,1.8198102
CCCAATTTCACAACTT-1,Br2039,Visium,1,39,33,9244,5855,Oligodendrocyte,1.981888
CCCAGAGGAGGGCGTA-1,Br2039,Visium,1,21,105,6073,13093,Astrocyte,2.993526
CCCAGATTCCCGTGAC-1,Br2039,Visium,1,76,38,15722,6375,Oligodendrocyte,3.2700965
CCCAGGAAGAATTCGA-1,Br2039,Visium,1,74,66,15364,9192,Oligodendrocyte,3.285151
CCCAGGTCTGAAGGCT-1,Br2039,Visium,1,53,111,11675,13711,Astrocyte,2.4580941
CCCAGTTAAGGCGCCG-1,Br2039,Visium,1,42,82,9756,10787,Oligodendrocyte,1.8077549
CCCATATAGGTCGATT-1,Br2039,Visium,1,65,117,13775,14320,Oligodendrocyte,2.0681798
CCCATTATTGTATCCT-1,Br2039,Visium,1,72,120,15000,14625,Oligodendrocyte,3.3050616
CCCGACCATAGTCCGC-1,Br2039,Visium,1,20,74,5906,9973,Astrocyte,1.6526375
CCCGAGTTTCTCCGTA-1,Br2039,Visium,1,48,108,10800,13407,Oligodendrocyte,1.824969
CCCGATAGCCTCGCCT-1,Br2039,Visium,1,37,127,8869,15314,Astrocyte,1.7415506
CCCGCAAATAATCATC-1,Br2039,Visium,1,77,55,15892,8086,Mural,3.5854743
CCCGCAGCGCGAACTA-1,Br2039,Visium,1,49,67,10986,9281,Astrocyte,1.6519485
CCCGCAGGGCCCAAAG-1,Br2039,Visium,1,11,79,4329,10472,Astrocyte,1.6970584
CCCGCCATGCTCCCGT-1,Br2039,Visium,1,19,41,5739,6651,Astrocyte,1.5002382
CCCGCGCAATGCACCC-1,Br2039,Visium,1,19,23,5744,4840,Astrocyte,1.765684
CCCGCTTGCCCTCGTC-1,Br2039,Visium,1,2,40,2763,6543,Astrocyte,2.9780586
CCCGGCACGTGTCAGG-1,Br2039,Visium,1,76,104,15705,13017,Oligodendrocyte,3.3269053
CCCGGGTCGTTCAGGG-1,Br2039,Visium,1,65,57,13790,8282,Oligodendrocyte,2.3259902
CCCGTAAGTCTAGGCC-1,Br2039,Visium,1,40,28,9420,5352,Oligodendrocyte,2.2789733
CCCGTAGCTGGGAAGA-1,Br2039,Visium,1,57,39,12394,6467,Astrocyte,2.2066212
CCCGTCAGCGTCTGAC-1,Br2039,Visium,1,23,51,6437,7659,Oligodendrocyte,1.2211069
CCCGTGACAGTGCCTT-1,Br2039,Visium,1,77,91,15883,11709,Astrocyte,3.3000586
CCCGTTTCGCAGATGT-1,Br2039,Visium,1,52,106,11501,13207,Astrocyte,2.0608635
CCCTACCCACACCCAG-1,Br2039,Visium,1,74,90,15358,11607,Oligodendrocyte,3.2822952
CCCTACTTGAACAATG-1,Br2039,Visium,1,70,86,14659,11203,Oligodendrocyte,2.937595
CCCTAGCTCTAAGGTC-1,Br2039,Visium,1,77,53,15893,7885,Oligodendrocyte,3.2695017
CCCTATGTAGAGCAGA-1,Br2039,Visium,1,60,24,12923,4958,Oligodendrocyte,2.4488916
CCCTCAGATCGAGAAC-1,Br2039,Visium,1,72,26,15024,5165,Astrocyte,3.7648962
CCCTCATCACAGAGTA-1,Br2039,Visium,1,77,25,15900,5067,Astrocyte,4.353069
CCCTCATTCTGGAATT-1,Br2039,Visium,1,16,44,5213,6952,Astrocyte,2.0003304
CCCTCCTCGCTCGTAT-1,Br2039,Visium,1,50,106,11151,13206,Astrocyte,1.8672189
CCCTCGATAATACACA-1,Br2039,Visium,1,69,29,14498,5466,Astrocyte,3.0261855
CCCTGAAATGAGTTGA-1,Br2039,Visium,1,31,39,7841,6455,Oligodendrocyte,1.583209
CCCTGGGAGGGATCCT-1,Br2039,Visium,1,76,72,15713,9796,Astrocyte,3.2302272
CCCTTTAATGGAGTTC-1,Br2039,Visium,1,63,109,13427,13514,Oligodendrocyte,2.5913944
CCCTTTGACAGGTCTT-1,Br2039,Visium,1,50,56,11164,8174,Mural,1.5254304
CCGAAAGTGGTGAGCA-1,Br2039,Visium,1,17,27,5393,5241,Astrocyte,2.3272777
CCGAACCTTCCCGGCC-1,Br2039,Visium,1,49,71,10985,9684,Astrocyte,2.1442673
CCGAAGGGCGTACCGC-1,Br2039,Visium,1,29,125,7469,15109,Astrocyte,2.6920514
CCGACAATAGGCCGCC-1,Br2039,Visium,1,57,111,12376,13713,Oligodendrocyte,2.1101289
CCGACGGGCATGAGGT-1,Br2039,Visium,1,54,26,11872,5157,Oligodendrocyte,2.2420316
CCGAGAAGTCGCATAA-1,Br2039,Visium,1,46,112,10449,13808,Oligodendrocyte,2.3445
CCGAGGGATGTTAGGC-1,Br2039,Visium,1,6,62,3458,8759,Astrocyte,1.6204686
CCGATATGACGTAAGG-1,Br2039,Visium,1,55,127,12021,15322,Astrocyte,1.5981052
CCGATCTCAACCTTAT-1,Br2039,Visium,1,37,101,8876,12697,Oligodendrocyte,2.0633705
CCGCACAAAGACCAAC-1,Br2039,Visium,1,36,76,8707,10181,Excitatory_neuron,1.2234727
CCGCACACGAACGTGT-1,Br2039,Visium,1,45,123,10271,14915,Oligodendrocyte,1.7772117
CCGCACGTGACCTCGG-1,Br2039,Visium,1,28,26,7319,5145,Oligodendrocyte,2.2597704
CCGCACTTGCAATGAC-1,Br2039,Visium,1,69,107,14478,13316,Astrocyte,3.3223534
CCGCATGTGGTACGAT-1,Br2039,Visium,1,56,66,12212,9184,Astrocyte,2.7173166
CCGCCGGTCAACACAC-1,Br2039,Visium,1,13,55,4685,8057,Astrocyte,3.1722534
CCGCCGTTGAGGATAA-1,Br2039,Visium,1,45,119,10272,14512,Oligodendrocyte,2.0482905
CCGCGGAATGCGTCAC-1,Br2039,Visium,1,51,45,11342,7068,Oligodendrocyte,2.072375
CCGCGGGTACGAAGAA-1,Br2039,Visium,1,32,26,8020,5147,Astrocyte,1.9942303
CCGCTATCAGCACCAG-1,Br2039,Visium,1,45,63,10287,8877,Astrocyte,2.1655226
CCGCTCCAGGGCGATC-1,Br2039,Visium,1,71,69,14838,9492,Oligodendrocyte,3.615603
CCGCTCTTCCGAACTA-1,Br2039,Visium,1,63,99,13429,12508,Astrocyte,2.8158164
CCGCTTACCTCACTCT-1,Br2039,Visium,1,47,35,10644,6060,Astrocyte,2.2983563
CCGCTTGCTGACATGG-1,Br2039,Visium,1,27,113,7122,13901,Astrocyte,1.4274545
CCGGAAGTGCAATATG-1,Br2039,Visium,1,75,105,15529,13117,Oligodendrocyte,3.199584
CCGGAAGTTATCAGTC-1,Br2039,Visium,1,49,127,10971,15319,Oligodendrocyte,2.0029616
CCGGAATGGTTTCAGT-1,Br2039,Visium,1,24,32,6617,5747,Oligodendrocyte,1.8347685
CCGGAGCGTACTTTCT-1,Br2039,Visium,1,58,56,12565,8178,Oligodendrocyte,1.785921
CCGGCACGACCGTTTC-1,Br2039,Visium,1,35,111,8523,13703,Oligodendrocyte,1.5197093
CCGGCGCATATTGGAT-1,Br2039,Visium,1,14,56,4860,8158,Astrocyte,3.4731047
CCGGGACCCGCAGAGA-1,Br2039,Visium,1,16,52,5211,7757,Astrocyte,2.7356985
CCGGGCGGTCTCGTCA-1,Br2039,Visium,1,32,76,8007,10179,Astrocyte,1.436747
CCGGGCTAAGAATTTC-1,Br2039,Visium,1,70,20,14676,4560,Astrocyte,3.3692641
CCGGGCTGCTCCATAC-1,Br2039,Visium,1,36,86,8705,11187,Oligodendrocyte,1.3218201
CCGGGTTCGAGGTTAC-1,Br2039,Visium,1,38,32,9069,5754,Astrocyte,2.739945
CCGGTAATGGCTAGTC-1,Br2039,Visium,1,38,114,9048,14006,Oligodendrocyte,1.5511658
CCGGTATCTGGCGACT-1,Br2039,Visium,1,77,85,15885,11105,Oligodendrocyte,1.9217525
CCGGTTTGTAATTGTG-1,Br2039,Visium,1,56,42,12218,6768,Astrocyte,3.07484
CCGTAAGTTGGTCCCA-1,Br2039,Visium,1,33,77,8182,10280,Oligodendrocyte,1.752182
CCGTACCCAAGCGCCA-1,Br2039,Visium,1,12,34,4515,5943,Astrocyte,3.1965704
CCGTAGGAAATCCCTG-1,Br2039,Visium,1,60,96,12905,12204,Oligodendrocyte,1.9607506
CCGTAGGGTTGTTTAC-1,Br2039,Visium,1,60,104,12903,13010,Oligodendrocyte,2.0436654
CCGTATCTCGTCGTAG-1,Br2039,Visium,1,53,27,11697,5257,Oligodendrocyte,2.2550528
CCGTGAGGCATTCATG-1,Br2039,Visium,1,36,120,8696,14609,Oligodendrocyte,1.4256868
CCGTGCCCATGACGGC-1,Br2039,Visium,1,12,48,4512,7352,Astrocyte,2.6590257
CCGTGGAACGATCCAA-1,Br2039,Visium,1,24,106,6598,13195,Astrocyte,3.1732588
CCGTGTTAAATTCCAT-1,Br2039,Visium,1,48,36,10819,6161,Astrocyte,2.3355207
CCGTTACGTTAGAACA-1,Br2039,Visium,1,20,88,5902,11381,Astrocyte,1.6067309
CCGTTTCCTTTCCGTG-1,Br2039,Visium,1,76,46,15720,7180,Oligodendrocyte,3.4698496
CCTAAAGGCTGACGCT-1,Br2039,Visium,1,14,82,4853,10775,Astrocyte,1.9552759
CCTAAATTAACGGTTC-1,Br2039,Visium,1,42,68,9760,9379,Astrocyte,2.2294471
CCTAAATTGTATCCTA-1,Br2039,Visium,1,52,114,11499,14012,Astrocyte,2.1826515
CCTAACCCAAACAAGT-1,Br2039,Visium,1,49,89,10980,11495,Astrocyte,1.5489581
CCTAACTAAGGCTCTA-1,Br2039,Visium,1,21,93,6076,11885,Astrocyte,2.7345154
CCTACAGTTGAGGGAG-1,Br2039,Visium,1,77,83,15885,10904,Astrocyte,3.2358937
CCTACATTCACAGACG-1,Br2039,Visium,1,51,33,11345,5860,Oligodendrocyte,2.529523
CCTACGGCTCAGTCGA-1,Br2039,Visium,1,16,32,5216,5744,Astrocyte,1.976119
CCTACTCAACACGATT-1,Br2039,Visium,1,63,119,13424,14521,Astrocyte,1.7510321
CCTACTGCTTACACTT-1,Br2039,Visium,1,27,49,7138,7460,Astrocyte,1.0192487
CCTAGGCGTAGCGATC-1,Br2039,Visium,1,36,88,8704,11389,Oligodendrocyte,1.5732349
CCTATAATGAGTGCCC-1,Br2039,Visium,1,55,81,12033,10693,Astrocyte,1.9068741
CCTATACCGTCCTGTC-1,Br2039,Visium,1,55,45,12042,7070,Oligodendrocyte,2.2380097
CCTATATTTGTCCTGG-1,Br2039,Visium,1,62,52,13266,7777,Astrocyte,3.4267573
CCTATCTATATCGGAA-1,Br2039,Visium,1,19,77,5730,10274,Astrocyte,2.4835136
CCTATGAAGTGGTGCC-1,Br2039,Visium,1,37,111,8873,13704,Astrocyte,1.7062961
CCTATGGCTCCTAGTG-1,Br2039,Visium,1,62,24,13274,4959,Oligodendrocyte,2.97752
CCTATGGGTTACCGTC-1,Br2039,Visium,1,29,69,7483,9473,Oligodendrocyte,1.3409133
CCTATGGTCAAAGCTG-1,Br2039,Visium,1,68,68,14313,9390,Astrocyte,2.8634338
CCTATGTCCACTCCAC-1,Br2039,Visium,1,62,92,13256,11803,Astrocyte,3.071405
CCTCACCAATCTTGAC-1,Br2039,Visium,1,17,35,5391,6046,Astrocyte,2.5286
CCTCACCTGAGGGAGC-1,Br2039,Visium,1,28,102,7300,12794,Astrocyte,2.659235
CCTCACCTTAGCATCG-1,Br2039,Visium,1,27,97,7126,12290,Astrocyte,1.2984734
CCTCACGTCAGCTAAT-1,Br2039,Visium,1,60,122,12898,14821,Oligodendrocyte,1.7521889
CCTCATGCAGCTACGA-1,Br2039,Visium,1,10,30,4166,5540,Astrocyte,2.0598884
CCTCCCGACAATCCCT-1,Br2039,Visium,1,9,63,3983,8861,Mural,2.0738516
CCTCCGACAATTCAAG-1,Br2039,Visium,1,33,33,8193,5852,Astrocyte,1.9891603
CCTCCTGTTGTGTCGT-1,Br2039,Visium,1,62,96,13255,12205,Astrocyte,2.2597375
CCTCGCCAGCAAATTA-1,Br2039,Visium,1,18,74,5556,9972,Astrocyte,1.9201906
CCTCGCGCGATATAGG-1,Br2039,Visium,1,21,95,6076,12086,Astrocyte,3.2926588
CCTCGCGCTGTGCGAT-1,Br2039,Visium,1,57,59,12389,8479,Astrocyte,2.9369211
CCTCGGACCGGGATAG-1,Br2039,Visium,1,41,85,9581,11089,Oligodendrocyte,1.9895594
CCTCGGTTTCCTTGCC-1,Br2039,Visium,1,70,38,14671,6372,Astrocyte,3.3560586
CCTCTAATCTGCCAAG-1,Br2039,Visium,1,23,73,6432,9873,Astrocyte,0.8254644
CCTCTACAAGGATTGG-1,Br2039,Visium,1,67,27,14148,5264,Astrocyte,2.9777422
CCTCTATCGATTAGCA-1,Br2039,Visium,1,52,26,11522,5156,Oligodendrocyte,2.086285
CCTCTCTCCCATCTAG-1,Br2039,Visium,1,34,36,8367,6155,Astrocyte,2.4318357
CCTCTGTACTATTCTA-1,Br2039,Visium,1,53,61,11688,8679,Astrocyte,2.336138
CCTGAACGATATATTC-1,Br2039,Visium,1,37,85,8880,11087,Astrocyte,1.5975015
CCTGAATATTTACATA-1,Br2039,Visium,1,23,71,6432,9672,Astrocyte,2.3289218
CCTGACCACCGATGGT-1,Br2039,Visium,1,45,61,10287,8675,Oligodendrocyte,1.7379277
CCTGAGAATAAATGCA-1,Br2039,Visium,1,71,33,14847,5869,Astrocyte,3.115729
CCTGATTCGCGAAGAA-1,Br2039,Visium,1,75,93,15532,11909,Oligodendrocyte,3.6834722
CCTGCGATAGAACTGT-1,Br2039,Visium,1,8,20,3819,4533,Astrocyte,2.2873073
CCTGCTACAACCATAC-1,Br2039,Visium,1,77,107,15879,13319,Astrocyte,3.7430093
CCTGCTATTTGAGAAG-1,Br2039,Visium,1,26,50,6963,7560,Astrocyte,1.4167631
CCTGGAAACGTTCTGC-1,Br2039,Visium,1,39,113,9223,13906,Oligodendrocyte,1.5573753
CCTGGCTAGACCCGCC-1,Br2039,Visium,1,29,43,7490,6857,Oligodendrocyte,1.3134555
CCTGGTCGAATGTGGG-1,Br2039,Visium,1,59,69,12737,9487,Astrocyte,2.4305782
CCTGTAAGACATGATA-1,Br2039,Visium,1,37,41,8891,6659,Astrocyte,2.214186
CCTGTACTCACGCCCA-1,Br2039,Visium,1,40,24,9421,4950,Oligodendrocyte,2.4697433
CCTGTCACCCGGGCTC-1,Br2039,Visium,1,29,67,7484,9272,Oligodendrocyte,1.2397826
CCTGTCCCTCACGTTA-1,Br2039,Visium,1,36,114,8698,14005,Astrocyte,1.4039537
CCTGTCGCCCGTAAAT-1,Br2039,Visium,1,36,62,8711,8772,Astrocyte,1.7686851
CCTGTTCAACCTCGGG-1,Br2039,Visium,1,71,51,14843,7681,Oligodendrocyte,3.0201547
CCTGTTTGAAGACACG-1,Br2039,Visium,1,58,94,12555,12002,Oligodendrocyte,1.3683422
CCTTAAGTACGCAATT-1,Br2039,Visium,1,75,97,15531,12312,Astrocyte,3.4808362
CCTTCAGTTAAAGTGA-1,Br2039,Visium,1,61,47,13093,7274,Oligodendrocyte,1.945873
CCTTCGTATAGAATCC-1,Br2039,Visium,1,69,61,14490,8686,Astrocyte,2.6731195
CCTTCTTGATCCAGTG-1,Br2039,Visium,1,19,73,5731,9871,Astrocyte,1.920224
CCTTGACCACTTTATT-1,Br2039,Visium,1,55,109,12026,13511,Astrocyte,2.6538918
CCTTGTGAACGTGGTT-1,Br2039,Visium,1,72,48,15019,7379,Oligodendrocyte,4.016136
CCTTTAAGGGAGCACT-1,Br2039,Visium,1,58,50,12566,7574,Oligodendrocyte,2.3308365
CCTTTCAATGAAGAAA-1,Br2039,Visium,1,25,95,6776,12088,Astrocyte,1.203434
CGAAACATAGATGGCA-1,Br2039,Visium,1,11,77,4329,10270,Astrocyte,1.917308
CGAAACGCAATTCATG-1,Br2039,Visium,1,41,33,9594,5856,Astrocyte,2.5460477
CGAACAGTATGGGCGT-1,Br2039,Visium,1,50,96,11154,12200,Astrocyte,2.2269912
CGAACCCGCATGCGTC-1,Br2039,Visium,1,49,49,10991,7470,Astrocyte,1.8909072
CGAACCTCTTTCCTAG-1,Br2039,Visium,1,72,20,15026,4561,Astrocyte,3.1566887
CGAAGATCAGTTTCAT-1,Br2039,Visium,1,74,70,15363,9594,Astrocyte,3.5685909
CGAAGTTGCTCTGTGT-1,Br2039,Visium,1,33,35,8193,6053,Oligodendrocyte,2.2057304
CGAATGACGCATAATG-1,Br2039,Visium,1,63,57,13440,8281,Astrocyte,2.4956932
CGAATGGTAGGTCGTC-1,Br2039,Visium,1,73,29,15199,5467,Oligodendrocyte,3.6097121
CGAATTCCCGGTTCAA-1,Br2039,Visium,1,67,127,14123,15327,Oligodendrocyte,2.063638
CGACAATTTGATCTAA-1,Br2039,Visium,1,43,95,9928,12096,Oligodendrocyte,1.5820627
CGACACGCTCCGACAG-1,Br2039,Visium,1,46,94,10454,11997,Oligodendrocyte,1.8602133
CGACAGTTCGCGTTAT-1,Br2039,Visium,1,36,42,8716,6759,Excitatory_neuron,1.7259166
CGACATGCGATCTTCT-1,Br2039,Visium,1,8,64,3807,8961,Mural,1.2889854
CGACCGTTGGTATTCG-1,Br2039,Visium,1,75,27,15549,5267,Oligodendrocyte,3.0474195
CGACTCAGGATGTTAT-1,Br2039,Visium,1,23,89,6428,11483,Astrocyte,1.7405994
CGACTTTGTATAGCCT-1,Br2039,Visium,1,33,109,8174,13501,Astrocyte,0.9428116
CGAGACCCTAGAGTGT-1,Br2039,Visium,1,43,61,9937,8675,Astrocyte,1.9954317
CGAGACTACTGCTGCT-1,Br2039,Visium,1,72,98,15006,12411,Astrocyte,3.8887534
CGAGAGATGTGAACCT-1,Br2039,Visium,1,29,73,7482,9876,Astrocyte,1.9351935
CGAGAGCTTTCACTAC-1,Br2039,Visium,1,64,88,13607,11401,Astrocyte,2.6965468
CGAGAGGGTAGCCGCG-1,Br2039,Visium,1,56,104,12202,13008,Astrocyte,2.2495706
CGAGATGTTGCCTATA-1,Br2039,Visium,1,2,32,2765,5738,Astrocyte,2.0357444
CGAGATTTCGCTCGGG-1,Br2039,Visium,1,42,116,9748,14209,Oligodendrocyte,1.8396323
CGAGCACTTCAAGTTT-1,Br2039,Visium,1,23,25,6444,5043,Astrocyte,2.3822515
CGAGCGTTGATCAGCC-1,Br2039,Visium,1,12,46,4512,7151,Astrocyte,2.4951997
CGAGCTGGGCTTTAGG-1,Br2039,Visium,1,17,67,5383,9267,Astrocyte,1.7526224
CGAGGATCGGGAACGA-1,Br2039,Visium,1,28,118,7296,14404,Astrocyte,2.2126899
CGAGGCCAGGCATTGG-1,Br2039,Visium,1,14,22,4869,4737,Astrocyte,1.6623373
CGAGGCTAAATATGGC-1,Br2039,Visium,1,29,71,7483,9675,Oligodendrocyte,1.1958857
CGAGGGACTGCGGTCG-1,Br2039,Visium,1,38,78,9057,10383,Oligodendrocyte,2.1255474
CGAGGGTATCCAGGTG-1,Br2039,Visium,1,64,60,13615,8583,Astrocyte,1.8430719
CGAGTACTAAAGAGGA-1,Br2039,Visium,1,45,35,10294,6059,Oligodendrocyte,1.8109083
CGAGTGAAGGTACCAG-1,Br2039,Visium,1,55,29,12047,5459,Astrocyte,2.8101957
CGAGTGCTATAGTTCG-1,Br2039,Visium,1,10,38,4164,6345,Astrocyte,2.887224
CGAGTTCTGTCCCACC-1,Br2039,Visium,1,27,85,7129,11083,Astrocyte,1.7857938
CGAGTTTATCGGACTG-1,Br2039,Visium,1,37,93,8878,11892,Oligodendrocyte,1.5820715
CGATAATACTCAGGTT-1,Br2039,Visium,1,43,117,9923,14310,Excitatory_neuron,1.425079
CGATACCTCGCGGACA-1,Br2039,Visium,1,40,48,9415,7365,Astrocyte,2.1674967
CGATAGTCGTACTGCA-1,Br2039,Visium,1,66,88,13958,11402,Astrocyte,3.280822
CGATCCACCATTGTTG-1,Br2039,Visium,1,72,54,15017,7983,Astrocyte,3.3332462
CGATCCGACCCAGTGC-1,Br2039,Visium,1,38,50,9064,7565,Astrocyte,1.4499422
CGATCCTCGCAACATA-1,Br2039,Visium,1,66,40,13970,6571,Oligodendrocyte,2.6037958
CGATCGAGAAGCACCA-1,Br2039,Visium,1,74,64,15365,8990,Oligodendrocyte,3.7504885
CGATCTGTTGGAGGAC-1,Br2039,Visium,1,46,24,10472,4952,Oligodendrocyte,2.2137437
CGATGGACCCTACGCC-1,Br2039,Visium,1,22,96,6251,12187,Astrocyte,2.710845
CGATTAAATATCTCCT-1,Br2039,Visium,1,56,62,12213,8781,Astrocyte,2.6144671
CGATTCGCCTGGCTGC-1,Br2039,Visium,1,57,73,12385,9888,Astrocyte,2.3847952
CGATTTGTCATTAATG-1,Br2039,Visium,1,75,25,15550,5066,Astrocyte,3.376403
CGCAAACACGAGTTAC-1,Br2039,Visium,1,27,37,7141,6252,Oligodendrocyte,1.3550552
CGCAATTACTTTCGGT-1,Br2039,Visium,1,23,33,6442,5848,Astrocyte,2.1219091
CGCAATTAGGGTAATA-1,Br2039,Visium,1,28,44,7315,6957,Astrocyte,1.5978606
CGCAATTCTACAATAA-1,Br2039,Visium,1,26,28,6969,5346,Astrocyte,2.2138796
CGCACATGTCCACTAC-1,Br2039,Visium,1,39,87,9230,11289,Astrocyte,2.225068
CGCACGTCTGTTTATG-1,Br2039,Visium,1,68,32,14322,5767,Astrocyte,3.1343675
CGCACGTGCGCTATCA-1,Br2039,Visium,1,39,99,9227,12497,Astrocyte,1.4176753
CGCAGATCTTCACCCG-1,Br2039,Visium,1,25,113,6772,13900,Astrocyte,2.639907
CGCAGGCGATCCAAAC-1,Br2039,Visium,1,52,102,11502,12805,Astrocyte,1.8472414
CGCAGTTCTATCTTTC-1,Br2039,Visium,1,76,114,15702,14023,Oligodendrocyte,2.873118
CGCATCCATCAGCCAG-1,Br2039,Visium,1,28,116,7296,14203,Astrocyte,1.7871006
CGCATGCCGAATGCGT-1,Br2039,Visium,1,67,89,14132,11503,Astrocyte,2.190194
CGCATGGTGCGATGCT-1,Br2039,Visium,1,40,66,9410,9176,Astrocyte,2.1388023
CGCATTAGCTAATAGG-1,Br2039,Visium,1,27,57,7136,8265,Astrocyte,1.7261951
CGCCACCCGCATTAAC-1,Br2039,Visium,1,6,18,3469,4330,Astrocyte,3.2811441
CGCCATCCGATTATGA-1,Br2039,Visium,1,24,80,6605,10578,Astrocyte,1.9973651
CGCCCAGCACGCCTAG-1,Br2039,Visium,1,59,51,12741,7675,Astrocyte,2.4516366
CGCCCAGCGTTTCACG-1,Br2039,Visium,1,65,89,13782,11502,Astrocyte,2.3603342
CGCCCGCTTCCGTACA-1,Br2039,Visium,1,18,80,5554,10575,Astrocyte,3.2561316
CGCCGCCCATGCCTGT-1,Br2039,Visium,1,39,83,9231,10887,Oligodendrocyte,1.8932785
CGCCGCGTTCTGAACG-1,Br2039,Visium,1,73,45,15194,7078,Oligodendrocyte,3.558838
CGCCGTCTACCCATCG-1,Br2039,Visium,1,38,122,9046,14811,Astrocyte,2.0553615
CGCCGTTCAGCATAGT-1,Br2039,Visium,1,58,104,12553,13009,Oligodendrocyte,1.8926828
CGCCTCCCTCCTCTAT-1,Br2039,Visium,1,43,73,9934,9882,Astrocyte,1.9211198
CGCCTGGCCTACGTAA-1,Br2039,Visium,1,41,27,9595,5252,Astrocyte,1.8459826
CGCCTTTAGCATGCTC-1,Br2039,Visium,1,45,117,10273,14311,Oligodendrocyte,2.1953025
CGCGAAGTGGCATACT-1,Br2039,Visium,1,64,96,13605,12206,Oligodendrocyte,2.3281946
CGCGACCGCGACAGAT-1,Br2039,Visium,1,59,81,12734,10694,Oligodendrocyte,1.2787154
CGCGCAAATGTCCAGA-1,Br2039,Visium,1,56,24,12223,4957,Astrocyte,2.5201106
CGCGCAAGGAACTACA-1,Br2039,Visium,1,5,29,3291,5437,Astrocyte,3.1784458
CGCGCATGTTTGATTG-1,Br2039,Visium,1,50,54,11165,7973,Astrocyte,2.190258
CGCGCCCGACTTAATA-1,Br2039,Visium,1,21,75,6081,10074,Astrocyte,1.5528786
CGCGGCTCAACTTGAA-1,Br2039,Visium,1,43,97,9928,12298,Oligodendrocyte,1.5911305
CGCGGGAATTAGGCAG-1,Br2039,Visium,1,28,80,7305,10580,Astrocyte,2.0141544
CGCGGGAATTCCTTTC-1,Br2039,Visium,1,72,84,15009,11002,Astrocyte,3.225597
CGCGGTAAGTCTAGCT-1,Br2039,Visium,1,30,118,7646,14405,Astrocyte,0.9767643
CGCGGTACGGTATACA-1,Br2039,Visium,1,62,118,13249,14419,Oligodendrocyte,1.8826922
CGCGTTCATGAAATAC-1,Br2039,Visium,1,27,51,7138,7661,Astrocyte,1.8973923
CGCTACCGCCCTATGA-1,Br2039,Visium,1,2,42,2762,6744,Astrocyte,3.0849986
CGCTACGGGACATTTA-1,Br2039,Visium,1,38,48,9065,7364,Astrocyte,1.9632039
CGCTAGAGACCGCTGC-1,Br2039,Visium,1,39,101,9226,12698,Oligodendrocyte,1.7156336
CGCTATACCGCCCACT-1,Br2039,Visium,1,14,36,4865,6146,Astrocyte,2.4858413
CGCTATTCAATGTATG-1,Br2039,Visium,1,19,31,5742,5645,Astrocyte,1.9871035
CGCTATTCTTAGGCTC-1,Br2039,Visium,1,38,60,9062,8572,Oligodendrocyte,1.3747201
CGCTCGACATAATGAT-1,Br2039,Visium,1,21,45,6089,7054,Astrocyte,1.6494439
CGCTCTCCGTAGATTA-1,Br2039,Visium,1,33,37,8192,6255,Astrocyte,1.7415386
CGCTGGTGACTACCCT-1,Br2039,Visium,1,48,98,10803,12400,Astrocyte,2.3962643
CGCTGTGACGCCGCAC-1,Br2039,Visium,1,25,47,6789,7258,Astrocyte,1.7049373
CGCTGTGTGGATGTTG-1,Br2039,Visium,1,59,43,12743,6870,Oligodendrocyte,2.340364
CGCTTAGTATTGATAC-1,Br2039,Visium,1,66,52,13967,7779,Oligodendrocyte,2.2418706
CGCTTATTCCCGGTCG-1,Br2039,Visium,1,42,30,9770,5554,Astrocyte,2.5912333
CGCTTCCACTGAAATC-1,Br2039,Visium,1,18,42,5564,6751,Astrocyte,1.7704809
CGCTTCGGTCTAAGAC-1,Br2039,Visium,1,66,104,13953,13012,Astrocyte,1.686193
CGCTTGGACGGATAGA-1,Br2039,Visium,1,63,117,13425,14319,Oligodendrocyte,2.0775843
CGCTTTCATACCGGTG-1,Br2039,Visium,1,14,50,4862,7555,Astrocyte,2.9405916
CGCTTTCCGCCAAGGT-1,Br2039,Visium,1,73,77,15186,10298,Oligodendrocyte,3.5878205
CGCTTTCTTGCATTCG-1,Br2039,Visium,1,31,85,7829,11084,Oligodendrocyte,0.9483603
CGGAAAGAATCAAACG-1,Br2039,Visium,1,58,48,12567,7373,Astrocyte,2.3223977
CGGAACGTAAACATAG-1,Br2039,Visium,1,47,45,10642,7066,Astrocyte,2.0193791
CGGACCTCTGTAGTTA-1,Br2039,Visium,1,76,52,15718,7784,Oligodendrocyte,3.4329796
CGGACCTTTACGTCCC-1,Br2039,Visium,1,71,71,14838,9693,Oligodendrocyte,3.1379147
CGGAGCAATTTAATCG-1,Br2039,Visium,1,54,60,11863,8579,Oligodendrocyte,2.2125313
CGGAGCATGGCGATCC-1,Br2039,Visium,1,39,67,9235,9277,Excitatory_neuron,1.6057638
CGGAGTTTGAGAGACA-1,Br2039,Visium,1,30,34,7667,5951,Oligodendrocyte,1.9356446
CGGATCCTCAAGGACT-1,Br2039,Visium,1,60,80,12909,10594,Oligodendrocyte,2.0977983
CGGATGAATGCTGTGA-1,Br2039,Visium,1,70,22,14675,4762,Astrocyte,3.6776218
CGGATTCTGCCTTATG-1,Br2039,Visium,1,77,29,15899,5469,Astrocyte,3.183507
CGGCAAACATCGTGCG-1,Br2039,Visium,1,52,66,11512,9182,Oligodendrocyte,1.9883468
CGGCAATAAGATCGCC-1,Br2039,Visium,1,54,108,11851,13409,Astrocyte,2.4449213
CGGCACTCAAGAAAGT-1,Br2039,Visium,1,12,28,4517,5340,Astrocyte,3.390872
CGGCAGGGTCGGGTTG-1,Br2039,Visium,1,32,94,8002,11991,Astrocyte,1.1052426
CGGCCACGCACAAAGT-1,Br2039,Visium,1,35,59,8537,8470,Astrocyte,1.8682668
CGGCCAGAGCGACCAT-1,Br2039,Visium,1,67,49,14143,7478,Oligodendrocyte,2.8637812
CGGCCCAACCTGTAGT-1,Br2039,Visium,1,28,112,7297,13800,Astrocyte,1.7004216
CGGCCCAGGTATATCC-1,Br2039,Visium,1,43,105,9926,13103,Astrocyte,1.5775666
CGGCGCCATCAATCCC-1,Br2039,Visium,1,59,93,12731,11902,Astrocyte,2.1437619
CGGCTCTAAAGCTGCA-1,Br2039,Visium,1,46,110,10450,13607,Excitatory_neuron,1.6567557
CGGGAATATAGTATAC-1,Br2039,Visium,1,47,105,10626,13104,Excitatory_neuron,1.4421208
CGGGAATTTATGTAAA-1,Br2039,Visium,1,45,65,10286,9078,Astrocyte,2.609145
CGGGAGCTTCAGTGTA-1,Br2039,Visium,1,49,91,10980,11696,Oligodendrocyte,2.601751
CGGGATCAATGTAAGA-1,Br2039,Visium,1,23,59,6435,8464,Astrocyte,1.3719828
CGGGCAGCTAAACCGC-1,Br2039,Visium,1,32,56,8012,8166,Oligodendrocyte,2.0593214
CGGGCCTTCTTTGTAA-1,Br2039,Visium,1,41,55,9588,8070,Astrocyte,2.1337662
CGGGCGATGGATCACG-1,Br2039,Visium,1,69,75,14486,10095,Astrocyte,3.5545878
CGGGTGTACCCATTTA-1,Br2039,Visium,1,32,86,8004,11186,Astrocyte,1.6714671
CGGGTTTGTTAGGGCT-1,Br2039,Visium,1,56,114,12200,14014,Oligodendrocyte,2.0740905
CGGTACTAGAATCAAA-1,Br2039,Visium,1,43,83,9931,10889,Oligodendrocyte,1.6341469
CGGTAGAGGTGCAGGT-1,Br2039,Visium,1,22,92,6252,11785,Astrocyte,1.7250146
CGGTATGGGCACTCTG-1,Br2039,Visium,1,75,77,15536,10299,Oligodendrocyte,3.1428208
CGGTCAAGTGGGAACC-1,Br2039,Visium,1,26,80,6955,10579,Astrocyte,1.9255192
CGGTCAGTCCATATTT-1,Br2039,Visium,1,58,126,12547,15223,Oligodendrocyte,1.9526203
CGGTCCGTCGCAAGCC-1,Br2039,Visium,1,63,51,13442,7677,Oligodendrocyte,2.3159628
CGGTCTATCAACCCGT-1,Br2039,Visium,1,18,82,5554,10777,Astrocyte,3.161883
CGGTGCAGATAGAACG-1,Br2039,Visium,1,42,36,9768,6158,Astrocyte,2.600733
CGGTGCGCGTTGGTCC-1,Br2039,Visium,1,49,39,10993,6463,Oligodendrocyte,1.8919823
CGGTGTACTTGATCCC-1,Br2039,Visium,1,17,31,5392,5644,Astrocyte,1.6657574
CGGTTATCCAACAGTG-1,Br2039,Visium,1,30,98,7651,12392,Astrocyte,1.1703616
CGGTTCAAGTAGGTGT-1,Br2039,Visium,1,24,98,6600,12390,Astrocyte,1.7981466
CGGTTCCGGCTTCTTG-1,Br2039,Visium,1,9,29,3991,5439,Astrocyte,2.105391
CGGTTGACCTGGCATA-1,Br2039,Visium,1,39,25,9246,5050,Astrocyte,2.7388427
CGGTTGAGTATCCTTC-1,Br2039,Visium,1,66,30,13973,5565,Astrocyte,2.8616138
CGGTTGGGCAGGGTCC-1,Br2039,Visium,1,73,75,15187,10097,Oligodendrocyte,3.4562354
CGTAAACGCTTGAGTG-1,Br2039,Visium,1,11,23,4343,4836,Astrocyte,3.1468039
CGTAAAGCAAGAAATC-1,Br2039,Visium,1,70,28,14673,5366,Astrocyte,2.7327418
CGTAAATAACAAAGGG-1,Br2039,Visium,1,75,55,15542,8085,Oligodendrocyte,3.7523499
CGTAACTTCGACACTT-1,Br2039,Visium,1,68,50,14318,7579,Astrocyte,2.9414024
CGTAATATGGCCCTTG-1,Br2039,Visium,1,77,121,15875,14728,Astrocyte,3.3731604
CGTACCTGATAGGCCT-1,Br2039,Visium,1,22,68,6258,9370,Excitatory_neuron,1.0389158
CGTAGAGAGTAATTAT-1,Br2039,Visium,1,67,87,14133,11302,Oligodendrocyte,2.402483
CGTAGCGCCGACGTTG-1,Br2039,Visium,1,7,53,3635,7853,Astrocyte,1.7167637
CGTATCTAGAACTAAG-1,Br2039,Visium,1,66,120,13949,14622,Oligodendrocyte,1.9746991
CGTATTAAGAGATCTA-1,Br2039,Visium,1,32,54,8013,7965,Astrocyte,2.6112154
CGTCACGTCCATTGGT-1,Br2039,Visium,1,47,51,10640,7670,Oligodendrocyte,1.3453448
CGTCAGTGCGCACAAG-1,Br2039,Visium,1,11,49,4336,7453,Astrocyte,3.2228508
CGTCCTCATCGCGTGC-1,Br2039,Visium,1,71,111,14827,13719,Oligodendrocyte,3.1869802
CGTCGCATGTGAGCCA-1,Br2039,Visium,1,65,77,13785,10295,Oligodendrocyte,2.6041293
CGTCGCTTGGTTATAC-1,Br2039,Visium,1,63,25,13448,5060,Astrocyte,2.961499
CGTCGGATAGTGTTGA-1,Br2039,Visium,1,34,96,8352,12193,Oligodendrocyte,2.1499953
CGTCGTCCTTCGCGAA-1,Br2039,Visium,1,56,76,12210,10190,Astrocyte,2.4115725
CGTCTGGAAGGGCCCG-1,Br2039,Visium,1,16,62,5209,8763,Astrocyte,3.3413475
CGTCTTGAGTGTGACG-1,Br2039,Visium,1,41,125,9570,15114,Oligodendrocyte,1.3125528
CGTGAAGTTAATTCAC-1,Br2039,Visium,1,40,56,9413,8170,Astrocyte,1.3275467
CGTGACCAGTCCTCTG-1,Br2039,Visium,1,63,55,13441,8080,Astrocyte,1.996671
CGTGCACACCACTGTA-1,Br2039,Visium,1,72,90,15008,11606,Astrocyte,3.0455217
CGTGCAGACTGGGACA-1,Br2039,Visium,1,40,74,9408,9981,Oligodendrocyte,1.7849019
CGTGCATTGTCGACGC-1,Br2039,Visium,1,39,31,9244,5654,Astrocyte,2.519422
CGTGCCCTCCCGAAGA-1,Br2039,Visium,1,43,77,9933,10285,Oligodendrocyte,2.1280541
CGTGCTTCTACCTAAA-1,Br2039,Visium,1,62,28,13273,5362,Oligodendrocyte,2.5068274
CGTGGAAGCCTCGTAC-1,Br2039,Visium,1,48,120,10797,14614,Oligodendrocyte,1.5703237
CGTGGCCGAATATCTA-1,Br2039,Visium,1,47,101,10627,12702,Excitatory_neuron,1.7817944
CGTGGTACCCAAAGGC-1,Br2039,Visium,1,66,42,13969,6773,Oligodendrocyte,2.9074285
CGTGTATGGGAGCTGA-1,Br2039,Visium,1,65,111,13777,13716,Oligodendrocyte,2.248564
CGTGTCCCATTCGCGA-1,Br2039,Visium,1,28,40,7316,6554,Astrocyte,1.2348077
CGTGTCTCGTTACGAC-1,Br2039,Visium,1,60,34,12921,5965,Oligodendrocyte,2.0356941
CGTGTGTTAAACCCTG-1,Br2039,Visium,1,32,116,7997,14205,Astrocyte,1.236353
CGTTAAACTAGTTAGG-1,Br2039,Visium,1,49,111,10975,13709,Excitatory_neuron,1.6214495
CGTTAAATACGACCAG-1,Br2039,Visium,1,74,118,15351,14425,Astrocyte,3.4379728
CGTTAATGTCCCGACG-1,Br2039,Visium,1,59,87,12732,11298,Astrocyte,1.8192825
CGTTCAAGGAAACGGA-1,Br2039,Visium,1,70,46,14669,7177,Astrocyte,3.1714032
CGTTCAGACCCGCGAA-1,Br2039,Visium,1,65,61,13789,8684,Astrocyte,3.0654156
CGTTGAATACCGCGCT-1,Br2039,Visium,1,57,77,12384,10291,Oligodendrocyte,2.1274614
CGTTGAGCGACCGTCG-1,Br2039,Visium,1,44,74,10109,9983,Astrocyte,1.8621678
CGTTGCCCGCGTGGGA-1,Br2039,Visium,1,65,45,13794,7074,Astrocyte,3.2026525
CGTTGTAAGATTGATT-1,Br2039,Visium,1,26,108,6948,13397,Astrocyte,1.8334572
CGTTGTCGGCAATTGA-1,Br2039,Visium,1,64,66,13613,9187,Astrocyte,2.241529
CGTTGTTTCAATTCCC-1,Br2039,Visium,1,34,40,8366,6557,Oligodendrocyte,1.534878
CGTTTCGCTCATTACA-1,Br2039,Visium,1,35,49,8539,7463,Oligodendrocyte,1.8275697
CGTTTCGGTTATATGC-1,Br2039,Visium,1,74,116,15351,14224,Astrocyte,3.1137207
CGTTTGGTGTTGTGGG-1,Br2039,Visium,1,62,120,13249,14621,Oligodendrocyte,1.9499149
CGTTTGTGTAGAGGGT-1,Br2039,Visium,1,55,41,12043,6667,Astrocyte,2.4834838
CTAAAGAATGCCTACT-1,Br2039,Visium,1,36,36,8718,6155,Oligodendrocyte,1.6526117
CTAAAGGATGAGATAC-1,Br2039,Visium,1,77,65,15890,9092,Oligodendrocyte,3.557151
CTAAAGGGAAATAGGA-1,Br2039,Visium,1,44,62,10112,8776,Oligodendrocyte,2.253159
CTAAATCCGGTGTACA-1,Br2039,Visium,1,61,35,13096,6066,Astrocyte,2.780401
CTAAATCCTATTCCGG-1,Br2039,Visium,1,26,84,6954,10982,Astrocyte,1.7343285
CTAACCGCGCGCCCGT-1,Br2039,Visium,1,37,35,8893,6055,Astrocyte,2.192751
CTAACGAAACTTGCTG-1,Br2039,Visium,1,30,94,7652,11990,Excitatory_neuron,1.1541874
CTAACTGATAATCGCC-1,Br2039,Visium,1,58,102,12553,12807,Astrocyte,2.1443408
CTAACTGGTCCGGTTC-1,Br2039,Visium,1,50,36,11169,6162,Astrocyte,2.4612718
CTAAGGGAATGATTGG-1,Br2039,Visium,1,44,72,10109,9782,Astrocyte,2.2736855
CTAATTCGCACGCGCT-1,Br2039,Visium,1,28,34,7317,5951,Astrocyte,1.0928471
CTAATTCTCAGATATT-1,Br2039,Visium,1,27,105,7124,13095,Astrocyte,1.1197275
CTAATTTCAACAACAC-1,Br2039,Visium,1,21,27,6093,5243,Astrocyte,1.9753985
CTACAAGAAATAACCC-1,Br2039,Visium,1,58,40,12569,6568,Astrocyte,2.6702828
CTACACTCGCAGATGG-1,Br2039,Visium,1,57,101,12378,12706,Oligodendrocyte,2.2094083
CTACCCTAAGGTCATA-1,Br2039,Visium,1,31,91,7828,11688,Oligodendrocyte,1.5639927
CTACGACTAGCTATAA-1,Br2039,Visium,1,38,24,9071,4949,Oligodendrocyte,1.2095318
CTACGCACGGAGTACC-1,Br2039,Visium,1,35,57,8537,8268,Astrocyte,2.3990712
CTACGCCATTTCCGAT-1,Br2039,Visium,1,12,80,4504,10573,Astrocyte,1.9552047
CTACGTGTTGCCACCA-1,Br2039,Visium,1,6,24,3467,4934,Astrocyte,2.627745
CTACTATCATAGGTTT-1,Br2039,Visium,1,53,25,11697,5056,Astrocyte,2.4887278
CTACTATCTTTCAGAG-1,Br2039,Visium,1,29,93,7477,11889,Oligodendrocyte,1.5586858
CTACTCAAGGTATAGT-1,Br2039,Visium,1,60,42,12919,6770,Oligodendrocyte,1.6346657
CTACTCTAGGCCCGGC-1,Br2039,Visium,1,31,25,7845,5046,Excitatory_neuron,2.072855
CTACTGCCACCTGACC-1,Br2039,Visium,1,27,63,7135,8869,Astrocyte,1.4469163
CTAGATAAACTCCTCG-1,Br2039,Visium,1,7,25,3642,5035,Astrocyte,2.4205546
CTAGATGTGAGTGTAA-1,Br2039,Visium,1,33,103,8175,12897,Astrocyte,1.4756428
CTAGATTTACGACGGC-1,Br2039,Visium,1,42,74,9759,9982,Oligodendrocyte,1.6900207
CTAGCATAGTATAATG-1,Br2039,Visium,1,34,66,8360,9174,Oligodendrocyte,1.7466894
CTAGCCACAGGCGAGC-1,Br2039,Visium,1,59,117,12724,14317,Oligodendrocyte,1.5154322
CTAGCCCGGGAGACGA-1,Br2039,Visium,1,77,37,15897,6274,Oligodendrocyte,3.142078
CTAGCCGATGTTATGA-1,Br2039,Visium,1,23,101,6424,12691,Mural,2.128619
CTAGCTTAATGGTCCC-1,Br2039,Visium,1,47,125,10621,15117,Oligodendrocyte,1.689687
CTAGGCGCCCTATCAG-1,Br2039,Visium,1,51,91,11330,11697,Astrocyte,1.9938947
CTAGGGATAGGGACAA-1,Br2039,Visium,1,71,43,14845,6876,Oligodendrocyte,3.0669208
CTAGGTCTGAAGGAAT-1,Br2039,Visium,1,36,104,8700,12999,Astrocyte,1.7914408
CTAGGTTCGGACGTGA-1,Br2039,Visium,1,58,70,12561,9587,Oligodendrocyte,1.7104249
CTAGTAGAAAGGGATT-1,Br2039,Visium,1,63,81,13434,10696,Astrocyte,2.388415
CTAGTATTCGGAATTA-1,Br2039,Visium,1,14,80,4854,10574,Astrocyte,1.8526472
CTAGTCACGTCTTAAG-1,Br2039,Visium,1,37,69,8884,9477,Astrocyte,1.927391
CTAGTGAAGGACAGGA-1,Br2039,Visium,1,34,38,8367,6356,Astrocyte,1.8391187
CTAGTTACAACCCGGT-1,Br2039,Visium,1,53,67,11687,9283,Astrocyte,2.6611552
CTAGTTGGGCCCGGTA-1,Br2039,Visium,1,26,68,6958,9371,Astrocyte,1.5900574
CTATAAGAGCCAATCG-1,Br2039,Visium,1,26,100,6950,12592,Astrocyte,1.0364239
CTATAGGCGTTGATGT-1,Br2039,Visium,1,62,38,13270,6368,Astrocyte,3.050469
CTATATCCAGCCTGGC-1,Br2039,Visium,1,69,31,14498,5667,Astrocyte,3.0767138
CTATCACAACGCTGGA-1,Br2039,Visium,1,74,78,15361,10399,Oligodendrocyte,3.17593
CTATCGACGAAATACA-1,Br2039,Visium,1,53,93,11680,11899,Astrocyte,2.1683297
CTATCGCGTAGAGAAC-1,Br2039,Visium,1,58,118,12549,14418,Oligodendrocyte,1.8840797
CTATCGGGTCTCAACA-1,Br2039,Visium,1,35,69,8534,9476,Oligodendrocyte,1.8824998
CTATGAACACCTTGCC-1,Br2039,Visium,1,72,28,15024,5366,Astrocyte,3.7699504
CTATGCCCGAATGCAA-1,Br2039,Visium,1,63,59,13440,8482,Astrocyte,1.9170709
CTATGGGAAGCGGAAT-1,Br2039,Visium,1,54,104,11852,13007,Oligodendrocyte,1.8888562
CTATGTCACTAGCCCA-1,Br2039,Visium,1,30,66,7659,9172,Oligodendrocyte,1.7645204
CTATTCATGTGTCCCA-1,Br2039,Visium,1,52,62,11513,8779,Oligodendrocyte,1.5183921
CTATTTGCTTGGAGGA-1,Br2039,Visium,1,70,64,14664,8989,Astrocyte,3.0345855
CTATTTGGTTACGGAT-1,Br2039,Visium,1,36,82,8706,10785,Oligodendrocyte,2.1479435
CTCAAACCACTGCCCG-1,Br2039,Visium,1,64,40,13620,6570,Astrocyte,2.799417
CTCAACTAACCCGGAT-1,Br2039,Visium,1,63,85,13433,11099,Oligodendrocyte,2.2853298
CTCACATTTACTAAAT-1,Br2039,Visium,1,62,68,13262,9387,Oligodendrocyte,2.9336698
CTCACTGTGATACTTA-1,Br2039,Visium,1,63,75,13436,10092,Oligodendrocyte,2.0796165
CTCACTTGGCTGGTAA-1,Br2039,Visium,1,40,26,9421,5151,Oligodendrocyte,2.623897
CTCAGAGCTAATGTCG-1,Br2039,Visium,1,73,59,15191,8487,Oligodendrocyte,3.6666331
CTCAGGACTCACCTGT-1,Br2039,Visium,1,16,30,5217,5543,Astrocyte,1.1940521
CTCAGTCACGACAAAT-1,Br2039,Visium,1,24,96,6601,12188,Astrocyte,0.98496795
CTCATAAATGTGTATA-1,Br2039,Visium,1,74,106,15354,13217,Astrocyte,3.4166265
CTCATCACTTAGTGAT-1,Br2039,Visium,1,28,124,7294,15008,Astrocyte,2.4430814
CTCATGGCTCACAATC-1,Br2039,Visium,1,13,63,4683,8862,Oligodendrocyte,2.0291376
CTCATGGTAATTTGCG-1,Br2039,Visium,1,50,26,11172,5155,Oligodendrocyte,2.546708
CTCATTAACGTTGCCC-1,Br2039,Visium,1,29,127,7468,15310,Astrocyte,2.5503721
CTCATTGCTCTAACAA-1,Br2039,Visium,1,60,78,12909,10393,Astrocyte,2.4397006
CTCATTTGATGGGCGG-1,Br2039,Visium,1,22,62,6259,8766,Astrocyte,2.4829173
CTCCCAATGAGTCGCG-1,Br2039,Visium,1,51,115,11324,14113,Oligodendrocyte,1.8119272
CTCCGCCCACATGAGG-1,Br2039,Visium,1,43,39,9943,6460,Oligodendrocyte,2.081311
CTCCGGCCTAATATGC-1,Br2039,Visium,1,19,59,5735,8462,Astrocyte,1.0890012
CTCCGGCTTGTAGACA-1,Br2039,Visium,1,15,19,5045,4435,Astrocyte,3.044412
CTCCTAGTAATCGTGA-1,Br2039,Visium,1,76,24,15725,4966,Oligodendrocyte,2.9130216
CTCCTCCAGCTCACAC-1,Br2039,Visium,1,62,50,13267,7576,Astrocyte,2.7232766
CTCCTGTTCAAGGCAG-1,Br2039,Visium,1,55,117,12024,14316,Oligodendrocyte,1.8622638
CTCCTTTACGCAAGTC-1,Br2039,Visium,1,23,109,6422,13496,Astrocyte,3.0178516
CTCGAGGCAAGTTTCA-1,Br2039,Visium,1,72,32,15023,5769,Astrocyte,3.1359594
CTCGAGGTCGAACAGT-1,Br2039,Visium,1,29,59,7486,8467,Astrocyte,1.3756628
CTCGATATTTGCGAGC-1,Br2039,Visium,1,23,99,6425,12490,Astrocyte,2.069685
CTCGCACCTATATAGT-1,Br2039,Visium,1,24,68,6608,9370,Astrocyte,1.8945413
CTCGCCGAATGTAGGG-1,Br2039,Visium,1,60,64,12913,8984,Astrocyte,2.3231337
CTCGCTAGGTAAGCGA-1,Br2039,Visium,1,72,96,15006,12210,Oligodendrocyte,3.7554722
CTCGGGATAACACCTA-1,Br2039,Visium,1,31,121,7820,14707,Astrocyte,2.1629632
CTCGGGTTCTCTGGCC-1,Br2039,Visium,1,61,27,13098,5261,Astrocyte,3.218793
CTCGGTACCACTGCTC-1,Br2039,Visium,1,41,81,9582,10686,Oligodendrocyte,2.6971312
CTCGGTCCGTAGCCTG-1,Br2039,Visium,1,18,50,5562,7556,Astrocyte,1.5952282
CTCGGTTGTCGGCCCT-1,Br2039,Visium,1,56,26,12222,5158,Oligodendrocyte,1.8461126
CTCGTCTGTGCCTTCG-1,Br2039,Visium,1,70,82,14660,10800,Oligodendrocyte,2.5705612
CTCGTGGCACTGAAAG-1,Br2039,Visium,1,76,58,15716,8387,Oligodendrocyte,3.2248845
CTCGTTACGGCTACCA-1,Br2039,Visium,1,70,40,14670,6573,Oligodendrocyte,2.8363419
CTCGTTTCTAATGTTT-1,Br2039,Visium,1,22,104,6249,12993,Astrocyte,3.5053198
CTCTAACACCGGCAGC-1,Br2039,Visium,1,76,86,15709,11205,Astrocyte,3.725018
CTCTAATGCATTGATC-1,Br2039,Visium,1,24,110,6597,13597,Astrocyte,2.395822
CTCTACATCCTGCGTG-1,Br2039,Visium,1,72,66,15014,9191,Astrocyte,3.5223696
CTCTAGCCCTCGGAAA-1,Br2039,Visium,1,66,90,13957,11603,Astrocyte,2.5398755
CTCTATTTGGCTGCAG-1,Br2039,Visium,1,48,68,10811,9381,Astrocyte,1.8872716
CTCTCACAATCGATGA-1,Br2039,Visium,1,32,70,8008,9575,Astrocyte,1.6984067
CTCTGCAGGCATTCTT-1,Br2039,Visium,1,71,23,14850,4863,Oligodendrocyte,3.6161115
CTCTGCGAAGCAAGCA-1,Br2039,Visium,1,12,50,4511,7554,Excitatory_neuron,1.3526247
CTCTGGACGCCTGGTG-1,Br2039,Visium,1,32,62,8010,8770,Astrocyte,2.0856643
CTCTGTCCATGCACCA-1,Br2039,Visium,1,75,91,15533,11708,Oligodendrocyte,3.2378838
CTCTTCTATTGACTGG-1,Br2039,Visium,1,46,100,10452,12601,Oligodendrocyte,1.5786004
CTCTTCTGGAAGTTAG-1,Br2039,Visium,1,62,40,13269,6570,Astrocyte,2.2498477
CTCTTGTCCCGCTTGG-1,Br2039,Visium,1,54,58,11864,8378,Astrocyte,2.6028686
CTGAAAGAGATCCGAC-1,Br2039,Visium,1,19,69,5732,9469,Astrocyte,2.3103015
CTGAATCCGAGACCTC-1,Br2039,Visium,1,47,53,10639,7871,Oligodendrocyte,2.1355138
CTGAATTTATTGCCAG-1,Br2039,Visium,1,22,106,6248,13194,Astrocyte,3.3425415
CTGACATAGAAATAGA-1,Br2039,Visium,1,51,119,11323,14515,Astrocyte,1.4500436
CTGACTGCGCAGCTCG-1,Br2039,Visium,1,31,101,7825,12695,Oligodendrocyte,2.0451775
CTGAGAAAGTTCGGCG-1,Br2039,Visium,1,49,117,10973,14313,Oligodendrocyte,1.5322697
CTGAGAGTAGAAATAC-1,Br2039,Visium,1,64,124,13598,15024,Astrocyte,2.4156342
CTGAGCAAGTAACAAG-1,Br2039,Visium,1,15,25,5043,5039,Astrocyte,1.3216959
CTGAGCGAGACTTATT-1,Br2039,Visium,1,31,125,7819,15110,Astrocyte,1.308695
CTGATCCCTTTATGCA-1,Br2039,Visium,1,71,29,14848,5467,Astrocyte,3.1575048
CTGCAAGCACGTTCCG-1,Br2039,Visium,1,61,111,13076,13714,Oligodendrocyte,2.0427608
CTGCACAACTACATAT-1,Br2039,Visium,1,50,76,11159,10187,Astrocyte,2.3569736
CTGCACCTAGTCCACA-1,Br2039,Visium,1,29,117,7471,14304,Astrocyte,1.9359515
CTGCACCTGGAACCGC-1,Br2039,Visium,1,15,49,5037,7454,Astrocyte,1.9800525
CTGCACTCCAGTACAG-1,Br2039,Visium,1,54,70,11861,9585,Oligodendrocyte,1.9012816
CTGCAGAGAATCAGAG-1,Br2039,Visium,1,61,101,13079,12708,Oligodendrocyte,1.627018
CTGCAGGGTGACGCTC-1,Br2039,Visium,1,76,118,15701,14426,Oligodendrocyte,3.080555
CTGCCAAGGTTGGAAG-1,Br2039,Visium,1,21,77,6080,10275,Astrocyte,1.3713548
CTGCCATGCATCACAT-1,Br2039,Visium,1,40,62,9411,8774,Astrocyte,2.2001615
CTGCCTCATATGCAAC-1,Br2039,Visium,1,33,121,8170,14708,Oligodendrocyte,1.4073827
CTGCCTTTAATACCTT-1,Br2039,Visium,1,64,28,13623,5363,Astrocyte,3.1190634
CTGCCTTTCTAGTAAA-1,Br2039,Visium,1,63,93,13431,11904,Astrocyte,2.3861976
CTGCGACCTCGCCGAA-1,Br2039,Visium,1,71,73,14837,9895,Oligodendrocyte,3.0484028
CTGCGATTTCGAGATT-1,Br2039,Visium,1,72,60,15015,8587,Oligodendrocyte,2.577239
CTGCTCTCAACACACC-1,Br2039,Visium,1,73,125,15174,15129,Astrocyte,3.1336946
CTGCTCTGACGGCAAA-1,Br2039,Visium,1,75,65,15540,9091,Oligodendrocyte,4.1614294
CTGCTGAGGCCACGAA-1,Br2039,Visium,1,49,35,10994,6061,Astrocyte,2.6811976
CTGCTGTCTAACGAGC-1,Br2039,Visium,1,49,119,10973,14514,Oligodendrocyte,2.369671
CTGCTTGGCGATAGCT-1,Br2039,Visium,1,53,75,11684,10088,Oligodendrocyte,2.221347
CTGGAAATGGATGCTT-1,Br2039,Visium,1,29,53,7487,7863,Oligodendrocyte,1.6130661
CTGGAAGACACGGTGG-1,Br2039,Visium,1,50,88,11156,11395,Oligodendrocyte,1.5136051
CTGGATTTACACTTGA-1,Br2039,Visium,1,49,55,10989,8073,Oligodendrocyte,1.8847742
CTGGCATCCGAATGAG-1,Br2039,Visium,1,48,26,10822,5154,Oligodendrocyte,2.380708
CTGGCGACATAAGTCC-1,Br2039,Visium,1,17,81,5379,10676,Astrocyte,3.2373507
CTGGCGATTTACATGT-1,Br2039,Visium,1,73,107,15178,13317,Astrocyte,3.0667028
CTGGCGCACAGGTCTG-1,Br2039,Visium,1,37,89,8879,11490,Oligodendrocyte,1.7485939
CTGGCTGATTCATCCT-1,Br2039,Visium,1,44,96,10103,12197,Astrocyte,1.6194289
CTGGCTGCTAACGTAA-1,Br2039,Visium,1,5,25,3292,5035,Astrocyte,2.9043612
CTGGCTGGTTGTCAGT-1,Br2039,Visium,1,54,56,11864,8176,Oligodendrocyte,1.9927284
CTGGGATAAATAATGG-1,Br2039,Visium,1,38,84,9056,10987,Oligodendrocyte,1.7348064
CTGGGATACGCTACCC-1,Br2039,Visium,1,37,117,8872,14308,Astrocyte,2.020342
CTGGGCCTGCTATATC-1,Br2039,Visium,1,44,30,10120,5555,Oligodendrocyte,2.2808576
CTGGGCTACTGGAGAG-1,Br2039,Visium,1,76,108,15704,13419,Oligodendrocyte,2.9197755
CTGGGTAGGCAGTTAA-1,Br2039,Visium,1,43,79,9932,10486,Astrocyte,1.6495224
CTGGTAAAGACTTACA-1,Br2039,Visium,1,71,99,14830,12511,Astrocyte,2.7286491
CTGGTAAAGTGTGGGC-1,Br2039,Visium,1,60,114,12900,14016,Astrocyte,3.037816
CTGGTAACACATAGAA-1,Br2039,Visium,1,42,88,9755,11391,Excitatory_neuron,1.5669038
CTGGTAACGAGCTCTT-1,Br2039,Visium,1,29,97,7476,12291,Oligodendrocyte,1.1811321
CTGGTCCTAACTTGGC-1,Br2039,Visium,1,7,65,3632,9061,Astrocyte,1.4113688
CTGGTTCGCGAGCTAC-1,Br2039,Visium,1,42,124,9746,15014,Excitatory_neuron,1.4978528
CTGGTTTCGAGCAAGA-1,Br2039,Visium,1,46,88,10455,11393,Astrocyte,2.5630991
CTGTACTTCTTAGCAT-1,Br2039,Visium,1,39,51,9239,7666,Astrocyte,2.3514702
CTGTAGCCATCTCACT-1,Br2039,Visium,1,56,46,12217,7171,Astrocyte,1.8373821
CTGTAGTGAGGATCGA-1,Br2039,Visium,1,69,43,14494,6875,Oligodendrocyte,3.2650788
CTGTATGGTGTAGAAA-1,Br2039,Visium,1,20,32,5917,5746,Astrocyte,1.989361
CTGTCAAATGGCTCGG-1,Br2039,Visium,1,23,83,6429,10880,Astrocyte,1.7033081
CTGTGCAGGGTAGGTC-1,Br2039,Visium,1,42,70,9760,9580,Astrocyte,2.5873485
CTGTGGTCGGGAGATA-1,Br2039,Visium,1,55,89,12031,11498,Astrocyte,2.0100896
CTGTTACCCAATCTAG-1,Br2039,Visium,1,48,58,10813,8375,Astrocyte,2.740203
CTGTTCACTGCCTGTG-1,Br2039,Visium,1,22,56,6261,8162,Astrocyte,1.2368801
CTGTTCATCTCACGGG-1,Br2039,Visium,1,22,34,6267,5948,Astrocyte,1.5719919
CTGTTGTTCAGTCGTA-1,Br2039,Visium,1,67,21,14150,4660,Astrocyte,3.0089147
CTTAACTTACAGTATA-1,Br2039,Visium,1,70,112,14652,13819,Oligodendrocyte,1.9694288
CTTAATCGACTTAGTA-1,Br2039,Visium,1,76,64,15715,8991,Oligodendrocyte,4.285087
CTTACACGGTATTCCA-1,Br2039,Visium,1,31,45,7840,7059,Oligodendrocyte,1.6450288
CTTACACTGGGAAATA-1,Br2039,Visium,1,16,48,5212,7354,Astrocyte,2.0862188
CTTACATAGATTTCTT-1,Br2039,Visium,1,74,82,15360,10802,Oligodendrocyte,3.7640898
CTTACTGACTCCTCTG-1,Br2039,Visium,1,68,126,14298,15227,Astrocyte,2.2407947
CTTAGATGTTTCATCC-1,Br2039,Visium,1,74,72,15363,9795,Oligodendrocyte,3.478075
CTTAGCCTTCCACATG-1,Br2039,Visium,1,22,78,6255,10376,Astrocyte,1.9993706
CTTAGTAGGCCTACAG-1,Br2039,Visium,1,32,102,8000,12796,Astrocyte,1.9928333
CTTAGTGTAGTAGCAT-1,Br2039,Visium,1,61,83,13083,10897,Oligodendrocyte,2.4049435
CTTAGTTGAGGAATCG-1,Br2039,Visium,1,67,33,14147,5867,Astrocyte,2.6540637
CTTATAGATGGCTGTT-1,Br2039,Visium,1,61,119,13074,14520,Astrocyte,2.1241748
CTTATGTTGACTACCA-1,Br2039,Visium,1,13,27,4692,5239,Astrocyte,3.125434
CTTCAACTCCACTTGG-1,Br2039,Visium,1,59,77,12735,10292,Oligodendrocyte,1.6144941
CTTCACGCCCTGGTAC-1,Br2039,Visium,1,71,21,14850,4661,Astrocyte,3.1975183
CTTCAGTTGGACAACG-1,Br2039,Visium,1,73,91,15183,11707,Astrocyte,2.9145415
CTTCATAGCTCAAGAA-1,Br2039,Visium,1,19,37,5740,6248,Astrocyte,1.9285744
CTTCATCACCAGGGCT-1,Br2039,Visium,1,77,87,15884,11306,Astrocyte,3.969847
CTTCATTGTCAGTGGA-1,Br2039,Visium,1,36,60,8711,8571,Astrocyte,2.092976
CTTCCGCTCCGTGAAG-1,Br2039,Visium,1,56,50,12216,7573,Astrocyte,1.4782908
CTTCGATTGCGCAAGC-1,Br2039,Visium,1,68,88,14308,11403,Astrocyte,3.0013232
CTTCGGCCAATTGTTT-1,Br2039,Visium,1,50,110,11150,13609,Astrocyte,1.8843179
CTTCGTAGATAGGTGA-1,Br2039,Visium,1,39,45,9241,7063,Astrocyte,2.1506674
CTTCTATGTTGAAGTA-1,Br2039,Visium,1,46,28,10471,5355,Astrocyte,1.7885629
CTTCTATTAATGCTAG-1,Br2039,Visium,1,51,47,11341,7269,Oligodendrocyte,1.687475
CTTCTGGGCGTACCTA-1,Br2039,Visium,1,66,34,13971,5968,Astrocyte,2.8994443
CTTGAGGTTATCCCGA-1,Br2039,Visium,1,12,24,4518,4937,Astrocyte,2.4941032
CTTGAGTTAGGGTAAT-1,Br2039,Visium,1,39,93,9228,11893,Oligodendrocyte,1.3413378
CTTGATGACCATCCAG-1,Br2039,Visium,1,70,98,14655,12410,Astrocyte,3.2879372
CTTGCAACCGCCTCCT-1,Br2039,Visium,1,43,25,9946,5052,Oligodendrocyte,1.8985587
CTTGCCCACCCACGCA-1,Br2039,Visium,1,70,100,14655,12611,Oligodendrocyte,2.645512
CTTGCCCAGGCTCTAC-1,Br2039,Visium,1,45,55,10289,8072,Astrocyte,2.5492952
CTTGGCCAAGCTGGGA-1,Br2039,Visium,1,61,57,13090,8280,Astrocyte,2.4434235
CTTGTACTTGTTGACT-1,Br2039,Visium,1,21,51,6087,7658,Oligodendrocyte,1.354059
CTTGTCAACATTCGAG-1,Br2039,Visium,1,50,66,11161,9181,Oligodendrocyte,2.8408246
CTTGTGCTCACCGATT-1,Br2039,Visium,1,22,94,6251,11986,Astrocyte,2.302675
CTTGTTGCTGAGTCAA-1,Br2039,Visium,1,38,80,9057,10584,Excitatory_neuron,1.447781
CTTGTTTATGTAGCCA-1,Br2039,Visium,1,18,28,5568,5342,Astrocyte,1.9403346
CTTTAACTTTCAAAGG-1,Br2039,Visium,1,23,67,6433,9269,Astrocyte,1.1255968
CTTTAATATTGGTCGA-1,Br2039,Visium,1,51,73,11335,9886,Oligodendrocyte,1.9062891
CTTTACCGAATAGTAG-1,Br2039,Visium,1,50,84,11157,10992,Oligodendrocyte,1.5091705
CTTTAGGAACACTGTT-1,Br2039,Visium,1,41,87,9580,11290,Oligodendrocyte,2.1504245
CTTTAGTGCTATTATT-1,Br2039,Visium,1,44,64,10111,8977,Astrocyte,2.703028
CTTTATCCGACGCATG-1,Br2039,Visium,1,77,59,15891,8488,Oligodendrocyte,3.661059
CTTTCTGTGCGGGCTT-1,Br2039,Visium,1,54,66,11862,9183,Astrocyte,2.1217012
CTTTGCATCGCTCTTG-1,Br2039,Visium,1,60,94,12905,12003,Astrocyte,2.0774379
CTTTGCTGTCATGGAT-1,Br2039,Visium,1,48,122,10797,14816,Oligodendrocyte,1.910786
CTTTGGCTTTAGTAAA-1,Br2039,Visium,1,32,40,8016,6556,Excitatory_neuron,1.327108
CTTTGGGATTGTTGCA-1,Br2039,Visium,1,62,44,13268,6972,Astrocyte,2.4620051
GAAACAGATGACCACC-1,Br2039,Visium,1,40,92,9404,11793,Oligodendrocyte,1.3287276
GAAACCATGGTGCGCT-1,Br2039,Visium,1,27,109,7123,13498,Astrocyte,1.8421072
GAAACCGAATTACCTT-1,Br2039,Visium,1,45,51,10290,7669,Astrocyte,2.356243
GAAACCTATACAAATG-1,Br2039,Visium,1,60,52,12916,7776,Astrocyte,2.5127118
GAAAGAACAGCGTTAT-1,Br2039,Visium,1,37,103,8876,12899,Oligodendrocyte,1.5852013
GAAAGCAGTGCACTTT-1,Br2039,Visium,1,56,54,12215,7976,Oligodendrocyte,2.1035593
GAAAGTGACTAACTGC-1,Br2039,Visium,1,25,31,6793,5647,Astrocyte,2.0210655
GAAATCGCGCGCAACT-1,Br2039,Visium,1,18,68,5557,9368,Astrocyte,2.1035206
GAAATGGCGGTGTTAG-1,Br2039,Visium,1,30,52,7663,7763,Oligodendrocyte,1.8200841
GAAATTCACATCGCTG-1,Br2039,Visium,1,13,49,4687,7453,Astrocyte,2.8409078
GAAATTGTCTCTATAA-1,Br2039,Visium,1,43,53,9939,7869,Oligodendrocyte,1.8261783
GAACAACTGGGATGAA-1,Br2039,Visium,1,67,85,14133,11101,Oligodendrocyte,3.0009923
GAACACACATCAACCA-1,Br2039,Visium,1,22,50,6262,7558,Astrocyte,2.1160498
GAACAGATTACTAAAT-1,Br2039,Visium,1,57,71,12386,9687,Astrocyte,2.612915
GAACCCTCTGTGTTCT-1,Br2039,Visium,1,59,67,12737,9285,Astrocyte,2.427392
GAACCTTTAACGATCC-1,Br2039,Visium,1,63,79,13435,10495,Oligodendrocyte,1.6450734
GAACGACCGAATGATA-1,Br2039,Visium,1,19,63,5734,8865,Astrocyte,1.3276192
GAACGATAAGTTAAAG-1,Br2039,Visium,1,27,123,7119,14907,Astrocyte,2.481761
GAACGCGGGTCACACG-1,Br2039,Visium,1,48,114,10799,14011,Astrocyte,1.5846152
GAACGTCTCATGGTCG-1,Br2039,Visium,1,31,87,7829,11286,Oligodendrocyte,1.1676445
GAACGTTTGTATCCAC-1,Br2039,Visium,1,77,123,15875,14929,Oligodendrocyte,3.7862954
GAACTGTGGAGAGACA-1,Br2039,Visium,1,68,66,14313,9189,Astrocyte,3.7248793
GAAGAAACGATATTGT-1,Br2039,Visium,1,59,29,12747,5461,Astrocyte,2.365888
GAAGAACGGTGCAGGT-1,Br2039,Visium,1,14,40,4864,6548,Astrocyte,2.7538652
GAAGCCACTGATTATG-1,Br2039,Visium,1,65,69,13787,9489,Astrocyte,2.7408173
GAAGCCTGCACATTCC-1,Br2039,Visium,1,61,61,13089,8683,Astrocyte,2.3222604
GAAGCGTGAGGAATTT-1,Br2039,Visium,1,34,60,8361,8570,Oligodendrocyte,2.4439747
GAAGCTTGCTGACCGC-1,Br2039,Visium,1,29,35,7492,6052,Astrocyte,1.7994722
GAAGGAGTCGAGTGCG-1,Br2039,Visium,1,66,60,13965,8584,Oligodendrocyte,2.8787258
GAAGGGTCATTAAGAC-1,Br2039,Visium,1,73,81,15185,10701,Astrocyte,3.1047492
GAAGTCAGTTGCACTA-1,Br2039,Visium,1,52,58,11514,8377,Astrocyte,2.491887
GAAGTCTCCCTAGCGA-1,Br2039,Visium,1,37,91,8879,11691,Excitatory_neuron,1.4933136
GAAGTGATTTATCGTG-1,Br2039,Visium,1,39,47,9240,7264,Astrocyte,2.6738532
GAAGTGCTGGATAGCT-1,Br2039,Visium,1,15,61,5034,8662,Astrocyte,2.0491576
GAAGTTTCCACTCAAT-1,Br2039,Visium,1,36,46,8715,7162,Astrocyte,1.5473013
GAATAGACGCGACCCA-1,Br2039,Visium,1,42,92,9754,11794,Oligodendrocyte,1.8324257
GAATAGCATTTAGGGT-1,Br2039,Visium,1,46,118,10448,14412,Oligodendrocyte,1.9474388
GAATAGTGCTCGATTA-1,Br2039,Visium,1,60,36,12920,6166,Astrocyte,2.245276
GAATATTCGGAGTCCC-1,Br2039,Visium,1,13,83,4678,10875,Astrocyte,2.2135484
GAATCGACATGGTCAC-1,Br2039,Visium,1,26,42,6965,6755,Astrocyte,1.792755
GAATCGCCGGACACGG-1,Br2039,Visium,1,11,41,4339,6647,Astrocyte,2.4311638
GAATCTGAACATTCTC-1,Br2039,Visium,1,42,64,9761,8976,Oligodendrocyte,1.6517121
GAATGCGAATCGGTTC-1,Br2039,Visium,1,63,69,13437,9489,Astrocyte,2.467403
GAATGTATGGCAGGTC-1,Br2039,Visium,1,15,91,5026,11681,Astrocyte,1.4445661
GAATGTGGTCCGGATT-1,Br2039,Visium,1,43,81,9932,10687,Oligodendrocyte,1.4206265
GAATGTTGGGTAATCT-1,Br2039,Visium,1,23,69,6433,9471,Astrocyte,2.0754323
GAATTATAGTGAAAGG-1,Br2039,Visium,1,34,68,8359,9375,Astrocyte,2.194129
GAATTCACCCGGGTGT-1,Br2039,Visium,1,47,55,10639,8072,Astrocyte,2.618764
GAATTTCTCGCTGCAG-1,Br2039,Visium,1,28,30,7318,5548,Oligodendrocyte,1.7178319
GACAAACATATGCAGG-1,Br2039,Visium,1,44,100,10102,12600,Oligodendrocyte,1.9656928
GACAACGACCATTGAA-1,Br2039,Visium,1,25,77,6781,10277,Astrocyte,2.0558853
GACAACGCAGCTTACG-1,Br2039,Visium,1,20,54,5911,7960,Astrocyte,1.0196431
GACAAGACGCCCGTGC-1,Br2039,Visium,1,69,123,14474,14926,Oligodendrocyte,2.0593622
GACAAGAGATGAGATT-1,Br2039,Visium,1,56,116,12199,14215,Oligodendrocyte,1.7798493
GACACAAGGGAAGAAA-1,Br2039,Visium,1,30,72,7658,9776,Oligodendrocyte,1.2289017
GACACAGCCGGGACTG-1,Br2039,Visium,1,72,100,15005,12612,Astrocyte,4.1696396
GACACCCAAAGACGCG-1,Br2039,Visium,1,75,37,15547,6273,Oligodendrocyte,3.9414756
GACACGAGTTAGAGGA-1,Br2039,Visium,1,19,25,5744,5041,Astrocyte,2.0030937
GACACTGAGTTCAGTG-1,Br2039,Visium,1,44,46,10116,7165,Oligodendrocyte,1.7775949
GACACTGGAACCCGAT-1,Br2039,Visium,1,52,110,11500,13610,Oligodendrocyte,1.9334476
GACACTTCCAATTACC-1,Br2039,Visium,1,70,96,14656,12209,Astrocyte,3.8163037
GACAGAGGTCTTCAGT-1,Br2039,Visium,1,77,67,15889,9294,Astrocyte,4.0401554
GACAGCCAGACCTGAC-1,Br2039,Visium,1,42,86,9755,11190,Oligodendrocyte,1.8580699
GACAGGTAATCCGTGT-1,Br2039,Visium,1,76,116,15702,14224,Astrocyte,3.9673424
GACATCCGTCGAACTG-1,Br2039,Visium,1,65,71,13787,9691,Oligodendrocyte,2.5754695
GACATCGATTTATAAC-1,Br2039,Visium,1,52,50,11516,7572,Astrocyte,2.2128477
GACCAAACGTTGACTG-1,Br2039,Visium,1,58,108,12552,13411,Oligodendrocyte,1.8747561
GACCACACTTCCCTTT-1,Br2039,Visium,1,70,80,14660,10599,Astrocyte,3.112718
GACCAGAGCCCTGTAG-1,Br2039,Visium,1,31,47,7839,7260,Oligodendrocyte,1.7774853
GACCGACGTGAAAGCA-1,Br2039,Visium,1,38,112,9048,13805,Oligodendrocyte,1.5546641
GACCGCGTCTGACGTG-1,Br2039,Visium,1,50,112,11150,13810,Excitatory_neuron,1.453876
GACCGTCAGGTCGTGA-1,Br2039,Visium,1,13,81,4678,10674,Astrocyte,1.9214418
GACCGTGCTGACGGTG-1,Br2039,Visium,1,40,52,9414,7767,Astrocyte,2.3362253
GACCTTCCACGTCTAC-1,Br2039,Visium,1,66,74,13961,9993,Oligodendrocyte,2.9893165
GACGACGATCCGCGTT-1,Br2039,Visium,1,52,70,11511,9584,Excitatory_neuron,1.5189513
GACGAGGCTAATAAAC-1,Br2039,Visium,1,56,100,12203,12605,Oligodendrocyte,1.9417808
GACGATATCACTGGGT-1,Br2039,Visium,1,72,34,15022,5970,Astrocyte,3.120471
GACGCCGTAAAGGCTA-1,Br2039,Visium,1,54,54,11865,7975,Astrocyte,2.2349496
GACGCTTGCTTCTAAA-1,Br2039,Visium,1,38,36,9068,6156,Astrocyte,2.917623
GACGGGCATCGAATTT-1,Br2039,Visium,1,75,107,15529,13318,Oligodendrocyte,3.9187825
GACGGGTTGGCCCGTA-1,Br2039,Visium,1,61,51,13092,7676,Astrocyte,2.194927
GACGGTCAATAGAAGC-1,Br2039,Visium,1,30,100,7650,12594,Astrocyte,1.6861055
GACGGTCCTAGGGTGT-1,Br2039,Visium,1,43,125,9921,15115,Astrocyte,1.6702006
GACGTGTAGGGATTAT-1,Br2039,Visium,1,28,32,7318,5749,Oligodendrocyte,2.0117822
GACGTTCGTAAATACA-1,Br2039,Visium,1,24,116,6596,14201,Astrocyte,3.2954433
GACGTTGCTCGGCGGC-1,Br2039,Visium,1,73,31,15198,5669,Astrocyte,3.472145
GACTAAGATCATGCAC-1,Br2039,Visium,1,23,53,6437,7860,Astrocyte,1.6695789
GACTAAGTAGGCTCAC-1,Br2039,Visium,1,27,43,7140,6856,Excitatory_neuron,0.96096885
GACTAGGCCGTTAGGT-1,Br2039,Visium,1,66,78,13960,10396,Astrocyte,2.4370012
GACTCACCCACGTGAG-1,Br2039,Visium,1,38,106,9050,13201,Oligodendrocyte,2.1823294
GACTCCCAGAATAAGG-1,Br2039,Visium,1,27,111,7122,13699,OPC,0.8281116
GACTCGCGGGAATGAC-1,Br2039,Visium,1,28,96,7301,12190,Astrocyte,1.4754158
GACTCTAGAGTTCCAA-1,Br2039,Visium,1,74,56,15367,8185,Oligodendrocyte,3.6365452
GACTGCAAATCGAGCT-1,Br2039,Visium,1,59,75,12735,10091,Astrocyte,1.8131297
GACTGCACCAGCCCAG-1,Br2039,Visium,1,46,80,10457,10588,Astrocyte,2.1186166
GACTGCTGGTGAGAAA-1,Br2039,Visium,1,67,39,14145,6471,Astrocyte,2.3608184
GACTTCAACGCATCAA-1,Br2039,Visium,1,74,94,15357,12009,Oligodendrocyte,3.0983148
GACTTTCGAGCGGTTC-1,Br2039,Visium,1,77,71,15888,9696,Oligodendrocyte,3.5714438
GAGAAACTGGATCCCA-1,Br2039,Visium,1,66,124,13948,15025,Astrocyte,2.535861
GAGAACGGTTCTGACT-1,Br2039,Visium,1,67,103,14129,12912,Astrocyte,2.8283486
GAGACTGATGGGTAGA-1,Br2039,Visium,1,28,56,7312,8165,Astrocyte,1.7511852
GAGACTTCGCGACCGA-1,Br2039,Visium,1,53,57,11689,8276,Oligodendrocyte,3.2291517
GAGAGGCCTATGTGTA-1,Br2039,Visium,1,66,118,13950,14421,Astrocyte,2.6394937
GAGAGGGCGCGAGGTT-1,Br2039,Visium,1,38,40,9067,6559,Oligodendrocyte,1.7336602
GAGAGGTGCATTCTGG-1,Br2039,Visium,1,44,28,10121,5354,Astrocyte,2.1536822
GAGAGTCTCGGGAGAG-1,Br2039,Visium,1,72,40,15021,6574,Oligodendrocyte,3.0987353
GAGATCTGCTTGGCAT-1,Br2039,Visium,1,34,44,8365,6960,Astrocyte,1.9758487
GAGATCTGTCACTCCG-1,Br2039,Visium,1,30,74,7657,9977,Oligodendrocyte,1.2930695
GAGATCTTCCATGACA-1,Br2039,Visium,1,45,77,10283,10286,Astrocyte,1.5977628
GAGATGACAATCCTTA-1,Br2039,Visium,1,27,121,7120,14706,Astrocyte,2.77989
GAGATGGCTTTAATCA-1,Br2039,Visium,1,70,76,14661,10196,Astrocyte,2.983749
GAGATGGGAGTCGACA-1,Br2039,Visium,1,52,72,11510,9786,Astrocyte,2.2643418
GAGCACCTGTGTCCAG-1,Br2039,Visium,1,58,80,12559,10593,Astrocyte,2.7841368
GAGCACGGCGCCTCTT-1,Br2039,Visium,1,42,122,9746,14813,Astrocyte,1.9480265
GAGCATCAACAACTTG-1,Br2039,Visium,1,64,30,13622,5564,Astrocyte,3.1624556
GAGCATCATCCCTGGG-1,Br2039,Visium,1,12,40,4514,6547,Astrocyte,3.0836158
GAGCCACGGTAGTAGG-1,Br2039,Visium,1,9,47,3987,7250,Astrocyte,1.9385748
GAGCCAGCTACCTGTG-1,Br2039,Visium,1,53,89,11681,11497,Astrocyte,2.1704102
GAGCGCAAATACTCCG-1,Br2039,Visium,1,51,107,11326,13307,Astrocyte,2.237188
GAGCGCGCACGAGTAG-1,Br2039,Visium,1,49,93,10979,11898,Astrocyte,2.43259
GAGCGCTGTTAGGTAA-1,Br2039,Visium,1,61,23,13099,4858,Astrocyte,2.8931823
GAGCGGAATGCGGTGT-1,Br2039,Visium,1,68,48,14318,7377,Astrocyte,3.245388
GAGCTAAGGGCATATC-1,Br2039,Visium,1,29,83,7480,10882,Oligodendrocyte,1.611592
GAGCTCAACATGAGCG-1,Br2039,Visium,1,73,69,15188,9493,Astrocyte,3.330072
GAGCTCTCGGACCTAA-1,Br2039,Visium,1,15,33,5041,5844,Astrocyte,2.6921055
GAGGAATATCTCTTTG-1,Br2039,Visium,1,71,45,14844,7077,Oligodendrocyte,3.1591973
GAGGAATGGAGAGGTT-1,Br2039,Visium,1,27,31,7143,5648,Astrocyte,2.2754724
GAGGATAAACAGTGCT-1,Br2039,Visium,1,40,114,9398,14007,Oligodendrocyte,1.4198437
GAGGCCCGACTCCGCA-1,Br2039,Visium,1,55,23,12048,4856,Oligodendrocyte,1.9249067
GAGGCCTGTTGATACA-1,Br2039,Visium,1,63,107,13427,13313,Astrocyte,2.6903553
GAGGCTATCAAAGTCG-1,Br2039,Visium,1,35,27,8545,5249,Astrocyte,1.7285022
GAGGGAGTCAGATCGC-1,Br2039,Visium,1,65,41,13795,6672,Oligodendrocyte,2.5081782
GAGGGCATCGCGTATC-1,Br2039,Visium,1,11,33,4341,5842,Astrocyte,2.9616168
GAGGGCGCAGCTCTGC-1,Br2039,Visium,1,27,89,7128,11485,Astrocyte,2.3034778
GAGGGTAGTAACAAAG-1,Br2039,Visium,1,63,31,13447,5664,Astrocyte,2.6044016
GAGGTACATCCATCTT-1,Br2039,Visium,1,12,68,4507,9365,Astrocyte,2.8794556
GAGGTACGCGTGTCCC-1,Br2039,Visium,1,67,67,14138,9289,Astrocyte,3.3319378
GAGGTCCCAAAGATCT-1,Br2039,Visium,1,18,26,5568,5141,Astrocyte,2.2890344
GAGGTCCGTTCGCTGT-1,Br2039,Visium,1,76,34,15723,5972,Oligodendrocyte,3.280855
GAGTAAACCGGAAAGT-1,Br2039,Visium,1,51,117,11323,14314,Oligodendrocyte,1.5853083
GAGTAAATTAAGAACC-1,Br2039,Visium,1,68,124,14299,15026,Astrocyte,2.2430632
GAGTACGGGTATACAA-1,Br2039,Visium,1,15,43,5038,6850,Astrocyte,2.6305876
GAGTAGATACTAGTTG-1,Br2039,Visium,1,62,64,13263,8985,Oligodendrocyte,2.0088723
GAGTATACCCTAATCA-1,Br2039,Visium,1,70,30,14673,5567,Oligodendrocyte,3.4769537
GAGTATCAAAGTTACA-1,Br2039,Visium,1,57,121,12373,14719,Oligodendrocyte,1.9911625
GAGTATGCCCGCCTTG-1,Br2039,Visium,1,49,43,10992,6866,Astrocyte,2.613606
GAGTATGCGCGTGCAT-1,Br2039,Visium,1,63,71,13437,9690,Astrocyte,2.2701812
GAGTCAGACCAGAATC-1,Br2039,Visium,1,56,48,12217,7372,Oligodendrocyte,2.1667337
GAGTCCACCAGGTTTA-1,Br2039,Visium,1,77,93,15883,11910,Astrocyte,3.693926
GAGTCCGCTTACCGGA-1,Br2039,Visium,1,46,58,10463,8374,Astrocyte,2.0096915
GAGTGTCAACCAGAAA-1,Br2039,Visium,1,63,83,13434,10898,Astrocyte,2.3939388
GAGTGTGCGGTACCCA-1,Br2039,Visium,1,44,88,10105,11392,Excitatory_neuron,1.6784456
GATAAATCGGTGGATG-1,Br2039,Visium,1,15,41,5039,6649,Astrocyte,1.5259142
GATAACTCGCACTGTG-1,Br2039,Visium,1,39,89,9229,11491,Oligodendrocyte,2.6098433
GATACCGTGTCGGAGT-1,Br2039,Visium,1,41,127,9570,15316,Astrocyte,1.0183613
GATACGATGGGAGTCA-1,Br2039,Visium,1,45,45,10291,7065,Oligodendrocyte,2.4390068
GATAGAACCCGCTAGG-1,Br2039,Visium,1,70,56,14666,8183,Astrocyte,3.5770211
GATAGATAGTACAGTC-1,Br2039,Visium,1,73,97,15181,12311,Astrocyte,3.1083062
GATAGGATTAATTACA-1,Br2039,Visium,1,40,126,9395,15215,Astrocyte,1.8025336
GATAGGTAACGTTGAC-1,Br2039,Visium,1,48,60,10813,8576,Astrocyte,1.5022516
GATAGGTGTCCCGGGC-1,Br2039,Visium,1,39,123,9221,14912,Oligodendrocyte,1.1220858
GATAGTGCGAGTAAGT-1,Br2039,Visium,1,68,44,14319,6975,Oligodendrocyte,2.9008012
GATATGAGACACTAAC-1,Br2039,Visium,1,39,81,9231,10685,Oligodendrocyte,1.297676
GATATGCGGTAGCCAA-1,Br2039,Visium,1,19,91,5727,11683,Astrocyte,3.3908367
GATATTGAGATTGGCG-1,Br2039,Visium,1,34,100,8351,12595,Astrocyte,1.1886293
GATCAACATAAAGGGA-1,Br2039,Visium,1,62,36,13271,6167,Astrocyte,2.734261
GATCATTCCAAACATT-1,Br2039,Visium,1,30,56,7662,8166,Astrocyte,2.13617
GATCCCTTTATACTGC-1,Br2039,Visium,1,28,60,7311,8567,Astrocyte,2.0594587
GATCCGAATATAAGTG-1,Br2039,Visium,1,36,124,8695,15012,Astrocyte,1.3155656
GATCCGGGAATTAACA-1,Br2039,Visium,1,39,73,9233,9880,Oligodendrocyte,1.583433
GATCCTAAATCGGGAC-1,Br2039,Visium,1,27,95,7126,12089,Astrocyte,1.9027902
GATCCTCGACACTGGC-1,Br2039,Visium,1,50,32,11170,5759,Astrocyte,2.7941785
GATCGACACTATCTGA-1,Br2039,Visium,1,27,47,7139,7258,Astrocyte,1.6425604
GATCGCGGGCTCTCCA-1,Br2039,Visium,1,36,52,8714,7766,Astrocyte,1.7478689
GATCGCTACCCGATTT-1,Br2039,Visium,1,50,98,11153,12401,Astrocyte,2.1185555
GATCGCTATATCTCAG-1,Br2039,Visium,1,61,25,13098,5060,Astrocyte,2.2545123
GATCGGTGGCCATAAC-1,Br2039,Visium,1,28,68,7308,9372,Oligodendrocyte,1.3306614
GATCGTGACTGATATC-1,Br2039,Visium,1,38,72,9059,9779,Oligodendrocyte,1.5167768
GATCTCGACGCTGTGG-1,Br2039,Visium,1,50,118,11148,14414,Excitatory_neuron,1.2898229
GATCTGCTATCTAAGG-1,Br2039,Visium,1,62,56,13265,8180,Astrocyte,2.5635176
GATCTTGGAGGGCATA-1,Br2039,Visium,1,44,70,10110,9581,Astrocyte,2.0789993
GATCTTTGCAGGGTAT-1,Br2039,Visium,1,36,38,8717,6357,Oligodendrocyte,1.6009096
GATGACAAGTAGGGCA-1,Br2039,Visium,1,57,33,12396,5863,Astrocyte,2.5957012
GATGAGGAACCTTCGG-1,Br2039,Visium,1,67,81,14135,10698,Oligodendrocyte,1.9844377
GATGATTTGAAACTGG-1,Br2039,Visium,1,0,34,2414,5938,Astrocyte,2.4357154
GATGCCACACTACAGC-1,Br2039,Visium,1,0,38,2413,6341,Astrocyte,3.1742969
GATGCGTCCTGCATTC-1,Br2039,Visium,1,37,57,8887,8269,Oligodendrocyte,1.842428
GATGCTACAAGCGCCT-1,Br2039,Visium,1,17,51,5387,7656,Astrocyte,1.3726649
GATGCTACCTTCGATG-1,Br2039,Visium,1,70,58,14666,8385,Astrocyte,2.979497
GATGCTGTATTTCATC-1,Br2039,Visium,1,43,75,9933,10083,Oligodendrocyte,1.8325295
GATGGCGCACACATTA-1,Br2039,Visium,1,19,29,5743,5443,Astrocyte,2.0907762
GATGGTGCCCTAGGCA-1,Br2039,Visium,1,10,78,4154,10371,Astrocyte,1.8001962
GATGTCGGTCAACTGC-1,Br2039,Visium,1,9,73,3980,9867,Astrocyte,1.8210323
GATGTTCAATCCACGA-1,Br2039,Visium,1,41,43,9591,6862,Astrocyte,2.3138776
GATGTTTGTGCGAGAT-1,Br2039,Visium,1,20,30,5917,5544,Astrocyte,1.5709641
GATTAACCGAAAGCCC-1,Br2039,Visium,1,55,93,12030,11900,Astrocyte,2.8974595
GATTAATCCTGGCTCA-1,Br2039,Visium,1,4,28,3116,5336,Astrocyte,3.1114244
GATTACTGAATTTGGG-1,Br2039,Visium,1,41,39,9592,6460,Astrocyte,2.0573263
GATTAGAAACAAGCGT-1,Br2039,Visium,1,75,45,15545,7079,Oligodendrocyte,3.7080543
GATTATCTTGCATTAT-1,Br2039,Visium,1,76,92,15708,11809,Oligodendrocyte,3.2783146
GATTCCCTTGTCGCAG-1,Br2039,Visium,1,25,67,6783,9270,Astrocyte,1.8529556
GATTCCGCGTTTCCGT-1,Br2039,Visium,1,16,76,5205,10172,Astrocyte,3.480631
GATTCGACGGTTCACG-1,Br2039,Visium,1,41,71,9584,9680,Astrocyte,1.9463409
GATTCTGTTAATGAGT-1,Br2039,Visium,1,74,62,15365,8789,Astrocyte,3.5914881
GATTGCTCCAGTTGCA-1,Br2039,Visium,1,63,27,13448,5262,Astrocyte,2.5421195
GATTGGGAAAGGTTGT-1,Br2039,Visium,1,66,80,13960,10597,Oligodendrocyte,1.8931773
GATTTGCGCTAACACC-1,Br2039,Visium,1,75,51,15543,7682,Astrocyte,3.4661572
GCAAACCCTACATTAT-1,Br2039,Visium,1,48,82,10807,10790,Oligodendrocyte,1.7654569
GCAAACCTTGGCCATA-1,Br2039,Visium,1,57,67,12387,9285,Oligodendrocyte,1.8361402
GCAAACGTCGCCAGGT-1,Br2039,Visium,1,47,117,10623,14312,Oligodendrocyte,1.860653
GCAAATATTACGCTTT-1,Br2039,Visium,1,35,41,8541,6658,Astrocyte,1.9638091
GCAACAGCAGTATGCG-1,Br2039,Visium,1,46,106,10451,13205,Oligodendrocyte,2.0068138
GCAACCACGGCCGCGT-1,Br2039,Visium,1,43,29,9945,5454,Astrocyte,2.6890342
GCAACGGCTAGTTATG-1,Br2039,Visium,1,43,113,9924,13908,Oligodendrocyte,1.566163
GCAAGAATTCCTTGGC-1,Br2039,Visium,1,44,36,10119,6159,Oligodendrocyte,2.281884
GCAAGTGCACAGAGAA-1,Br2039,Visium,1,24,42,6615,6754,Astrocyte,2.0687137
GCAAGTGTAAAGCATG-1,Br2039,Visium,1,67,45,14144,7075,Oligodendrocyte,2.7974486
GCAATTAGTCGCACCG-1,Br2039,Visium,1,31,123,7820,14909,Astrocyte,1.4031999
GCACAAACCCTAGATG-1,Br2039,Visium,1,65,21,13800,4659,Astrocyte,3.0143661
GCACAAACGAGGCGTG-1,Br2039,Visium,1,46,114,10449,14010,Oligodendrocyte,1.6612673
GCACACACTGGTAGCC-1,Br2039,Visium,1,56,94,12205,12001,Astrocyte,2.4616356
GCACACAGCTATTACC-1,Br2039,Visium,1,72,70,15013,9593,Oligodendrocyte,3.1092615
GCACAGCACGGGCCGA-1,Br2039,Visium,1,72,42,15020,6775,Oligodendrocyte,3.6668792
GCACCTAGGCGAGTCC-1,Br2039,Visium,1,73,103,15180,12915,Oligodendrocyte,3.1552563
GCACCTTCCCGAAGGT-1,Br2039,Visium,1,67,121,14124,14724,Astrocyte,2.8642402
GCACGCCGATTCCCGC-1,Br2039,Visium,1,72,76,15011,10197,Astrocyte,3.701929
GCACGCCTACTTAGAT-1,Br2039,Visium,1,55,39,12044,6466,Astrocyte,2.9358473
GCACGTGGTTTACTTA-1,Br2039,Visium,1,64,106,13603,13213,Oligodendrocyte,2.4541483
GCACTAGTCGCGCTAT-1,Br2039,Visium,1,13,43,4688,6850,Astrocyte,2.9658828
GCACTGCCTACCTTTA-1,Br2039,Visium,1,66,68,13963,9389,Astrocyte,2.9514828
GCACTGTGCAAATGTA-1,Br2039,Visium,1,9,33,3990,5841,Astrocyte,2.4961882
GCAGAAGGTAATCTCC-1,Br2039,Visium,1,50,122,11147,14817,Astrocyte,1.8966218
GCAGACCCAGCACGTA-1,Br2039,Visium,1,39,103,9226,12900,Oligodendrocyte,2.1179433
GCAGATCCATAAGACT-1,Br2039,Visium,1,51,85,11332,11093,Astrocyte,2.0833304
GCAGATTAGGGATATC-1,Br2039,Visium,1,37,61,8886,8672,Oligodendrocyte,1.5545127
GCAGCACACAGCCCAG-1,Br2039,Visium,1,38,42,9066,6760,Oligodendrocyte,2.229147
GCAGCCTATATCACAT-1,Br2039,Visium,1,35,113,8523,13904,Astrocyte,1.3496146
GCAGCTGTCAACGCAT-1,Br2039,Visium,1,71,87,14833,11304,Astrocyte,3.3349245
GCAGGACTATAGAATA-1,Br2039,Visium,1,35,37,8542,6256,Astrocyte,1.7489744
GCAGTGCGGGCGGATG-1,Br2039,Visium,1,56,126,12197,15222,Astrocyte,1.8722634
GCAGTGTGGCTATAGG-1,Br2039,Visium,1,59,83,12733,10896,Mural,1.40107
GCAGTTCGATCCGAGC-1,Br2039,Visium,1,56,118,12199,14417,Oligodendrocyte,1.6399888
GCATAGAGCACTCAGG-1,Br2039,Visium,1,37,59,8887,8471,Astrocyte,1.9431467
GCATCCCTAACTTTGA-1,Br2039,Visium,1,16,42,5214,6750,Astrocyte,2.4081411
GCATCGGCCGTGTAGG-1,Br2039,Visium,1,49,103,10977,12904,Astrocyte,2.4021106
GCATGACACAAAGGAA-1,Br2039,Visium,1,72,126,14998,15229,Astrocyte,2.7356732
GCATGAGGGACGCGGC-1,Br2039,Visium,1,30,90,7653,11587,Astrocyte,2.1947603
GCATGCTAATAACGAT-1,Br2039,Visium,1,67,95,14131,12107,Astrocyte,2.4337685
GCATTCAAGGCAACGC-1,Br2039,Visium,1,28,108,7298,13398,Astrocyte,1.6916676
GCATTTCCAAGGCTCC-1,Br2039,Visium,1,33,111,8173,13702,Astrocyte,1.7639625
GCCAACCATTTCCGGA-1,Br2039,Visium,1,26,106,6949,13196,Astrocyte,1.7154055
GCCAATAGGGCATCTC-1,Br2039,Visium,1,25,103,6774,12893,Astrocyte,1.4547975
GCCACAATTTAAGGAC-1,Br2039,Visium,1,45,39,10293,6461,Astrocyte,2.201335
GCCACTCAGAGCGCGA-1,Br2039,Visium,1,59,95,12730,12103,Oligodendrocyte,2.047693
GCCACTCCTTACGGTA-1,Br2039,Visium,1,55,119,12023,14517,Astrocyte,1.4986992
GCCAGGAAAGAACACT-1,Br2039,Visium,1,71,35,14847,6070,Astrocyte,3.0807185
GCCAGGAGTAACCGAT-1,Br2039,Visium,1,21,89,6077,11483,Astrocyte,2.4300122
GCCATATTGCACACAG-1,Br2039,Visium,1,22,90,6252,11584,Astrocyte,1.4844866
GCCATCGAGCTGCGTG-1,Br2039,Visium,1,53,47,11692,7270,Astrocyte,2.1612349
GCCATCGATGCTGCAT-1,Br2039,Visium,1,32,110,7998,13601,Astrocyte,1.6096159
GCCCACCAAGGCTGTC-1,Br2039,Visium,1,12,38,4514,6346,Astrocyte,3.2242343
GCCCAGATGCTGGAGA-1,Br2039,Visium,1,37,121,8871,14710,Astrocyte,1.5019581
GCCCAGTTGGTATGCC-1,Br2039,Visium,1,22,38,6266,6350,Astrocyte,2.5947948
GCCCGACTTCTTCCCG-1,Br2039,Visium,1,49,25,10997,5054,Astrocyte,2.4861078
GCCCGATCTGTGGTCG-1,Br2039,Visium,1,53,63,11688,8880,Astrocyte,2.5593927
GCCCGATGCCCAGTTC-1,Br2039,Visium,1,73,19,15201,4461,Astrocyte,3.549838
GCCCGCGCGTAAACGG-1,Br2039,Visium,1,49,41,10993,6664,Oligodendrocyte,1.9706067
GCCCGCGCGTTTGACA-1,Br2039,Visium,1,20,40,5915,6551,Astrocyte,1.9998374
GCCCGTAATACCTTCT-1,Br2039,Visium,1,27,79,7131,10479,Astrocyte,1.1606498
GCCCGTCAAGCCCAAT-1,Br2039,Visium,1,74,124,15349,15029,Astrocyte,3.5436401
GCCCGTTCACACAATT-1,Br2039,Visium,1,77,39,15896,6476,Oligodendrocyte,3.2068825
GCCCTAAGTGCAGGAT-1,Br2039,Visium,1,76,74,15712,9998,Oligodendrocyte,3.2101884
GCCCTGAGGATGGGCT-1,Br2039,Visium,1,68,74,14311,9994,Astrocyte,2.8242888
GCCGAAATTCCTACGT-1,Br2039,Visium,1,35,45,8540,7061,Astrocyte,1.5396452
GCCGACCCACGACTGC-1,Br2039,Visium,1,62,30,13272,5563,Astrocyte,2.415094
GCCGATTGGCCAAGCT-1,Br2039,Visium,1,41,61,9587,8674,Astrocyte,1.7695377
GCCGCACTCCGTTTCA-1,Br2039,Visium,1,43,121,9922,14713,Oligodendrocyte,1.6934288
GCCGCTTGTGAGAAAC-1,Br2039,Visium,1,36,40,8717,6558,Astrocyte,2.44828
GCCGGGTTAGGGTCGC-1,Br2039,Visium,1,41,59,9587,8472,Astrocyte,2.2294242
GCCGGTCGTATCTCTC-1,Br2039,Visium,1,70,54,14667,7982,Oligodendrocyte,3.3826866
GCCGGTTTGGGCGGAT-1,Br2039,Visium,1,2,30,2765,5536,Astrocyte,1.5925038
GCCGTCGGTTTCGGGC-1,Br2039,Visium,1,71,41,14845,6674,Oligodendrocyte,2.7217278
GCCGTGGAAGAAATGT-1,Br2039,Visium,1,39,115,9223,14107,Astrocyte,1.7438658
GCCTACGTTCTGTGCA-1,Br2039,Visium,1,68,82,14309,10799,Astrocyte,2.8585536
GCCTAGCGATCTGACC-1,Br2039,Visium,1,20,42,5914,6752,Astrocyte,1.9827971
GCCTATAGTGTCAGGG-1,Br2039,Visium,1,29,91,7478,11687,Astrocyte,0.8069348
GCCTATCAGGTAAGAT-1,Br2039,Visium,1,60,126,12897,15224,Oligodendrocyte,2.11976
GCCTATTCCGATATAG-1,Br2039,Visium,1,24,30,6618,5546,Astrocyte,2.1836615
GCCTATTTGCTACACA-1,Br2039,Visium,1,8,50,3811,7552,Mural,1.5610056
GCCTCAGGTACCGGTC-1,Br2039,Visium,1,76,20,15726,4563,Oligodendrocyte,3.2001538
GCCTCATCTGGAAATA-1,Br2039,Visium,1,41,95,9578,12095,Astrocyte,1.5470605
GCCTCCGACAATTCAC-1,Br2039,Visium,1,60,98,12904,12406,Astrocyte,2.600328
GCCTCTATACATAGCA-1,Br2039,Visium,1,55,75,12035,10089,Astrocyte,1.9958608
GCCTGTCCCGGTGCAT-1,Br2039,Visium,1,73,63,15190,8889,Oligodendrocyte,3.484573
GCCTTCAGCCCTACCG-1,Br2039,Visium,1,16,50,5212,7555,Astrocyte,2.3788128
GCGAAACGATCGGGAG-1,Br2039,Visium,1,54,100,11853,12604,Astrocyte,2.507896
GCGAAACTTAACTGGA-1,Br2039,Visium,1,44,82,10107,10788,Excitatory_neuron,1.7473881
GCGAAGAATCTGACGG-1,Br2039,Visium,1,66,84,13959,10999,Astrocyte,3.293155
GCGAAGCCATACCCGT-1,Br2039,Visium,1,31,61,7836,8669,Astrocyte,1.8357565
GCGAATGGACTAGCGA-1,Br2039,Visium,1,75,73,15537,9896,Oligodendrocyte,3.6281817
GCGACATGTAAACATC-1,Br2039,Visium,1,37,107,8874,13301,Astrocyte,1.8830057
GCGACCCAACCATCTG-1,Br2039,Visium,1,59,33,12746,5864,Astrocyte,2.7815392
GCGACGATAGTTGTAC-1,Br2039,Visium,1,48,54,10814,7972,Astrocyte,2.128176
GCGACGGTAGTCTCCT-1,Br2039,Visium,1,73,71,15188,9694,Oligodendrocyte,3.0566273
GCGAGAGGCCATGTAA-1,Br2039,Visium,1,21,113,6071,13898,Astrocyte,2.1439123
GCGAGAGTTGCGTCCA-1,Br2039,Visium,1,33,107,8174,13299,Astrocyte,1.0339658
GCGAGCGCATGCTCCC-1,Br2039,Visium,1,37,109,8874,13502,Astrocyte,2.1695855
GCGAGGCCCGAGCAGA-1,Br2039,Visium,1,37,47,8890,7263,Astrocyte,2.5686355
GCGAGTTCTGCAAAGA-1,Br2039,Visium,1,35,63,8536,8872,Oligodendrocyte,1.3527869
GCGATTCTGGAAGCAG-1,Br2039,Visium,1,10,74,4155,9968,Mural,1.1661848
GCGATTGTTAACGTTA-1,Br2039,Visium,1,37,77,8882,10282,Astrocyte,1.1851577
GCGCAAATATATTCAA-1,Br2039,Visium,1,58,28,12572,5360,Astrocyte,2.550256
GCGCAAGAGCGCGCTG-1,Br2039,Visium,1,40,100,9402,12598,Oligodendrocyte,1.9148452
GCGCATCCAGTCAGCA-1,Br2039,Visium,1,29,95,7477,12090,Astrocyte,1.4688271
GCGCCGTTCCACGATA-1,Br2039,Visium,1,41,65,9586,9076,Oligodendrocyte,1.9065505
GCGCCTCCCACTCCGA-1,Br2039,Visium,1,48,110,10800,13608,Excitatory_neuron,1.4612672
GCGCGATGGGTCAAGT-1,Br2039,Visium,1,2,44,2762,6945,Astrocyte,1.7103603
GCGCGGTCTAGTAACT-1,Br2039,Visium,1,68,60,14315,8585,Astrocyte,2.750962
GCGCGTCATTGGTACA-1,Br2039,Visium,1,57,83,12383,10895,Oligodendrocyte,1.6594813
GCGCTAATTGAATAGA-1,Br2039,Visium,1,34,70,8359,9576,Oligodendrocyte,1.9378325
GCGCTATGCCGAGGCA-1,Br2039,Visium,1,43,47,9941,7266,Oligodendrocyte,2.379273
GCGCTCGATCACCTGT-1,Br2039,Visium,1,45,125,10271,15116,Oligodendrocyte,1.9682729
GCGCTGCTTTGCATTT-1,Br2039,Visium,1,28,94,7302,11989,Astrocyte,1.5753052
GCGCTTAAATAATTGG-1,Br2039,Visium,1,57,89,12381,11499,Astrocyte,2.245754
GCGGACCGCGTTGTGG-1,Br2039,Visium,1,51,43,11342,6867,Oligodendrocyte,2.083356
GCGGAGAAACTTCGCA-1,Br2039,Visium,1,55,33,12046,5862,Astrocyte,2.4117162
GCGGAGAGGGAGAACG-1,Br2039,Visium,1,46,78,10458,10387,Oligodendrocyte,1.881391
GCGGATTACTTGTTCT-1,Br2039,Visium,1,74,110,15353,13620,Astrocyte,2.9945621
GCGGCAAAGTATTGCC-1,Br2039,Visium,1,59,27,12747,5260,Oligodendrocyte,2.8160837
GCGGCTCTGACGTACC-1,Br2039,Visium,1,38,38,9067,6358,Astrocyte,2.9623682
GCGGCTTTAGCAAGTT-1,Br2039,Visium,1,70,78,14661,10397,Oligodendrocyte,2.7094452
GCGGGAACCAGGCCCT-1,Br2039,Visium,1,18,48,5563,7355,Astrocyte,1.5071623
GCGGGCAGACGGGTGA-1,Br2039,Visium,1,75,69,15538,9494,Astrocyte,3.839561
GCGGGCATTACGATGC-1,Br2039,Visium,1,31,119,7821,14506,Astrocyte,1.2024266
GCGGGCGAGCCTTACC-1,Br2039,Visium,1,55,51,12041,7673,Astrocyte,2.3325586
GCGGTAACCCAAATGA-1,Br2039,Visium,1,7,23,3643,4834,Astrocyte,3.1944795
GCGGTCCCTAGACGCA-1,Br2039,Visium,1,13,45,4688,7051,Astrocyte,2.8666844
GCGGTCTTGCTTTCAC-1,Br2039,Visium,1,72,82,15010,10801,Oligodendrocyte,2.799189
GCGGTGAACTGCGCTC-1,Br2039,Visium,1,20,94,5901,11985,Astrocyte,3.0996356
GCGGTTCCCTATCATG-1,Br2039,Visium,1,47,49,10641,7469,Oligodendrocyte,1.5804789
GCGTAAATGGCCATAA-1,Br2039,Visium,1,34,102,8350,12797,Oligodendrocyte,1.5902698
GCGTCCCTAAGACATA-1,Br2039,Visium,1,64,42,13619,6772,Astrocyte,3.097753
GCGTCGAAATGTCGGT-1,Br2039,Visium,1,17,65,5383,9065,Astrocyte,2.671061
GCGTCGCCAGGGTGAT-1,Br2039,Visium,1,54,62,11863,8780,Astrocyte,2.2956498
GCGTCGTAACATGGTC-1,Br2039,Visium,1,74,76,15362,10198,Oligodendrocyte,3.2989357
GCGTCTAACCTCCTAA-1,Br2039,Visium,1,32,126,7994,15211,Astrocyte,1.1228164
GCGTCTCTGCATTGGG-1,Br2039,Visium,1,39,41,9242,6660,Astrocyte,2.1674652
GCGTGGTACTGGGTTA-1,Br2039,Visium,1,35,95,8527,12093,Oligodendrocyte,1.3445585
GCGTTCTGACTAAGCG-1,Br2039,Visium,1,57,127,12372,15323,Oligodendrocyte,1.4769992
GCTAACTGAAGTCTGA-1,Br2039,Visium,1,58,88,12557,11398,Oligodendrocyte,1.9468583
GCTAAGCCCAGTATGC-1,Br2039,Visium,1,74,108,15353,13418,Astrocyte,3.7107337
GCTAAGTAGTTTCTCT-1,Br2039,Visium,1,34,80,8356,10583,Oligodendrocyte,1.9383832
GCTAATACCGAATGCC-1,Br2039,Visium,1,21,47,6088,7256,Astrocyte,1.4635146
GCTACAATCGAGGATA-1,Br2039,Visium,1,62,104,13253,13010,Astrocyte,2.7038436
GCTACGACTTATTGGG-1,Br2039,Visium,1,43,69,9935,9480,Astrocyte,2.6337428
GCTACTATAGTAGAGT-1,Br2039,Visium,1,50,94,11154,11999,Astrocyte,1.9791193
GCTAGACCGTCTACTG-1,Br2039,Visium,1,42,104,9751,13002,Astrocyte,1.9827127
GCTAGAGTAGAGATGT-1,Br2039,Visium,1,56,96,12204,12203,Astrocyte,2.4963431
GCTAGCAACGCACCTA-1,Br2039,Visium,1,76,98,15706,12413,Oligodendrocyte,3.4352202
GCTAGCACCTGGGCCA-1,Br2039,Visium,1,39,121,9221,14711,Excitatory_neuron,0.8546046
GCTAGCGATAGGTCTT-1,Br2039,Visium,1,66,24,13974,4961,Astrocyte,3.2958846
GCTAGCTTGAATAGCT-1,Br2039,Visium,1,52,44,11517,6968,Astrocyte,2.5790253
GCTAGGCACCACGGAG-1,Br2039,Visium,1,54,84,11857,10994,Astrocyte,2.8611736
GCTAGTAGAGCTTGTA-1,Br2039,Visium,1,39,65,9235,9075,Excitatory_neuron,1.8943887
GCTAGTTTCATTGAGG-1,Br2039,Visium,1,17,37,5390,6248,Astrocyte,1.4519155
GCTATAAGGGCCAGGA-1,Br2039,Visium,1,75,109,15528,13519,Oligodendrocyte,2.912377
GCTATACGTCTCGGAC-1,Br2039,Visium,1,52,88,11506,11396,Oligodendrocyte,1.7133712
GCTATCATACTCATGG-1,Br2039,Visium,1,54,78,11859,10390,Oligodendrocyte,1.8302352
GCTATCGCGGCGCAAC-1,Br2039,Visium,1,20,24,5919,4941,Astrocyte,2.1562042
GCTCAATCCGTTTATT-1,Br2039,Visium,1,53,35,11695,6062,Astrocyte,1.9131314
GCTCAATGTAATACCG-1,Br2039,Visium,1,62,58,13265,8381,Astrocyte,2.7041345
GCTCATTACTGCATGT-1,Br2039,Visium,1,13,93,4675,11882,Astrocyte,1.8054765
GCTCATTGATCATATC-1,Br2039,Visium,1,74,48,15369,7380,Astrocyte,3.947248
GCTCCATGAGTGCAGA-1,Br2039,Visium,1,57,125,12372,15122,Astrocyte,2.0006843
GCTCCATGCAAAGCAA-1,Br2039,Visium,1,69,55,14491,8082,Astrocyte,3.1947026
GCTCCCAGTCGGTCCA-1,Br2039,Visium,1,43,109,9925,13505,Oligodendrocyte,1.9316084
GCTCCGCTCGCTTCAG-1,Br2039,Visium,1,42,112,9749,13807,Oligodendrocyte,1.7362264
GCTCCTGACATACTGG-1,Br2039,Visium,1,56,32,12221,5762,Astrocyte,2.7756653
GCTCGCTCATGTCCAA-1,Br2039,Visium,1,41,99,9577,12498,Oligodendrocyte,1.5314131
GCTCGGAATTTAAAGC-1,Br2039,Visium,1,22,84,6254,10980,Astrocyte,1.1137464
GCTCTAAACCCTGACG-1,Br2039,Visium,1,24,58,6611,8364,Astrocyte,1.5370972
GCTCTATGTTACGTGC-1,Br2039,Visium,1,26,40,6965,6553,Astrocyte,2.5103314
GCTCTCGGGTACCGAA-1,Br2039,Visium,1,26,58,6961,8365,Astrocyte,1.7066872
GCTCTTTCCGCTAGTG-1,Br2039,Visium,1,64,54,13616,7979,Astrocyte,2.591529
GCTGAACTCTCCAGGG-1,Br2039,Visium,1,40,120,9396,14611,Oligodendrocyte,1.3380128
GCTGAATCTTCCAATC-1,Br2039,Visium,1,59,23,12749,4857,Astrocyte,2.9334168
GCTGAGGCGTGAGTAT-1,Br2039,Visium,1,40,64,9411,8975,Astrocyte,2.3142395
GCTGCACGGTTTCTTA-1,Br2039,Visium,1,41,73,9584,9881,Oligodendrocyte,1.9741802
GCTGCGAAGAATTATT-1,Br2039,Visium,1,74,46,15369,7179,Oligodendrocyte,3.0607438
GCTGCTAAGTAGTCGA-1,Br2039,Visium,1,56,56,12215,8177,Astrocyte,2.0620089
GCTGCTACTGCGTAGC-1,Br2039,Visium,1,51,75,11334,10087,Astrocyte,2.3082123
GCTGCTCTCCGGACAC-1,Br2039,Visium,1,31,63,7835,8870,Oligodendrocyte,1.5281937
GCTGGCATATTCACCT-1,Br2039,Visium,1,31,31,7843,5650,Astrocyte,1.9817181
GCTGGCGGCGCATGCT-1,Br2039,Visium,1,54,64,11862,8981,Astrocyte,1.0287095
GCTGGGAGCGCGTCAA-1,Br2039,Visium,1,73,33,15198,5870,Oligodendrocyte,2.8359275
GCTGTATTACTGGCCC-1,Br2039,Visium,1,46,38,10468,6361,Astrocyte,2.0083969
GCTGTTGCTACCGAAC-1,Br2039,Visium,1,39,95,9228,12094,Astrocyte,1.7470267
GCTTAATGTAACTAAC-1,Br2039,Visium,1,42,84,9756,10989,Oligodendrocyte,1.7031538
GCTTACGTAGTTAGTA-1,Br2039,Visium,1,36,112,8698,13804,Oligodendrocyte,1.2175457
GCTTATGAAGCAGGAA-1,Br2039,Visium,1,35,89,8529,11489,Oligodendrocyte,1.5447755
GCTTCCAGCTTAGATT-1,Br2039,Visium,1,8,16,3820,4130,Astrocyte,2.7770455
GCTTCCATGTAACCGC-1,Br2039,Visium,1,74,102,15355,12815,Astrocyte,3.3083067
GCTTCCCGTAAGCTCC-1,Br2039,Visium,1,75,95,15532,12111,Oligodendrocyte,3.5765476
GCTTCCGTCCCTAGAC-1,Br2039,Visium,1,29,77,7481,10278,Astrocyte,1.2624182
GCTTGAGTGACCTCTG-1,Br2039,Visium,1,73,113,15177,13921,Astrocyte,2.999726
GCTTGATGATAATCAG-1,Br2039,Visium,1,22,36,6266,6149,Mural,1.1989477
GCTTGGATCGATTAGG-1,Br2039,Visium,1,31,97,7826,12292,Astrocyte,0.9387904
GCTTTACACAACTGGG-1,Br2039,Visium,1,70,116,14651,14222,Astrocyte,2.9321027
GCTTTATTAAGTTACC-1,Br2039,Visium,1,77,79,15886,10501,Oligodendrocyte,4.2278967
GCTTTCAGAGGAGGTG-1,Br2039,Visium,1,33,95,8177,12092,Oligodendrocyte,1.3245251
GGAAACAGAGCTTGGG-1,Br2039,Visium,1,76,26,15725,5167,Astrocyte,3.79872
GGAAACCTTGTTGAAT-1,Br2039,Visium,1,20,106,5898,13193,Astrocyte,2.5242915
GGAAACTAAATGGGCC-1,Br2039,Visium,1,60,102,12903,12808,Astrocyte,2.591147
GGAAAGGGAATTGAGC-1,Br2039,Visium,1,73,73,15187,9896,Oligodendrocyte,3.4892588
GGAAAGTCTTGATTGT-1,Br2039,Visium,1,75,43,15545,6877,Oligodendrocyte,3.2251475
GGAAAGTGCCCATGCC-1,Br2039,Visium,1,20,90,5902,11583,Astrocyte,3.2563004
GGAACCGTGTAAATTG-1,Br2039,Visium,1,49,47,10991,7268,Astrocyte,1.8275352
GGAACTCGTGAATACG-1,Br2039,Visium,1,77,43,15895,6878,Oligodendrocyte,3.7547417
GGAACTTTGGCGATTA-1,Br2039,Visium,1,60,110,12901,13613,Oligodendrocyte,1.5764747
GGAAGCTCGCTTACAG-1,Br2039,Visium,1,11,83,4328,10874,Astrocyte,2.1366684
GGAAGGACACCGTATA-1,Br2039,Visium,1,73,83,15185,10902,Oligodendrocyte,3.280965
GGAATAACCTCAAGAA-1,Br2039,Visium,1,6,60,3458,8557,Astrocyte,1.8232071
GGAATGCGCTAGCGTG-1,Br2039,Visium,1,32,82,8005,10783,Oligodendrocyte,1.261592
GGACAACCATGAAGCC-1,Br2039,Visium,1,70,102,14654,12813,Astrocyte,3.447992
GGACACAAGTTTACAC-1,Br2039,Visium,1,47,111,10625,13708,Oligodendrocyte,1.7704144
GGACACCTCGGTGTTG-1,Br2039,Visium,1,75,63,15540,8890,Astrocyte,3.1538186
GGACCAACAGGATAAC-1,Br2039,Visium,1,51,67,11336,9282,Astrocyte,1.8115915
GGACCTCTAGGCCGCC-1,Br2039,Visium,1,58,30,12572,5561,Oligodendrocyte,2.8628201
GGACGGGCGACCAACC-1,Br2039,Visium,1,67,117,14125,14321,Astrocyte,2.397387
GGACTCACAAATTAGG-1,Br2039,Visium,1,49,121,10972,14716,Oligodendrocyte,1.604048
GGACTCGAAGCTTTCA-1,Br2039,Visium,1,60,124,12898,15022,Astrocyte,1.2703817
GGACTCGACAGCGCAT-1,Br2039,Visium,1,68,46,14319,7176,Oligodendrocyte,3.0984526
GGACTCGTGAGTGGTC-1,Br2039,Visium,1,64,38,13620,6369,Oligodendrocyte,2.4662318
GGACTCTTCCGGTTGA-1,Br2039,Visium,1,57,123,12373,14920,Astrocyte,2.1186178
GGACTCTTTGACTAAG-1,Br2039,Visium,1,71,83,14834,10901,Oligodendrocyte,3.934164
GGAGAAGTCATTGGCA-1,Br2039,Visium,1,23,41,6440,6653,Astrocyte,1.919627
GGAGACGACACCTTTG-1,Br2039,Visium,1,43,67,9935,9278,Excitatory_neuron,1.5256264
GGAGCAACATTTCAAG-1,Br2039,Visium,1,57,103,12378,12908,Astrocyte,2.1737444
GGAGCACCAAGAACTA-1,Br2039,Visium,1,26,82,6955,10780,Oligodendrocyte,1.56124
GGAGCGAGGCCTACTT-1,Br2039,Visium,1,67,69,14138,9490,Astrocyte,1.8705657
GGAGGCCGAAGTCGTC-1,Br2039,Visium,1,40,116,9397,14208,Oligodendrocyte,1.5092638
GGAGGGCTTGGTTGGC-1,Br2039,Visium,1,32,78,8006,10380,Excitatory_neuron,0.9509913
GGAGGGTCAAGTAAGA-1,Br2039,Visium,1,62,114,13250,14017,Astrocyte,2.13649
GGAGTGCCGCCCTGGA-1,Br2039,Visium,1,19,53,5736,7859,Astrocyte,1.7144886
GGAGTTGATTCTGTGT-1,Br2039,Visium,1,68,112,14302,13818,Oligodendrocyte,3.2666001
GGATACTCATGAATTG-1,Br2039,Visium,1,9,45,3987,7049,Oligodendrocyte,1.9412684
GGATCCGGAATATACT-1,Br2039,Visium,1,34,82,8356,10784,Oligodendrocyte,1.3893661
GGATCTACCGTTCGTC-1,Br2039,Visium,1,77,31,15898,5671,Oligodendrocyte,3.1367419
GGATCTTACTGCCCTT-1,Br2039,Visium,1,65,35,13796,6068,Oligodendrocyte,2.0623171
GGATGAAGATCGCTGA-1,Br2039,Visium,1,42,94,9753,11995,Oligodendrocyte,1.4546927
GGATGACGCGAGTTTA-1,Br2039,Visium,1,37,45,8890,7062,Astrocyte,2.304976
GGATGGCTTGAAGTAT-1,Br2039,Visium,1,68,98,14305,12409,Oligodendrocyte,3.2419217
GGATGTCCTTACCGCA-1,Br2039,Visium,1,35,91,8528,11690,Excitatory_neuron,1.2479272
GGATTAATCATGGACC-1,Br2039,Visium,1,71,75,14836,10096,Astrocyte,3.8738291
GGATTCAGTACGGTGG-1,Br2039,Visium,1,19,33,5741,5846,Astrocyte,1.6233755
GGATTCCGCTATACCC-1,Br2039,Visium,1,19,81,5729,10677,Astrocyte,2.2010553
GGATTGAAGTAGCCTC-1,Br2039,Visium,1,76,102,15705,12815,Astrocyte,3.7028122
GGATTGCTGTGACTCC-1,Br2039,Visium,1,60,84,12908,10997,Astrocyte,1.2633698
GGATTTCACTTCTATA-1,Br2039,Visium,1,31,83,7830,10883,Astrocyte,1.886229
GGCAAAGGCGCCAATA-1,Br2039,Visium,1,54,34,11870,5962,Astrocyte,2.9184608
GGCAAATTACTTTACT-1,Br2039,Visium,1,41,53,9589,7869,Astrocyte,1.8804315
GGCAAGCCCATAGTGG-1,Br2039,Visium,1,67,61,14140,8685,Oligodendrocyte,2.769256
GGCAAGGCGAAATAGC-1,Br2039,Visium,1,45,69,10285,9481,Oligodendrocyte,2.6117945
GGCAATAGTCAATGAG-1,Br2039,Visium,1,30,70,7658,9574,Oligodendrocyte,1.4032844
GGCACGCTGCTACAGT-1,Br2039,Visium,1,72,112,15002,13820,Astrocyte,3.159779
GGCACTCAGCCGACCC-1,Br2039,Visium,1,55,123,12022,14919,Oligodendrocyte,1.7022088
GGCACTCCACTGGGCA-1,Br2039,Visium,1,34,46,8365,7161,Astrocyte,1.6781552
GGCACTGCGGTGGTTT-1,Br2039,Visium,1,70,110,14652,13618,Oligodendrocyte,2.784789
GGCAGCAAACCTATGC-1,Br2039,Visium,1,51,103,11327,12905,Astrocyte,1.5509529
GGCATACAGGTAGCGG-1,Br2039,Visium,1,34,32,8368,5752,Astrocyte,2.0329204
GGCATATCGGTTCTGC-1,Br2039,Visium,1,17,83,5378,10877,Astrocyte,2.7518916
GGCATCAACGAGCACG-1,Br2039,Visium,1,5,51,3285,7651,Astrocyte,1.4126654
GGCATTCCCTCCCTCG-1,Br2039,Visium,1,77,111,15878,13722,Oligodendrocyte,3.3023639
GGCATTGAACATCTCA-1,Br2039,Visium,1,74,58,15366,8386,Astrocyte,3.1939156
GGCCAATTGTATAGAC-1,Br2039,Visium,1,74,98,15356,12412,Oligodendrocyte,3.297596
GGCCCAGCTGGTTTGC-1,Br2039,Visium,1,70,74,14662,9995,Oligodendrocyte,2.8421714
GGCCCGGAGCATGTCT-1,Br2039,Visium,1,35,119,8521,14508,Oligodendrocyte,1.6036515
GGCCCGTATACCATGC-1,Br2039,Visium,1,27,119,7120,14504,Astrocyte,2.545199
GGCCGAGACTCTGGTG-1,Br2039,Visium,1,62,32,13272,5764,Oligodendrocyte,2.0309064
GGCCGCAGGAACCGCA-1,Br2039,Visium,1,68,116,14301,14221,Oligodendrocyte,2.761476
GGCCGGCGTCTGCTAT-1,Br2039,Visium,1,65,79,13785,10496,Astrocyte,2.542235
GGCCGTTTGGGTTTCA-1,Br2039,Visium,1,59,45,12743,7071,Oligodendrocyte,2.4849606
GGCCTGCTCTGATGTT-1,Br2039,Visium,1,72,64,15014,8989,Astrocyte,3.3171315
GGCCTGCTTCTCCCGA-1,Br2039,Visium,1,59,113,12725,13915,Astrocyte,2.020256
GGCGAAATCTAACTTG-1,Br2039,Visium,1,43,87,9930,11291,Oligodendrocyte,1.6725941
GGCGCACAGTTTACCT-1,Br2039,Visium,1,77,103,15880,12917,Astrocyte,3.0251489
GGCGCAGGACATCTTC-1,Br2039,Visium,1,37,27,8895,5250,Oligodendrocyte,2.4740624
GGCGCATGAATTGATG-1,Br2039,Visium,1,42,54,9764,7970,Astrocyte,1.8201027
GGCGCGGAGATCTTTC-1,Br2039,Visium,1,58,86,12557,11197,Oligodendrocyte,1.8187457
GGCGCGTTCGAGTTTA-1,Br2039,Visium,1,47,59,10638,8475,Astrocyte,2.7792969
GGCGCTTCATTCCCTG-1,Br2039,Visium,1,67,71,14137,9692,Astrocyte,2.8414936
GGCGGAGTAATATTAG-1,Br2039,Visium,1,32,46,8015,7160,Oligodendrocyte,1.8228548
GGCGGGCTCTAAGAGT-1,Br2039,Visium,1,53,127,11671,15321,Oligodendrocyte,1.683769
GGCGGTAGGATCATTG-1,Br2039,Visium,1,31,69,7834,9474,Astrocyte,1.5396774
GGCGTAGGGAAAGCTG-1,Br2039,Visium,1,64,82,13609,10797,Oligodendrocyte,1.9279698
GGCGTCCTATCCGCTG-1,Br2039,Visium,1,31,33,7843,5851,Astrocyte,1.6244228
GGCTACTATACACTCC-1,Br2039,Visium,1,64,44,13619,6973,Astrocyte,3.2527099
GGCTATTAAGTTGTAT-1,Br2039,Visium,1,33,41,8191,6657,Oligodendrocyte,1.9464855
GGCTCCTCCACCTGTT-1,Br2039,Visium,1,59,35,12745,6065,Astrocyte,1.9048157
GGCTCGCGTTGAGGTA-1,Br2039,Visium,1,31,93,7827,11890,Astrocyte,2.2191124
GGCTCGTGCCACCAGC-1,Br2039,Visium,1,20,38,5915,6350,Astrocyte,1.6497097
GGCTCTGCTCCAACGC-1,Br2039,Visium,1,26,72,6957,9774,Astrocyte,1.8584273
GGCTGAAATAGCAAAG-1,Br2039,Visium,1,49,79,10983,10489,Astrocyte,2.0067158
GGCTGGCAATCCCACG-1,Br2039,Visium,1,76,88,15709,11407,Astrocyte,3.7389083
GGCTGGCTAGCTTAAA-1,Br2039,Visium,1,11,29,4342,5440,Astrocyte,3.0288153
GGCTGTCCTACTGCGG-1,Br2039,Visium,1,76,50,15718,7582,Astrocyte,3.1304214
GGCTTCTCGTGGGTGG-1,Br2039,Visium,1,76,82,15710,10803,Oligodendrocyte,3.1526732
GGCTTTCAATAAGGGT-1,Br2039,Visium,1,60,62,12914,8783,Astrocyte,1.9543858
GGGAAAGAATGCCAAC-1,Br2039,Visium,1,70,108,14653,13417,Oligodendrocyte,2.53576
GGGAACGGGAGGTTAG-1,Br2039,Visium,1,39,37,9243,6257,Oligodendrocyte,1.7399318
GGGAACGGTTTCAGAT-1,Br2039,Visium,1,64,32,13622,5765,Astrocyte,2.2801743
GGGAAGACGGTCTGTC-1,Br2039,Visium,1,64,76,13610,10193,Astrocyte,2.6881793
GGGAAGGGCTTTCTCA-1,Br2039,Visium,1,63,87,13433,11300,Astrocyte,2.166595
GGGACCCGTATATCTT-1,Br2039,Visium,1,57,53,12391,7876,Oligodendrocyte,2.503571
GGGACTGCATAGATAG-1,Br2039,Visium,1,32,60,8011,8569,Astrocyte,2.406282
GGGAGAACTCACAGTA-1,Br2039,Visium,1,32,64,8010,8972,Oligodendrocyte,1.4395419
GGGAGCGACCGTAGTG-1,Br2039,Visium,1,68,86,14308,11202,Astrocyte,3.0572634
GGGAGGATGCCCGAAA-1,Br2039,Visium,1,37,51,8889,7665,Excitatory_neuron,1.8023617
GGGAGTAATGGCTGGC-1,Br2039,Visium,1,10,42,4163,6748,Mural,2.3011959
GGGAGTTAATGAGGCG-1,Br2039,Visium,1,33,75,8182,10079,Oligodendrocyte,1.4092052
GGGATATTGATCGCCA-1,Br2039,Visium,1,75,23,15550,4865,Oligodendrocyte,3.3820376
GGGATGGTCGTAACCG-1,Br2039,Visium,1,47,43,10642,6865,Oligodendrocyte,1.9087539
GGGATTTACCGCACCT-1,Br2039,Visium,1,42,90,9754,11593,Astrocyte,1.7500392
GGGCACGTAGTACTGT-1,Br2039,Visium,1,70,48,14668,7378,Oligodendrocyte,2.7401085
GGGCAGAGCAATCGTT-1,Br2039,Visium,1,58,60,12564,8581,Astrocyte,2.4493866
GGGCAGTCAACGCCAA-1,Br2039,Visium,1,69,79,14485,10498,Astrocyte,3.5191157
GGGCATGCATGTCGAG-1,Br2039,Visium,1,73,55,15192,8084,Astrocyte,3.4567423
GGGCCCGTCTTAAACA-1,Br2039,Visium,1,42,52,9764,7768,Oligodendrocyte,1.9970007
GGGCCGGCCGAAGTAC-1,Br2039,Visium,1,36,84,8705,10986,Astrocyte,1.8443621
GGGCGATATGTGTGAA-1,Br2039,Visium,1,28,58,7311,8366,Astrocyte,1.7415465
GGGCGCAGCGTTACTC-1,Br2039,Visium,1,34,120,8346,14608,Oligodendrocyte,1.2307813
GGGCGGCAAATGAATT-1,Br2039,Visium,1,49,45,10992,7067,Astrocyte,2.5907078
GGGCGGGTTCCCTACG-1,Br2039,Visium,1,43,37,9943,6259,Oligodendrocyte,1.6866652
GGGCGGTCCTATTGTC-1,Br2039,Visium,1,14,28,4867,5340,Astrocyte,2.997393
GGGCGTACATTTATAT-1,Br2039,Visium,1,24,54,6612,7962,Astrocyte,1.6148138
GGGCGTCACCACGTAA-1,Br2039,Visium,1,48,50,10815,7570,Oligodendrocyte,2.3117418
GGGCGTGGTTTCCCAG-1,Br2039,Visium,1,61,81,13084,10695,Astrocyte,2.4927478
GGGCGTTTACATTCAT-1,Br2039,Visium,1,66,26,13974,5162,Astrocyte,2.689577
GGGCTATGATCGATGG-1,Br2039,Visium,1,57,51,12391,7674,Astrocyte,2.17682
GGGCTCATCGAACCCA-1,Br2039,Visium,1,25,89,6778,11484,Astrocyte,1.0449587
GGGCTGCCTAGGGCGA-1,Br2039,Visium,1,33,69,8184,9475,Oligodendrocyte,1.1351632
GGGCTGGTTAGTCGCG-1,Br2039,Visium,1,31,51,7838,7663,Excitatory_neuron,1.2534218
GGGTACCCACGGTCCT-1,Br2039,Visium,1,14,26,4868,5139,Astrocyte,3.092634
GGGTACTTCATGAACT-1,Br2039,Visium,1,37,39,8892,6458,Oligodendrocyte,2.2933772
GGGTATGTATGCACTT-1,Br2039,Visium,1,28,28,7319,5347,Astrocyte,2.1975274
GGGTCACCGTGACGGT-1,Br2039,Visium,1,35,47,8540,7262,Astrocyte,1.9627161
GGGTCAGGAGCTAGAT-1,Br2039,Visium,1,65,55,13791,8081,Oligodendrocyte,2.3084292
GGGTCGTGGCAAGTGT-1,Br2039,Visium,1,25,107,6773,13296,Astrocyte,2.3755867
GGGTCTATCGCTTTCC-1,Br2039,Visium,1,63,113,13426,13917,Astrocyte,2.9891825
GGGTGACACCTTAACT-1,Br2039,Visium,1,46,56,10464,8173,Oligodendrocyte,1.935978
GGGTGCATATGAAAGC-1,Br2039,Visium,1,30,112,7647,13801,Astrocyte,1.7639667
GGGTGGTCCAGCCTGT-1,Br2039,Visium,1,7,69,3631,9464,Astrocyte,1.3886396
GGGTGTTTCAGCTATG-1,Br2039,Visium,1,16,68,5207,9367,Astrocyte,2.111491
GGGTTAACATTTGAGT-1,Br2039,Visium,1,54,50,11866,7572,Oligodendrocyte,1.7004435
GGGTTTAGGATAGGAT-1,Br2039,Visium,1,43,107,9925,13304,Oligodendrocyte,1.3908961
GGTAAACTCTGCGCTG-1,Br2039,Visium,1,66,114,13951,14019,Oligodendrocyte,2.1212218
GGTAAATGTGCGTTAC-1,Br2039,Visium,1,11,81,4328,10673,Astrocyte,1.9171584
GGTAACCGGGAGGATA-1,Br2039,Visium,1,57,27,12397,5259,Astrocyte,2.6592326
GGTAACTATGTATCTG-1,Br2039,Visium,1,12,44,4513,6950,Astrocyte,3.2522647
GGTACAAACATGCTAT-1,Br2039,Visium,1,40,54,9413,7969,Oligodendrocyte,2.1660335
GGTACACCAGATTTAT-1,Br2039,Visium,1,26,118,6945,14403,Astrocyte,2.4635055
GGTACCATTAAGACGG-1,Br2039,Visium,1,29,105,7474,13096,Astrocyte,1.5471842
GGTACGTTGCGGCCGG-1,Br2039,Visium,1,66,112,13951,13817,Astrocyte,2.7755203
GGTACTAAGTGCTTTG-1,Br2039,Visium,1,51,123,11322,14918,Astrocyte,1.6053648
GGTAGAAGACCGCCTG-1,Br2039,Visium,1,53,71,11686,9685,Astrocyte,1.5276909
GGTAGACCGTTGGGCG-1,Br2039,Visium,1,53,53,11690,7874,Astrocyte,2.822578
GGTAGGCCAATATCAC-1,Br2039,Visium,1,74,54,15367,7984,Oligodendrocyte,3.0159388
GGTAGTGCTCGCACCA-1,Br2039,Visium,1,34,72,8358,9778,Oligodendrocyte,1.5870805
GGTATAGTGACACATA-1,Br2039,Visium,1,34,114,8347,14004,Astrocyte,1.7864654
GGTATTGCCGAGTTTA-1,Br2039,Visium,1,33,53,8188,7865,Astrocyte,2.0783057
GGTCAAGACTACTTCG-1,Br2039,Visium,1,53,105,11677,13107,Astrocyte,2.3770413
GGTCAGTGGGTCCCAC-1,Br2039,Visium,1,48,62,10812,8777,Oligodendrocyte,1.9932337
GGTCCACGTCTATTTG-1,Br2039,Visium,1,73,25,15200,5065,Oligodendrocyte,3.118095
GGTCGGATAAACGGCG-1,Br2039,Visium,1,23,97,6425,12289,Astrocyte,2.1809602
GGTCGGCCAGGAGCTT-1,Br2039,Visium,1,32,84,8005,10984,Excitatory_neuron,1.5519547
GGTCGGTAATTAGACA-1,Br2039,Visium,1,12,36,4515,6145,Astrocyte,3.429821
GGTCGGTCGTCCACAG-1,Br2039,Visium,1,56,52,12216,7775,Astrocyte,2.6034083
GGTCTCCAAGTAGTGC-1,Br2039,Visium,1,49,125,10971,15118,Astrocyte,1.8997854
GGTCTCCGTCCAGGTT-1,Br2039,Visium,1,63,101,13429,12709,Astrocyte,2.0170739
GGTCTCTGAATGGACT-1,Br2039,Visium,1,52,34,11520,5961,Astrocyte,2.7611556
GGTCTGAGAATCTGGA-1,Br2039,Visium,1,30,80,7656,10581,Excitatory_neuron,1.2538979
GGTCTTGAGCGCTCTT-1,Br2039,Visium,1,65,65,13788,9087,Astrocyte,2.1517994
GGTGAACGGGCTAGCC-1,Br2039,Visium,1,8,32,3816,5740,Astrocyte,2.5507
GGTGAAGTACAGGGAT-1,Br2039,Visium,1,47,37,10644,6261,Astrocyte,2.4246871
GGTGACTGATAGAGAG-1,Br2039,Visium,1,64,126,13598,15225,Astrocyte,2.1598444
GGTGAGATGCAGATAA-1,Br2039,Visium,1,16,36,5215,6146,Astrocyte,1.8208932
GGTGATAAGGAGCAGT-1,Br2039,Visium,1,37,79,8882,10483,Oligodendrocyte,1.6910306
GGTGATTTCATCTTGT-1,Br2039,Visium,1,9,39,3989,6445,Oligodendrocyte,1.7720181
GGTGCATAAATGATTA-1,Br2039,Visium,1,67,47,14143,7276,Oligodendrocyte,2.7193565
GGTGCGGATAAGTGGC-1,Br2039,Visium,1,16,46,5213,7153,Astrocyte,1.2145743
GGTGCTGGTACACATT-1,Br2039,Visium,1,42,46,9766,7164,Astrocyte,2.3368034
GGTGGACTGCTCTGGC-1,Br2039,Visium,1,55,85,12032,11095,Astrocyte,1.8862995
GGTGGAGGTTGATACG-1,Br2039,Visium,1,44,122,10096,14814,Oligodendrocyte,1.5931096
GGTGGGATTAGGTCCC-1,Br2039,Visium,1,76,32,15723,5771,Astrocyte,3.8441982
GGTGTAAATCGATTGT-1,Br2039,Visium,1,69,65,14489,9089,Oligodendrocyte,2.6210847
GGTGTAGGTAAGTAAA-1,Br2039,Visium,1,70,50,14668,7580,Astrocyte,2.9356792
GGTGTTGGGCGTCTTA-1,Br2039,Visium,1,49,123,10972,14917,Oligodendrocyte,1.5433956
GGTTACCACCCTCGGG-1,Br2039,Visium,1,45,33,10294,5858,Astrocyte,2.7868638
GGTTACCCGACACTTT-1,Br2039,Visium,1,33,123,8170,14910,Astrocyte,1.6358478
GGTTACCGCTCCCTAC-1,Br2039,Visium,1,76,44,15720,6978,Astrocyte,3.3070397
GGTTAGCTATATGTCT-1,Br2039,Visium,1,47,87,10631,11293,Oligodendrocyte,1.7873496
GGTTAGGCTTGGAGAA-1,Br2039,Visium,1,28,36,7317,6152,Oligodendrocyte,1.803622
GGTTCCGTACGACTAA-1,Br2039,Visium,1,77,41,15896,6677,Oligodendrocyte,3.5221856
GGTTCGCATTTGCCGT-1,Br2039,Visium,1,75,103,15530,12916,Oligodendrocyte,3.859613
GGTTCTACTCGTCTGA-1,Br2039,Visium,1,39,105,9225,13101,Astrocyte,1.8671813
GGTTTAATTACCATCG-1,Br2039,Visium,1,63,39,13445,6469,Astrocyte,2.6461132
GGTTTAATTGAGCAGG-1,Br2039,Visium,1,26,116,6946,14202,Astrocyte,2.8895817
GGTTTACAATCTCAAT-1,Br2039,Visium,1,25,73,6782,9874,Oligodendrocyte,2.014426
GGTTTAGCCTTTCTTG-1,Br2039,Visium,1,46,102,10452,12802,Astrocyte,1.9507048
GGTTTCAATCGGTCAG-1,Br2039,Visium,1,33,91,8178,11689,Astrocyte,2.0918417
GGTTTGAGTGCTGGAA-1,Br2039,Visium,1,12,42,4513,6749,Astrocyte,2.7986286
GGTTTGTGACCTGAGG-1,Br2039,Visium,1,61,105,13078,13111,Oligodendrocyte,2.472177
GTAACAGGTTAACGGC-1,Br2039,Visium,1,76,54,15717,7985,Oligodendrocyte,3.4679847
GTAACATCTAAGATAA-1,Br2039,Visium,1,56,110,12201,13612,Astrocyte,1.9538038
GTAACTACGTAGACCT-1,Br2039,Visium,1,73,17,15202,4260,Oligodendrocyte,2.646151
GTAACTGCCCAAGGAG-1,Br2039,Visium,1,66,46,13968,7175,Oligodendrocyte,2.6038399
GTAACTTGCGGCAGTC-1,Br2039,Visium,1,10,40,4164,6546,Astrocyte,2.099541
GTAAGCGGGCAGTCAG-1,Br2039,Visium,1,23,63,6434,8867,Astrocyte,2.06987
GTAAGTAACAGTCTGG-1,Br2039,Visium,1,40,82,9406,10787,Oligodendrocyte,1.9611864
GTAAGTAGGGTATACC-1,Br2039,Visium,1,26,36,6967,6151,Astrocyte,1.6612728
GTAAGTCCACACTCTA-1,Br2039,Visium,1,43,119,9922,14512,Oligodendrocyte,1.7564082
GTAATAAAGGGCTCCC-1,Br2039,Visium,1,31,103,7825,12896,Astrocyte,1.8028214
GTAATCTGATTCTTCG-1,Br2039,Visium,1,50,44,11167,6967,Astrocyte,2.2512956
GTACACTTACCTGAAG-1,Br2039,Visium,1,36,64,8710,8973,Excitatory_neuron,1.4450759
GTACAGAGGCAAGGGT-1,Br2039,Visium,1,37,83,8881,10886,Oligodendrocyte,1.2855079
GTACGACGGCGCTGCG-1,Br2039,Visium,1,12,26,4518,5138,Astrocyte,3.6169302
GTACGAGATTGCGACA-1,Br2039,Visium,1,21,57,6086,8262,Astrocyte,1.3585949
GTACGCTTCATTGCAC-1,Br2039,Visium,1,46,72,10459,9783,Oligodendrocyte,2.1449485
GTACGTTTGCCCGTCA-1,Br2039,Visium,1,44,68,10110,9379,Astrocyte,2.046249
GTACTAAGATTTGGAG-1,Br2039,Visium,1,27,55,7137,8064,Astrocyte,1.9371316
GTACTACGGCCTCGTT-1,Br2039,Visium,1,75,85,15534,11104,Astrocyte,3.7347684
GTACTCCCTTATCGCT-1,Br2039,Visium,1,36,28,8720,5350,Oligodendrocyte,2.0957518
GTACTCCTGGGTATGC-1,Br2039,Visium,1,26,102,6950,12793,Inhibitory_neuron,0.5155995
GTACTGAGGTCGTAAC-1,Br2039,Visium,1,11,47,4337,7251,Astrocyte,2.6343381
GTACTGCATGAAGCGT-1,Br2039,Visium,1,11,39,4339,6446,Astrocyte,2.6071644
GTACTGGAGTTAGACC-1,Br2039,Visium,1,33,81,8181,10683,Oligodendrocyte,1.435219
GTACTTGGGCACTTCT-1,Br2039,Visium,1,17,33,5391,5845,Astrocyte,1.5166866
GTAGACACGCCTGACT-1,Br2039,Visium,1,63,67,13438,9287,Oligodendrocyte,2.358644
GTAGACGTCGTTACAT-1,Br2039,Visium,1,13,39,4689,6447,Astrocyte,3.2839456
GTAGAGGGAGACAAGT-1,Br2039,Visium,1,51,31,11346,5659,Astrocyte,2.0334992
GTAGCCAAACATGGGA-1,Br2039,Visium,1,50,70,11160,9583,Astrocyte,2.1637897
GTAGCGCTGTTGTAGT-1,Br2039,Visium,1,6,50,3461,7551,Astrocyte,2.669283
GTAGCGGCTATACACT-1,Br2039,Visium,1,39,69,9234,9478,Astrocyte,2.2267642
GTAGCTCCGGGAGGCT-1,Br2039,Visium,1,65,37,13796,6269,Oligodendrocyte,2.4449415
GTAGCTTCCTCTTGTT-1,Br2039,Visium,1,31,89,7828,11487,Astrocyte,1.1294949
GTAGGTGATCCGTGTA-1,Br2039,Visium,1,17,79,5379,10474,Astrocyte,2.9009523
GTAGTCGCGGGAATCA-1,Br2039,Visium,1,49,81,10982,10690,Oligodendrocyte,1.6910747
GTAGTCTACGATATTG-1,Br2039,Visium,1,63,77,13435,10294,Astrocyte,2.3020453
GTAGTGAGCAACCTCA-1,Br2039,Visium,1,69,113,14476,13919,Astrocyte,2.8038335
GTAGTTCGAAGGCGAA-1,Br2039,Visium,1,65,39,13795,6470,Astrocyte,2.977732
GTAGTTTAAGCACACG-1,Br2039,Visium,1,73,23,15200,4864,Oligodendrocyte,2.793375
GTATAGGACTCAGTAG-1,Br2039,Visium,1,20,58,5910,8362,Excitatory_neuron,1.1768723
GTATATGTTACGGCGG-1,Br2039,Visium,1,6,20,3468,4532,Astrocyte,3.349089
GTATCAAACGTTAGCT-1,Br2039,Visium,1,55,97,12029,12303,Astrocyte,2.5236523
GTATCAAGGTACTTCC-1,Br2039,Visium,1,72,72,15012,9795,Astrocyte,3.5078795
GTATCAGCTTGGGTTC-1,Br2039,Visium,1,20,34,5916,5947,Oligodendrocyte,1.5963404
GTATCCTTTGGTAACC-1,Br2039,Visium,1,64,92,13606,11804,Astrocyte,2.091222
GTATCTCGGGCGCTTT-1,Br2039,Visium,1,71,19,14851,4460,Oligodendrocyte,3.1285367
GTATCTTTCATAACCA-1,Br2039,Visium,1,46,66,10461,9179,Astrocyte,2.3931704
GTATGTGGGTCTAGTT-1,Br2039,Visium,1,38,92,9053,11792,Oligodendrocyte,2.1138556
GTATTAAGGCGTCTAA-1,Br2039,Visium,1,20,26,5918,5142,Astrocyte,2.3898838
GTATTCTGAGAAACGA-1,Br2039,Visium,1,48,38,10818,6362,Astrocyte,2.9412642
GTATTTAATGGCATAA-1,Br2039,Visium,1,52,120,11498,14616,Excitatory_neuron,1.513706
GTCAAAGTTTACATAG-1,Br2039,Visium,1,13,29,4692,5441,Astrocyte,2.756649
GTCAACCAGGCCTATA-1,Br2039,Visium,1,65,103,13779,12911,Oligodendrocyte,2.4786515
GTCAAGCGGACTCGGG-1,Br2039,Visium,1,39,77,9232,10283,Oligodendrocyte,2.2297566
GTCAATTGTACTGAAG-1,Br2039,Visium,1,5,45,3287,7047,Mural,1.3187633
GTCACTCTCCAAATCT-1,Br2039,Visium,1,23,31,6442,5646,Oligodendrocyte,1.4871902
GTCAGAATAGTCTATG-1,Br2039,Visium,1,30,32,7668,5750,Astrocyte,1.6211045
GTCATCCCAAACTCAC-1,Br2039,Visium,1,77,23,15901,4865,Oligodendrocyte,2.6966643
GTCATGCACCTCCGTT-1,Br2039,Visium,1,29,61,7485,8668,Astrocyte,1.2847816
GTCATGCGCGAGGGCT-1,Br2039,Visium,1,64,98,13605,12408,Astrocyte,1.8547394
GTCATGGACATGACTA-1,Br2039,Visium,1,26,62,6960,8768,Oligodendrocyte,0.9542922
GTCATTAGAGCGAACG-1,Br2039,Visium,1,37,67,8885,9276,Astrocyte,1.6693721
GTCCAATATTTAGCCT-1,Br2039,Visium,1,65,53,13791,7879,Astrocyte,3.1827586
GTCCACGTCGCATTCG-1,Br2039,Visium,1,64,118,13600,14420,Oligodendrocyte,1.4635255
GTCCAGGCACGTGTGC-1,Br2039,Visium,1,70,44,14669,6976,Oligodendrocyte,3.3309216
GTCCATTACTGCTACG-1,Br2039,Visium,1,42,106,9750,13203,Oligodendrocyte,1.7374997
GTCCCAACGTAAAGTA-1,Br2039,Visium,1,33,73,8183,9878,Astrocyte,1.435385
GTCCCGCGACGTTATG-1,Br2039,Visium,1,58,82,12558,10795,Astrocyte,2.973177
GTCCGGACCTGAAATT-1,Br2039,Visium,1,54,88,11856,11397,Oligodendrocyte,2.217734
GTCCGGCTGAATTGCG-1,Br2039,Visium,1,28,52,7313,7762,Oligodendrocyte,1.7295902
GTCCGGGTTCACATTA-1,Br2039,Visium,1,69,71,14487,9693,Astrocyte,3.0280585
GTCCGTTAGAGGGCCT-1,Br2039,Visium,1,76,78,15711,10400,Oligodendrocyte,3.6852045
GTCCTACGAATAGTCT-1,Br2039,Visium,1,53,91,11680,11698,Astrocyte,1.9919492
GTCCTTCTAGTGGGTT-1,Br2039,Visium,1,10,82,4153,10773,Astrocyte,1.9533942
GTCGATAGGTGACTTT-1,Br2039,Visium,1,53,121,11673,14717,Excitatory_neuron,1.4388744
GTCGCCGTTGTGTGTT-1,Br2039,Visium,1,57,43,12393,6869,Astrocyte,2.549423
GTCGCGTAACCCGTTG-1,Br2039,Visium,1,39,75,9233,10082,Oligodendrocyte,1.8748035
GTCGGATATCTCAGAC-1,Br2039,Visium,1,32,36,8017,6154,Astrocyte,2.018791
GTCGGATGTAGCGCGC-1,Br2039,Visium,1,17,77,5380,10273,Astrocyte,3.2585773
GTCGGGAAGCAGAAAC-1,Br2039,Visium,1,59,65,12738,9084,Astrocyte,2.6160498
GTCGGGTGAAGTACCG-1,Br2039,Visium,1,72,116,15001,14223,Astrocyte,2.8412821
GTCGTACCATCTCGGG-1,Br2039,Visium,1,46,62,10462,8776,Oligodendrocyte,2.310243
GTCGTCAATTATAAGG-1,Br2039,Visium,1,11,45,4338,7050,Astrocyte,3.4890723
GTCGTCTGGTTGGCTA-1,Br2039,Visium,1,30,122,7645,14808,Oligodendrocyte,1.5680921
GTCGTGTCTGGTCATC-1,Br2039,Visium,1,28,110,7298,13599,Astrocyte,2.0368001
GTCGTTATTCGCTTAT-1,Br2039,Visium,1,46,76,10458,10185,Oligodendrocyte,2.1795635
GTCTAGTGAGCCGCTT-1,Br2039,Visium,1,66,92,13957,11805,Astrocyte,2.7473512
GTCTATACACGCATGG-1,Br2039,Visium,1,74,50,15368,7581,Astrocyte,3.589666
GTCTATCTGAGTTTCT-1,Br2039,Visium,1,40,42,9417,6761,Oligodendrocyte,1.8620659
GTCTATTGCATGCTCG-1,Br2039,Visium,1,65,105,13778,13112,Astrocyte,2.2305386
GTCTATTGGTTCCGGT-1,Br2039,Visium,1,50,90,11155,11596,Oligodendrocyte,1.459414
GTCTCAAGGCCCGGCT-1,Br2039,Visium,1,60,66,12913,9185,Astrocyte,2.2924724
GTCTCCCGAGTCCCGT-1,Br2039,Visium,1,72,110,15003,13619,Astrocyte,3.1936836
GTCTCCGCCTCAATAC-1,Br2039,Visium,1,71,61,14840,8687,Oligodendrocyte,3.015963
GTCTCGACTAAGTTTG-1,Br2039,Visium,1,25,111,6772,13698,Astrocyte,3.0097857
GTCTCGATCTGCTTTC-1,Br2039,Visium,1,20,80,5905,10576,Astrocyte,1.4894861
GTCTGCCGACTCGACG-1,Br2039,Visium,1,73,87,15184,11305,Astrocyte,3.5056298
GTCTGGGCGGTCGAGA-1,Br2039,Visium,1,46,44,10467,6965,Astrocyte,2.1460469
GTCTGTAGGTTGAACA-1,Br2039,Visium,1,73,39,15196,6474,Oligodendrocyte,3.48077
GTCTTACCACGCCAAG-1,Br2039,Visium,1,74,114,15352,14022,Astrocyte,3.2485986
GTCTTAGTACAGCCGG-1,Br2039,Visium,1,12,78,4504,10372,Astrocyte,1.8978153
GTCTTGAGGAGCAGTG-1,Br2039,Visium,1,38,116,9047,14207,Astrocyte,1.6451199
GTCTTGTAGCTATTCA-1,Br2039,Visium,1,44,112,10099,13808,Oligodendrocyte,1.5916572
GTGAAACGGCGCCACC-1,Br2039,Visium,1,24,88,6603,11383,Astrocyte,1.7398632
GTGAAACGTGCTCCAC-1,Br2039,Visium,1,11,37,4340,6245,Astrocyte,3.3698335
GTGAACTCCCATTCGA-1,Br2039,Visium,1,30,104,7649,12996,Astrocyte,0.76559806
GTGAAGCCGTATAGTC-1,Br2039,Visium,1,21,107,6073,13294,Astrocyte,3.3752003
GTGACAGCTTCCCACT-1,Br2039,Visium,1,64,74,13611,9992,Astrocyte,2.5481262
GTGACCGCACACTACG-1,Br2039,Visium,1,39,91,9229,11692,Oligodendrocyte,1.7463719
GTGACCTAAAGAATAA-1,Br2039,Visium,1,30,124,7644,15009,Excitatory_neuron,0.9077799
GTGACGAGGGTGACCC-1,Br2039,Visium,1,32,114,7997,14003,Astrocyte,1.3284905
GTGACGCAGGTTTCAT-1,Br2039,Visium,1,65,75,13786,10093,Oligodendrocyte,2.7116055
GTGACTTCAGTAGTGC-1,Br2039,Visium,1,46,50,10465,7569,Astrocyte,2.41025
GTGAGATAACCTTATA-1,Br2039,Visium,1,69,41,14495,6673,Oligodendrocyte,3.453013
GTGAGCGTGCTGCACT-1,Br2039,Visium,1,33,25,8195,5047,Astrocyte,2.1657677
GTGAGGACACTTAAGG-1,Br2039,Visium,1,41,77,9583,10284,Astrocyte,1.7331953
GTGAGTCGACTAATAG-1,Br2039,Visium,1,71,113,14827,13920,Astrocyte,3.638352
GTGAGTGGTACAACGC-1,Br2039,Visium,1,52,56,11514,8175,Astrocyte,2.1943533
GTGATCAAGCGTGCAC-1,Br2039,Visium,1,65,27,13798,5263,Astrocyte,2.7654886
GTGATCACTAACGCCT-1,Br2039,Visium,1,47,97,10628,12299,Astrocyte,2.1914687
GTGATCATAGATCTGC-1,Br2039,Visium,1,45,57,10288,8273,Astrocyte,2.1252747
GTGATCCTTGTCATGA-1,Br2039,Visium,1,62,84,13258,10998,Astrocyte,2.4834204
GTGATTCGCCGCTCAA-1,Br2039,Visium,1,48,40,10818,6563,Astrocyte,2.1887333
GTGCACCAGCTTCAAC-1,Br2039,Visium,1,66,54,13966,7980,Oligodendrocyte,2.5524468
GTGCACGAAAGTGACT-1,Br2039,Visium,1,17,71,5382,9669,Astrocyte,2.0069337
GTGCAGCGTAGAGTAG-1,Br2039,Visium,1,52,124,11497,15019,Astrocyte,2.2032142
GTGCCAAACGTTTCGA-1,Br2039,Visium,1,76,18,15727,4362,Oligodendrocyte,3.1965342
GTGCCATCACACGGTG-1,Br2039,Visium,1,42,34,9769,5957,Oligodendrocyte,2.1524127
GTGCCCGTTCGGATTC-1,Br2039,Visium,1,39,85,9230,11088,Excitatory_neuron,1.552634
GTGCCGCTTCAAAGGT-1,Br2039,Visium,1,44,44,10116,6964,Oligodendrocyte,1.8969592
GTGCCTGAGACCAAAC-1,Br2039,Visium,1,69,89,14483,11504,Astrocyte,3.0766578
GTGCGAAATCGAACAC-1,Br2039,Visium,1,45,43,10292,6864,Oligodendrocyte,1.8826644
GTGCGACAGGGAGTGT-1,Br2039,Visium,1,36,100,8701,12596,Oligodendrocyte,1.3694189
GTGCGGGTCTCCAAAT-1,Br2039,Visium,1,20,56,5911,8161,Astrocyte,1.292911
GTGCGTGTATATGAGC-1,Br2039,Visium,1,41,83,9581,10888,Excitatory_neuron,1.8159592
GTGCTATCCAGCTGGA-1,Br2039,Visium,1,76,66,15714,9192,Oligodendrocyte,3.659724
GTGCTCAAGTACTGTC-1,Br2039,Visium,1,34,52,8363,7765,Oligodendrocyte,1.6720207
GTGCTGTTAGAACATA-1,Br2039,Visium,1,77,81,15886,10702,Oligodendrocyte,4.408332
GTGCTTACATCAGCGC-1,Br2039,Visium,1,46,116,10448,14211,Oligodendrocyte,1.6542802
GTGGACCAACCCGATT-1,Br2039,Visium,1,45,29,10295,5455,Oligodendrocyte,1.959691
GTGGACGCATTTGTCC-1,Br2039,Visium,1,56,64,12213,8982,Astrocyte,2.5631104
GTGGACGTGCTGAGAC-1,Br2039,Visium,1,17,39,5390,6449,Astrocyte,2.2023277
GTGGAGCATGTCGGCC-1,Br2039,Visium,1,37,125,8870,15113,Oligodendrocyte,1.1125038
GTGGAGTCGGCGGTTG-1,Br2039,Visium,1,54,38,11869,6365,Oligodendrocyte,2.1767697
GTGGCTGTTTCTGTTC-1,Br2039,Visium,1,70,92,14657,11806,Oligodendrocyte,2.9985123
GTGGGAACAAACCGGG-1,Br2039,Visium,1,71,47,14844,7278,Astrocyte,3.6822083
GTGGGCTTAGACACAC-1,Br2039,Visium,1,29,39,7491,6454,Oligodendrocyte,1.8608153
GTGGTATAGTCTGCCG-1,Br2039,Visium,1,57,41,12394,6668,Astrocyte,2.2335968
GTGGTGATGGTTTGTG-1,Br2039,Visium,1,54,126,11846,15221,Oligodendrocyte,1.9145715
GTGGTGGCCAAGTGAA-1,Br2039,Visium,1,45,79,10283,10487,Astrocyte,2.408457
GTGGTTACTTCTTTCG-1,Br2039,Visium,1,31,105,7824,13097,Astrocyte,2.19665
GTGGTTTCCGCCTTTC-1,Br2039,Visium,1,42,32,9769,5756,Astrocyte,1.9309076
GTGTACCTTGGCTACG-1,Br2039,Visium,1,26,78,6956,10378,Astrocyte,2.0712855
GTGTACGAACCGTTCC-1,Br2039,Visium,1,43,127,9920,15317,Oligodendrocyte,1.264448
GTGTATATCAGCGGGC-1,Br2039,Visium,1,58,76,12560,10191,Oligodendrocyte,1.5944107
GTGTCAGTGTACGTGG-1,Br2039,Visium,1,68,42,14320,6774,Astrocyte,2.8503644
GTGTCGTATAGCGTTC-1,Br2039,Visium,1,54,76,11859,10189,Oligodendrocyte,1.8735147
GTGTGAATAACTTAGG-1,Br2039,Visium,1,33,83,8180,10884,Astrocyte,1.57494
GTGTGAGCCGAGGTGC-1,Br2039,Visium,1,1,33,2589,5838,Excitatory_neuron,1.7299308
GTGTTACTATGCGTCC-1,Br2039,Visium,1,41,75,9583,10083,Astrocyte,2.3468451
GTTAAAGTAGGACTGG-1,Br2039,Visium,1,49,83,10982,10891,Astrocyte,1.8511856
GTTAACATCACTTAAA-1,Br2039,Visium,1,55,73,12035,9888,Astrocyte,2.235533
GTTAACTATGTTGTCA-1,Br2039,Visium,1,43,111,9924,13706,Oligodendrocyte,1.5675747
GTTAAGGGTGCGATGT-1,Br2039,Visium,1,61,71,13086,9689,Astrocyte,1.9063755
GTTAAGTTAGAGTGGG-1,Br2039,Visium,1,36,116,8697,14207,Oligodendrocyte,1.334264
GTTAATAGCGTCATTA-1,Br2039,Visium,1,73,121,15175,14726,Oligodendrocyte,2.8901975
GTTACAATTGGTGACG-1,Br2039,Visium,1,37,33,8894,5854,Astrocyte,2.2587864
GTTACCAAGGCGTACG-1,Br2039,Visium,1,70,120,14650,14624,Oligodendrocyte,2.9890924
GTTACCTACAACTTGC-1,Br2039,Visium,1,47,67,10636,9280,Oligodendrocyte,2.2424352
GTTACTTTGGGCCTAG-1,Br2039,Visium,1,43,51,9940,7668,Oligodendrocyte,1.9005495
GTTAGCCCATGACATC-1,Br2039,Visium,1,67,75,14136,10094,Oligodendrocyte,2.6688702
GTTAGCCGTAAATCAA-1,Br2039,Visium,1,30,110,7648,13600,Astrocyte,2.302523
GTTATAATACGGTGAA-1,Br2039,Visium,1,53,107,11676,13308,Astrocyte,2.5540562
GTTATATCAGGAGCCA-1,Br2039,Visium,1,23,115,6421,14100,Astrocyte,3.176028
GTTATATTATCTCCCT-1,Br2039,Visium,1,48,56,10814,8174,Astrocyte,2.8307948
GTTATCAAGCTATCGA-1,Br2039,Visium,1,71,103,14829,12914,Astrocyte,3.364392
GTTATCACCTTCTGAA-1,Br2039,Visium,1,6,58,3459,8356,Astrocyte,1.802516
GTTCACAGGAGTCTAG-1,Br2039,Visium,1,32,34,8018,5952,Oligodendrocyte,1.7352765
GTTCAGTCGCCAAATG-1,Br2039,Visium,1,70,60,14665,8586,Astrocyte,3.3830247
GTTCATCGTTTGGCTG-1,Br2039,Visium,1,33,105,8175,13098,Astrocyte,1.3557549
GTTCCAGTCTGACCAT-1,Br2039,Visium,1,17,53,5386,7858,Astrocyte,1.4461535
GTTCCCGTAAACATAT-1,Br2039,Visium,1,59,119,12724,14519,Astrocyte,1.4071527
GTTCCGTCCGCCTGCA-1,Br2039,Visium,1,70,42,14670,6774,Astrocyte,3.3418539
GTTCGACAATTGTATA-1,Br2039,Visium,1,69,27,14499,5264,Oligodendrocyte,3.3714604
GTTCGCCATAAGTGCC-1,Br2039,Visium,1,37,53,8888,7867,Astrocyte,1.8814275
GTTCGCTGAGACGTCT-1,Br2039,Visium,1,53,109,11676,13510,Oligodendrocyte,2.267688
GTTCGGAGCACTCAAC-1,Br2039,Visium,1,64,114,13601,14018,Oligodendrocyte,2.5866725
GTTCGGATCGGGAACA-1,Br2039,Visium,1,44,110,10099,13606,Oligodendrocyte,1.5178882
GTTCGGGCGTACCATT-1,Br2039,Visium,1,32,108,7999,13400,Astrocyte,1.4572294
GTTCGTCTAAAGAACT-1,Br2039,Visium,1,51,89,11331,11496,Astrocyte,1.9525545
GTTCGTTGCGGACCAG-1,Br2039,Visium,1,0,36,2414,6139,Astrocyte,2.536127
GTTCTTCCCTCGATGT-1,Br2039,Visium,1,15,51,5036,7656,OPC,1.1123563
GTTCTTGTAACTCAAT-1,Br2039,Visium,1,75,61,15541,8689,Astrocyte,3.0955563
GTTGAACCGGTTCCAT-1,Br2039,Visium,1,42,40,9767,6561,Oligodendrocyte,2.3671305
GTTGAGTCCCGCCGGT-1,Br2039,Visium,1,52,78,11509,10389,Oligodendrocyte,2.108013
GTTGCACGGAGTTTCG-1,Br2039,Visium,1,24,48,6613,7358,Oligodendrocyte,2.0360672
GTTGCAGTCGACAACA-1,Br2039,Visium,1,62,126,13247,15225,Astrocyte,2.065805
GTTGCGCTAACATTAC-1,Br2039,Visium,1,41,119,9572,14511,Oligodendrocyte,1.8417537
GTTGCGGACGGTCAGG-1,Br2039,Visium,1,53,119,11673,14516,Oligodendrocyte,1.9765689
GTTGGATTCAGTGGCT-1,Br2039,Visium,1,16,96,5200,12185,Endothelial,0.83194137
GTTGGATTGAGAACAC-1,Br2039,Visium,1,32,88,8004,11387,Astrocyte,1.3581808
GTTGGATTTGCGTTGG-1,Br2039,Visium,1,36,50,8714,7564,Excitatory_neuron,1.1954048
GTTGGTCATGCTATCC-1,Br2039,Visium,1,55,63,12038,8881,Oligodendrocyte,2.1550336
GTTGTAGATTTATGAG-1,Br2039,Visium,1,71,63,14840,8888,Astrocyte,2.9156926
GTTGTCGTGTTAGTTG-1,Br2039,Visium,1,15,47,5037,7253,Astrocyte,1.7404168
GTTGTTGCAAGATGGC-1,Br2039,Visium,1,63,121,13424,14722,Astrocyte,2.1211648
GTTTACGTTCCATCTG-1,Br2039,Visium,1,48,64,10812,8979,Astrocyte,2.2120292
GTTTCAAACGAGTTGT-1,Br2039,Visium,1,61,109,13077,13513,Oligodendrocyte,2.369166
GTTTCATATCGTCGCT-1,Br2039,Visium,1,39,27,9245,5251,Oligodendrocyte,2.3783312
GTTTCCTGGAGGGTGA-1,Br2039,Visium,1,25,49,6788,7459,Astrocyte,1.5333459
GTTTCTAGAGGCGCGG-1,Br2039,Visium,1,69,93,14482,11907,Astrocyte,2.8836582
GTTTCTGCAGTCTCCC-1,Br2039,Visium,1,40,72,9409,9780,Oligodendrocyte,1.8275831
GTTTGACCAAATCCTA-1,Br2039,Visium,1,30,58,7661,8367,Astrocyte,1.5162992
GTTTGGCCCAAGTTAT-1,Br2039,Visium,1,42,80,9757,10586,Astrocyte,1.916994
GTTTGGCCGCTCAGCG-1,Br2039,Visium,1,12,32,4516,5742,Astrocyte,3.5935547
GTTTGGGCTTGTGAGC-1,Br2039,Visium,1,51,65,11337,9081,Oligodendrocyte,2.1726706
GTTTGGGTTTCGCCCG-1,Br2039,Visium,1,63,91,13431,11703,Astrocyte,2.2853765
GTTTGGTAGGGTCAAC-1,Br2039,Visium,1,53,59,11689,8478,Oligodendrocyte,2.1052072
GTTTGGTGATCGGTGC-1,Br2039,Visium,1,66,38,13970,6370,Oligodendrocyte,2.2216334
TAAACCCAGGAGGGCA-1,Br2039,Visium,1,54,36,11870,6163,Astrocyte,2.5783458
TAAAGACAACCCTTTA-1,Br2039,Visium,1,40,118,9397,14410,Oligodendrocyte,1.3306768
TAAAGCGGTATTTCCA-1,Br2039,Visium,1,63,49,13442,7476,Astrocyte,2.9914274
TAAAGCGTTAGGAGAA-1,Br2039,Visium,1,28,88,7303,11385,Astrocyte,1.7157342
TAAAGCTGCAATAGGG-1,Br2039,Visium,1,17,97,5375,12286,Astrocyte,2.233738
TAAAGTGCACGTCTCG-1,Br2039,Visium,1,72,50,15018,7580,Oligodendrocyte,3.2449849
TAAATGAATCCGTTTC-1,Br2039,Visium,1,23,29,6443,5445,Oligodendrocyte,1.5914545
TAAATGGGCTACTGAG-1,Br2039,Visium,1,63,127,13422,15326,Astrocyte,2.055297
TAAATTGTGGGTAAAG-1,Br2039,Visium,1,74,74,15362,9997,Astrocyte,3.2280889
TAAATTTAGTAACACC-1,Br2039,Visium,1,71,39,14846,6473,Oligodendrocyte,2.8754373
TAACAAAGGGAGAAGC-1,Br2039,Visium,1,21,35,6091,6048,Oligodendrocyte,1.1036463
TAACAGCGTTTGTGCT-1,Br2039,Visium,1,63,37,13445,6268,Astrocyte,2.3319666
TAACAGGTTCCCTTAG-1,Br2039,Visium,1,74,60,15366,8588,Astrocyte,3.4608943
TAACATACAATGTGGG-1,Br2039,Visium,1,38,70,9059,9578,Oligodendrocyte,2.1935763
TAACATACACGCGATC-1,Br2039,Visium,1,55,25,12048,5057,Oligodendrocyte,2.4186015
TAACCGCCCGCAGTGC-1,Br2039,Visium,1,9,49,3986,7452,Oligodendrocyte,1.5323857
TAACCTACCGTCCGAG-1,Br2039,Visium,1,33,101,8176,12696,Oligodendrocyte,1.3814229
TAACCTAGGGAGTCCA-1,Br2039,Visium,1,60,106,12902,13211,Astrocyte,2.367031
TAACGCTTTGAGAGCG-1,Br2039,Visium,1,27,29,7143,5447,Astrocyte,1.9029915
TAACTATCGAAGGTCC-1,Br2039,Visium,1,24,34,6617,5949,Oligodendrocyte,1.4954755
TAACTATTACGCCAAA-1,Br2039,Visium,1,29,107,7474,13298,Astrocyte,1.4359394
TAACTCATCCGCGCGG-1,Br2039,Visium,1,43,49,9940,7467,Oligodendrocyte,1.9685102
TAACTCCATGGAGGCT-1,Br2039,Visium,1,19,27,5743,5242,Astrocyte,1.7222651
TAAGCGCGAATCAAAT-1,Br2039,Visium,1,65,25,13799,5061,Astrocyte,2.9220266
TAAGGAACTTGTGGGA-1,Br2039,Visium,1,16,40,5214,6549,Astrocyte,1.6653155
TAAGGCAACATAAGAT-1,Br2039,Visium,1,25,71,6782,9673,Astrocyte,1.4292648
TAAGGCATAACATCAA-1,Br2039,Visium,1,57,49,12392,7473,Oligodendrocyte,2.1878357
TAAGGCCCGTCACCCT-1,Br2039,Visium,1,62,70,13262,9589,Astrocyte,2.4006915
TAAGGCTGAATCCCTC-1,Br2039,Visium,1,45,97,10278,12298,Astrocyte,2.0273051
TAAGGGCCTGTCCGAT-1,Br2039,Visium,1,57,95,12380,12102,Oligodendrocyte,1.9932301
TAAGTAACATCTTGAC-1,Br2039,Visium,1,46,40,10468,6562,Astrocyte,2.6058767
TAAGTCGCCGAGTATC-1,Br2039,Visium,1,54,32,11871,5761,Astrocyte,2.638294
TAAGTCGGTGAGCTAG-1,Br2039,Visium,1,69,125,14473,15127,Astrocyte,2.23532
TAAGTGAATAGTCTAC-1,Br2039,Visium,1,72,24,15025,4964,Astrocyte,3.5072472
TAAGTTGCGACGTAGG-1,Br2039,Visium,1,53,95,11679,12101,Astrocyte,1.8927599
TAATACACAGTAGTAT-1,Br2039,Visium,1,20,64,5909,8966,Astrocyte,0.7327244
TAATACTAGAACAGAC-1,Br2039,Visium,1,69,77,14486,10296,Astrocyte,3.1213021
TAATAGAACAGAGTTA-1,Br2039,Visium,1,50,38,11169,6363,Oligodendrocyte,2.085061
TAATAGCTAAATGATG-1,Br2039,Visium,1,26,124,6944,15007,Astrocyte,2.351335
TAATAGTGACGACCAG-1,Br2039,Visium,1,27,83,7130,10881,Astrocyte,1.5998225
TAATATTGAAATTCGC-1,Br2039,Visium,1,17,47,5388,7254,Astrocyte,0.93755716
TAATCAACCAAATGGG-1,Br2039,Visium,1,51,125,11321,15119,Oligodendrocyte,1.4865047
TAATCGATCCGTACGT-1,Br2039,Visium,1,25,93,6777,11887,Astrocyte,2.2250235
TAATGTCGGTTCATGG-1,Br2039,Visium,1,74,24,15375,4965,Oligodendrocyte,3.7135258
TAATTACGTCAGTAGA-1,Br2039,Visium,1,62,102,13254,12809,Astrocyte,2.7374675
TAATTAGGACATCCGT-1,Br2039,Visium,1,42,108,9750,13404,Astrocyte,1.1733257
TAATTCCAATGCTTCA-1,Br2039,Visium,1,65,121,13774,14723,Oligodendrocyte,1.5566064
TACAACAGCGCATACA-1,Br2039,Visium,1,75,111,15528,13721,Oligodendrocyte,2.9493232
TACAACGCACAACTCA-1,Br2039,Visium,1,41,49,9590,7466,Astrocyte,2.3889365
TACAAGGGCTTCTTTA-1,Br2039,Visium,1,68,94,14306,12007,Astrocyte,2.9155555
TACAAGTCTCGTGCAT-1,Br2039,Visium,1,31,27,7844,5247,Astrocyte,1.7089003
TACACAGCCGTGGTGC-1,Br2039,Visium,1,72,74,15012,9996,Oligodendrocyte,3.3349648
TACACCGTCGTTAGTC-1,Br2039,Visium,1,25,117,6771,14302,Astrocyte,3.183692
TACACCTCTTCGAATC-1,Br2039,Visium,1,71,91,14832,11706,Oligodendrocyte,3.570207
TACAGAAACGGTGGGC-1,Br2039,Visium,1,59,85,12733,11097,Astrocyte,1.798227
TACATAGGCATACACC-1,Br2039,Visium,1,40,60,9412,8573,Astrocyte,1.902215
TACATGCCGGAATTGT-1,Br2039,Visium,1,54,122,11848,14818,Excitatory_neuron,1.5514661
TACATTTCTAACGTGC-1,Br2039,Visium,1,39,55,9238,8069,Astrocyte,1.9100419
TACCAAATAGCCCAGA-1,Br2039,Visium,1,59,61,12739,8682,Astrocyte,1.941872
TACCAATAAAGTACCA-1,Br2039,Visium,1,55,83,12033,10894,Astrocyte,1.8395714
TACCAGAAGTAGGTTC-1,Br2039,Visium,1,49,51,10990,7671,Oligodendrocyte,2.3130033
TACCAGCTAGGTTTAA-1,Br2039,Visium,1,11,65,4332,9063,Astrocyte,1.9275949
TACCAGGAATCCCGTC-1,Br2039,Visium,1,68,36,14321,6170,Astrocyte,2.981834
TACCATGTATTGATTT-1,Br2039,Visium,1,48,124,10796,15017,Oligodendrocyte,2.5151014
TACCCTCGGTAACCCT-1,Br2039,Visium,1,65,127,13772,15327,Astrocyte,2.716734
TACCGAATAATTGTAA-1,Br2039,Visium,1,67,93,14131,11906,Oligodendrocyte,3.2798896
TACCGCGGACTTGCAG-1,Br2039,Visium,1,33,97,8177,12293,Astrocyte,1.4002151
TACCGGCTCACTGCCC-1,Br2039,Visium,1,47,65,10636,9079,Astrocyte,2.2594862
TACCGGTCGTTTCCAT-1,Br2039,Visium,1,44,34,10119,5958,Astrocyte,0.8826101
TACCGTAGGTTAACTA-1,Br2039,Visium,1,59,57,12740,8279,Oligodendrocyte,1.7594271
TACCGTGCCTCGGACC-1,Br2039,Visium,1,51,69,11336,9483,Astrocyte,1.7441674
TACCTACTCCCAGTAT-1,Br2039,Visium,1,58,62,12563,8782,Astrocyte,2.2947283
TACCTCACCAATTGTA-1,Br2039,Visium,1,77,125,15874,15131,Astrocyte,3.5699408
TACCTCACGCTTGTAC-1,Br2039,Visium,1,16,56,5210,8159,Astrocyte,2.25146
TACCTCAGTTGTCTGT-1,Br2039,Visium,1,60,50,12917,7575,Astrocyte,1.9094313
TACCTCCACACCAATG-1,Br2039,Visium,1,65,29,13798,5464,Astrocyte,3.053352
TACCTCTTTACCATCC-1,Br2039,Visium,1,66,122,13949,14824,Astrocyte,2.0978365
TACCTTAAGATTTCCC-1,Br2039,Visium,1,49,29,10996,5457,Astrocyte,1.9784862
TACGAACACGACTTCA-1,Br2039,Visium,1,31,53,7838,7864,Astrocyte,1.1620964
TACGACGCTTGCTGCG-1,Br2039,Visium,1,46,54,10464,7971,Astrocyte,2.1478987
TACGACTGCCTCTTAG-1,Br2039,Visium,1,44,66,10111,9178,Oligodendrocyte,1.9182398
TACGAGAACTTCACGT-1,Br2039,Visium,1,35,39,8542,6457,Astrocyte,2.242791
TACGATGTTGATCATC-1,Br2039,Visium,1,35,35,8543,6054,Astrocyte,2.0529957
TACGCAGTTCTTTCCT-1,Br2039,Visium,1,41,51,9589,7667,Astrocyte,2.1583087
TACGCCATATTCTAAT-1,Br2039,Visium,1,40,58,9412,8371,Astrocyte,2.1190648
TACGCCGAGGGTACCC-1,Br2039,Visium,1,56,34,12220,5963,Astrocyte,2.0011184
TACGCCGCCTCAGAAG-1,Br2039,Visium,1,45,127,10270,15318,Oligodendrocyte,1.623111
TACGCCTCCATTCCGA-1,Br2039,Visium,1,55,59,12039,8479,Oligodendrocyte,2.173015
TACGCTATAGAAACCT-1,Br2039,Visium,1,34,104,8350,12998,Oligodendrocyte,1.5520533
TACGCTCCTAGAACTG-1,Br2039,Visium,1,73,47,15194,7279,Oligodendrocyte,3.4630826
TACGCTCGGTATTGGA-1,Br2039,Visium,1,61,113,13076,13916,Oligodendrocyte,1.6591967
TACGCTGCACGGTCGT-1,Br2039,Visium,1,75,117,15526,14325,Oligodendrocyte,3.0712729
TACGCTGCTGTGTTAA-1,Br2039,Visium,1,68,24,14324,4962,Astrocyte,3.0115492
TACGGAAGCCAAACCA-1,Br2039,Visium,1,69,73,14487,9894,Oligodendrocyte,2.989018
TACGGCATGGACGCTA-1,Br2039,Visium,1,63,115,13425,14118,Oligodendrocyte,2.097549
TACGGGATGCTAGCAG-1,Br2039,Visium,1,21,83,6079,10879,Astrocyte,1.4767065
TACGGGTAATAACATA-1,Br2039,Visium,1,72,88,15008,11405,Oligodendrocyte,3.129549
TACGTAAAGCGGAGTG-1,Br2039,Visium,1,63,103,13428,12910,Astrocyte,2.4526634
TACGTACTAGTGCTGA-1,Br2039,Visium,1,62,42,13269,6771,Astrocyte,2.1054795
TACGTGCAAGGTTCCT-1,Br2039,Visium,1,34,126,8344,15212,Astrocyte,1.650701
TACGTGCACTATGCTG-1,Br2039,Visium,1,21,33,6092,5847,Oligodendrocyte,1.498738
TACGTGGGCCCAGGGC-1,Br2039,Visium,1,69,81,14485,10699,Astrocyte,2.6477551
TACGTTTACCGGCAAT-1,Br2039,Visium,1,40,32,9419,5755,Astrocyte,2.408299
TACTACGTGCAATGCG-1,Br2039,Visium,1,71,85,14834,11102,Oligodendrocyte,3.101695
TACTATGGTTCCTCAG-1,Br2039,Visium,1,57,47,12392,7272,Astrocyte,2.4147205
TACTCATTGACGCATC-1,Br2039,Visium,1,72,122,15000,14826,Astrocyte,2.824944
TACTCCTCTAGTTGAC-1,Br2039,Visium,1,64,36,13621,6168,Astrocyte,2.826749
TACTCGTTTGAATCAA-1,Br2039,Visium,1,72,86,15009,11203,Astrocyte,3.588554
TACTCTCCGAACAAAT-1,Br2039,Visium,1,21,81,6079,10677,Astrocyte,1.1722214
TACTCTTACTTTACTG-1,Br2039,Visium,1,59,111,12726,13714,Astrocyte,2.2196279
TACTCTTTCGTCTTCA-1,Br2039,Visium,1,58,46,12567,7172,Astrocyte,2.430704
TACTGAACAGATTTAG-1,Br2039,Visium,1,56,44,12218,6969,Astrocyte,2.267006
TACTGCAATCAATTAC-1,Br2039,Visium,1,22,102,6249,12791,Astrocyte,3.0405295
TACTGCATGATTAAAT-1,Br2039,Visium,1,77,51,15893,7683,Oligodendrocyte,3.3842597
TACTGGACAGCTCGGC-1,Br2039,Visium,1,35,25,8545,5048,Oligodendrocyte,1.660644
TACTGTTTCTCTGGTA-1,Br2039,Visium,1,47,119,10623,14513,Oligodendrocyte,2.1378255
TACTTAAACATGTACA-1,Br2039,Visium,1,66,108,13952,13415,Astrocyte,2.8483047
TACTTGTTAGTAGTCC-1,Br2039,Visium,1,37,87,8880,11288,Oligodendrocyte,1.2964212
TACTTTACTGAGCCGG-1,Br2039,Visium,1,30,96,7652,12191,Oligodendrocyte,1.2091875
TAGAAAGGTGGCGCTA-1,Br2039,Visium,1,31,81,7830,10682,Oligodendrocyte,1.9714322
TAGAAGAAGGGTTACA-1,Br2039,Visium,1,65,125,13773,15125,Astrocyte,2.315462
TAGAATAGCCGATGAA-1,Br2039,Visium,1,62,100,13254,12608,Astrocyte,2.8386326
TAGACGAAACGCCAAT-1,Br2039,Visium,1,63,73,13436,9891,Astrocyte,2.8971932
TAGACGCCCGTACCGG-1,Br2039,Visium,1,32,90,8003,11588,Excitatory_neuron,1.0494573
TAGACTACCTAGCGTT-1,Br2039,Visium,1,38,104,9050,13000,Excitatory_neuron,1.201745
TAGAGATCATGCAACT-1,Br2039,Visium,1,44,26,10121,5153,Oligodendrocyte,2.027183
TAGAGCTACGAAGAAC-1,Br2039,Visium,1,13,53,4686,7856,Astrocyte,3.6378007
TAGAGGGAGTTTATCT-1,Br2039,Visium,1,73,65,15189,9090,Astrocyte,3.3850083
TAGAGGTTCTACTTGT-1,Br2039,Visium,1,54,96,11854,12202,Astrocyte,2.2853494
TAGAGTCTAAGCGAAC-1,Br2039,Visium,1,29,55,7487,8064,Oligodendrocyte,1.5401239
TAGAGTGTTCCGGGTA-1,Br2039,Visium,1,75,101,15530,12714,Oligodendrocyte,3.5256114
TAGATATGGACTGGAA-1,Br2039,Visium,1,49,53,10990,7872,Oligodendrocyte,2.0923848
TAGATGGTTCCTTACT-1,Br2039,Visium,1,59,97,12729,12305,Astrocyte,3.0214667
TAGATTCAAAGTGCGG-1,Br2039,Visium,1,69,39,14496,6472,Oligodendrocyte,3.3279107
TAGATTCTCTAGCAAA-1,Br2039,Visium,1,73,119,15175,14525,Astrocyte,3.3537936
TAGCAACCTGTCACAA-1,Br2039,Visium,1,22,26,6269,5143,Astrocyte,1.5357767
TAGCAGATACTTAGGG-1,Br2039,Visium,1,73,93,15182,11908,Oligodendrocyte,3.6609776
TAGCAGTATGACTAAA-1,Br2039,Visium,1,66,98,13955,12408,Astrocyte,2.0633807
TAGCCATTTCAAAGTC-1,Br2039,Visium,1,43,89,9930,11492,Oligodendrocyte,2.0225854
TAGCCGGCGGTCAGCG-1,Br2039,Visium,1,33,85,8180,11085,Oligodendrocyte,1.2803814
TAGCGTCCCTCGATTG-1,Br2039,Visium,1,45,109,10275,13506,Oligodendrocyte,1.7630885
TAGCGTCCGGTGTGGT-1,Br2039,Visium,1,53,77,11684,10289,Astrocyte,2.1444201
TAGCGTTGGGTCTTAC-1,Br2039,Visium,1,38,68,9060,9377,Oligodendrocyte,1.5502752
TAGCTAAGTCCGGGAG-1,Br2039,Visium,1,29,57,7486,8266,Excitatory_neuron,1.3917204
TAGCTAGAAGGCATGA-1,Br2039,Visium,1,51,51,11340,7672,Oligodendrocyte,1.8675009
TAGCTAGTGATGATGG-1,Br2039,Visium,1,60,48,12917,7374,Astrocyte,2.9669373
TAGCTCACTGTGTTTG-1,Br2039,Visium,1,71,121,14825,14725,Astrocyte,3.0567307
TAGCTCGCCTGATAAC-1,Br2039,Visium,1,50,58,11164,8376,Oligodendrocyte,2.0116158
TAGGAGGCTCGAGAAC-1,Br2039,Visium,1,73,115,15176,14122,Oligodendrocyte,3.4125364
TAGGATCTTAACCGCA-1,Br2039,Visium,1,76,70,15713,9595,Oligodendrocyte,3.3347707
TAGGCATGTTACGCCA-1,Br2039,Visium,1,23,85,6429,11081,Astrocyte,1.5983887
TAGGCCTATATAGTCT-1,Br2039,Visium,1,66,110,13952,13616,Astrocyte,2.3374865
TAGGCTAAAGTGGCAC-1,Br2039,Visium,1,65,99,13780,12509,Astrocyte,2.4596143
TAGGGAGCTTGGGATG-1,Br2039,Visium,1,36,96,8702,12194,Oligodendrocyte,1.9833593
TAGGGTGTTTCAAGAG-1,Br2039,Visium,1,22,54,6261,7961,Astrocyte,1.8738247
TAGGTCGCCGGAACTG-1,Br2039,Visium,1,32,100,8001,12594,Astrocyte,2.0377977
TAGGTGACGATAACCT-1,Br2039,Visium,1,61,79,13084,10494,Astrocyte,2.5949006
TAGGTGAGCCCTACTC-1,Br2039,Visium,1,29,33,7493,5850,Oligodendrocyte,1.9571991
TAGGTGCTCGCCTAGC-1,Br2039,Visium,1,40,86,9405,11189,Oligodendrocyte,1.4406168
TAGGTGTTCCACAGAT-1,Br2039,Visium,1,60,60,12914,8581,Astrocyte,1.3568275
TAGGTTCGAGTTCGTC-1,Br2039,Visium,1,35,67,8535,9275,Excitatory_neuron,1.2562959
TAGGTTCTGCTGAGAA-1,Br2039,Visium,1,72,62,15015,8788,Astrocyte,3.7550714
TAGTAGCTTATACCAG-1,Br2039,Visium,1,61,43,13094,6871,Astrocyte,2.3147497
TAGTAGTTGCCGGACA-1,Br2039,Visium,1,77,73,15888,9897,Oligodendrocyte,3.8306277
TAGTCCCGGAGACCAC-1,Br2039,Visium,1,66,48,13968,7376,Astrocyte,2.9569802
TAGTCCGCAGAGAATG-1,Br2039,Visium,1,39,53,9239,7868,Oligodendrocyte,1.8510191
TAGTCCTGCACTAAGC-1,Br2039,Visium,1,69,25,14499,5063,Astrocyte,3.553105
TAGTCGATCACGGGTT-1,Br2039,Visium,1,48,96,10804,12199,Astrocyte,1.7582972
TAGTCTAACAACGAGA-1,Br2039,Visium,1,40,34,9419,5956,Oligodendrocyte,2.254757
TAGTCTGCGGCACATT-1,Br2039,Visium,1,72,36,15022,6172,Oligodendrocyte,3.7571027
TAGTCTGTGACGTTGC-1,Br2039,Visium,1,23,103,6424,12892,Astrocyte,2.8837786
TAGTCTTTCCGAATTG-1,Br2039,Visium,1,50,116,11149,14213,Excitatory_neuron,1.7910912
TAGTGACAAGCTCTAC-1,Br2039,Visium,1,73,123,15174,14928,Oligodendrocyte,3.251452
TAGTGCCCTCCAGAGT-1,Br2039,Visium,1,32,52,8013,7764,Astrocyte,1.5957623
TAGTTAAGATAGGATA-1,Br2039,Visium,1,12,82,4503,10774,Astrocyte,1.752351
TATAAATCCACAAGCT-1,Br2039,Visium,1,20,44,5914,6953,Astrocyte,1.3952354
TATAAGTGAGGATAGC-1,Br2039,Visium,1,21,39,6090,6451,Astrocyte,2.1341226
TATACACAGACGCCTT-1,Br2039,Visium,1,50,60,11163,8577,Astrocyte,2.4238238
TATACACGCAAAGTAT-1,Br2039,Visium,1,18,36,5566,6147,Astrocyte,1.6917121
TATACCGAGTGCCACA-1,Br2039,Visium,1,50,120,11148,14615,Oligodendrocyte,1.971266
TATACGCGTCATCACT-1,Br2039,Visium,1,60,68,12912,9387,Oligodendrocyte,2.0052006
TATAGAGTCGCTTGAA-1,Br2039,Visium,1,64,46,13618,7174,Oligodendrocyte,1.2363002
TATAGATGGTCGCAGT-1,Br2039,Visium,1,40,102,9401,12799,Oligodendrocyte,1.786715
TATATAGGGCTTTACG-1,Br2039,Visium,1,63,33,13446,5866,Astrocyte,2.8471365
TATATATCGAGAAATG-1,Br2039,Visium,1,60,28,12922,5361,Astrocyte,2.4387012
TATATCAAAGTGATCT-1,Br2039,Visium,1,71,37,14846,6272,Astrocyte,2.9693322
TATATCCCTGGGAGGA-1,Br2039,Visium,1,36,98,8702,12395,Astrocyte,1.330919
TATATTCGCGTCGATA-1,Br2039,Visium,1,8,62,3808,8759,Mural,0.97987556
TATCACCCAACCGACC-1,Br2039,Visium,1,24,100,6600,12591,Astrocyte,1.9359686
TATCACTTCGAGTAAC-1,Br2039,Visium,1,17,99,5374,12487,Astrocyte,1.901526
TATCCAATTGGTTATC-1,Br2039,Visium,1,55,79,12034,10491,Astrocyte,1.9636964
TATCCATATCATGCGA-1,Br2039,Visium,1,18,52,5561,7758,Astrocyte,1.2993972
TATCCCTCGATCTGCA-1,Br2039,Visium,1,76,84,15710,11004,Oligodendrocyte,3.0909674
TATCCGCACCGTCGGG-1,Br2039,Visium,1,59,53,12741,7877,Astrocyte,2.5112677
TATCCTATCAACTGGT-1,Br2039,Visium,1,69,59,14490,8485,Astrocyte,3.2651238
TATCCTGCATGGGAAT-1,Br2039,Visium,1,14,54,4861,7957,Astrocyte,3.3166
TATCGATCTATGCATA-1,Br2039,Visium,1,22,88,6253,11382,Astrocyte,1.0638752
TATCGATGATTAAACG-1,Br2039,Visium,1,23,49,6438,7458,Astrocyte,1.396058
TATCTACCACAGCGGG-1,Br2039,Visium,1,42,60,9762,8573,Astrocyte,1.966965
TATGAAGAATTAAGGT-1,Br2039,Visium,1,67,99,14130,12510,Astrocyte,2.0183423
TATGATCCGGCACGCC-1,Br2039,Visium,1,26,112,6947,13799,Astrocyte,1.9367933
TATGATCTTCTCTTTA-1,Br2039,Visium,1,58,90,12556,11600,Astrocyte,2.5306544
TATGCTCCCTACTTAC-1,Br2039,Visium,1,25,61,6785,8666,Oligodendrocyte,0.97337955
TATGGATGTGCTACGC-1,Br2039,Visium,1,26,54,6962,7962,Astrocyte,1.5872778
TATGGCCCGGCCTCGC-1,Br2039,Visium,1,30,30,7668,5549,Oligodendrocyte,1.9931086
TATGGCTAGGCTAATT-1,Br2039,Visium,1,27,125,7119,15108,Astrocyte,2.7216244
TATGGGACCGAGCAGG-1,Br2039,Visium,1,36,56,8712,8168,Oligodendrocyte,1.8574725
TATGGGTACGTATCGT-1,Br2039,Visium,1,32,58,8012,8368,Oligodendrocyte,1.4968593
TATGGTCTGAGTAACA-1,Br2039,Visium,1,36,58,8712,8369,Excitatory_neuron,1.1110045
TATGGTTAGTGGGAGA-1,Br2039,Visium,1,41,105,9575,13102,Oligodendrocyte,1.3956234
TATGTAAAGTGCTTAA-1,Br2039,Visium,1,66,44,13969,6974,Oligodendrocyte,3.2999928
TATGTCAAGACCGACT-1,Br2039,Visium,1,20,92,5901,11784,Astrocyte,2.7689633
TATGTCTCATTGTGCC-1,Br2039,Visium,1,30,82,7655,10782,Oligodendrocyte,1.4719285
TATTAACCTGACCGCG-1,Br2039,Visium,1,57,45,12393,7071,Oligodendrocyte,2.5979931
TATTACCATCCTGCTT-1,Br2039,Visium,1,38,96,9052,12195,Oligodendrocyte,1.7575965
TATTCAATTCTAATCC-1,Br2039,Visium,1,34,74,8358,9979,Astrocyte,1.9284983
TATTCCACTCAGCTCG-1,Br2039,Visium,1,49,57,10989,8275,Astrocyte,1.9601855
TATTCCGAGCTGTTAT-1,Br2039,Visium,1,54,86,11857,11195,Astrocyte,2.4112628
TATTCCGGCAGTCCTA-1,Br2039,Visium,1,5,57,3284,8255,Oligodendrocyte,1.5763958
TATTCCTCCGCCCACT-1,Br2039,Visium,1,48,32,10820,5758,Astrocyte,2.8305902
TATTCGTGCCAGAATA-1,Br2039,Visium,1,34,64,8360,8972,Oligodendrocyte,1.4570405
TATTGACATTTCTGCC-1,Br2039,Visium,1,35,117,8522,14307,Astrocyte,1.0939468
TATTGCCGGGCTTGTA-1,Br2039,Visium,1,67,113,14126,13918,Oligodendrocyte,2.2757034
TATTTAGTCTAGATCG-1,Br2039,Visium,1,18,58,5560,8361,Astrocyte,1.1208087
TATTTATACCGAGTAG-1,Br2039,Visium,1,16,78,5205,10373,Astrocyte,2.0350397
TATTTGATTTGCACAG-1,Br2039,Visium,1,54,118,11849,14416,Oligodendrocyte,1.5461743
TATTTGTTACCCTTTA-1,Br2039,Visium,1,24,46,6614,7156,Astrocyte,1.5113952
TCAAACAACCGCGTCG-1,Br2039,Visium,1,24,60,6610,8565,Astrocyte,1.5761225
TCAAACTTAGATTGTT-1,Br2039,Visium,1,31,65,7835,9072,Oligodendrocyte,1.4937599
TCAAAGTCACGGCGTC-1,Br2039,Visium,1,70,24,14674,4963,Oligodendrocyte,3.2301137
TCAAATTATGTTCGAC-1,Br2039,Visium,1,74,126,15349,15230,Astrocyte,2.3474948
TCAAATTGTTGTGCCG-1,Br2039,Visium,1,68,78,14310,10397,Astrocyte,2.7990537
TCAAATTTGAGACTCA-1,Br2039,Visium,1,60,70,12912,9588,Astrocyte,2.5863914
TCAACAAAGATAATTC-1,Br2039,Visium,1,53,29,11696,5459,Oligodendrocyte,2.237528
TCAACACATTGGGTAA-1,Br2039,Visium,1,11,35,4340,6044,Astrocyte,2.6970024
TCAACATAGCGCCCTA-1,Br2039,Visium,1,58,44,12568,6970,Astrocyte,1.5094662
TCAACCATGTTCGGGC-1,Br2039,Visium,1,25,51,6788,7660,Astrocyte,1.7886806
TCAACGAGGAGACAAA-1,Br2039,Visium,1,42,56,9763,8171,Oligodendrocyte,1.84056
TCAACGCAGGAAATAA-1,Br2039,Visium,1,49,31,10995,5658,Astrocyte,2.8112304
TCAACTGCAGAGTCAG-1,Br2039,Visium,1,56,108,12201,13410,Oligodendrocyte,2.126131
TCAAGAAATACTAGCT-1,Br2039,Visium,1,34,108,8349,13401,Astrocyte,1.6196625
TCAAGCGCGGACGGTA-1,Br2039,Visium,1,58,114,12550,14015,Astrocyte,2.0716145
TCAAGCTGCCTTGAAA-1,Br2039,Visium,1,28,126,7294,15209,Astrocyte,2.4696312
TCAAGGTTACTACACC-1,Br2039,Visium,1,47,103,10627,12903,Oligodendrocyte,1.5315617
TCAATACGCCGTCATG-1,Br2039,Visium,1,63,61,13439,8683,Astrocyte,2.7291527
TCAATATACAGGAGGC-1,Br2039,Visium,1,70,118,14650,14423,Astrocyte,3.5522316
TCAATCCCGCGCCAAA-1,Br2039,Visium,1,69,121,14474,14724,Oligodendrocyte,2.8239393
TCAATCCGGGAAGTTT-1,Br2039,Visium,1,74,104,15354,13016,Astrocyte,3.1964269
TCACAAACCGAGGTAC-1,Br2039,Visium,1,61,95,13080,12104,Astrocyte,2.0947375
TCACAGCAAACTCGAA-1,Br2039,Visium,1,51,49,11341,7470,Oligodendrocyte,1.817935
TCACAGGAGAATAAGA-1,Br2039,Visium,1,55,49,12041,7472,Astrocyte,2.3131745
TCACAGGGAATCGCAA-1,Br2039,Visium,1,47,79,10633,10488,Oligodendrocyte,1.2393124
TCACAGGTTATTGGGC-1,Br2039,Visium,1,32,48,8014,7361,Oligodendrocyte,1.703163
TCACCCTCTTAAGATT-1,Br2039,Visium,1,45,59,10288,8474,Oligodendrocyte,2.5789056
TCACCGCTCGGCACTC-1,Br2039,Visium,1,30,92,7653,11788,Astrocyte,1.5772495
TCACGATGTCCGTGGA-1,Br2039,Visium,1,52,28,11521,5357,Astrocyte,1.7918363
TCACGCATTGTAGATC-1,Br2039,Visium,1,33,49,8189,7462,Mural,1.0815598
TCACGGTCATCGCACA-1,Br2039,Visium,1,23,45,6439,7055,Astrocyte,1.4490161
TCACGTGCCCGATTCA-1,Br2039,Visium,1,38,62,9061,8773,Oligodendrocyte,1.8560979
TCACTACGACCAATGC-1,Br2039,Visium,1,13,95,4675,12083,Mural,1.6544712
TCACTATCCCTTCGGT-1,Br2039,Visium,1,72,104,15004,13015,Astrocyte,3.513146
TCACTCGTGCAACGGC-1,Br2039,Visium,1,15,93,5026,11882,Mural,2.0053008
TCAGAACCTCCACAGG-1,Br2039,Visium,1,30,106,7649,13197,Astrocyte,1.424236
TCAGAACGGCGGTAAT-1,Br2039,Visium,1,73,79,15186,10499,Oligodendrocyte,3.638131
TCAGACGCTATAGAAG-1,Br2039,Visium,1,48,72,10810,9784,Oligodendrocyte,1.9429765
TCAGAGGACGCGTTAG-1,Br2039,Visium,1,75,87,15534,11305,Oligodendrocyte,3.3497071
TCAGAGTGTGAGCATG-1,Br2039,Visium,1,61,127,13072,15325,Astrocyte,1.9181556
TCAGCAAATGCATCTC-1,Br2039,Visium,1,31,73,7833,9877,Astrocyte,2.0933945
TCAGCAGTAGGCCCTG-1,Br2039,Visium,1,61,41,13094,6670,Oligodendrocyte,2.0506105
TCAGCCAATCCGTAAA-1,Br2039,Visium,1,63,105,13428,13112,Oligodendrocyte,1.8189309
TCAGCGCACGCCGTTT-1,Br2039,Visium,1,74,80,15361,10601,Astrocyte,3.4310317
TCAGGGTGTAACGTAA-1,Br2039,Visium,1,28,72,7307,9775,Astrocyte,1.7156715
TCAGGTTCTTTGAGAA-1,Br2039,Visium,1,30,42,7665,6757,Astrocyte,1.4950373
TCAGTACTGACCCGCG-1,Br2039,Visium,1,26,34,6967,5950,Astrocyte,1.8936944
TCAGTAGGGACTATAA-1,Br2039,Visium,1,46,48,10466,7368,Astrocyte,3.030252
TCAGTGTATACGTCAT-1,Br2039,Visium,1,58,36,12570,6165,Oligodendrocyte,1.8126981
TCATAAGTCCAAGAAG-1,Br2039,Visium,1,62,124,13248,15023,Oligodendrocyte,1.7032067
TCATACTTACAGATCC-1,Br2039,Visium,1,22,24,6269,4941,Astrocyte,2.1000607
TCATATGAGCTTTGTT-1,Br2039,Visium,1,64,62,13614,8785,Oligodendrocyte,2.2691941
TCATCACTCGAGCTCG-1,Br2039,Visium,1,17,29,5392,5442,Astrocyte,1.1402603
TCATCCTCAGCTGCTT-1,Br2039,Visium,1,68,90,14307,11604,Astrocyte,2.4377918
TCATCGACGACCGTCG-1,Br2039,Visium,1,70,84,14659,11001,Astrocyte,3.1688848
TCATCGATGGTCCCAA-1,Br2039,Visium,1,57,29,12397,5460,Astrocyte,2.5134606
TCATGCAGGTTCTCAT-1,Br2039,Visium,1,18,84,5553,10978,Astrocyte,3.21382
TCATGGAGGCCTTTGT-1,Br2039,Visium,1,77,119,15876,14527,Astrocyte,2.9846385
TCATTTAAGTCTCCGA-1,Br2039,Visium,1,35,99,8526,12495,Oligodendrocyte,1.9559005
TCATTTAGAAGTGTGA-1,Br2039,Visium,1,54,110,11851,13611,Astrocyte,2.6880126
TCCAACTCAGCTATCT-1,Br2039,Visium,1,67,91,14132,11704,Oligodendrocyte,2.953269
TCCAACTTTAAATTCT-1,Br2039,Visium,1,40,40,9417,6560,Oligodendrocyte,1.9359552
TCCAAGCCTAGACACA-1,Br2039,Visium,1,67,79,14135,10497,Oligodendrocyte,2.59198
TCCAATAAAGGCTACC-1,Br2039,Visium,1,63,53,13441,7878,Astrocyte,2.9090393
TCCACAATGGTTTACG-1,Br2039,Visium,1,30,36,7667,6153,Oligodendrocyte,2.230072
TCCACATCGTATATTG-1,Br2039,Visium,1,69,67,14488,9290,Astrocyte,3.3686943
TCCACCAAGACATAGG-1,Br2039,Visium,1,72,108,15003,13418,Astrocyte,3.8182964
TCCACCTCTAGCCTTT-1,Br2039,Visium,1,61,53,13091,7877,Astrocyte,1.6906006
TCCACTTTATCTAGGT-1,Br2039,Visium,1,31,79,7831,10481,Oligodendrocyte,1.2794101
TCCAGAGCACCGGTTC-1,Br2039,Visium,1,40,70,9409,9579,Oligodendrocyte,2.092832
TCCAGATGTACGCCAA-1,Br2039,Visium,1,24,114,6596,14000,Astrocyte,2.649333
TCCAGCGCTATAAGCG-1,Br2039,Visium,1,52,116,11499,14214,Oligodendrocyte,1.6304173
TCCAGGCAGGACGATC-1,Br2039,Visium,1,72,56,15016,8184,Astrocyte,2.7666714
TCCAGGCGAGTACGGT-1,Br2039,Visium,1,31,57,7837,8267,Oligodendrocyte,1.6182544
TCCAGGGTATATACGA-1,Br2039,Visium,1,61,63,13088,8884,Astrocyte,2.6224854
TCCATTAGTTGGATAG-1,Br2039,Visium,1,6,26,3467,5136,Astrocyte,2.0800757
TCCCAAACATCCTCTA-1,Br2039,Visium,1,75,35,15547,6072,Astrocyte,3.3760667
TCCCAAAGACGAAGGA-1,Br2039,Visium,1,26,60,6960,8566,Astrocyte,0.8905415
TCCCAAAGCCCTAAAT-1,Br2039,Visium,1,39,117,9222,14308,Oligodendrocyte,1.6338887
TCCCAATATCGACGAC-1,Br2039,Visium,1,77,101,15880,12715,Astrocyte,3.0411732
TCCCACTCTCTTCCGG-1,Br2039,Visium,1,31,107,7824,13299,Astrocyte,2.4758384
TCCCAGCACACGACAT-1,Br2039,Visium,1,56,124,12197,15021,Oligodendrocyte,2.8438997
TCCCAGCTTTAGTCTG-1,Br2039,Visium,1,34,56,8362,8167,Oligodendrocyte,1.7822509
TCCCAGGCTTAGCTAA-1,Br2039,Visium,1,30,48,7664,7360,Astrocyte,1.5726773
TCCCGCCTATGTGCGT-1,Br2039,Visium,1,32,122,7995,14809,Excitatory_neuron,1.2073032
TCCCGCGTACTCCTGG-1,Br2039,Visium,1,27,69,7133,9472,Oligodendrocyte,1.4856486
TCCCGGGTGTGCTGCT-1,Br2039,Visium,1,34,34,8368,5953,Astrocyte,2.407341
TCCCGTCAGTCCCGCA-1,Br2039,Visium,1,23,75,6431,10075,Astrocyte,1.3328042
TCCCGTCGCGTCATAG-1,Br2039,Visium,1,29,115,7472,14103,Astrocyte,1.2499108
TCCCGTGTGCAATTTG-1,Br2039,Visium,1,44,80,10107,10587,Excitatory_neuron,1.4083371
TCCCTAGATCAATAGG-1,Br2039,Visium,1,28,114,7297,14002,Astrocyte,1.1880348
TCCCTCTTCTCAAGGG-1,Br2039,Visium,1,65,115,13776,14119,Astrocyte,2.8162541
TCCCTGGCTCGCTGGA-1,Br2039,Visium,1,33,27,8195,5248,Astrocyte,1.8593304
TCCCTTAGATTACTCG-1,Br2039,Visium,1,18,86,5553,11179,Astrocyte,2.5910158
TCCCTTGTCTGAAACT-1,Br2039,Visium,1,67,115,14126,14120,Astrocyte,2.8856792
TCCGAACGTTGCCGCT-1,Br2039,Visium,1,51,121,11322,14716,Astrocyte,1.549407
TCCGAATGGTCCTGAG-1,Br2039,Visium,1,31,113,7822,13902,Astrocyte,1.2423587
TCCGACCGCTAATCAA-1,Br2039,Visium,1,70,36,14671,6171,Astrocyte,3.5586228
TCCGATAATTGCCATA-1,Br2039,Visium,1,18,64,5558,8965,Astrocyte,1.7346299
TCCGATGACTGAGCTC-1,Br2039,Visium,1,22,76,6256,10175,Inhibitory_neuron,1.1419498
TCCGATGGTGCGACAT-1,Br2039,Visium,1,25,53,6787,7861,Astrocyte,1.6887538
TCCGATTACATTGCCG-1,Br2039,Visium,1,32,32,8018,5751,Astrocyte,1.9565988
TCCGCCTGTCTACAAG-1,Br2039,Visium,1,56,74,12210,9989,Astrocyte,1.9824859
TCCGCGGCAGCATCTG-1,Br2039,Visium,1,34,84,8355,10985,Oligodendrocyte,1.5172379
TCCGCGGCCCAATGAA-1,Br2039,Visium,1,53,99,11678,12503,Oligodendrocyte,2.3494184
TCCGCTGTCATCCCGG-1,Br2039,Visium,1,47,81,10632,10689,Oligodendrocyte,1.990044
TCCGCTTATCCCATTA-1,Br2039,Visium,1,50,64,11162,8980,Oligodendrocyte,2.219046
TCCGGCCTAGCGTACA-1,Br2039,Visium,1,28,98,7301,12391,Astrocyte,1.5059028
TCCGGCTGTCGGGTCG-1,Br2039,Visium,1,59,127,12722,15324,Oligodendrocyte,2.192183
TCCGGGCCACTAACGG-1,Br2039,Visium,1,76,100,15706,12614,Oligodendrocyte,3.8682742
TCCGGGCTTGACGGGA-1,Br2039,Visium,1,66,96,13956,12207,Astrocyte,2.3026645
TCCGGTTCGTCCGGTC-1,Br2039,Visium,1,51,53,11340,7873,Oligodendrocyte,1.5797738
TCCGTTAAGCTAATAT-1,Br2039,Visium,1,52,100,11503,12603,Astrocyte,1.3993204
TCCGTTTAGCCTTGAA-1,Br2039,Visium,1,29,89,7478,11486,Astrocyte,1.742669
TCCTAAAGATTCAGAC-1,Br2039,Visium,1,68,84,14309,11000,Astrocyte,3.0218935
TCCTAAATTGGGAAGC-1,Br2039,Visium,1,56,70,12211,9586,Astrocyte,2.3369586
TCCTAACCGTCGGGCA-1,Br2039,Visium,1,62,46,13268,7173,Astrocyte,2.3866982
TCCTACATCCACGGCC-1,Br2039,Visium,1,46,84,10456,10991,Astrocyte,2.1172254
TCCTAGCAAAGAAGCT-1,Br2039,Visium,1,41,41,9592,6661,Oligodendrocyte,2.483985
TCCTATCATAGGTAAC-1,Br2039,Visium,1,46,120,10447,14614,Excitatory_neuron,1.4912066
TCCTCGGGCTGGGCTT-1,Br2039,Visium,1,40,76,9408,10183,Oligodendrocyte,1.7606565
TCCTCTACGAGATGGC-1,Br2039,Visium,1,26,32,6968,5748,Astrocyte,0.9901034
TCCTGCAGCCGCCAAT-1,Br2039,Visium,1,77,77,15887,10300,Oligodendrocyte,3.221572
TCCTGCGTTGATACTC-1,Br2039,Visium,1,38,30,9069,5552,Astrocyte,2.3512096
TCCTTACGACGGTCCG-1,Br2039,Visium,1,49,95,10979,12099,Oligodendrocyte,1.5366157
TCCTTGTCCTTTAATT-1,Br2039,Visium,1,69,69,14488,9491,Astrocyte,2.9459372
TCCTTTAAATCCGCTT-1,Br2039,Visium,1,56,92,12205,11800,Astrocyte,2.3313637
TCCTTTCTTACGCTTA-1,Br2039,Visium,1,30,62,7660,8769,Oligodendrocyte,1.19637
TCGAAATTTAGGACCA-1,Br2039,Visium,1,29,45,7490,7058,Oligodendrocyte,1.6760414
TCGAAGAACCGAGCAC-1,Br2039,Visium,1,45,99,10277,12500,Astrocyte,1.9754496
TCGAATATCCCGCAGG-1,Br2039,Visium,1,58,32,12571,5763,Astrocyte,2.7242022
TCGAATCGCAGGGTAG-1,Br2039,Visium,1,75,53,15543,7884,Oligodendrocyte,3.8339868
TCGACATAGCGTAGCG-1,Br2039,Visium,1,72,30,15023,5568,Astrocyte,3.2923417
TCGACTGACGATGGCT-1,Br2039,Visium,1,75,119,15526,14526,Astrocyte,3.2285438
TCGAGACCAACACCGT-1,Br2039,Visium,1,37,55,8888,8068,Oligodendrocyte,1.7047387
TCGAGCCAGGCAGGCC-1,Br2039,Visium,1,57,37,12395,6265,Astrocyte,2.546919
TCGAGGGCAACAGACG-1,Br2039,Visium,1,57,119,12374,14518,Oligodendrocyte,1.80257
TCGATAGGCTAGTCGC-1,Br2039,Visium,1,8,48,3811,7351,Mural,1.0470072
TCGATTTACGAAACGA-1,Br2039,Visium,1,76,68,15714,9394,Oligodendrocyte,3.356236
TCGCAAAGATGCATTT-1,Br2039,Visium,1,47,75,10634,10085,Astrocyte,1.5073009
TCGCACCAGGAGGCAG-1,Br2039,Visium,1,50,80,11158,10590,Oligodendrocyte,1.785194
TCGCATAAAGGGCGCA-1,Br2039,Visium,1,63,111,13426,13715,Oligodendrocyte,2.3617716
TCGCATCCCTAAGTGT-1,Br2039,Visium,1,15,31,5042,5643,Astrocyte,2.0359662
TCGCATTCAATGACTT-1,Br2039,Visium,1,9,37,3989,6244,Mural,1.6665846
TCGCCACCCGGATTAC-1,Br2039,Visium,1,75,19,15551,4462,Astrocyte,3.2288535
TCGCCGAAGTTGCGTC-1,Br2039,Visium,1,45,37,10293,6260,Oligodendrocyte,2.4040005
TCGCCGACATATTCGC-1,Br2039,Visium,1,66,86,13958,11201,Astrocyte,2.3393779
TCGCCGGTCGATCCGT-1,Br2039,Visium,1,19,61,5734,8664,Astrocyte,1.8892062
TCGCCTCCTTCGGCTC-1,Br2039,Visium,1,74,92,15357,11808,Oligodendrocyte,3.7329361
TCGCGTAGCAGTGTCC-1,Br2039,Visium,1,57,99,12379,12505,Oligodendrocyte,1.7677683
TCGCGTCCAGAAGGTC-1,Br2039,Visium,1,31,29,7844,5449,Astrocyte,1.7055302
TCGCTAAACCGCTATC-1,Br2039,Visium,1,19,89,5727,11482,Astrocyte,2.6402593
TCGCTACTGGCTTTGA-1,Br2039,Visium,1,65,73,13786,9892,Astrocyte,2.873617
TCGCTCGATATATTCC-1,Br2039,Visium,1,29,63,7485,8870,Oligodendrocyte,1.9208767
TCGCTCGGCACCAGCG-1,Br2039,Visium,1,24,108,6598,13396,Astrocyte,2.9702775
TCGCTGCCAATGCTGT-1,Br2039,Visium,1,68,80,14310,10598,Oligodendrocyte,2.9663982
TCGCTGGGCGGATTGT-1,Br2039,Visium,1,28,74,7307,9976,Oligodendrocyte,0.9447544
TCGCTGTGCGTAAATC-1,Br2039,Visium,1,17,41,5389,6650,Excitatory_neuron,1.3499482
TCGCTTTAAACGTTTG-1,Br2039,Visium,1,25,87,6778,11283,Astrocyte,1.4490728
TCGGAATGCGCTCTGA-1,Br2039,Visium,1,30,28,7669,5348,Oligodendrocyte,2.264712
TCGGACGCCCAGCCCA-1,Br2039,Visium,1,33,79,8181,10482,Excitatory_neuron,1.3621463
TCGGAGTACATGAGTA-1,Br2039,Visium,1,32,74,8007,9978,Oligodendrocyte,1.5462265
TCGGCAGGGTTAAGGG-1,Br2039,Visium,1,70,122,14649,14826,Astrocyte,2.0640166
TCGGCGAACCCAAACC-1,Br2039,Visium,1,49,105,10976,13105,Oligodendrocyte,1.658087
TCGGCTTGTATCGACG-1,Br2039,Visium,1,58,96,12555,12204,Astrocyte,2.8418856
TCGGGAACGTGCCTAG-1,Br2039,Visium,1,31,109,7823,13500,Astrocyte,1.9408731
TCGGGAGACAGCGTAC-1,Br2039,Visium,1,59,71,12736,9688,Astrocyte,2.6104074
TCGGGCCGTCGTGGTA-1,Br2039,Visium,1,40,88,9405,11390,Astrocyte,2.1655195
TCGGTCCCGACAATAG-1,Br2039,Visium,1,57,23,12398,4856,Oligodendrocyte,2.2354336
TCGTAACTCCCAAGAC-1,Br2039,Visium,1,67,119,14125,14522,Astrocyte,2.2423382
TCGTAAGACGACATTG-1,Br2039,Visium,1,27,77,7131,10278,Astrocyte,2.7475877
TCGTACCGACGTCAAG-1,Br2039,Visium,1,68,56,14316,8182,Oligodendrocyte,2.9744968
TCGTATTACCCATTGC-1,Br2039,Visium,1,37,25,8896,5049,Oligodendrocyte,2.3602102
TCGTCAAGTACGCGCA-1,Br2039,Visium,1,56,38,12219,6366,Astrocyte,1.9459662
TCGTCCGCTGGCGTCT-1,Br2039,Visium,1,22,40,6265,6552,Astrocyte,1.8100756
TCGTCTTAGGCGTTAA-1,Br2039,Visium,1,53,83,11682,10893,Astrocyte,1.9483014
TCGTGTACTATGGATG-1,Br2039,Visium,1,47,77,10633,10287,Astrocyte,2.3878026
TCGTGTATTGGTCACG-1,Br2039,Visium,1,53,117,11674,14315,Oligodendrocyte,2.146581
TCGTGTTCGACCACAA-1,Br2039,Visium,1,57,105,12377,13109,Oligodendrocyte,1.8665657
TCGTTAGGAGTCCCTA-1,Br2039,Visium,1,52,54,11515,7974,Astrocyte,2.996755
TCGTTGCTATCCGGTC-1,Br2039,Visium,1,54,46,11867,7170,Astrocyte,2.3239226
TCGTTGGCTCGTCAAT-1,Br2039,Visium,1,9,31,3991,5640,Astrocyte,2.2028599
TCGTTTACGCGACCCT-1,Br2039,Visium,1,70,94,14656,12008,Oligodendrocyte,2.9767094
TCTAACCTAGCCTGCG-1,Br2039,Visium,1,74,112,15352,13821,Astrocyte,3.583121
TCTAATACTGCCTCAG-1,Br2039,Visium,1,57,25,12398,5058,Oligodendrocyte,2.016381
TCTACCCAATAGAGAG-1,Br2039,Visium,1,56,106,12202,13209,Oligodendrocyte,2.4206197
TCTACCCGCATCATTT-1,Br2039,Visium,1,75,113,15527,13922,Astrocyte,3.247531
TCTACCGTCCACAAGC-1,Br2039,Visium,1,27,67,7134,9271,Astrocyte,1.8286568
TCTACGCACGATCTCC-1,Br2039,Visium,1,75,29,15549,5468,Astrocyte,3.0235167
TCTAGCAATCTCCGCC-1,Br2039,Visium,1,46,30,10470,5556,Astrocyte,2.2984695
TCTAGCATCTTCGATG-1,Br2039,Visium,1,23,43,6439,6854,Oligodendrocyte,1.492545
TCTAGCATGCCCAGAA-1,Br2039,Visium,1,48,66,10811,9180,Astrocyte,2.0882065
TCTAGGTGGCGACGCT-1,Br2039,Visium,1,29,99,7476,12493,Astrocyte,1.8052562
TCTAGTGATATCGTGG-1,Br2039,Visium,1,44,98,10103,12399,Oligodendrocyte,1.3848732
TCTAGTTATCAGAAGA-1,Br2039,Visium,1,34,54,8363,7966,Astrocyte,1.7029691
TCTATAGGTGGGTAAT-1,Br2039,Visium,1,65,109,13777,13515,Astrocyte,2.0051498
TCTATCATGCAGTTAC-1,Br2039,Visium,1,18,40,5565,6550,Mural,1.5692155
TCTATCCGATTGCACA-1,Br2039,Visium,1,73,85,15184,11103,Oligodendrocyte,3.6628704
TCTATCGGTCGCAACA-1,Br2039,Visium,1,22,64,6259,8967,Astrocyte,2.0069551
TCTATGCTATAACGAC-1,Br2039,Visium,1,64,94,13606,12005,Astrocyte,2.8461633
TCTATTACGCTGGCGA-1,Br2039,Visium,1,14,34,4866,5944,Astrocyte,2.790405
TCTCAAATCAATCGGG-1,Br2039,Visium,1,71,89,14833,11505,Astrocyte,3.130168
TCTCAGGCTACTCGCT-1,Br2039,Visium,1,72,118,15001,14424,Astrocyte,3.2818909
TCTCATGAGATAGGGT-1,Br2039,Visium,1,49,87,10981,11294,Astrocyte,1.4694381
TCTCCAACGTAGGTTA-1,Br2039,Visium,1,20,78,5905,10375,Astrocyte,1.8927639
TCTCCACAAGTTGAAT-1,Br2039,Visium,1,61,93,13081,11903,Oligodendrocyte,1.7290853
TCTCCCTGGGCAGCGT-1,Br2039,Visium,1,54,80,11858,10592,Oligodendrocyte,1.8724697
TCTCGACGTATCGCCG-1,Br2039,Visium,1,45,113,10274,13909,Oligodendrocyte,1.8335588
TCTCGAGGAGGTTCGC-1,Br2039,Visium,1,52,112,11500,13811,Excitatory_neuron,1.617852
TCTCGGCTCCAGGACT-1,Br2039,Visium,1,13,23,4693,4837,Astrocyte,2.7922044
TCTCTAATAGCTGGTA-1,Br2039,Visium,1,20,52,5912,7758,Astrocyte,1.9551704
TCTCTCGCCGCACATA-1,Br2039,Visium,1,55,115,12024,14114,Oligodendrocyte,1.8592695
TCTCTTACCGCGAACC-1,Br2039,Visium,1,65,43,13794,6873,Astrocyte,2.8120809
TCTGAACCGGTCGGCT-1,Br2039,Visium,1,21,37,6091,6249,Astrocyte,1.2531404
TCTGAACTCGTACCCG-1,Br2039,Visium,1,47,95,10629,12098,Astrocyte,2.3292956
TCTGAAGCACGTGGTC-1,Br2039,Visium,1,56,84,12208,10995,Astrocyte,2.852539
TCTGAATTCCGTACAA-1,Br2039,Visium,1,34,94,8352,11992,Oligodendrocyte,1.5234416
TCTGACGGGCTAACCC-1,Br2039,Visium,1,28,120,7295,14605,Astrocyte,1.8544703
TCTGAGCAATTGACTG-1,Br2039,Visium,1,54,112,11850,13812,Astrocyte,2.281033
TCTGATCGGGTGCTAG-1,Br2039,Visium,1,34,118,8346,14407,Oligodendrocyte,1.4504666
TCTGATGTATTCTGTC-1,Br2039,Visium,1,51,83,11332,10892,Oligodendrocyte,1.5482255
TCTGATTGGAAATGGA-1,Br2039,Visium,1,35,123,8520,14911,Astrocyte,1.6154808
TCTGCATACCTTGCTT-1,Br2039,Visium,1,61,99,13079,12507,Oligodendrocyte,2.014461
TCTGCCAGAAACTGCA-1,Br2039,Visium,1,41,79,9582,10485,Oligodendrocyte,1.5726087
TCTGCGTCCGGTTTCT-1,Br2039,Visium,1,15,23,5044,4838,Astrocyte,1.870158
TCTGCTTAGAACAAGC-1,Br2039,Visium,1,50,126,11146,15219,Excitatory_neuron,1.5405037
TCTGGAGCGTAAGAGT-1,Br2039,Visium,1,38,126,9045,15214,Excitatory_neuron,1.3568923
TCTGGCCGTTCAAGTT-1,Br2039,Visium,1,36,122,8696,14810,Astrocyte,2.630241
TCTGGGAACCTTTGAA-1,Br2039,Visium,1,40,98,9402,12397,Oligodendrocyte,2.0604596
TCTGGGTAGCGCTCAT-1,Br2039,Visium,1,40,36,9418,6157,Astrocyte,3.212992
TCTGTGCCATCATAGT-1,Br2039,Visium,1,32,80,8006,10582,Astrocyte,1.5004207
TCTGTGGCTACATTTC-1,Br2039,Visium,1,3,47,2936,7248,Astrocyte,2.2102957
TCTGTTACCCAGCATA-1,Br2039,Visium,1,51,35,11345,6061,Oligodendrocyte,2.4696074
TCTTACAGAGGTACCG-1,Br2039,Visium,1,15,45,5038,7052,Astrocyte,2.5439281
TCTTACCGGAACTCGT-1,Br2039,Visium,1,21,91,6077,11684,Astrocyte,2.6659107
TCTTACGGCATCCGAC-1,Br2039,Visium,1,25,29,6793,5446,Astrocyte,2.0509784
TCTTACTTATGCCTCT-1,Br2039,Visium,1,45,93,10279,11896,Oligodendrocyte,2.3648727
TCTTAGAGCTCCAATT-1,Br2039,Visium,1,40,108,9400,13403,Oligodendrocyte,1.5863401
TCTTAGAGTGAACTCT-1,Br2039,Visium,1,43,99,9927,12499,Oligodendrocyte,2.0007179
TCTTCCCATGGGCACA-1,Br2039,Visium,1,32,96,8002,12192,Astrocyte,1.5580294
TCTTCGAATAGACGTT-1,Br2039,Visium,1,39,71,9234,9679,Oligodendrocyte,1.7878247
TCTTCGATACCAATAA-1,Br2039,Visium,1,32,66,8009,9173,Excitatory_neuron,1.4259603
TCTTCGCGGTGAGAGG-1,Br2039,Visium,1,60,116,12900,14217,Oligodendrocyte,2.1385298
TCTTCTATAACCCGCC-1,Br2039,Visium,1,45,107,10275,13305,Oligodendrocyte,1.5626376
TCTTGATGCGTAGCGA-1,Br2039,Visium,1,32,68,8009,9374,Oligodendrocyte,2.0112252
TCTTGCTCCCGATACT-1,Br2039,Visium,1,65,67,13788,9288,Astrocyte,2.7887926
TCTTGGTAACACCAAA-1,Br2039,Visium,1,21,65,6083,9067,Astrocyte,1.3390453
TCTTGGTCAATGATAC-1,Br2039,Visium,1,74,20,15376,4562,Astrocyte,3.2188706
TCTTTAAGACTATGAA-1,Br2039,Visium,1,34,98,8351,12394,Oligodendrocyte,1.6478842
TCTTTAGAGTCTAACA-1,Br2039,Visium,1,50,114,11149,14011,Oligodendrocyte,1.4685564
TCTTTAGCAGGCGAAC-1,Br2039,Visium,1,34,116,8347,14206,Oligodendrocyte,1.4198885
TCTTTCCTTCGAGATA-1,Br2039,Visium,1,58,120,12548,14619,Astrocyte,2.1952853
TGAAAGGACCTGACTC-1,Br2039,Visium,1,35,83,8530,10885,Astrocyte,1.9755783
TGAACAAGCAGGGACT-1,Br2039,Visium,1,66,36,13971,6169,Astrocyte,3.1451097
TGAATACCGACGCGTA-1,Br2039,Visium,1,66,82,13959,10798,Astrocyte,2.762495
TGAATGAGTGTTTCCC-1,Br2039,Visium,1,66,50,13967,7578,Oligodendrocyte,2.8259416
TGAATGTCAGCCGGCC-1,Br2039,Visium,1,47,109,10625,13507,Oligodendrocyte,1.5558853
TGACAACGCATGTCGC-1,Br2039,Visium,1,40,124,9395,15013,Astrocyte,1.7136381
TGACAACTTAAAGGTG-1,Br2039,Visium,1,77,35,15897,6073,Oligodendrocyte,4.19042
TGACATCGAGCGGACC-1,Br2039,Visium,1,35,101,8526,12696,Oligodendrocyte,2.1104488
TGACATGTAACGTGAC-1,Br2039,Visium,1,69,63,14489,8887,Oligodendrocyte,2.6442738
TGACCAAATCTTAAAC-1,Br2039,Visium,1,66,62,13964,8785,Astrocyte,2.8513727
TGACCCACGTTAGACA-1,Br2039,Visium,1,33,47,8189,7261,Oligodendrocyte,1.7123121
TGACGATGCACTAGAA-1,Br2039,Visium,1,37,95,8878,12094,Oligodendrocyte,1.4698286
TGACTATAATCCTTTC-1,Br2039,Visium,1,46,68,10461,9380,Astrocyte,2.3310199
TGACTCTAACTGGTAA-1,Br2039,Visium,1,67,123,14124,14925,Astrocyte,2.1386786
TGAGAATGCTTTACCG-1,Br2039,Visium,1,18,54,5561,7959,Astrocyte,0.9871464
TGAGAGATTTACCACG-1,Br2039,Visium,1,41,91,9579,11693,Astrocyte,2.0411396
TGAGATCAAATACTCA-1,Br2039,Visium,1,7,63,3632,8860,Mural,1.676963
TGAGATTAGGCCCTAA-1,Br2039,Visium,1,16,94,5200,11984,Endothelial,1.1943411
TGAGCCATACAGTCTC-1,Br2039,Visium,1,42,38,9768,6359,Astrocyte,2.197847
TGAGCGGAAAGTGTTC-1,Br2039,Visium,1,55,65,12037,9082,Oligodendrocyte,1.850076
TGAGCTCAACTGTATA-1,Br2039,Visium,1,58,124,12547,15021,Astrocyte,1.7895435
TGAGCTTTAATGACGC-1,Br2039,Visium,1,19,85,5728,11079,Astrocyte,2.2727242
TGAGGAGTGCCAGCTT-1,Br2039,Visium,1,58,58,12564,8379,Astrocyte,1.9489757
TGAGGTGTGTGGCGGA-1,Br2039,Visium,1,70,52,14667,7781,Astrocyte,2.9578438
TGAGGTTGATCCCAAG-1,Br2039,Visium,1,1,37,2588,6240,Astrocyte,2.5743375
TGAGTAAATTAGCGTA-1,Br2039,Visium,1,47,57,10638,8274,Oligodendrocyte,2.20959
TGAGTGCCTCTTAAAT-1,Br2039,Visium,1,45,41,10292,6663,Astrocyte,1.969497
TGAGTGGTCCGTGACG-1,Br2039,Visium,1,30,84,7655,10983,Astrocyte,1.7453048
TGAGTGTAACAACGGG-1,Br2039,Visium,1,73,105,15179,13116,Astrocyte,3.4609056
TGAGTTAAAGACATTC-1,Br2039,Visium,1,48,112,10799,13809,Oligodendrocyte,1.5681657
TGATACATTTAGCCGT-1,Br2039,Visium,1,55,43,12043,6868,Oligodendrocyte,2.033583
TGATCACCACACTGAC-1,Br2039,Visium,1,69,51,14492,7680,Oligodendrocyte,2.71309
TGATCAGGGAACTGCT-1,Br2039,Visium,1,42,24,9771,4950,Astrocyte,1.9596213
TGATCCCAGCATTAGT-1,Br2039,Visium,1,27,107,7123,13297,Astrocyte,1.5773109
TGATCGGTTTGACCCT-1,Br2039,Visium,1,28,54,7312,7963,Oligodendrocyte,1.7661867
TGATCTACGCTGATCT-1,Br2039,Visium,1,16,100,5199,12587,Mural,1.6627522
TGATCTATCACACTCT-1,Br2039,Visium,1,72,92,15007,11807,Astrocyte,2.4847019
TGATCTCCGGCGCCAG-1,Br2039,Visium,1,28,50,7313,7561,Astrocyte,1.2414719
TGATGGCTGTTTCTGA-1,Br2039,Visium,1,30,114,7647,14003,Astrocyte,1.669795
TGATGTCAATTAAGTG-1,Br2039,Visium,1,59,103,12728,12908,Astrocyte,2.222167
TGATTCCCGGTTACCT-1,Br2039,Visium,1,64,50,13617,7577,Astrocyte,2.1977015
TGATTCGTCTATCACT-1,Br2039,Visium,1,31,41,7841,6656,Astrocyte,1.8108289
TGATTCTGTCGCCGGT-1,Br2039,Visium,1,48,44,10817,6966,Astrocyte,2.260482
TGATTTATTAGCTGTG-1,Br2039,Visium,1,38,34,9068,5955,Astrocyte,2.8153334
TGATTTCCTCCTGACG-1,Br2039,Visium,1,16,34,5216,5945,Astrocyte,1.526034
TGCAAACGTACTAGTT-1,Br2039,Visium,1,77,49,15894,7482,Oligodendrocyte,3.3505855
TGCAAAGTTCGTCTGT-1,Br2039,Visium,1,71,59,14841,8486,Astrocyte,3.4748197
TGCAACCCATCTGCGG-1,Br2039,Visium,1,60,90,12906,11601,Astrocyte,1.7519279
TGCAACTACTGGTTGA-1,Br2039,Visium,1,69,91,14482,11705,Oligodendrocyte,2.4112515
TGCAAGAATGACGTAA-1,Br2039,Visium,1,30,60,7661,8568,Astrocyte,2.5457983
TGCAATCTAACACGGT-1,Br2039,Visium,1,62,90,13257,11602,Oligodendrocyte,1.918159
TGCACGAGTCGGCAGC-1,Br2039,Visium,1,6,66,3457,9161,Astrocyte,1.8281202
TGCAGAGTACCGAGCA-1,Br2039,Visium,1,38,46,9065,7163,Astrocyte,1.8300884
TGCAGGATCGGCAAAG-1,Br2039,Visium,1,24,74,6607,9974,Astrocyte,1.6070921
TGCAGTGGTAGGGAAC-1,Br2039,Visium,1,68,20,14325,4560,Astrocyte,3.141055
TGCAGTTTCCTCCCAT-1,Br2039,Visium,1,40,90,9404,11592,Oligodendrocyte,1.7208976
TGCATATGTCTGTCAC-1,Br2039,Visium,1,35,85,8530,11086,Oligodendrocyte,1.6660028
TGCATGGATCGGATCT-1,Br2039,Visium,1,19,67,5733,9268,Astrocyte,1.8379583
TGCATGTGACCCATAG-1,Br2039,Visium,1,68,38,14321,6371,Astrocyte,3.555462
TGCATGTGGTAATCTA-1,Br2039,Visium,1,29,81,7480,10681,Astrocyte,2.5356674
TGCCAATGGGTACTCT-1,Br2039,Visium,1,54,52,11866,7774,Oligodendrocyte,2.0226872
TGCCACCTGGCGAAAC-1,Br2039,Visium,1,20,76,5906,10174,Astrocyte,2.1104283
TGCCAGTACGTGGAGA-1,Br2039,Visium,1,51,71,11335,9684,Astrocyte,2.016644
TGCCATTACTAAAGAA-1,Br2039,Visium,1,21,87,6078,11281,Astrocyte,1.6745174
TGCCCGATAGTTAGAA-1,Br2039,Visium,1,72,78,15011,10398,Oligodendrocyte,3.0886045
TGCCCGTACCGTTAAA-1,Br2039,Visium,1,45,75,10284,10084,Oligodendrocyte,1.7425076
TGCCGAAAGCGTATTC-1,Br2039,Visium,1,33,119,8171,14507,Astrocyte,1.725764
TGCCGGATGTACGAGC-1,Br2039,Visium,1,62,34,13271,5966,Astrocyte,2.5156941
TGCCGTGGATCGTCCT-1,Br2039,Visium,1,57,63,12388,8882,Astrocyte,1.9543406
TGCCGTGGGACCCAAT-1,Br2039,Visium,1,71,67,14839,9291,Oligodendrocyte,2.9081082
TGCCTAAATTTAATAG-1,Br2039,Visium,1,39,127,9220,15315,Astrocyte,1.8828769
TGCCTAATTGAAGATT-1,Br2039,Visium,1,55,105,12027,13108,Oligodendrocyte,1.7086716
TGCCTGACATCGGTCA-1,Br2039,Visium,1,16,20,5220,4536,Astrocyte,2.1139984
TGCCTGATCAAACGAT-1,Br2039,Visium,1,20,70,5907,9570,Astrocyte,1.4135809
TGCCTTGGCCAGGCAA-1,Br2039,Visium,1,52,82,11508,10792,Oligodendrocyte,2.0184226
TGCGACACCCTAGTGC-1,Br2039,Visium,1,46,46,10466,7166,Oligodendrocyte,1.9842855
TGCGACGGCCGAACGT-1,Br2039,Visium,1,60,32,12921,5764,Astrocyte,2.349746
TGCGAGAATATTACCC-1,Br2039,Visium,1,50,40,11168,6564,Astrocyte,1.8606161
TGCGCAAAGCATTTGG-1,Br2039,Visium,1,31,67,7834,9273,Oligodendrocyte,1.4634079
TGCGCCGTTAATAACG-1,Br2039,Visium,1,41,123,9571,14913,Oligodendrocyte,1.3154159
TGCGCGATTAACGGAG-1,Br2039,Visium,1,27,41,7140,6655,Astrocyte,1.1912105
TGCGGACTTGACTCCG-1,Br2039,Visium,1,68,76,14311,10195,Astrocyte,3.4318476
TGCGGAGTAAAGGTGC-1,Br2039,Visium,1,22,70,6257,9571,Oligodendrocyte,1.2372434
TGCGGTGAAATTTCAT-1,Br2039,Visium,1,12,66,4507,9164,Oligodendrocyte,1.3326622
TGCGTAAGAACCTGAT-1,Br2039,Visium,1,43,43,9942,6863,Astrocyte,1.9379942
TGCGTACGGCTAATTG-1,Br2039,Visium,1,67,101,14129,12711,Astrocyte,2.8108718
TGCGTTTGTTGACACT-1,Br2039,Visium,1,42,76,9758,10184,Oligodendrocyte,1.8252039
TGCTAAGTGTCTATTT-1,Br2039,Visium,1,52,90,11506,11597,Astrocyte,2.2845678
TGCTATACAAACGGAC-1,Br2039,Visium,1,5,55,3284,8054,Astrocyte,1.9022133
TGCTATGGCAAAGGGA-1,Br2039,Visium,1,70,26,14674,5164,Astrocyte,3.1240458
TGCTCAAAGGATGCAC-1,Br2039,Visium,1,77,19,15902,4463,Oligodendrocyte,3.0640385
TGCTCCACAGTTCTTA-1,Br2039,Visium,1,45,95,10278,12097,Astrocyte,2.5029488
TGCTCGGCGAAACCCA-1,Br2039,Visium,1,57,61,12389,8681,Astrocyte,1.8878418
TGCTCGGTGGGTCACC-1,Br2039,Visium,1,66,72,13962,9792,Oligodendrocyte,2.2199497
TGCTCTGCCGGTTCAC-1,Br2039,Visium,1,27,127,7118,15310,Astrocyte,2.6327953
TGCTCTTGAGAGTTTG-1,Br2039,Visium,1,64,70,13612,9590,Astrocyte,2.5898175
TGCTGGTTGGACAATT-1,Br2039,Visium,1,21,41,6090,6652,Astrocyte,1.8113687
TGCTGTTGAAGAACTC-1,Br2039,Visium,1,38,66,9060,9175,Excitatory_neuron,1.5453525
TGCTTAGAGAGAATGC-1,Br2039,Visium,1,62,26,13273,5161,Oligodendrocyte,2.6500032
TGCTTCCCAAGCAGTA-1,Br2039,Visium,1,62,66,13263,9186,Astrocyte,2.720405
TGCTTGAAACCATGCA-1,Br2039,Visium,1,9,17,3994,4231,Astrocyte,3.2528317
TGGAAACGGAGTGAAC-1,Br2039,Visium,1,6,16,3469,4129,Astrocyte,3.0921183
TGGAACCACTGACACA-1,Br2039,Visium,1,24,102,6599,12792,Astrocyte,2.0382245
TGGAAGAAGGGAACGT-1,Br2039,Visium,1,39,35,9243,6056,Astrocyte,2.1244915
TGGAAGACGAACACCA-1,Br2039,Visium,1,14,46,4863,7152,Astrocyte,3.10157
TGGAAGGATAAAGATG-1,Br2039,Visium,1,20,68,5908,9369,Astrocyte,1.9986917
TGGAATATCCTTGACC-1,Br2039,Visium,1,23,107,6423,13295,Astrocyte,3.3646138
TGGACCAATCTAAGAT-1,Br2039,Visium,1,62,80,13259,10595,Oligodendrocyte,1.9530659
TGGACCACGGCGTTGA-1,Br2039,Visium,1,7,19,3644,4432,Astrocyte,3.7452817
TGGACTGTTCGCTCAA-1,Br2039,Visium,1,37,73,8883,9879,Oligodendrocyte,1.950949
TGGAGAATAATCGTCC-1,Br2039,Visium,1,72,44,15020,6977,Oligodendrocyte,4.009105
TGGAGTGATGCGATGA-1,Br2039,Visium,1,29,41,7491,6655,Astrocyte,1.3293371
TGGATGGCATCTTGGA-1,Br2039,Visium,1,77,47,15894,7281,Oligodendrocyte,3.2958262
TGGCAAACTAAATTAC-1,Br2039,Visium,1,50,78,11158,10388,Oligodendrocyte,1.9521651
TGGCAACTCGCGCGCC-1,Br2039,Visium,1,22,86,6253,11181,Astrocyte,1.8158787
TGGCAAGCACAAGTCG-1,Br2039,Visium,1,66,56,13966,8182,Oligodendrocyte,2.4340134
TGGCAATGGGACGGCG-1,Br2039,Visium,1,54,106,11852,13208,Oligodendrocyte,2.0105827
TGGCAGATTACGATCA-1,Br2039,Visium,1,44,58,10113,8373,Oligodendrocyte,2.547234
TGGCAGCAGTAATAGT-1,Br2039,Visium,1,39,61,9237,8673,Astrocyte,1.8694223
TGGCCAAACTGAAGTA-1,Br2039,Visium,1,28,76,7306,10177,Astrocyte,2.5223198
TGGCCGTATATTGACC-1,Br2039,Visium,1,26,38,6966,6352,Oligodendrocyte,2.0661776
TGGCGACTGCTCCAAA-1,Br2039,Visium,1,55,47,12042,7271,Astrocyte,1.8730685
TGGCGATCAAGTTATG-1,Br2039,Visium,1,51,55,11339,8074,Oligodendrocyte,2.1438956
TGGCTACACTCTACCT-1,Br2039,Visium,1,64,100,13604,12609,Astrocyte,2.0032272
TGGCTATGTGACATAC-1,Br2039,Visium,1,60,82,12908,10796,Oligodendrocyte,1.830967
TGGCTTTGGGTAGACA-1,Br2039,Visium,1,19,51,5737,7657,Mural,1.1949667
TGGGAAATGCCTTTCC-1,Br2039,Visium,1,23,27,6443,5244,Astrocyte,1.751662
TGGGCAATAGTTGGGT-1,Br2039,Visium,1,46,108,10450,13406,Astrocyte,1.8937889
TGGGCACAAACAGAAC-1,Br2039,Visium,1,8,46,3812,7149,Astrocyte,1.3696787
TGGGCAGGCCACCGCA-1,Br2039,Visium,1,54,116,11849,14215,Astrocyte,1.4008832
TGGGCCACAAGAGCGC-1,Br2039,Visium,1,18,72,5556,9770,Astrocyte,1.8809131
TGGGCCCATACTAATT-1,Br2039,Visium,1,47,89,10630,11494,Oligodendrocyte,2.1734653
TGGGCGATACAATAAG-1,Br2039,Visium,1,68,62,14314,8786,Astrocyte,3.2151046
TGGGTAAGGTTCCCGC-1,Br2039,Visium,1,13,79,4679,10473,Astrocyte,2.1078484
TGGGTGCACAAGCCAT-1,Br2039,Visium,1,69,85,14484,11101,Oligodendrocyte,2.835238
TGGGTGTAATAGATTT-1,Br2039,Visium,1,68,102,14304,12812,Astrocyte,2.6844559
TGGGTGTTAAGTAGAA-1,Br2039,Visium,1,72,68,15013,9392,Oligodendrocyte,3.6333725
TGGGTTTCGGGCGTAC-1,Br2039,Visium,1,71,25,14849,5064,Astrocyte,3.4884956
TGGTAGAATATATGGG-1,Br2039,Visium,1,48,100,10803,12602,Astrocyte,2.2652383
TGGTATCGCATCCCAA-1,Br2039,Visium,1,8,68,3806,9363,Astrocyte,1.7977911
TGGTATCGGTCTGTAT-1,Br2039,Visium,1,7,59,3633,8457,Mural,2.1311662
TGGTCCCACGCTACGG-1,Br2039,Visium,1,52,74,11510,9987,Oligodendrocyte,2.7017984
TGGTCGATATACCTCT-1,Br2039,Visium,1,73,37,15196,6273,Oligodendrocyte,3.925943
TGGTCTGTTGGGCGTA-1,Br2039,Visium,1,37,29,8895,5451,Oligodendrocyte,1.9755027
TGGTGCCCTGCCTTAC-1,Br2039,Visium,1,74,52,15368,7783,Oligodendrocyte,3.4534512
TGGTTAAGGGCGCTGG-1,Br2039,Visium,1,26,114,6946,14001,Astrocyte,2.5898309
TGGTTCAACGGGTAAT-1,Br2039,Visium,1,50,74,11159,9986,Astrocyte,2.0861092
TGGTTCGTAGCAAAGG-1,Br2039,Visium,1,23,55,6436,8062,Astrocyte,2.698533
TGGTTTAAACGTGGGT-1,Br2039,Visium,1,24,112,6597,13799,Astrocyte,2.9888887
TGTAACTTGTCAACCT-1,Br2039,Visium,1,3,31,2940,5637,Astrocyte,2.7255263
TGTACCTACACGAGGG-1,Br2039,Visium,1,59,91,12731,11701,Astrocyte,1.5638883
TGTACGAACAAATCCG-1,Br2039,Visium,1,38,58,9062,8370,Oligodendrocyte,2.240423
TGTACTATCGCTCGTT-1,Br2039,Visium,1,76,94,15707,12010,Astrocyte,3.664825
TGTACTTCCGGGCATG-1,Br2039,Visium,1,70,114,14651,14020,Oligodendrocyte,2.8729215
TGTAGCCAATTCCGTT-1,Br2039,Visium,1,71,81,14835,10700,Astrocyte,3.1233122
TGTAGCCATCCCATTC-1,Br2039,Visium,1,62,112,13251,13816,Astrocyte,2.3994606
TGTAGGAGAAATTTCC-1,Br2039,Visium,1,34,86,8355,11186,Excitatory_neuron,1.5303987
TGTAGTGATCTATAAT-1,Br2039,Visium,1,35,33,8543,5853,Astrocyte,2.3991377
TGTATAACAGATCCTG-1,Br2039,Visium,1,29,79,7481,10480,Astrocyte,1.8283474
TGTATGGCGCAGACAG-1,Br2039,Visium,1,43,93,9929,11895,Oligodendrocyte,1.8678813
TGTCCACGGCTCAACT-1,Br2039,Visium,1,65,101,13779,12710,Oligodendrocyte,1.4703789
TGTCCGCAAACAATTC-1,Br2039,Visium,1,73,51,15193,7682,Oligodendrocyte,3.8225274
TGTCCTAAGTCACCGC-1,Br2039,Visium,1,34,30,8369,5551,Astrocyte,2.159481
TGTCGTGGGTATAGGC-1,Br2039,Visium,1,75,67,15539,9293,Oligodendrocyte,3.4130955
TGTGACTACGCCAGTC-1,Br2039,Visium,1,21,73,6081,9872,Astrocyte,0.98108566
TGTGACTAGAGTTTGC-1,Br2039,Visium,1,68,110,14302,13617,Oligodendrocyte,2.2188194
TGTGAGACTAGCCCAA-1,Br2039,Visium,1,59,63,12738,8883,Astrocyte,2.113859
TGTGCCGGTGCCGGAA-1,Br2039,Visium,1,53,97,11679,12302,Oligodendrocyte,1.2341065
TGTGGACTATCTACGT-1,Br2039,Visium,1,52,126,11496,15220,Oligodendrocyte,1.8486927
TGTGGCAAAGCGTATG-1,Br2039,Visium,1,29,87,7479,11285,Astrocyte,1.5048753
TGTGGCGGGCTTCTGG-1,Br2039,Visium,1,65,59,13790,8483,Astrocyte,2.4728909
TGTGGCTCCCACCAAC-1,Br2039,Visium,1,44,118,10097,14411,Oligodendrocyte,1.7229457
TGTGGTAGGGTGCCTT-1,Br2039,Visium,1,53,125,11672,15120,Oligodendrocyte,1.3785547
TGTGGTTGCTAAAGCT-1,Br2039,Visium,1,65,49,13793,7477,Astrocyte,2.3995962
TGTGTAGTAGCACGTG-1,Br2039,Visium,1,58,116,12550,14216,Astrocyte,1.7757603
TGTGTCGCGAGTTGCA-1,Br2039,Visium,1,24,36,6616,6150,Astrocyte,1.662956
TGTTAACAAAGTGACT-1,Br2039,Visium,1,71,123,14824,14927,Astrocyte,2.3155537
TGTTATTGTATGTGGC-1,Br2039,Visium,1,44,86,10106,11191,Astrocyte,2.215806
TGTTCCGCTTCCATGA-1,Br2039,Visium,1,36,44,8716,6961,Astrocyte,2.157322
TGTTCCGGCCTGAGCT-1,Br2039,Visium,1,70,66,14664,9190,Astrocyte,2.857935
TGTTCGTATTGCGGTG-1,Br2039,Visium,1,49,61,10988,8677,Astrocyte,1.6940069
TGTTCTCATACTATAG-1,Br2039,Visium,1,71,127,14823,15329,Oligodendrocyte,2.638878
TGTTCTTCCATTGACT-1,Br2039,Visium,1,33,43,8190,6859,Oligodendrocyte,1.8870399
TGTTGCCGTCGTCCCA-1,Br2039,Visium,1,46,122,10447,14815,Excitatory_neuron,1.1569848
TGTTGTCAAGAAGTCT-1,Br2039,Visium,1,24,82,6604,10779,Astrocyte,1.7011905
TGTTTAATACTTCATC-1,Br2039,Visium,1,9,77,3979,10270,Oligodendrocyte,1.6103877
TGTTTCGGTACTTCTC-1,Br2039,Visium,1,18,56,5560,8160,Excitatory_neuron,1.0964787
TGTTTGAGATCGTCAG-1,Br2039,Visium,1,49,115,10974,14112,Astrocyte,1.9388499
TTAAACCGGTAGCGAC-1,Br2039,Visium,1,8,52,3810,7753,Mural,1.0724671
TTAAACTCGAATTCAT-1,Br2039,Visium,1,31,95,7827,12091,Astrocyte,1.2556723
TTAAAGGCGATGCTCG-1,Br2039,Visium,1,73,49,15193,7480,Oligodendrocyte,2.4756737
TTAAAGTAAGTCGCCA-1,Br2039,Visium,1,69,105,14479,13114,Astrocyte,2.6468568
TTAACCAACCCTCCCT-1,Br2039,Visium,1,19,55,5736,8060,Astrocyte,2.2565513
TTAACCCGAGGCGTGT-1,Br2039,Visium,1,75,123,15525,14928,Astrocyte,2.9829159
TTAACGAACAAGCAGT-1,Br2039,Visium,1,22,114,6246,13999,Astrocyte,3.3338394
TTAACTGATCGTTTGG-1,Br2039,Visium,1,69,127,14473,15328,Astrocyte,1.928423
TTAACTTCAGGTAGGA-1,Br2039,Visium,1,46,26,10471,5153,Astrocyte,2.3092175
TTAAGATACCCAGAGA-1,Br2039,Visium,1,74,26,15374,5166,Oligodendrocyte,3.5768912
TTAAGATAGGATTGAC-1,Br2039,Visium,1,43,101,9927,12700,Oligodendrocyte,1.6633136
TTAAGCGCCTGACCCA-1,Br2039,Visium,1,30,44,7665,6958,Oligodendrocyte,2.2506871
TTAAGGCCCGTACTTT-1,Br2039,Visium,1,59,25,12748,5059,Astrocyte,2.5502288
TTAAGTATTGTTATCC-1,Br2039,Visium,1,64,90,13607,11602,Astrocyte,2.3594756
TTAATCAGTACGTCAG-1,Br2039,Visium,1,18,76,5555,10173,Astrocyte,1.868716
TTAATGTAGACCAGGT-1,Br2039,Visium,1,30,68,7659,9373,Astrocyte,1.2142687
TTAATTGCTTTGGGTG-1,Br2039,Visium,1,62,76,13260,10193,Astrocyte,2.2534022
TTAATTTCAGACGCGG-1,Br2039,Visium,1,17,69,5382,9468,Astrocyte,2.5782783
TTACAACTACGCATCC-1,Br2039,Visium,1,24,52,6612,7760,Astrocyte,1.9794118
TTACACGATCTGCGAC-1,Br2039,Visium,1,62,110,13251,13614,Astrocyte,2.6865315
TTACAGACCTAAATGA-1,Br2039,Visium,1,26,96,6951,12189,Astrocyte,2.063039
TTACATCGTGGCCTGG-1,Br2039,Visium,1,20,36,5916,6148,Astrocyte,1.1385615
TTACATGCCACAACTA-1,Br2039,Visium,1,41,103,9576,12900,Excitatory_neuron,1.6007782
TTACCATTGATTACCC-1,Br2039,Visium,1,34,28,8369,5349,Astrocyte,2.3573818
TTACCCATTGCCGGGT-1,Br2039,Visium,1,17,85,5378,11078,Astrocyte,1.7990294
TTACCCTAACAGTCCT-1,Br2039,Visium,1,24,24,6619,4942,Mural,1.2111704
TTACCCTAGGGATTGG-1,Br2039,Visium,1,60,58,12915,8380,Astrocyte,2.4983053
TTACGGATGGTTCGAG-1,Br2039,Visium,1,33,93,8178,11890,Oligodendrocyte,1.3605299
TTACGTATCTATGACA-1,Br2039,Visium,1,64,116,13600,14219,Oligodendrocyte,2.2670827
TTACTAAAGGACTTTA-1,Br2039,Visium,1,48,78,10808,10388,Astrocyte,1.7330828
TTACTCCGGCCGGGAA-1,Br2039,Visium,1,34,78,8357,10381,Oligodendrocyte,0.9774929
TTACTCTGGTACGTAC-1,Br2039,Visium,1,43,31,9945,5655,Astrocyte,2.487106
TTACTGGGATATTTCA-1,Br2039,Visium,1,44,54,10114,7970,Oligodendrocyte,2.6720006
TTAGAAGAACATGACT-1,Br2039,Visium,1,52,64,11512,8980,Oligodendrocyte,1.8825943
TTAGAATAAGGGTCGG-1,Br2039,Visium,1,61,45,13093,7072,Astrocyte,2.9166107
TTAGACGAGTCACCTC-1,Br2039,Visium,1,48,80,10808,10589,Astrocyte,1.4459105
TTAGAGTATTGTCGAG-1,Br2039,Visium,1,76,22,15726,4764,Astrocyte,2.7718098
TTAGAGTTTAGAAGGA-1,Br2039,Visium,1,46,86,10456,11192,Oligodendrocyte,2.9001348
TTAGATAGGTCGATAC-1,Br2039,Visium,1,13,21,4694,4636,Astrocyte,2.9356227
TTAGCAACATGGATGT-1,Br2039,Visium,1,20,28,5918,5343,Astrocyte,1.1929122
TTAGCCATAGGGCTCG-1,Br2039,Visium,1,76,28,15724,5368,Oligodendrocyte,2.8836036
TTAGCGAATAGATAGG-1,Br2039,Visium,1,77,95,15882,12111,Oligodendrocyte,3.452992
TTAGCTAATACGATCT-1,Br2039,Visium,1,22,98,6250,12389,Astrocyte,2.3462512
TTAGCTGATTTGCCGT-1,Br2039,Visium,1,38,94,9053,11993,Oligodendrocyte,1.8874202
TTAGGATGGGAGGGTA-1,Br2039,Visium,1,47,127,10620,15318,Oligodendrocyte,1.5349046
TTAGGTCATAACCGAC-1,Br2039,Visium,1,58,38,12570,6367,Astrocyte,2.4051557
TTAGTAAACCTGCTCT-1,Br2039,Visium,1,62,94,13256,12004,Oligodendrocyte,1.6405959
TTAGTAGGGCGGCGGG-1,Br2039,Visium,1,34,26,8370,5148,Oligodendrocyte,2.0329711
TTAGTTATTCGTGGCA-1,Br2039,Visium,1,47,91,10630,11695,Astrocyte,2.0993407
TTATAGATGCACATTA-1,Br2039,Visium,1,5,53,3285,7852,Astrocyte,1.5460492
TTATAGGTAATTGTCT-1,Br2039,Visium,1,61,73,13086,9890,Astrocyte,2.1231194
TTATATACGCTGTCAC-1,Br2039,Visium,1,38,74,9058,9981,Astrocyte,1.6415939
TTATATTTGGCAATCC-1,Br2039,Visium,1,26,64,6959,8969,Oligodendrocyte,1.6384766
TTATCCAATCGAACTC-1,Br2039,Visium,1,13,33,4691,5843,Astrocyte,3.2668107
TTATCCGGGATCTATA-1,Br2039,Visium,1,51,87,11331,11295,Oligodendrocyte,2.253725
TTATCTGTATCATAAC-1,Br2039,Visium,1,22,60,6260,8564,Astrocyte,1.323877
TTATGAATGAAAGGGA-1,Br2039,Visium,1,41,63,9586,8875,Oligodendrocyte,2.011247
TTATGACAAACTGGAT-1,Br2039,Visium,1,27,35,7142,6051,Oligodendrocyte,1.5220737
TTATGATCTTAACGAA-1,Br2039,Visium,1,38,82,9056,10786,Oligodendrocyte,2.0940573
TTATGCGTCCCGGTCC-1,Br2039,Visium,1,7,45,3637,7048,Astrocyte,0.98986953
TTATTAGAGCGTGTTC-1,Br2039,Visium,1,46,70,10460,9582,Astrocyte,2.6296432
TTATTAGGGAAGCATC-1,Br2039,Visium,1,15,59,5034,8461,Astrocyte,3.4443593
TTATTATCTGGAAGGC-1,Br2039,Visium,1,55,121,12023,14718,Oligodendrocyte,1.6328402
TTATTTAGGTTCCTTA-1,Br2039,Visium,1,66,126,13948,15226,Oligodendrocyte,2.5538352
TTCAAAGTCTCTAGCC-1,Br2039,Visium,1,35,75,8532,10080,Astrocyte,1.4625393
TTCAACGACCCGACCG-1,Br2039,Visium,1,20,48,5913,7356,Excitatory_neuron,1.2058306
TTCAATACTCTGAATC-1,Br2039,Visium,1,38,86,9055,11188,Oligodendrocyte,1.5305915
TTCACGAAAGGATCAC-1,Br2039,Visium,1,38,54,9063,7968,Astrocyte,2.0591252
TTCACGGTCGTCACGT-1,Br2039,Visium,1,71,27,14849,5265,Astrocyte,3.3989124
TTCACTCGAGCACCTA-1,Br2039,Visium,1,55,69,12036,9485,Astrocyte,2.9598186
TTCACTTCCTAGAACG-1,Br2039,Visium,1,67,51,14142,7679,Astrocyte,2.3070803
TTCAGAGTAACCTGAC-1,Br2039,Visium,1,6,22,3468,4733,Astrocyte,3.685952
TTCAGCCCTGGTCCAC-1,Br2039,Visium,1,47,85,10631,11092,Oligodendrocyte,1.6415222
TTCAGCTGGCGTGCCC-1,Br2039,Visium,1,55,95,12030,12102,Oligodendrocyte,1.81298
TTCAGTTCAAGAGGAG-1,Br2039,Visium,1,72,38,15021,6373,Astrocyte,3.4624681
TTCATGGCGCAACAGG-1,Br2039,Visium,1,19,75,5731,10073,Astrocyte,1.9413474
TTCCAATCAGAGCTAG-1,Br2039,Visium,1,23,95,6426,12087,Astrocyte,1.4935815
TTCCAATCTGGCTATC-1,Br2039,Visium,1,48,46,10816,7167,Astrocyte,1.8836846
TTCCACACAGATTTGA-1,Br2039,Visium,1,50,46,11167,7168,Astrocyte,2.178424
TTCCAGACGAGATTTA-1,Br2039,Visium,1,39,111,9224,13705,Oligodendrocyte,1.1941371
TTCCAGTGGGTTTCGT-1,Br2039,Visium,1,75,47,15544,7280,Astrocyte,3.0512807
TTCCATCGACAGCGTG-1,Br2039,Visium,1,61,107,13077,13312,Astrocyte,2.3856158
TTCCCAAAGTACTGAT-1,Br2039,Visium,1,77,117,15876,14325,Astrocyte,3.6889992
TTCCGCGTGAGGCGAT-1,Br2039,Visium,1,46,64,10462,8978,Astrocyte,1.786308
TTCCGGCCTTGAGGCT-1,Br2039,Visium,1,54,44,11868,6969,Oligodendrocyte,2.1749282
TTCCGGTATCTGTGTC-1,Br2039,Visium,1,41,115,9573,14108,Oligodendrocyte,1.3870811
TTCCGGTTACCCACTT-1,Br2039,Visium,1,45,87,10281,11292,Astrocyte,2.103949
TTCCTCGAGGGTGTCT-1,Br2039,Visium,1,21,49,6088,7457,Mural,1.2675979
TTCCTCGGACTAACCA-1,Br2039,Visium,1,50,86,11156,11194,Astrocyte,2.41631
TTCCTTTCTGTGTTGC-1,Br2039,Visium,1,11,25,4343,5037,Astrocyte,2.7122283
TTCGAACGAAACATGC-1,Br2039,Visium,1,74,42,15370,6776,Oligodendrocyte,2.8556502
TTCGACAGAGCCCGTG-1,Br2039,Visium,1,52,68,11511,9383,Astrocyte,2.0924513
TTCGACGGGAAGGGCG-1,Br2039,Visium,1,24,44,6614,6955,Astrocyte,2.490939
TTCGCACTCGCGTGCT-1,Br2039,Visium,1,25,45,6789,7056,Astrocyte,1.6758977
TTCGCACTGTACGACA-1,Br2039,Visium,1,61,59,13089,8481,Oligodendrocyte,2.335692
TTCGCGCGCCATACGA-1,Br2039,Visium,1,59,47,12742,7273,Astrocyte,2.4700947
TTCGCTAGGAAGTTGT-1,Br2039,Visium,1,41,117,9572,14309,Oligodendrocyte,1.6647428
TTCGGCTAGAGATGGT-1,Br2039,Visium,1,18,24,5569,4940,Astrocyte,1.8061848
TTCGGGACTAATCGCG-1,Br2039,Visium,1,36,72,8708,9778,Astrocyte,1.4463066
TTCGGGCGCTAGTCTT-1,Br2039,Visium,1,55,37,12044,6265,Astrocyte,2.330678
TTCGGGTTGCCACGGG-1,Br2039,Visium,1,61,117,13075,14318,Astrocyte,2.5562449
TTCGGTACTGTAGAGG-1,Br2039,Visium,1,67,63,14139,8887,Astrocyte,2.330777
TTCGGTGGAGACGCCC-1,Br2039,Visium,1,47,121,10622,14715,Astrocyte,1.8352177
TTCGTAATCCCAGCGG-1,Br2039,Visium,1,12,86,4502,11177,Astrocyte,1.9405348
TTCGTACTCCAGAACG-1,Br2039,Visium,1,29,29,7494,5448,Astrocyte,2.000451
TTCGTGCATGTTATAG-1,Br2039,Visium,1,77,61,15891,8690,Astrocyte,3.082106
TTCGTTCAACGAAGTT-1,Br2039,Visium,1,23,105,6423,13094,Astrocyte,3.2028704
TTCTAACCGAAGCTTA-1,Br2039,Visium,1,34,90,8354,11589,Oligodendrocyte,1.4547495
TTCTACCTCAATCGGT-1,Br2039,Visium,1,69,23,14500,4862,Astrocyte,3.3103285
TTCTACTTGCGAGGGC-1,Br2039,Visium,1,22,32,6267,5747,Astrocyte,1.0160031
TTCTAGAAAGTCTTAT-1,Br2039,Visium,1,60,46,12918,7173,Astrocyte,2.595462
TTCTAGGCCAATTGTG-1,Br2039,Visium,1,22,44,6264,6954,Astrocyte,1.669723
TTCTATGCCTTTCGCA-1,Br2039,Visium,1,29,121,7470,14707,Astrocyte,1.8921415
TTCTATTAAACGCAGC-1,Br2039,Visium,1,67,55,14141,8081,Astrocyte,2.719129
TTCTGACCGGGCTCAA-1,Br2039,Visium,1,52,84,11507,10993,Oligodendrocyte,1.7781742
TTCTGCCGCGCCTAGA-1,Br2039,Visium,1,49,69,10986,9482,Astrocyte,2.2961364
TTCTGCGGGTTAGCGG-1,Br2039,Visium,1,40,80,9407,10585,Astrocyte,1.9207613
TTCTGCTAGACTCCAA-1,Br2039,Visium,1,28,106,7299,13197,Astrocyte,0.9343749
TTCTTAGTGAACGGTG-1,Br2039,Visium,1,18,34,5566,5946,Astrocyte,1.5414879
TTCTTAGTGGCTCAGA-1,Br2039,Visium,1,17,61,5384,8663,Astrocyte,2.3068964
TTCTTATCCGCTGGGT-1,Br2039,Visium,1,49,101,10977,12703,Oligodendrocyte,1.7707732
TTCTTGAGCCGCGCTA-1,Br2039,Visium,1,47,41,10643,6664,Astrocyte,2.348704
TTCTTGCTAGCATCTC-1,Br2039,Visium,1,40,110,9399,13604,Oligodendrocyte,1.4266617
TTCTTGGACGATCTGC-1,Br2039,Visium,1,52,32,11520,5760,Oligodendrocyte,2.4044256
TTCTTGGAGTAATGAG-1,Br2039,Visium,1,21,79,6080,10476,Astrocyte,1.7328303
TTCTTGTAACCTAATG-1,Br2039,Visium,1,23,35,6441,6049,Excitatory_neuron,1.2092531
TTCTTTGGTCGCGACG-1,Br2039,Visium,1,24,104,6599,12993,Astrocyte,2.8240511
TTGAAACCCTCATTCC-1,Br2039,Visium,1,68,120,14300,14623,Astrocyte,3.0079827
TTGAACGACGTGCTGA-1,Br2039,Visium,1,60,88,12907,11399,Oligodendrocyte,1.7315458
TTGAAGAATTCCCAGG-1,Br2039,Visium,1,32,50,8014,7563,Oligodendrocyte,1.3404746
TTGAAGTGCATCTACA-1,Br2039,Visium,1,77,127,15874,15332,Oligodendrocyte,3.524542
TTGAATATGGACTTTC-1,Br2039,Visium,1,34,76,8357,10180,Oligodendrocyte,1.6587662
TTGAATTCACGTGAGG-1,Br2039,Visium,1,39,97,9227,12296,Astrocyte,1.4676235
TTGACAGGAGCTCCCG-1,Br2039,Visium,1,47,99,10628,12501,Astrocyte,1.5194817
TTGACATGAACGTGGA-1,Br2039,Visium,1,44,32,10120,5756,Oligodendrocyte,2.0792177
TTGACCAGGAACAACT-1,Br2039,Visium,1,64,80,13609,10596,Astrocyte,2.7358534
TTGACCATGTTCTCCG-1,Br2039,Visium,1,24,78,6605,10377,Astrocyte,1.8945245
TTGACCGTGTTAATGA-1,Br2039,Visium,1,50,34,11170,5960,Oligodendrocyte,2.1348648
TTGACGATTCAGCACG-1,Br2039,Visium,1,9,51,3986,7653,Endothelial,1.8311387
TTGACGCTCCATGAGC-1,Br2039,Visium,1,41,101,9576,12699,Oligodendrocyte,1.8282027
TTGACTACCATATGGT-1,Br2039,Visium,1,43,41,9942,6662,Astrocyte,2.465633
TTGACTATTGTCCGGC-1,Br2039,Visium,1,46,104,10451,13003,Oligodendrocyte,1.9816906
TTGAGAAGTTTAGCAT-1,Br2039,Visium,1,55,87,12032,11296,Oligodendrocyte,1.8866705
TTGAGAGTACTGCTAA-1,Br2039,Visium,1,44,38,10118,6360,Astrocyte,2.4912372
TTGAGCAGCCCACGGT-1,Br2039,Visium,1,44,116,10098,14210,Oligodendrocyte,1.3335464
TTGAGCGCCACGTGAT-1,Br2039,Visium,1,38,118,9047,14409,Astrocyte,1.6091121
TTGAGTCCCGCTGCTG-1,Br2039,Visium,1,39,119,9222,14510,Astrocyte,1.8005865
TTGATAGTCAATACAT-1,Br2039,Visium,1,27,115,7121,14102,Astrocyte,2.038185
TTGATCTAACTTTGTC-1,Br2039,Visium,1,29,47,7489,7259,Astrocyte,1.9543043
TTGATGCCGCTCGTCG-1,Br2039,Visium,1,70,34,14672,5969,Oligodendrocyte,3.1773176
TTGATGTGTAGTCCCG-1,Br2039,Visium,1,24,90,6602,11585,Astrocyte,1.4950361
TTGATTAGCTGTTTCT-1,Br2039,Visium,1,48,34,10819,5959,Astrocyte,2.4928389
TTGATTATGCAGATGA-1,Br2039,Visium,1,27,33,7142,5849,Oligodendrocyte,1.7048212
TTGCAAGAAGACTCCT-1,Br2039,Visium,1,70,68,14663,9391,Astrocyte,3.5565174
TTGCACAATTCAGAAA-1,Br2039,Visium,1,43,57,9938,8272,Oligodendrocyte,2.141217
TTGCACGGAGCAGCAC-1,Br2039,Visium,1,21,59,6085,8463,Mural,1.3718959
TTGCATGCTGATCACG-1,Br2039,Visium,1,41,35,9593,6057,Astrocyte,1.9315631
TTGCCAAGCAGAACCC-1,Br2039,Visium,1,44,114,10098,14009,Oligodendrocyte,1.5163932
TTGCCATAGCCCGCTC-1,Br2039,Visium,1,54,24,11873,4956,Astrocyte,2.428308
TTGCCCTGATCACGGG-1,Br2039,Visium,1,36,34,8718,5954,Astrocyte,1.7756656
TTGCCGCTTTCTAGTA-1,Br2039,Visium,1,62,78,13260,10394,Astrocyte,1.8399701
TTGCCTAATCCAAAGT-1,Br2039,Visium,1,69,21,14500,4661,Astrocyte,3.3172336
TTGCCTTCTCGCCGGG-1,Br2039,Visium,1,68,104,14304,13013,Astrocyte,3.1197748
TTGCGCACAACCACGT-1,Br2039,Visium,1,76,106,15704,13218,Oligodendrocyte,3.705925
TTGCGCTTGATCAATA-1,Br2039,Visium,1,69,101,14480,12712,Astrocyte,3.3298197
TTGCGGAAAGCTGCCC-1,Br2039,Visium,1,76,42,15721,6777,Astrocyte,3.4484217
TTGCGGCATCAGAAAG-1,Br2039,Visium,1,53,45,11692,7069,Astrocyte,2.251235
TTGCGTCGGCCAACCG-1,Br2039,Visium,1,51,41,11343,6665,Oligodendrocyte,2.0668058
TTGCGTGAACGCTTAG-1,Br2039,Visium,1,14,96,4850,12184,Astrocyte,1.3679457
TTGCGTGTGTAGGCAT-1,Br2039,Visium,1,69,83,14484,10900,Astrocyte,2.4538336
TTGCTAGCTACCAATC-1,Br2039,Visium,1,3,29,2941,5436,Astrocyte,3.0608225
TTGCTCATAGTACGTG-1,Br2039,Visium,1,67,107,14128,13315,Oligodendrocyte,2.6361325
TTGCTCCCATACCGGA-1,Br2039,Visium,1,22,72,6257,9772,Astrocyte,1.8484998
TTGCTGAAGGAACCAC-1,Br2039,Visium,1,19,57,5735,8261,Astrocyte,1.6679713
TTGCTGATCATGTTCG-1,Br2039,Visium,1,33,57,8187,8267,Oligodendrocyte,1.8376614
TTGGAAGAATACAGTC-1,Br2039,Visium,1,50,24,11172,4954,Oligodendrocyte,2.1234446
TTGGACATGTGGCTTA-1,Br2039,Visium,1,41,29,9595,5453,Astrocyte,2.2879038
TTGGACCATCTGGCAA-1,Br2039,Visium,1,51,105,11327,13106,Astrocyte,2.0146556
TTGGACCTATAACAGT-1,Br2039,Visium,1,56,86,12207,11196,Astrocyte,2.114959
TTGGAGTCTCCCTTCT-1,Br2039,Visium,1,8,44,3812,6948,OPC,1.1021837
TTGGATATCGTCTACG-1,Br2039,Visium,1,48,52,10815,7771,Astrocyte,2.404317
TTGGATTGGGTACCAC-1,Br2039,Visium,1,17,55,5386,8059,Astrocyte,2.7883852
TTGGCCAAATTGTATC-1,Br2039,Visium,1,74,86,15359,11204,Oligodendrocyte,3.9014206
TTGGCCATCTTGCGCT-1,Br2039,Visium,1,17,21,5394,4637,Astrocyte,1.251975
TTGGCCTAGAATTTCG-1,Br2039,Visium,1,16,82,5204,10776,Astrocyte,2.5720446
TTGGCGATCCGAATAT-1,Br2039,Visium,1,35,121,8521,14709,Astrocyte,1.0990992
TTGGCTCAATATGTGT-1,Br2039,Visium,1,65,113,13776,13918,Oligodendrocyte,2.723774
TTGGCTCGCATGAGAC-1,Br2039,Visium,1,23,37,6441,6250,Astrocyte,1.7123575
TTGGGAAGACGAGCCG-1,Br2039,Visium,1,68,64,14314,8988,Oligodendrocyte,3.739758
TTGGGACACTGCCCGC-1,Br2039,Visium,1,28,70,7308,9574,Astrocyte,2.1425374
TTGGGACGTAAGAGTT-1,Br2039,Visium,1,51,109,11326,13509,Oligodendrocyte,1.7240009
TTGGGCGGCGGTTGCC-1,Br2039,Visium,1,30,76,7657,10178,Astrocyte,2.06605
TTGGTATGGCTTGTGT-1,Br2039,Visium,1,33,117,8171,14306,Astrocyte,1.1770489
TTGGTCACACTCGTAA-1,Br2039,Visium,1,48,48,10816,7368,Oligodendrocyte,2.2167745
TTGGTTCGCTCAAAGG-1,Br2039,Visium,1,39,125,9220,15114,Astrocyte,1.7519917
TTGGTTGCGGTGCGCG-1,Br2039,Visium,1,53,23,11698,4855,Oligodendrocyte,2.1010861
TTGTAAGGACCTAAGT-1,Br2039,Visium,1,46,32,10470,5757,Oligodendrocyte,2.486747
TTGTAAGGCCAGTTGG-1,Br2039,Visium,1,27,81,7130,10680,Oligodendrocyte,1.769125
TTGTAATCCGTACTCG-1,Br2039,Visium,1,35,55,8538,8067,Oligodendrocyte,1.8152138
TTGTCGTTCAGTTACC-1,Br2039,Visium,1,22,58,6260,8363,Astrocyte,1.8459826
TTGTCTCGGCAAGATG-1,Br2039,Visium,1,75,41,15546,6676,Oligodendrocyte,3.2778254
TTGTGAACCTAATCCG-1,Br2039,Visium,1,56,90,12206,11599,Astrocyte,2.0746083
TTGTGATCTGTTCAGT-1,Br2039,Visium,1,69,111,14477,13718,Astrocyte,2.53681
TTGTGCAGCCACGTCA-1,Br2039,Visium,1,60,74,12911,9990,Astrocyte,2.6436257
TTGTGGCCCTGACAGT-1,Br2039,Visium,1,18,60,5559,8563,Astrocyte,1.7739522
TTGTGGTAGGAGGGAT-1,Br2039,Visium,1,50,28,11171,5357,Astrocyte,1.662122
TTGTGGTGGTACTAAG-1,Br2039,Visium,1,63,95,13430,12105,Astrocyte,2.3298845
TTGTGTATGCCACCAA-1,Br2039,Visium,1,56,60,12214,8580,Astrocyte,2.6195166
TTGTGTTTCCCGAAAG-1,Br2039,Visium,1,51,59,11338,8477,Astrocyte,3.0492294
TTGTTAGCAAATTCGA-1,Br2039,Visium,1,22,42,6265,6753,Astrocyte,2.2050874
TTGTTCAGTGTGCTAC-1,Br2039,Visium,1,24,64,6609,8968,Astrocyte,1.4596024
TTGTTGGCAATGACTG-1,Br2039,Visium,1,76,30,15724,5569,Astrocyte,2.9184763
TTGTTGTGTGTCAAGA-1,Br2039,Visium,1,31,77,7832,10279,Excitatory_neuron,0.91500366
TTGTTTCACATCCAGG-1,Br2039,Visium,1,58,42,12569,6769,Oligodendrocyte,2.7182393
TTGTTTCATTAGTCTA-1,Br2039,Visium,1,60,30,12922,5562,Oligodendrocyte,2.847509
TTGTTTCCATACAACT-1,Br2039,Visium,1,45,27,10296,5254,Astrocyte,2.020664
TTGTTTGTATTACACG-1,Br2039,Visium,1,73,41,15195,6675,Astrocyte,2.9971728
