barcode,sample_id,technology,in_tissue,array_row,array_col,pxl_col_in_fullres,pxl_row_in_fullres,predicted_layer,max_layer_score
AAACAAGTATCTCCCA-1,Br2039,Visium,1,50,102,11152,12804,WM,2.1441958
AAACAATCTACTAGCA-1,Br2039,Visium,1,3,43,2937,6845,WM,1.3751252
AAACAGAGCGACTCCT-1,Br2039,Visium,1,14,94,4850,11983,WM,1.6043309
AAACAGTGTTCCTGGG-1,Br2039,Visium,1,73,43,15195,6876,WM,3.1597779
AAACATTTCCCGGATT-1,Br2039,Visium,1,61,97,13080,12306,WM,1.6573904
AAACCCGAACGAAATC-1,Br2039,Visium,1,45,115,10273,14110,WM,1.919204
AAACCGGAAATGTTAA-1,Br2039,Visium,1,54,124,11847,15020,WM,1.5354141
AAACCGGGTAGGTACC-1,Br2039,Visium,1,42,28,9770,5353,WM,1.5729766
AAACCGTTCGTCCAGG-1,Br2039,Visium,1,52,42,11518,6766,WM,2.4878173
AAACCTAAGCAGCCGG-1,Br2039,Visium,1,65,83,13784,10898,WM,2.0538993
AAACGAGACGGTTGAT-1,Br2039,Visium,1,35,79,8531,10482,WM,1.4325492
AAACGCTGGGCACGAC-1,Br2039,Visium,1,70,126,14648,15228,WM,2.436613
AAACGGGCGTACGGGT-1,Br2039,Visium,1,65,91,13782,11704,WM,1.3603554
AAACGGTTGCGAACTG-1,Br2039,Visium,1,67,59,14140,8484,WM,2.533628
AAACTCGGTTCGCAAT-1,Br2039,Visium,1,66,70,13962,9591,WM,2.2206059
AAACTCGTGATATAAG-1,Br2039,Visium,1,23,113,6421,13899,WM,1.2418274
AAACTGCTGGCTCCAA-1,Br2039,Visium,1,45,67,10286,9279,WM,1.977773
AAAGAATGTGGACTAA-1,Br2039,Visium,1,71,105,14829,13115,WM,2.8669357
AAAGCTTGCCTACATA-1,Br2039,Visium,1,26,122,6944,14806,L1,1.1653786
AAAGGCCCTATAATAC-1,Br2039,Visium,1,66,22,13975,4760,WM,2.6081035
AAAGGCTACGGACCAT-1,Br2039,Visium,1,62,54,13266,7979,WM,2.1102679
AAAGGCTCTCGCGCCG-1,Br2039,Visium,1,55,55,12040,8076,WM,2.4904413
AAAGGGATGTAGCAAG-1,Br2039,Visium,1,24,62,6610,8767,L6,0.35925952
AAAGGGCAGCTTGAAT-1,Br2039,Visium,1,24,26,6619,5144,WM,1.6310904
AAAGTAGCATTGCTCA-1,Br2039,Visium,1,51,27,11347,5256,WM,2.2315
AAAGTGCCATCAATTA-1,Br2039,Visium,1,63,125,13423,15124,WM,1.9972267
AAAGTGTGATTTATCT-1,Br2039,Visium,1,44,94,10104,11996,WM,1.3568347
AAAGTTGACTCCCGTA-1,Br2039,Visium,1,42,96,9753,12196,WM,1.4844431
AAATAAGGTAGTGCCC-1,Br2039,Visium,1,31,115,7822,14104,L1,0.92479277
AAATACCTATAAGCAT-1,Br2039,Visium,1,47,69,10635,9481,WM,1.7039318
AAATAGCTTAGACTTT-1,Br2039,Visium,1,36,106,8700,13200,WM,0.87107253
AAATAGGGTGCTATTG-1,Br2039,Visium,1,53,79,11683,10490,WM,2.1198823
AAATCCGATACACGCC-1,Br2039,Visium,1,65,87,13783,11301,WM,1.9233985
AAATCGTGTACCACAA-1,Br2039,Visium,1,44,56,10113,8172,WM,1.6752808
AAATCTAGCCCTGCTA-1,Br2039,Visium,1,53,101,11678,12705,WM,1.7827011
AAATGACTGATCAAAC-1,Br2039,Visium,1,76,60,15716,8589,WM,4.1637797
AAATGCTCGTTACGTT-1,Br2039,Visium,1,16,24,5218,4939,WM,1.0331911
AAATGGCATGTCTTGT-1,Br2039,Visium,1,13,69,4682,9466,WM,0.86785
AAATGGTCAATGTGCC-1,Br2039,Visium,1,33,51,8188,7664,WM,1.0588071
AAATTAACGGGTAGCT-1,Br2039,Visium,1,34,58,8362,8369,WM,1.3659015
AAATTACACGACTCTG-1,Br2039,Visium,1,14,86,4852,11178,WM,2.0077283
AAATTACCTATCGATG-1,Br2039,Visium,1,26,94,6952,11988,WM,0.63717985
AAATTCCAGGTCCAAA-1,Br2039,Visium,1,35,115,8522,14105,L2_3,1.0345097
AAATTGATAGTCCTTT-1,Br2039,Visium,1,55,31,12046,5661,WM,2.2047067
AAATTGCGGCGGTTCT-1,Br2039,Visium,1,5,19,3294,4431,L1,1.6251047
AAATTTGCGGGTGTGG-1,Br2039,Visium,1,47,33,10645,5858,WM,1.4403298
AACAACTGGTAGTTGC-1,Br2039,Visium,1,28,42,7315,6756,WM,1.2082525
AACAATACATTGTCGA-1,Br2039,Visium,1,61,37,13095,6267,WM,1.9467337
AACAATTACTCTACGC-1,Br2039,Visium,1,29,25,7495,5045,WM,1.782085
AACACACGCTCGCCGC-1,Br2039,Visium,1,51,93,11330,11899,WM,1.8952193
AACACGACTGTACTGA-1,Br2039,Visium,1,9,65,3982,9062,L1,0.9299879
AACAGCTGTGTGGCAA-1,Br2039,Visium,1,59,31,12746,5663,WM,2.4609432
AACAGGATGGGCCGCG-1,Br2039,Visium,1,29,31,7493,5649,WM,1.7835093
AACAGGTAGTATGGAT-1,Br2039,Visium,1,49,113,10974,13910,WM,1.2783828
AACATAGCGTGTATCG-1,Br2039,Visium,1,75,83,15535,10903,WM,3.3563929
AACATATCAACTGGTG-1,Br2039,Visium,1,27,99,7125,12492,L2_3,0.69415593
AACATTGAAGTTGATC-1,Br2039,Visium,1,67,23,14149,4861,WM,3.1019955
AACATTGTGACTCGAG-1,Br2039,Visium,1,64,52,13617,7778,WM,2.1470635
AACCATGGGATCGCTA-1,Br2039,Visium,1,14,30,4867,5542,WM,1.3631727
AACCCAGAGACGGAGA-1,Br2039,Visium,1,15,39,5040,6448,L1,2.068112
AACCCGACAACCCGTG-1,Br2039,Visium,1,67,43,14144,6874,WM,2.9248548
AACCCGAGCAGAATCG-1,Br2039,Visium,1,57,113,12375,13914,WM,1.5645821
AACCCGCTGTATTCCA-1,Br2039,Visium,1,75,59,15541,8488,WM,3.1407866
AACCCTACTGTCAATA-1,Br2039,Visium,1,40,96,9403,12196,WM,1.290878
AACCCTGGTGGAACCA-1,Br2039,Visium,1,8,70,3806,9565,WM,1.1632462
AACCGAGCTTGGTCAT-1,Br2039,Visium,1,24,70,6608,9572,L2_3,0.658108
AACCGCTAAGGGATGC-1,Br2039,Visium,1,46,92,10454,11796,WM,1.5461792
AACCGTTGTGTTTGCT-1,Br2039,Visium,1,12,64,4508,8963,WM,0.89590037
AACCTCGCTTTAGCCC-1,Br2039,Visium,1,62,82,13259,10796,WM,1.7701342
AACCTGTCACGGAATT-1,Br2039,Visium,1,36,118,8697,14408,L1,1.1208218
AACCTTTAAATACGGT-1,Br2039,Visium,1,54,68,11861,9384,WM,1.3946996
AACGACCTCCTAGCCG-1,Br2039,Visium,1,71,119,14825,14524,WM,2.6380813
AACGATAATGCCGTAG-1,Br2039,Visium,1,53,73,11685,9887,WM,2.2551045
AACGATAGAAGGGCCG-1,Br2039,Visium,1,15,53,5036,7857,L1,1.2245868
AACGATATGTCAACTG-1,Br2039,Visium,1,24,76,6606,10176,WM,0.49578992
AACGCGACCTTGGGCG-1,Br2039,Visium,1,67,53,14142,7880,WM,3.0241995
AACGCGGTCTCCAGCC-1,Br2039,Visium,1,23,65,6434,9068,WM,1.0356989
AACGCTGTTGCTGAAA-1,Br2039,Visium,1,54,94,11855,12001,WM,1.9713581
AACGGACGTACGTATA-1,Br2039,Visium,1,50,92,11155,11797,WM,1.4651511
AACGGCCATCTCCGGT-1,Br2039,Visium,1,47,39,10643,6462,WM,1.8927708
AACGTACTGTGGGTAC-1,Br2039,Visium,1,48,42,10817,6765,WM,2.2454243
AACGTAGTCTACCCAT-1,Br2039,Visium,1,1,41,2587,6643,WM,1.7650985
AACGTCAGACTAGTGG-1,Br2039,Visium,1,24,40,6615,6553,WM,1.1401119
AACGTCATCCGGCTTG-1,Br2039,Visium,1,77,57,15892,8287,WM,3.5477266
AACGTCGCTGCACTTC-1,Br2039,Visium,1,73,109,15178,13519,WM,3.4659321
AACGTGCGAAAGTCTC-1,Br2039,Visium,1,36,74,8708,9980,WM,1.2657917
AACGTTCTACCATTGT-1,Br2039,Visium,1,75,127,15524,15331,WM,2.4413157
AACTACCCGTTTGTCA-1,Br2039,Visium,1,47,113,10624,13910,WM,2.1245043
AACTAGCGTATCGCAC-1,Br2039,Visium,1,4,48,3111,7349,WM,1.1897084
AACTAGGCTTGGGTGT-1,Br2039,Visium,1,55,61,12038,8680,WM,1.6037349
AACTCAAGTTAATTGC-1,Br2039,Visium,1,38,44,9066,6961,WM,1.7070851
AACTCCAGAGCGTGTT-1,Br2039,Visium,1,60,92,12906,11802,WM,2.1123865
AACTCCTAATCCCATG-1,Br2039,Visium,1,12,92,4501,11780,WM,1.09788
AACTCGATGGCGCAGT-1,Br2039,Visium,1,11,27,4342,5238,WM,0.9272052
AACTCTCAATAGAGCG-1,Br2039,Visium,1,35,93,8528,11891,WM,1.4509143
AACTCTCAGTGTGCTC-1,Br2039,Visium,1,53,41,11693,6666,WM,1.8517916
AACTGAGTTATACTGA-1,Br2039,Visium,1,51,127,11321,15320,WM,1.581135
AACTGATATTAGGCCT-1,Br2039,Visium,1,16,66,5208,9166,WM,1.3855004
AACTGGGTCCCGACGT-1,Br2039,Visium,1,20,66,5908,9167,WM,0.9774483
AACTTGCCCGTATGCA-1,Br2039,Visium,1,29,27,7494,5247,WM,1.4274484
AACTTGCGTTCTCGCG-1,Br2039,Visium,1,14,20,4869,4535,L1,1.0569642
AACTTTAGCTGCTGAG-1,Br2039,Visium,1,5,49,3286,7450,WM,0.69960225
AAGAAGGATCAGTTAG-1,Br2039,Visium,1,13,25,4693,5038,WM,1.4736407
AAGACATACGTGGTTT-1,Br2039,Visium,1,68,114,14301,14020,WM,2.819778
AAGACCCAACTGAACA-1,Br2039,Visium,1,60,54,12916,7978,WM,2.150021
AAGACTAACCCGTTGT-1,Br2039,Visium,1,5,27,3291,5236,WM,1.2432832
AAGACTGCAAGCTACT-1,Br2039,Visium,1,36,68,8709,9376,WM,1.3885057
AAGAGATGAATCGGTA-1,Br2039,Visium,1,27,27,7144,5246,WM,1.3223882
AAGAGCTCTTTATCGG-1,Br2039,Visium,1,35,77,8532,10281,WM,1.4600096
AAGAGGATGTACGCGA-1,Br2039,Visium,1,39,29,9245,5452,WM,2.0065572
AAGAGGCATGGATCGC-1,Br2039,Visium,1,36,80,8706,10584,WM,2.293314
AAGAGGCCCTTTGGAA-1,Br2039,Visium,1,59,109,12726,13512,WM,1.7470925
AAGATGGCACCGGACC-1,Br2039,Visium,1,59,39,12744,6468,WM,1.7727447
AAGATTGGCGGAACGT-1,Br2039,Visium,1,26,90,6953,11585,WM,1.0025791
AAGCACCCTGCGTATC-1,Br2039,Visium,1,59,73,12736,9889,WM,1.9861641
AAGCATACTCTCCTGA-1,Br2039,Visium,1,53,69,11686,9484,WM,2.041284
AAGCCACTTGCAGGTA-1,Br2039,Visium,1,74,30,15373,5569,WM,3.0694814
AAGCCGAAGCGGTTTA-1,Br2039,Visium,1,49,107,10976,13307,WM,1.885431
AAGCCGCCGTGAAATC-1,Br2039,Visium,1,65,23,13799,4860,WM,3.0792854
AAGCCGGAGAGCAGGA-1,Br2039,Visium,1,61,125,13073,15123,WM,1.4953097
AAGCGCAGGGCTTTGA-1,Br2039,Visium,1,67,73,14137,9893,WM,2.5223508
AAGCGTCCCTCATCGA-1,Br2039,Visium,1,57,35,12395,6064,WM,2.152068
AAGCTAGATCGAGTAA-1,Br2039,Visium,1,50,68,11161,9382,WM,2.3583467
AAGCTCGTGCCAAGTC-1,Br2039,Visium,1,35,73,8533,9879,WM,1.7684103
AAGCTCTTTCATGGTG-1,Br2039,Visium,1,57,81,12383,10694,WM,1.5902889
AAGGAGCGGTTGGTGC-1,Br2039,Visium,1,28,48,7314,7359,WM,1.530839
AAGGATCGATCGCTTG-1,Br2039,Visium,1,39,109,9224,13503,WM,1.6201503
AAGGATGAGGGACCTC-1,Br2039,Visium,1,27,87,7129,11284,WM,1.1393634
AAGGCAGGCTGTCTCC-1,Br2039,Visium,1,42,118,9747,14410,WM,1.5648845
AAGGCGCGTAAAGCTT-1,Br2039,Visium,1,24,38,6616,6351,WM,0.6723454
AAGGCTGTGCTCATCG-1,Br2039,Visium,1,30,46,7664,7159,WM,1.3111241
AAGGGACAGATTCTGT-1,Br2039,Visium,1,26,92,6952,11787,WM,1.0807273
AAGGGACTATGCATTC-1,Br2039,Visium,1,60,26,12923,5160,WM,2.2731392
AAGGGTTAGCCATGCG-1,Br2039,Visium,1,75,121,15525,14727,WM,3.2679586
AAGGTATCCTAATATA-1,Br2039,Visium,1,25,81,6780,10679,WM,1.2723864
AAGGTGATAAACCAGC-1,Br2039,Visium,1,44,92,10104,11795,WM,1.7966905
AAGTAGAAGACCGGGT-1,Br2039,Visium,1,19,47,5738,7255,WM,0.902338
AAGTAGTGACGCGAGG-1,Br2039,Visium,1,33,31,8194,5651,WM,1.7751174
AAGTCAATTGTCGTCA-1,Br2039,Visium,1,45,101,10277,12701,WM,1.2971251
AAGTGACGACCGAATT-1,Br2039,Visium,1,41,25,9596,5051,WM,1.5892283
AAGTGAGTCGGGTTTA-1,Br2039,Visium,1,62,48,13267,7375,WM,2.1595852
AAGTGCCTTGACTGTA-1,Br2039,Visium,1,44,104,10101,13002,WM,1.641028
AAGTGCGTTAGAATCT-1,Br2039,Visium,1,49,27,10996,5255,WM,1.6465181
AAGTGCTTCTCTATTG-1,Br2039,Visium,1,69,37,14496,6271,WM,2.2499368
AAGTGTTTGGAGACGG-1,Br2039,Visium,1,52,80,11508,10591,WM,1.8670518
AAGTTCACTCCAAGCT-1,Br2039,Visium,1,57,85,12382,11096,WM,1.4593909
AAGTTCGGCCAACAGG-1,Br2039,Visium,1,46,34,10469,5959,WM,2.021121
AAGTTGTGATGTTATA-1,Br2039,Visium,1,66,106,13953,13214,WM,2.305905
AAGTTTACTAATGGCA-1,Br2039,Visium,1,5,61,3283,8658,WM,1.4673853
AAGTTTATGGGCCCAA-1,Br2039,Visium,1,68,70,14312,9591,WM,2.6399899
AATAACAACGCTCGGC-1,Br2039,Visium,1,36,30,8719,5552,WM,1.8167852
AATAACACTAGAACAA-1,Br2039,Visium,1,52,38,11519,6364,WM,2.15437
AATAACGTCGCGCCCA-1,Br2039,Visium,1,75,115,15527,14123,WM,3.0877693
AATAATCTTCGTATCG-1,Br2039,Visium,1,52,122,11497,14817,WM,1.8622305
AATACCGGAGGGCTGT-1,Br2039,Visium,1,67,37,14146,6270,WM,2.539361
AATACCTGATGTGAAC-1,Br2039,Visium,1,74,100,15355,12613,WM,3.4321985
AATAGAACAGAGTGGC-1,Br2039,Visium,1,52,46,11517,7169,WM,2.0576603
AATAGAATCTGTTTCA-1,Br2039,Visium,1,48,86,10806,11193,WM,0.8247212
AATAGGCACGACCCTT-1,Br2039,Visium,1,77,33,15898,5872,WM,2.6808074
AATAGTCCGTCCCGAC-1,Br2039,Visium,1,57,57,12390,8278,WM,2.2582872
AATATCAAGGTCGGAT-1,Br2039,Visium,1,8,42,3813,6747,WM,1.1297673
AATATCGAATCAATGC-1,Br2039,Visium,1,49,109,10975,13508,WM,1.5970821
AATATCGAGGGTTCTC-1,Br2039,Visium,1,27,101,7125,12693,L2_3,0.7956552
AATCAGACTGCAGGAC-1,Br2039,Visium,1,5,23,3293,4833,WM,1.2102354
AATCAGGTTTCATTTA-1,Br2039,Visium,1,69,33,14497,5868,WM,2.117003
AATCATGTAAAGACTC-1,Br2039,Visium,1,54,98,11854,12403,WM,2.0544093
AATCCAAGGGCCTGAG-1,Br2039,Visium,1,13,47,4687,7252,WM,1.1061504
AATCCATGCAAGGGTG-1,Br2039,Visium,1,8,26,3817,5136,WM,1.6172335
AATCCCGCTCAGAGCC-1,Br2039,Visium,1,76,56,15717,8186,WM,2.717567
AATCGAGGTCTCAAGG-1,Br2039,Visium,1,76,80,15711,10601,WM,3.6098151
AATCGCCTCAGCGCCA-1,Br2039,Visium,1,39,79,9232,10484,WM,1.5672638
AATCGCGCAGAGGACT-1,Br2039,Visium,1,42,114,9748,14008,WM,1.071444
AATCGGTATAGCCCTC-1,Br2039,Visium,1,71,109,14828,13518,WM,3.112709
AATCGTGAGCCGAGCA-1,Br2039,Visium,1,67,83,14134,10899,WM,2.2140765
AATCTATGCCGGAGCC-1,Br2039,Visium,1,26,110,6947,13598,L1,0.63566613
AATCTGCGTTGGGACG-1,Br2039,Visium,1,32,92,8003,11789,WM,0.86853653
AATGACAGCAATGTCT-1,Br2039,Visium,1,48,30,10820,5557,WM,2.1237867
AATGACGTAGGATGTC-1,Br2039,Visium,1,44,78,10108,10386,WM,1.7940066
AATGACTGTCAGCCGG-1,Br2039,Visium,1,23,47,6438,7257,WM,0.90732473
AATGAGTTCGCATATG-1,Br2039,Visium,1,15,21,5044,4636,WM,1.012245
AATGATGATACGCTAT-1,Br2039,Visium,1,23,93,6427,11886,L1,1.2474868
AATGATGCGACTCCTG-1,Br2039,Visium,1,25,101,6775,12692,WM,0.49065948
AATGCAACCGGGTACC-1,Br2039,Visium,1,25,59,6785,8465,WM,0.9349541
AATGGTTCTCACAAGC-1,Br2039,Visium,1,19,35,5741,6047,L1,0.785234
AATGTGCCCGAGGTGT-1,Br2039,Visium,1,55,27,12047,5258,WM,2.410347
AATGTGCTAATCTGAG-1,Br2039,Visium,1,66,32,13972,5766,WM,2.9402206
AATGTTAAGACCCTGA-1,Br2039,Visium,1,75,81,15535,10702,WM,3.7021885
AATGTTGTCGTGAGAC-1,Br2039,Visium,1,68,108,14303,13416,WM,2.4906259
AATTAAAGGTCGGCGT-1,Br2039,Visium,1,40,50,9414,7566,WM,1.9314085
AATTAACGGATTTCCA-1,Br2039,Visium,1,58,66,12562,9184,WM,1.9342921
AATTAGCGCTGCAGCG-1,Br2039,Visium,1,51,63,11337,8879,WM,1.2609503
AATTATACCCAGCAAG-1,Br2039,Visium,1,75,89,15533,11507,WM,3.3962946
AATTCATAAGGGATCT-1,Br2039,Visium,1,23,91,6427,11685,L1,0.83874804
AATTCCAAGCATGTAC-1,Br2039,Visium,1,66,58,13965,8383,WM,2.0479248
AATTCGATTCGAGGAT-1,Br2039,Visium,1,66,76,13961,10194,WM,2.3694315
AATTCTAGAGTTAGGC-1,Br2039,Visium,1,49,63,10987,8878,WM,1.855547
AATTGAACGCTCTGGT-1,Br2039,Visium,1,45,83,10282,10889,WM,1.699924
AATTGCAGCAATCGAC-1,Br2039,Visium,1,64,102,13604,12810,WM,2.3301704
AATTGTGGTTGCCAAA-1,Br2039,Visium,1,65,119,13775,14521,WM,1.9001131
AATTTGGGACATAGTA-1,Br2039,Visium,1,13,91,4676,11680,WM,0.8126524
ACAAACTCCATCAGAG-1,Br2039,Visium,1,76,40,15721,6576,WM,2.8605022
ACAAAGCATGACCTAG-1,Br2039,Visium,1,63,97,13430,12306,WM,2.1912107
ACAAATCGCACCGAAT-1,Br2039,Visium,1,50,82,11157,10791,WM,2.1947305
ACAAATGGTAGTGTTT-1,Br2039,Visium,1,44,84,10106,10990,WM,1.3107108
ACAACAGCATGAGCTA-1,Br2039,Visium,1,32,72,8008,9777,WM,1.2981712
ACAACGGTCCCTGCGA-1,Br2039,Visium,1,22,30,6268,5545,WM,1.6739765
ACAAGCAGTGCCTAGC-1,Br2039,Visium,1,30,26,7670,5146,WM,1.6082795
ACAAGGAAATCCGCCC-1,Br2039,Visium,1,49,75,10984,10086,WM,2.160286
ACAAGGACAAGAGGTT-1,Br2039,Visium,1,29,37,7492,6253,WM,1.7141397
ACAAGGATGCTTTAGG-1,Br2039,Visium,1,61,87,13082,11299,WM,1.8777854
ACAAGGGCAGGCTCTG-1,Br2039,Visium,1,44,76,10108,10185,WM,1.4691957
ACAAGTAATTGTAAGG-1,Br2039,Visium,1,77,21,15901,4664,WM,2.8031783
ACAATCCATTTAAACC-1,Br2039,Visium,1,36,32,8719,5753,WM,1.7411442
ACAATGAATACGGAGA-1,Br2039,Visium,1,57,31,12396,5662,WM,2.2627208
ACAATTGTGTCTCTTT-1,Br2039,Visium,1,51,97,11329,12301,WM,1.3769345
ACAATTTGAGCAGTGG-1,Br2039,Visium,1,28,82,7305,10781,WM,1.56478
ACAATTTGGCCATATT-1,Br2039,Visium,1,43,123,9921,14914,WM,1.6346601
ACACAAAGACGGGTGG-1,Br2039,Visium,1,24,56,6611,8163,WM,1.0758969
ACACACCAGGACCAGT-1,Br2039,Visium,1,44,90,10105,11593,WM,1.5979204
ACACATTTCCGTAGAC-1,Br2039,Visium,1,73,67,15189,9292,WM,3.0542636
ACACCACATAATTAGC-1,Br2039,Visium,1,31,117,7821,14305,L1,0.6872107
ACACCCAGCATGCAGC-1,Br2039,Visium,1,24,50,6613,7559,WM,1.2542669
ACACCCGAGAAATCCG-1,Br2039,Visium,1,19,39,5740,6450,WM,1.1661128
ACACCTTAAGTAGGGC-1,Br2039,Visium,1,25,43,6790,6855,WM,0.5830242
ACACCTTACTACTTGC-1,Br2039,Visium,1,41,111,9574,13706,WM,1.7703092
ACACGAGACTCCTTCT-1,Br2039,Visium,1,31,71,7833,9676,WM,1.3828537
ACACGGCACTATGCAT-1,Br2039,Visium,1,7,71,3630,9665,WM,1.751576
ACACGGGAACTTAGGG-1,Br2039,Visium,1,27,71,7133,9674,WM,0.9186901
ACACGTAGGCCACAAG-1,Br2039,Visium,1,58,110,12551,13613,WM,1.6634612
ACACTGATCAAGGTGT-1,Br2039,Visium,1,52,48,11516,7370,WM,1.9880712
ACACTGGGACAGTCGT-1,Br2039,Visium,1,59,115,12725,14116,WM,1.904725
ACAGAACTGAGAACAA-1,Br2039,Visium,1,52,24,11522,4955,WM,1.4422779
ACAGATTAGGTTAGTG-1,Br2039,Visium,1,7,57,3634,8256,L1,0.86194575
ACAGCGACATTCTCAT-1,Br2039,Visium,1,59,99,12729,12506,WM,2.1130004
ACAGCGCACCCGCAGC-1,Br2039,Visium,1,10,80,4153,10572,WM,1.3344674
ACAGGCACGGATCCTT-1,Br2039,Visium,1,69,95,14481,12108,WM,2.675334
ACAGGCTTGCCCGACT-1,Br2039,Visium,1,53,87,11681,11296,WM,1.3021383
ACAGGTGGAGGTGAGG-1,Br2039,Visium,1,51,39,11344,6464,WM,1.5279864
ACATAATAAGGCGGTG-1,Br2039,Visium,1,21,63,6084,8866,L2_3,0.9213121
ACATACAATCAAGCGG-1,Br2039,Visium,1,76,96,15707,12212,WM,3.9318452
ACATCCCGGCCATACG-1,Br2039,Visium,1,55,57,12039,8277,WM,1.811417
ACATCCTGGTAACTGT-1,Br2039,Visium,1,42,102,9751,12800,WM,1.2920965
ACATCGATCGTTTACC-1,Br2039,Visium,1,42,62,9762,8775,WM,1.7027524
ACATCGCAATATTCGG-1,Br2039,Visium,1,77,27,15899,5268,WM,2.3418365
ACATCGGTCAGCCGCG-1,Br2039,Visium,1,41,37,9593,6258,WM,1.6541445
ACATCGTATGCAATGG-1,Br2039,Visium,1,45,81,10282,10688,WM,1.9088836
ACATCGTTAACCTAGT-1,Br2039,Visium,1,9,75,3980,10068,WM,1.1924354
ACATGGCGCCAAAGTA-1,Br2039,Visium,1,40,104,9401,13001,WM,1.5262386
ACATTAGTTTATATCC-1,Br2039,Visium,1,51,61,11338,8678,WM,1.7415581
ACATTCGCGCGGAATA-1,Br2039,Visium,1,73,27,15199,5266,WM,2.920377
ACATTTGAAACCTAAC-1,Br2039,Visium,1,73,99,15181,12512,WM,3.0165386
ACCAACCGCACTCCAC-1,Br2039,Visium,1,65,97,13780,12307,WM,2.3955197
ACCAACGCTTATTTAT-1,Br2039,Visium,1,53,49,11691,7471,WM,1.4522904
ACCAAGAACGCGTGTC-1,Br2039,Visium,1,17,49,5387,7455,WM,1.039569
ACCAAGTCATCGGCAG-1,Br2039,Visium,1,70,106,14653,13215,WM,2.2329955
ACCAATATGCAAGTTA-1,Br2039,Visium,1,56,78,12209,10391,WM,1.8014287
ACCACAAGTTTCTATC-1,Br2039,Visium,1,30,54,7662,7964,WM,0.83157057
ACCACACGGTTGATGG-1,Br2039,Visium,1,75,79,15536,10500,WM,3.1882732
ACCACCAATGTAACAA-1,Br2039,Visium,1,41,107,9575,13303,WM,1.4479226
ACCACGTGCAGCTATA-1,Br2039,Visium,1,48,76,10809,10186,WM,1.9621694
ACCAGTGCGGGAGACG-1,Br2039,Visium,1,48,94,10804,11998,WM,0.68923676
ACCATATCCGCAATAA-1,Br2039,Visium,1,38,56,9063,8169,WM,1.1956214
ACCATCGTATATGGTA-1,Br2039,Visium,1,42,42,9767,6762,WM,1.5952761
ACCCAACGCCCGTGGC-1,Br2039,Visium,1,30,86,7654,11185,WM,0.86970896
ACCCACCTACATGCTC-1,Br2039,Visium,1,25,25,6794,5043,WM,1.6844345
ACCCATCTTGAGGGTA-1,Br2039,Visium,1,37,37,8892,6256,WM,1.4642993
ACCCATTTGTCCCTCT-1,Br2039,Visium,1,60,100,12904,12607,WM,1.9865713
ACCCGAGCGAAATTAC-1,Br2039,Visium,1,61,29,13097,5462,WM,2.1386232
ACCCGATTGGTTCCGA-1,Br2039,Visium,1,69,35,14497,6070,WM,2.6511402
ACCCGGAAACTCCCAG-1,Br2039,Visium,1,57,65,12388,9083,WM,2.0605748
ACCCGGAGCACCACAA-1,Br2039,Visium,1,59,123,12723,14921,WM,2.1487691
ACCCGGATGACGCATC-1,Br2039,Visium,1,38,100,9051,12597,WM,1.2433181
ACCCGGTTACACTTCC-1,Br2039,Visium,1,42,48,9765,7366,WM,2.2912188
ACCCGTAGTCTAGTTG-1,Br2039,Visium,1,68,118,14300,14422,WM,2.8170857
ACCCGTGTCATCAGTA-1,Br2039,Visium,1,58,54,12565,7977,WM,1.7887545
ACCCTATAGGACTGAG-1,Br2039,Visium,1,12,20,4519,4534,WM,1.1412011
ACCCTATGCCATATCG-1,Br2039,Visium,1,56,40,12219,6567,WM,1.8363402
ACCCTCCCGTCAGGGC-1,Br2039,Visium,1,69,99,14480,12510,WM,3.1818213
ACCCTCCCTTGCTATT-1,Br2039,Visium,1,48,84,10807,10991,WM,0.9149445
ACCCTTCATCTGCGAA-1,Br2039,Visium,1,13,65,4683,9064,L1,0.6596165
ACCGACACATCTCCCA-1,Br2039,Visium,1,61,67,13087,9286,WM,1.7049549
ACCGACTGAGTCCCAC-1,Br2039,Visium,1,28,66,7309,9171,WM,1.8085939
ACCGAGTCTCCTTATT-1,Br2039,Visium,1,71,79,14835,10499,WM,2.8618824
ACCGATAGGCATAACC-1,Br2039,Visium,1,60,118,12899,14419,WM,1.5244625
ACCGATATTTAATCAT-1,Br2039,Visium,1,54,120,11848,14617,WM,1.7182438
ACCGATGGTAGCATCG-1,Br2039,Visium,1,36,92,8703,11791,WM,1.6779115
ACCGCAATAACTGCCT-1,Br2039,Visium,1,51,79,11333,10490,WM,1.3454881
ACCGCGGTGGAAGTCG-1,Br2039,Visium,1,44,106,10101,13204,WM,1.8236158
ACCGCTAGTCATTGGT-1,Br2039,Visium,1,74,32,15373,5770,WM,2.9490182
ACCGGGCCTTTGTTGA-1,Br2039,Visium,1,46,98,10453,12399,WM,1.833486
ACCGTGACCACGTGGG-1,Br2039,Visium,1,61,39,13095,6469,WM,1.9403291
ACCTAAGTACCTTTCA-1,Br2039,Visium,1,50,30,11171,5558,WM,2.230227
ACCTAATCGACTTCCT-1,Br2039,Visium,1,32,30,8019,5550,WM,2.0114672
ACCTACAGTATGTGGT-1,Br2039,Visium,1,41,113,9573,13907,WM,1.1716282
ACCTACTATAAATCTA-1,Br2039,Visium,1,68,58,14316,8384,WM,2.1353557
ACCTCAGCGAGGCGCA-1,Br2039,Visium,1,77,99,15881,12514,WM,2.8797474
ACCTCCGCCCTCGCTG-1,Br2039,Visium,1,55,107,12026,13309,WM,1.7134582
ACCTCCGTTATTCACC-1,Br2039,Visium,1,34,112,8348,13803,WM,1.0526431
ACGACCCATGAGTTGC-1,Br2039,Visium,1,59,125,12722,15123,WM,1.9065175
ACGACTCTAGGGCCGA-1,Br2039,Visium,1,71,93,14832,11907,WM,2.4236588
ACGACTGGTCATACTC-1,Br2039,Visium,1,64,34,13621,5967,WM,2.2054915
ACGAGAACCCATCACG-1,Br2039,Visium,1,8,34,3815,5942,WM,0.48540914
ACGAGTACGGATGCCC-1,Br2039,Visium,1,28,104,7299,12995,L2_3,0.9609855
ACGATACATAGAACTA-1,Br2039,Visium,1,22,80,6255,10577,WM,0.7957032
ACGATCATACATAGAG-1,Br2039,Visium,1,25,63,6784,8868,WM,1.2395047
ACGATCATCTTGTAAA-1,Br2039,Visium,1,36,102,8701,12798,WM,1.3195409
ACGATGCATATGTTAT-1,Br2039,Visium,1,37,43,8891,6860,WM,1.9757013
ACGCAAACTAATAGAT-1,Br2039,Visium,1,63,47,13443,7275,WM,1.9966481
ACGCAATCACTACAGC-1,Br2039,Visium,1,25,109,6773,13497,L1,1.8947955
ACGCATACGTTTACTA-1,Br2039,Visium,1,56,102,12203,12807,WM,1.4935149
ACGCATTCGTGAGTAC-1,Br2039,Visium,1,33,61,8186,8670,WM,1.1809721
ACGCCACTCGAAACAG-1,Br2039,Visium,1,75,71,15538,9695,WM,3.3306208
ACGCCAGATGATTTCT-1,Br2039,Visium,1,17,73,5381,9871,L4,0.8299651
ACGCCAGTGCGTTTGC-1,Br2039,Visium,1,72,102,15005,12814,WM,2.8593028
ACGCCGCTAGACGACC-1,Br2039,Visium,1,43,71,9934,9681,WM,2.113525
ACGCGAAGTCAGACGA-1,Br2039,Visium,1,49,59,10988,8476,WM,2.004434
ACGCGCTACACAGGGT-1,Br2039,Visium,1,41,31,9594,5654,WM,1.5820663
ACGCGGGCCAAGGACA-1,Br2039,Visium,1,34,62,8361,8771,WM,1.70627
ACGCTACTGAATGGGC-1,Br2039,Visium,1,74,120,15350,14626,WM,3.1622193
ACGCTAGTGATACACT-1,Br2039,Visium,1,28,100,7300,12593,WM,0.77297795
ACGGAACACGAGTGCC-1,Br2039,Visium,1,73,101,15180,12713,WM,3.0106397
ACGGAATTTAGCAAAT-1,Br2039,Visium,1,15,27,5043,5240,WM,0.51728475
ACGGACTCTCAAAGCG-1,Br2039,Visium,1,61,75,13085,10092,WM,1.8040133
ACGGATGGTGCGGATA-1,Br2039,Visium,1,57,79,12384,10492,WM,1.263354
ACGGCACTTGCTTGGG-1,Br2039,Visium,1,52,60,11513,8578,WM,1.174508
ACGGCCAACATGGACT-1,Br2039,Visium,1,53,55,11690,8075,WM,2.8641741
ACGGCGACGATGGGAA-1,Br2039,Visium,1,49,77,10984,10287,WM,1.4069121
ACGGGAGTGTCGGCCC-1,Br2039,Visium,1,47,25,10647,5053,WM,2.0391936
ACGGTACAGTTCAATG-1,Br2039,Visium,1,71,97,14831,12310,WM,3.2888389
ACGTACTTTGGCACGG-1,Br2039,Visium,1,70,32,14672,5768,WM,3.2261293
ACGTAGATTGCTGATG-1,Br2039,Visium,1,33,67,8184,9274,WM,1.7908741
ACGTAGGAGAGTCGCT-1,Br2039,Visium,1,70,72,14662,9794,WM,2.8760188
ACGTATTACTCCGATC-1,Br2039,Visium,1,41,97,9577,12297,WM,1.9560144
ACGTGCGCCTCGTGCA-1,Br2039,Visium,1,17,63,5384,8864,L1,1.0433769
ACGTTAATGTCGAAGA-1,Br2039,Visium,1,41,69,9585,9479,WM,1.0534787
ACGTTAGATTTGCCCG-1,Br2039,Visium,1,39,39,9242,6459,WM,1.8174242
ACGTTCACTATGCCGC-1,Br2039,Visium,1,74,38,15371,6374,WM,2.992
ACGTTCGCAATCAATT-1,Br2039,Visium,1,33,113,8172,13903,L2_3,0.66563
ACGTTCGTTCAGGAAA-1,Br2039,Visium,1,60,44,12918,6971,WM,2.266951
ACGTTCTGTACAAGTC-1,Br2039,Visium,1,65,95,13781,12106,WM,2.9371943
ACGTTGTCGTTGAAAG-1,Br2039,Visium,1,75,31,15548,5670,WM,2.8307827
ACGTTTCGGTGCACTT-1,Br2039,Visium,1,74,122,15350,14827,WM,2.5963655
ACTACAAAGAGAGGTG-1,Br2039,Visium,1,71,49,14843,7479,WM,2.8601692
ACTACCAGCTCTCTGG-1,Br2039,Visium,1,25,41,6790,6654,WM,1.3220389
ACTACCATCCGAGGGC-1,Br2039,Visium,1,74,28,15374,5367,WM,2.9455996
ACTACGCGTTAGAATT-1,Br2039,Visium,1,60,56,12915,8179,WM,2.0524523
ACTAGTTGCGATCGTC-1,Br2039,Visium,1,50,104,11152,13005,WM,1.1367886
ACTATCCAGGGCATGG-1,Br2039,Visium,1,38,108,9049,13402,WM,1.5619247
ACTATCTGCCCGCGTA-1,Br2039,Visium,1,53,113,11675,13912,WM,1.4806383
ACTATGTCCAGCTGCC-1,Br2039,Visium,1,64,22,13624,4759,WM,2.8881483
ACTATTTCCGGGCCCA-1,Br2039,Visium,1,59,41,12744,6669,WM,2.2192838
ACTCAAGTGCAAGGCT-1,Br2039,Visium,1,60,86,12907,11198,WM,1.5572196
ACTCAATAAAGGCACG-1,Br2039,Visium,1,25,69,6783,9472,WM,0.9120108
ACTCAGACCTGCTTCT-1,Br2039,Visium,1,9,43,3988,6848,WM,1.1128945
ACTCCAATATCATCAT-1,Br2039,Visium,1,63,29,13447,5463,WM,2.4044995
ACTCCCGAATTCGTTT-1,Br2039,Visium,1,32,104,8000,12997,WM,1.448122
ACTCCCTAATGCTAAA-1,Br2039,Visium,1,57,69,12386,9486,WM,2.1188178
ACTCCCTAGAATAGTA-1,Br2039,Visium,1,48,70,10810,9582,WM,1.6145523
ACTCCGGCCGACCACT-1,Br2039,Visium,1,70,90,14658,11605,WM,2.7621486
ACTCGCCGTTCGATAA-1,Br2039,Visium,1,67,111,14127,13717,WM,2.3890305
ACTCGCGATCTGACGC-1,Br2039,Visium,1,42,126,9745,15216,WM,1.4752102
ACTCGTCAGTAATCCC-1,Br2039,Visium,1,36,78,8707,10382,WM,1.3138466
ACTCTCTGACTTAGGT-1,Br2039,Visium,1,42,78,9757,10385,WM,1.7134997
ACTCTGACCTAATAGA-1,Br2039,Visium,1,69,97,14481,12309,WM,2.8097892
ACTCTTCAGCTCCCGC-1,Br2039,Visium,1,36,126,8694,15213,WM,1.12112
ACTCTTGTATAGTAAC-1,Br2039,Visium,1,36,70,8709,9577,WM,1.5228417
ACTGAAACGCCGTTAG-1,Br2039,Visium,1,57,93,12380,11901,WM,1.5166998
ACTGAATGGCGAAAGT-1,Br2039,Visium,1,47,83,10632,10890,WM,2.2468147
ACTGCCCGCCATTCTC-1,Br2039,Visium,1,68,30,14323,5566,WM,2.5227983
ACTGCCGTCGTAACTC-1,Br2039,Visium,1,16,70,5207,9568,L1,1.8118991
ACTGCGGACACACCGT-1,Br2039,Visium,1,37,119,8871,14509,WM,0.89669836
ACTGGGATGCCAGTGC-1,Br2039,Visium,1,73,53,15192,7883,WM,3.4591103
ACTGTACGATACACAT-1,Br2039,Visium,1,30,78,7656,10380,WM,1.0431556
ACTGTAGCACTTTGGA-1,Br2039,Visium,1,27,39,7141,6453,WM,1.0231819
ACTGTATACGCGAGCA-1,Br2039,Visium,1,10,36,4165,6144,WM,1.4447422
ACTGTCCAGGATTATA-1,Br2039,Visium,1,33,55,8187,8066,WM,1.3758321
ACTGTCTTCTTTAGAA-1,Br2039,Visium,1,30,64,7660,8971,WM,1.439938
ACTGTGCTAGTAGATC-1,Br2039,Visium,1,13,31,4691,5642,WM,1.0940995
ACTTACGCATCCACGC-1,Br2039,Visium,1,58,78,12559,10392,WM,1.8684433
ACTTAGTACGACAAGA-1,Br2039,Visium,1,14,32,4866,5743,L1,1.2657404
ACTTATACTTACCCGG-1,Br2039,Visium,1,36,90,8704,11590,WM,1.6504545
ACTTATTAGGATCGGT-1,Br2039,Visium,1,38,52,9064,7767,WM,1.5905979
ACTTATTTATGTGCCA-1,Br2039,Visium,1,46,90,10455,11594,WM,1.6289458
ACTTCAGGCTGATCCC-1,Br2039,Visium,1,51,81,11333,10691,WM,2.352881
ACTTCCATGCGGGACA-1,Br2039,Visium,1,61,85,13083,11098,WM,1.9831219
ACTTCGCCATACGCAC-1,Br2039,Visium,1,27,75,7132,10076,WM,0.7426701
ACTTCGCTAGCGAGTG-1,Br2039,Visium,1,31,127,7819,15311,L2_3,0.42800063
ACTTGACTCCCTCTTT-1,Br2039,Visium,1,42,72,9759,9781,WM,1.3159719
ACTTGGGACCCGGTGG-1,Br2039,Visium,1,29,49,7488,7461,L1,0.88464963
ACTTGGGCTTTCGCCA-1,Br2039,Visium,1,77,75,15887,10099,WM,3.3968263
ACTTGTGGATGGAACG-1,Br2039,Visium,1,52,108,11501,13409,WM,1.4762323
ACTTGTTACCGGATCA-1,Br2039,Visium,1,75,57,15542,8286,WM,3.4809303
ACTTTACCCTCATGAA-1,Br2039,Visium,1,32,106,7999,13198,WM,0.41450897
ACTTTCCTATAGCTTC-1,Br2039,Visium,1,28,62,7310,8768,WM,0.67698073
ACTTTGTCGACGCACT-1,Br2039,Visium,1,56,120,12198,14618,WM,1.6985152
AGAAATTATGACTCGC-1,Br2039,Visium,1,53,115,11674,14113,WM,1.2641637
AGAACCCAGCGTGACA-1,Br2039,Visium,1,44,124,10096,15015,WM,1.1412467
AGAACGTGGTACATTC-1,Br2039,Visium,1,27,73,7132,9875,WM,1.089061
AGAACTGTACTTTGTA-1,Br2039,Visium,1,74,96,15356,12211,WM,3.2863512
AGAAGAGCGCCGTTCC-1,Br2039,Visium,1,38,88,9054,11390,WM,1.8269001
AGAAGGTTGCCGAATT-1,Br2039,Visium,1,42,44,9766,6963,WM,1.6810209
AGAAGGTTGTAGGTCG-1,Br2039,Visium,1,64,78,13610,10395,WM,1.963928
AGAAGTGATTCGTGAT-1,Br2039,Visium,1,48,28,10821,5356,WM,2.0315042
AGAATACAGGCTATCC-1,Br2039,Visium,1,75,99,15531,12513,WM,3.4353204
AGAATTATGGATTCGA-1,Br2039,Visium,1,32,98,8001,12393,WM,1.1261659
AGAATTGTTTGACATA-1,Br2039,Visium,1,17,23,5394,4839,WM,1.1160356
AGACAGGCATCTCAGC-1,Br2039,Visium,1,55,125,12022,15121,L5,0.95266676
AGACATAGATCCTTCC-1,Br2039,Visium,1,7,47,3637,7249,WM,0.5335879
AGACCATGGGATACAA-1,Br2039,Visium,1,22,28,6268,5344,WM,1.2472521
AGACCCACCGCTGATC-1,Br2039,Visium,1,49,65,10987,9080,WM,1.9544425
AGACCCGCCCTCCTCG-1,Br2039,Visium,1,26,56,6961,8164,L2_3,0.86848533
AGACCGCTCCGCGGTT-1,Br2039,Visium,1,51,111,11325,13710,WM,1.5904667
AGACGAAGTGCCGGTC-1,Br2039,Visium,1,49,97,10978,12300,WM,1.3477212
AGACGACGATGCCGCT-1,Br2039,Visium,1,53,33,11695,5861,WM,2.1484797
AGACGCCCACTTCGCC-1,Br2039,Visium,1,60,120,12899,14620,WM,1.3084933
AGACTAGCCTTCCAGA-1,Br2039,Visium,1,28,46,7314,7158,WM,0.9543751
AGACTGTTACCGGGTC-1,Br2039,Visium,1,63,45,13443,7073,WM,2.24273
AGAGAAACACCAGAAA-1,Br2039,Visium,1,68,34,14322,5968,WM,2.973785
AGAGAACCGTCTAGGA-1,Br2039,Visium,1,26,88,6953,11384,WM,0.5975982
AGAGAAGGAGTACAAT-1,Br2039,Visium,1,58,34,12571,5964,WM,2.463613
AGAGCCGCCGAGATTT-1,Br2039,Visium,1,58,112,12551,13814,WM,1.7995361
AGAGCGGGCTAATCAT-1,Br2039,Visium,1,16,64,5208,8964,L1,1.3747411
AGAGCGTACAAGCTCG-1,Br2039,Visium,1,24,28,6618,5345,WM,1.1408093
AGAGGCTTCGGAAACC-1,Br2039,Visium,1,51,101,11328,12704,WM,1.6313202
AGAGTAAACTTCACTA-1,Br2039,Visium,1,48,106,10801,13205,WM,1.5172325
AGAGTATAGTGTTACG-1,Br2039,Visium,1,28,122,7295,14807,L1,1.5277684
AGAGTCTTAATGAAAG-1,Br2039,Visium,1,76,122,15700,14828,WM,3.3716865
AGATAACTTCAGGGCC-1,Br2039,Visium,1,32,44,8015,6959,WM,1.6238365
AGATACCAATAGAACC-1,Br2039,Visium,1,64,110,13602,13615,WM,2.1302218
AGATACCGGTGTTCAC-1,Br2039,Visium,1,40,38,9418,6358,WM,2.0129418
AGATACGACTTCATAT-1,Br2039,Visium,1,15,35,5041,6045,L2_3,0.4103051
AGATACTCAAGATCGA-1,Br2039,Visium,1,46,82,10457,10789,WM,1.4844476
AGATATAATACGACTA-1,Br2039,Visium,1,64,72,13611,9791,WM,1.8983215
AGATCGTGCATAAGAT-1,Br2039,Visium,1,21,97,6075,12288,WM,1.5924006
AGATCTCAGGTGTGAT-1,Br2039,Visium,1,29,75,7482,10077,WM,0.6003197
AGATGACTCGCCCACG-1,Br2039,Visium,1,21,55,6086,8061,WM,0.8636639
AGATGATGGAGTCTGG-1,Br2039,Visium,1,34,106,8349,13199,WM,1.3276098
AGATGCAAGACGTGCA-1,Br2039,Visium,1,58,24,12573,4958,WM,1.5835441
AGATTATAGGACGTTT-1,Br2039,Visium,1,36,54,8713,7967,WM,1.0425098
AGCAAAGGCCGCTAGT-1,Br2039,Visium,1,60,72,12911,9789,WM,2.0198119
AGCAACATATCTTATT-1,Br2039,Visium,1,41,93,9579,11894,WM,2.2106962
AGCACACGTTTAGACT-1,Br2039,Visium,1,68,26,14324,5163,WM,2.8890347
AGCACCAGTACTCACG-1,Br2039,Visium,1,27,65,7134,9070,WM,1.4916483
AGCACTACCTCACCAG-1,Br2039,Visium,1,53,81,11683,10692,WM,1.7774435
AGCACTTAAGGACGCC-1,Br2039,Visium,1,31,35,7842,6053,WM,1.3374264
AGCAGAAGGAGAAAGA-1,Br2039,Visium,1,64,68,13613,9388,WM,2.8377414
AGCAGCCAGATGAATA-1,Br2039,Visium,1,56,58,12214,8378,WM,1.2343161
AGCAGTCGAAGCATGC-1,Br2039,Visium,1,74,84,15360,11003,WM,3.9138837
AGCATATCAATATGCT-1,Br2039,Visium,1,51,95,11329,12100,WM,2.1981072
AGCATCGTCGATAATT-1,Br2039,Visium,1,22,52,6262,7759,WM,0.9400867
AGCATTACGAGGCAAG-1,Br2039,Visium,1,67,105,14128,13113,WM,2.3424063
AGCCAAGCTTTGTGTC-1,Br2039,Visium,1,64,58,13615,8382,WM,2.275011
AGCCACAGGTTACCCG-1,Br2039,Visium,1,63,89,13432,11501,WM,1.8482901
AGCCACTCCCGTGCTT-1,Br2039,Visium,1,23,81,6430,10678,L2_3,0.7414466
AGCCATATAGTATGTG-1,Br2039,Visium,1,71,65,14839,9090,WM,3.0017834
AGCCCATACATGTAAG-1,Br2039,Visium,1,42,26,9771,5152,WM,2.116508
AGCCCGCAACAAGCAG-1,Br2039,Visium,1,68,54,14317,7981,WM,2.4818523
AGCCCGCACTACAATG-1,Br2039,Visium,1,73,111,15177,13720,WM,2.2280874
AGCCCGGCATTAGAGG-1,Br2039,Visium,1,64,26,13623,5162,WM,2.346737
AGCCCGGTAGCCTGTA-1,Br2039,Visium,1,61,49,13092,7475,WM,2.3654623
AGCCCTAAGCGAAGTT-1,Br2039,Visium,1,15,65,5033,9065,WM,0.4369338
AGCCCTCCCTGGTGGC-1,Br2039,Visium,1,67,29,14148,5465,WM,2.816698
AGCCCTGTCGCACCGT-1,Br2039,Visium,1,41,121,9571,14712,WM,1.9420216
AGCCCTTCTAATCCGA-1,Br2039,Visium,1,17,103,5373,12890,WM,1.1210065
AGCCCTTGGACATCCC-1,Br2039,Visium,1,57,117,12374,14317,WM,1.6510768
AGCGACAGGAACGGTC-1,Br2039,Visium,1,51,37,11344,6263,WM,1.9716322
AGCGACATCCCATTCA-1,Br2039,Visium,1,17,59,5385,8462,L1,0.678478
AGCGACCAACGATATT-1,Br2039,Visium,1,25,55,6787,8063,WM,1.2759938
AGCGACTTTGAAGACA-1,Br2039,Visium,1,77,45,15895,7079,WM,3.0096107
AGCGAGACGTGAAGGC-1,Br2039,Visium,1,68,22,14325,4761,WM,2.8233876
AGCGATGCGCCTAATA-1,Br2039,Visium,1,64,108,13602,13414,WM,1.964898
AGCGCATAATGAATCG-1,Br2039,Visium,1,57,55,12390,8077,WM,2.4598796
AGCGCGGGTGCCAATG-1,Br2039,Visium,1,24,92,6602,11786,WM,1.4132242
AGCGCTAGAGCGATGT-1,Br2039,Visium,1,40,122,9396,14812,WM,1.6532558
AGCGGACACTTCGTAG-1,Br2039,Visium,1,62,62,13264,8784,WM,2.7805862
AGCGGGAAGGGTCCAT-1,Br2039,Visium,1,13,37,4690,6246,L1,1.1818496
AGCGGGTCTGACACTC-1,Br2039,Visium,1,66,66,13963,9188,WM,2.1932838
AGCGTGGTATTCTACT-1,Br2039,Visium,1,45,71,10285,9682,WM,1.773619
AGCTAACAAGCAATGT-1,Br2039,Visium,1,61,33,13096,5865,WM,2.429156
AGCTAAGCTCCGTCCG-1,Br2039,Visium,1,76,36,15722,6173,WM,3.295587
AGCTAAGTACGCAGGC-1,Br2039,Visium,1,64,86,13608,11200,WM,1.9620411
AGCTACGAATGGTGGT-1,Br2039,Visium,1,77,109,15878,13520,WM,2.8933446
AGCTAGAAGCAGAAGT-1,Br2039,Visium,1,21,99,6075,12489,WM,1.0341988
AGCTATTTAATCCAAC-1,Br2039,Visium,1,16,74,5206,9971,WM,1.9543791
AGCTCCATATATGTTC-1,Br2039,Visium,1,57,109,12376,13511,WM,1.8869925
AGCTCCTTCGCACATC-1,Br2039,Visium,1,52,86,11507,11195,WM,1.4340471
AGCTCTAGACGTTCCA-1,Br2039,Visium,1,38,76,9058,10182,WM,1.0474243
AGCTCTTCGTAACCTT-1,Br2039,Visium,1,39,107,9225,13302,L4,0.79696995
AGCTCTTTACTCAGTT-1,Br2039,Visium,1,41,45,9591,7063,WM,1.6181513
AGCTGAAGTAAACCAA-1,Br2039,Visium,1,20,84,5903,10979,L1,1.693409
AGCTGTAACCTCAATC-1,Br2039,Visium,1,54,28,11872,5358,WM,1.9954338
AGCTTATAGAGACCTG-1,Br2039,Visium,1,5,47,3286,7249,Unknown,0.0
AGCTTCTTCTCGAGCA-1,Br2039,Visium,1,68,100,14305,12611,WM,2.3373966
AGGAACGAACGACTTC-1,Br2039,Visium,1,64,120,13599,14622,WM,1.6640636
AGGAAGCTGTCCGCCG-1,Br2039,Visium,1,61,65,13088,9085,WM,1.8951492
AGGACAGTCGAATCCC-1,Br2039,Visium,1,43,85,9931,11090,WM,1.3953552
AGGACATCGCACGTCG-1,Br2039,Visium,1,16,38,5215,6348,WM,0.44285682
AGGACATCGGCACACT-1,Br2039,Visium,1,68,122,14299,14825,WM,2.3384283
AGGACGACCCATTAGA-1,Br2039,Visium,1,43,45,9941,7064,WM,2.2843359
AGGAGAGTCTGGCTAC-1,Br2039,Visium,1,26,126,6943,15208,WM,1.6132921
AGGAGCGTTTATTATC-1,Br2039,Visium,1,77,115,15877,14124,WM,3.4566278
AGGAGGCCTTCGCGCG-1,Br2039,Visium,1,52,98,11503,12402,WM,1.3188512
AGGATAAAGTCGGGAT-1,Br2039,Visium,1,53,65,11687,9082,WM,1.5576161
AGGATATAGGGATTTA-1,Br2039,Visium,1,46,96,10453,12198,WM,1.7389501
AGGATATCCGACTGCA-1,Br2039,Visium,1,71,95,14831,12109,WM,3.4900389
AGGATTGCTTACGACA-1,Br2039,Visium,1,30,120,7645,14606,L2_3,0.43121323
AGGCAAAGAGGAATCA-1,Br2039,Visium,1,1,39,2588,6442,WM,1.4475248
AGGCACGTGACTGTCC-1,Br2039,Visium,1,57,115,12375,14115,WM,1.8368402
AGGCAGATGCGTAAAC-1,Br2039,Visium,1,26,86,6954,11183,WM,0.94072485
AGGCAGGGAGCGTACT-1,Br2039,Visium,1,59,49,12742,7474,WM,2.1344674
AGGCATTGTCGTAGGG-1,Br2039,Visium,1,49,99,10978,12501,WM,1.8574388
AGGCCACATTGGTTAC-1,Br2039,Visium,1,46,126,10446,15217,WM,1.4963895
AGGCCACCCGTTATGA-1,Br2039,Visium,1,28,38,7316,6353,WM,0.77912456
AGGCCCAGTGACTGGT-1,Br2039,Visium,1,9,15,3995,4030,WM,1.5732934
AGGCCCATTGTACAGG-1,Br2039,Visium,1,15,55,5035,8058,WM,1.2854218
AGGCCCTAGAACGCCA-1,Br2039,Visium,1,45,25,10296,5052,WM,2.0822895
AGGCCTATCATACCAA-1,Br2039,Visium,1,72,52,15018,7782,WM,3.2800326
AGGCCTGAGAATCTCG-1,Br2039,Visium,1,62,88,13257,11400,WM,1.8523371
AGGCGATAACTGGCGT-1,Br2039,Visium,1,58,122,12548,14820,WM,1.6449789
AGGCTATGGTTAGCTT-1,Br2039,Visium,1,26,30,6968,5547,WM,1.7244151
AGGCTTAAGTTGCACA-1,Br2039,Visium,1,77,69,15889,9495,WM,3.3326988
AGGCTTCCCGAAGAAG-1,Br2039,Visium,1,50,42,11168,6766,WM,1.8427955
AGGGAAACGAGGTACT-1,Br2039,Visium,1,13,89,4676,11479,WM,0.94584996
AGGGACAGCACGGCGG-1,Br2039,Visium,1,4,46,3111,7147,L1,0.68740714
AGGGACCGGCTGCGTT-1,Br2039,Visium,1,36,110,8699,13603,WM,1.3822982
AGGGACTCTACGCGAC-1,Br2039,Visium,1,55,53,12040,7875,WM,0.8073168
AGGGAGACATACTTCG-1,Br2039,Visium,1,29,113,7472,13901,L2_3,0.72142947
AGGGCAGCGGCGTGGT-1,Br2039,Visium,1,8,74,3805,9967,WM,1.2956488
AGGGCCCTAATGTTCT-1,Br2039,Visium,1,64,122,13599,14823,WM,1.4282774
AGGGCGTGATCGGCTA-1,Br2039,Visium,1,17,45,5388,7053,WM,0.5170588
AGGGCTGCAGTTACAG-1,Br2039,Visium,1,35,65,8535,9073,L4,0.9557842
AGGGTCAGAGCACTCG-1,Br2039,Visium,1,68,40,14320,6572,WM,2.8392103
AGGGTCGATGCGAACT-1,Br2039,Visium,1,37,97,8877,12295,WM,1.2068415
AGGGTCTGGACGCAGT-1,Br2039,Visium,1,69,119,14475,14523,WM,3.4536266
AGGGTGCCGTTCTTTA-1,Br2039,Visium,1,65,33,13797,5866,WM,2.734689
AGGGTGCTCTCGAGGG-1,Br2039,Visium,1,34,92,8353,11790,WM,1.5268018
AGGGTTCAGACGGTCC-1,Br2039,Visium,1,69,45,14494,7076,WM,2.4526148
AGGGTTCCCTTTGGTT-1,Br2039,Visium,1,30,88,7654,11386,WM,0.83573186
AGGGTTTAGTTCGGGA-1,Br2039,Visium,1,33,63,8185,8871,WM,1.4914758
AGGTAACCTCCTATTC-1,Br2039,Visium,1,13,41,4689,6648,WM,1.1935859
AGGTAGATCGAGATAT-1,Br2039,Visium,1,63,35,13446,6067,WM,2.0585647
AGGTAGGTACAAAGCT-1,Br2039,Visium,1,35,31,8544,5652,WM,1.5306458
AGGTATAATTGATAGT-1,Br2039,Visium,1,35,109,8524,13502,WM,1.6226789
AGGTATGCGGACATTA-1,Br2039,Visium,1,38,124,9045,15013,L2_3,0.7568444
AGGTCGCCACTTCGGT-1,Br2039,Visium,1,3,27,2941,5235,WM,1.0802112
AGGTCGCCTCCCAACA-1,Br2039,Visium,1,61,121,13074,14721,WM,2.1807308
AGGTCGCGGAGTTACT-1,Br2039,Visium,1,26,104,6949,12994,L1,0.75923765
AGGTGCACGTCCACAT-1,Br2039,Visium,1,70,104,14654,13014,WM,3.2892659
AGGTGGTGACCTTCGC-1,Br2039,Visium,1,64,56,13616,8181,WM,2.1757445
AGGTGTTGCCGACCAC-1,Br2039,Visium,1,65,123,13773,14924,WM,1.7591852
AGGTTACACCATGCCG-1,Br2039,Visium,1,43,115,9923,14109,WM,1.3814636
AGGTTGAGGCACGCTT-1,Br2039,Visium,1,22,74,6256,9973,L2_3,0.8904332
AGGTTTCACACACCTT-1,Br2039,Visium,1,41,67,9585,9277,WM,1.692225
AGTAACTATAGCAGCC-1,Br2039,Visium,1,71,107,14828,13316,WM,3.246386
AGTAAGGGACAGAATC-1,Br2039,Visium,1,77,105,15879,13118,WM,3.265273
AGTAATCTAAGGGTGG-1,Br2039,Visium,1,74,88,15358,11406,WM,3.9897852
AGTAATGTCTTGCCGC-1,Br2039,Visium,1,16,60,5209,8562,WM,1.1524324
AGTACAGAAGCTTATA-1,Br2039,Visium,1,71,77,14836,10297,WM,2.790806
AGTACATCATTTATCA-1,Br2039,Visium,1,29,109,7473,13499,WM,0.61410654
AGTACGGGCACCTGGC-1,Br2039,Visium,1,25,79,6780,10478,WM,0.7343153
AGTACTCTTATGCCCA-1,Br2039,Visium,1,56,88,12206,11398,WM,1.7327259
AGTAGAAGGCGCCTCA-1,Br2039,Visium,1,70,62,14665,8787,WM,2.933362
AGTAGGAAGGAAGTTG-1,Br2039,Visium,1,16,98,5199,12386,WM,0.6119442
AGTAGGTAACATACAT-1,Br2039,Visium,1,13,51,4686,7655,WM,1.3300554
AGTATAATACTAGGCA-1,Br2039,Visium,1,25,33,6792,5849,WM,0.9805025
AGTATACACAGCGACA-1,Br2039,Visium,1,64,48,13618,7376,WM,2.40407
AGTATCCATAATAACG-1,Br2039,Visium,1,4,24,3117,4933,L1,2.083384
AGTATGCTGGAGACCA-1,Br2039,Visium,1,58,26,12573,5159,WM,2.5258975
AGTATTTGGCACGACC-1,Br2039,Visium,1,58,52,12566,7775,WM,1.7588029
AGTCAAATGATGTGAT-1,Br2039,Visium,1,67,35,14146,6069,WM,2.3386884
AGTCAACACCACCATC-1,Br2039,Visium,1,41,47,9590,7265,WM,1.9389504
AGTCAAGATGACACTT-1,Br2039,Visium,1,48,90,10805,11595,WM,1.5657277
AGTCACTAGCTCTCGA-1,Br2039,Visium,1,55,99,12029,12504,WM,1.8755602
AGTCAGCCACCGCCTG-1,Br2039,Visium,1,16,28,5217,5341,L1,0.9328584
AGTCCATTGGCTGATG-1,Br2039,Visium,1,42,100,9752,12599,WM,1.3835891
AGTCGAATTAGCGTAA-1,Br2039,Visium,1,76,126,15699,15231,WM,2.8445196
AGTCGACGGTCTCAAG-1,Br2039,Visium,1,38,90,9054,11591,WM,1.5619149
AGTCGGCCCAAACGAC-1,Br2039,Visium,1,25,39,6791,6452,WM,1.5862381
AGTCGGTTGCGTGAGA-1,Br2039,Visium,1,40,112,9399,13806,WM,1.2300656
AGTCGTATAAAGCAGA-1,Br2039,Visium,1,65,81,13784,10697,WM,1.7116287
AGTCGTCGACCACCAA-1,Br2039,Visium,1,57,91,12381,11700,WM,2.1521075
AGTCGTGGGCATTACG-1,Br2039,Visium,1,51,29,11346,5458,WM,2.028252
AGTCTAAAGTATACTC-1,Br2039,Visium,1,29,111,7473,13700,L1,0.42443848
AGTCTCACAAGACTAC-1,Br2039,Visium,1,54,30,11871,5560,WM,2.3312438
AGTCTTCTCCTCAAAT-1,Br2039,Visium,1,24,66,6609,9169,WM,0.752459
AGTCTTTAAAGTGTCC-1,Br2039,Visium,1,67,77,14136,10295,WM,2.5830753
AGTGAACAAACTTCTC-1,Br2039,Visium,1,44,102,10102,12801,WM,1.7720494
AGTGACCTACTTTACG-1,Br2039,Visium,1,44,52,10114,7769,WM,1.3294343
AGTGACTGTGACACAA-1,Br2039,Visium,1,66,28,13973,5364,WM,2.8118186
AGTGAGACTTCCAGTA-1,Br2039,Visium,1,35,87,8529,11288,WM,1.5954903
AGTGAGCCTCGCCGCC-1,Br2039,Visium,1,29,103,7475,12895,L2_3,0.62802315
AGTGAGTCGAATTAAC-1,Br2039,Visium,1,67,109,14127,13516,WM,1.9516057
AGTGATAACCTGCGCG-1,Br2039,Visium,1,59,89,12732,11500,WM,1.6048652
AGTGATATGAGTAGTT-1,Br2039,Visium,1,45,49,10290,7468,WM,1.9743285
AGTGATTCAAGCAGGA-1,Br2039,Visium,1,33,87,8179,11287,WM,1.0269148
AGTGCACGCTTAAGAA-1,Br2039,Visium,1,52,96,11504,12201,WM,1.8542533
AGTGCGTAGCTCGTAA-1,Br2039,Visium,1,46,42,10467,6764,WM,2.0369534
AGTGCTAAACACAGCA-1,Br2039,Visium,1,61,91,13081,11702,WM,1.8230714
AGTGCTTGCACGAATA-1,Br2039,Visium,1,41,89,9580,11491,WM,1.8288674
AGTGGCCCGCAAATGG-1,Br2039,Visium,1,73,95,15182,12110,WM,3.1774788
AGTGGCGGCAATTTGA-1,Br2039,Visium,1,24,94,6601,11987,L1,0.99889
AGTGGCGTCTGAAGGT-1,Br2039,Visium,1,62,86,13258,11199,WM,2.342588
AGTGTATTGCGCATTG-1,Br2039,Visium,1,17,95,5375,12085,WM,0.9948358
AGTTAAACACTTGCGA-1,Br2039,Visium,1,40,44,9416,6962,WM,1.2939053
AGTTAAGCGGTCCCGG-1,Br2039,Visium,1,16,80,5204,10575,WM,1.7500138
AGTTAAGTCAACCGCT-1,Br2039,Visium,1,51,25,11347,5055,WM,2.184201
AGTTACTCTATCGTGG-1,Br2039,Visium,1,15,89,5027,11480,WM,1.2073112
AGTTATTCAGACTGTG-1,Br2039,Visium,1,76,112,15703,13822,WM,3.084286
AGTTCCTACAGAATTA-1,Br2039,Visium,1,30,50,7663,7562,WM,1.8929716
AGTTCCTATTTATGTT-1,Br2039,Visium,1,43,65,9936,9077,WM,1.9566547
AGTTCTGCGTTGTATC-1,Br2039,Visium,1,13,19,4694,4434,L1,0.86183375
AGTTGACGGTCCTTGC-1,Br2039,Visium,1,65,63,13789,8886,WM,1.9247751
AGTTGGCAAGGCTAGA-1,Br2039,Visium,1,68,106,14303,13214,WM,1.7182928
AGTTTGCACCTGCCTC-1,Br2039,Visium,1,58,74,12560,9990,WM,1.7305917
AGTTTGGCACGGGTTG-1,Br2039,Visium,1,48,102,10802,12803,WM,1.3012904
AGTTTGGCCAGACCTA-1,Br2039,Visium,1,47,31,10645,5657,WM,2.247182
ATAAACCATTGGACGG-1,Br2039,Visium,1,3,45,2937,7046,WM,1.20036
ATAAACGGACCCGTAA-1,Br2039,Visium,1,47,61,10637,8676,WM,1.5393008
ATAAACGTTGCACCAC-1,Br2039,Visium,1,57,107,12377,13310,WM,2.2147963
ATAAAGGCTCGGTCGT-1,Br2039,Visium,1,34,50,8364,7563,WM,1.3473036
ATAAATATTAGCAGCT-1,Br2039,Visium,1,38,28,9070,5351,WM,1.5186253
ATAACGCCGGAGGGTC-1,Br2039,Visium,1,35,81,8531,10684,WM,1.3100035
ATAACGGAGTCCAACG-1,Br2039,Visium,1,25,75,6781,10075,WM,0.8923582
ATAAGGTGGAGAACAT-1,Br2039,Visium,1,50,72,11160,9785,WM,1.772892
ATAAGTAGGATTCAGA-1,Br2039,Visium,1,27,103,7124,12894,L2_3,1.0294765
ATAAGTAGGGCGACTC-1,Br2039,Visium,1,36,108,8699,13401,WM,1.2573808
ATAAGTTACCGCGACG-1,Br2039,Visium,1,46,52,10465,7770,WM,1.8005655
ATAATAGCTGTTGAAT-1,Br2039,Visium,1,47,63,10637,8878,WM,1.7646985
ATAATAGTGTAGGGAC-1,Br2039,Visium,1,18,30,5567,5544,L1,0.71492255
ATAATCTTGGAGAACC-1,Br2039,Visium,1,61,77,13085,10293,WM,2.5713952
ATAATTAGCTAAGTAG-1,Br2039,Visium,1,64,64,13614,8986,WM,1.9530492
ATACAGGCCCTCCAAT-1,Br2039,Visium,1,56,72,12211,9787,WM,2.0018175
ATACCACGGGCAACTT-1,Br2039,Visium,1,35,29,8544,5450,WM,1.8406923
ATACCTAACCAAGAAA-1,Br2039,Visium,1,58,64,12563,8983,WM,1.4100825
ATACGAAGGCTTTCCA-1,Br2039,Visium,1,37,123,8870,14911,WM,1.0405884
ATACGAGGTTTGTAAG-1,Br2039,Visium,1,75,49,15544,7481,WM,3.2842295
ATACGCCGGCGAAACC-1,Br2039,Visium,1,40,78,9407,10384,WM,1.9978763
ATACGGGTTTCGATTG-1,Br2039,Visium,1,22,82,6254,10779,L4,0.5674071
ATACGTACTTAGCCAC-1,Br2039,Visium,1,55,77,12034,10290,WM,1.9295344
ATACGTCCACTCCTGT-1,Br2039,Visium,1,47,93,10629,11897,WM,1.353872
ATACGTTATGCACGGA-1,Br2039,Visium,1,63,63,13439,8885,WM,2.0161774
ATACTACCCGTACCAC-1,Br2039,Visium,1,59,105,12727,13110,WM,2.1038752
ATACTAGCATGACCCT-1,Br2039,Visium,1,21,61,6085,8665,L2_3,0.63833004
ATACTGCCTTACACCG-1,Br2039,Visium,1,58,84,12558,10996,WM,2.2094274
ATAGACAACGGGACCT-1,Br2039,Visium,1,28,92,7302,11788,L4,0.6748047
ATAGACGAAGAGAAAG-1,Br2039,Visium,1,33,45,8190,7060,WM,1.4593503
ATAGAGTACTGGGACA-1,Br2039,Visium,1,26,48,6963,7359,WM,1.556451
ATAGAGTTATCAACTT-1,Br2039,Visium,1,27,93,7127,11888,L2_3,0.7461709
ATAGCAACTAGGGAAG-1,Br2039,Visium,1,62,98,13255,12407,WM,1.8047853
ATAGCCATAACAGTCA-1,Br2039,Visium,1,72,114,15002,14021,WM,3.3233693
ATAGGCGGCTATAGAA-1,Br2039,Visium,1,43,33,9944,5857,WM,2.107556
ATAGGCTAGCTTCGCA-1,Br2039,Visium,1,25,97,6776,12289,L2_3,0.6069247
ATAGGGATATCCTTGA-1,Br2039,Visium,1,21,71,6082,9671,L2_3,0.52908844
ATAGGTTGGGCAGATG-1,Br2039,Visium,1,28,64,7310,8970,WM,0.81470394
ATAGTCTTTGACGTGC-1,Br2039,Visium,1,7,67,3631,9262,L4,0.8808542
ATAGTGAAGCGTTCTC-1,Br2039,Visium,1,41,57,9588,8271,WM,0.81588024
ATAGTTCCACCCACTC-1,Br2039,Visium,1,38,102,9051,12798,WM,1.2003081
ATATAAAGCGCTCGTG-1,Br2039,Visium,1,58,68,12562,9386,WM,2.0275795
ATATAAATGTAGCTGC-1,Br2039,Visium,1,54,74,11860,9988,WM,2.5911613
ATATAACACGGGCGCA-1,Br2039,Visium,1,66,94,13956,12006,WM,1.8819509
ATATACGCTCGTGACG-1,Br2039,Visium,1,62,108,13252,13413,WM,1.7799046
ATATCAACCTACAGAG-1,Br2039,Visium,1,37,105,8875,13100,WM,1.1712171
ATATCGGTAGGGAGAT-1,Br2039,Visium,1,38,110,9049,13604,WM,1.023195
ATATCGTTCCTCGAAC-1,Br2039,Visium,1,58,92,12556,11801,WM,1.6080334
ATATCTCCCTCGTTAA-1,Br2039,Visium,1,19,87,5728,11280,WM,1.4238808
ATATCTTAGGGCCTTC-1,Br2039,Visium,1,35,61,8536,8671,WM,1.7657354
ATATGGGATAGCAACT-1,Br2039,Visium,1,71,55,14842,8083,WM,3.196156
ATATGTCTAGAGCGTG-1,Br2039,Visium,1,74,68,15364,9393,WM,3.2535791
ATATGTCTCCCTAGCC-1,Br2039,Visium,1,35,97,8527,12294,WM,1.1942644
ATATTCAGTTAAACCT-1,Br2039,Visium,1,44,40,10117,6562,WM,2.2331183
ATATTCCACATAGTGA-1,Br2039,Visium,1,51,77,11334,10288,WM,1.5280244
ATATTGCTGTCAAAGT-1,Br2039,Visium,1,18,32,5567,5745,L2_3,0.6688472
ATATTGGAGAGGCCTT-1,Br2039,Visium,1,59,121,12723,14720,WM,1.5504981
ATATTTAACCCTCAAG-1,Br2039,Visium,1,31,55,7837,8065,WM,1.2700529
ATCAAACACTGTTCCA-1,Br2039,Visium,1,47,107,10626,13306,WM,1.7891083
ATCAAACGAAGGTTTG-1,Br2039,Visium,1,49,33,10995,5859,WM,2.2385683
ATCAAAGAGCCGTGGT-1,Br2039,Visium,1,76,62,15715,8790,WM,3.1812153
ATCAAGATCCCAGGAC-1,Br2039,Visium,1,72,58,15016,8386,WM,2.726215
ATCAATCTGGGCTGCA-1,Br2039,Visium,1,33,65,8185,9073,WM,1.5134782
ATCACATTAGAATATC-1,Br2039,Visium,1,20,82,5904,10778,WM,0.6037795
ATCACGTGCTAATTAA-1,Br2039,Visium,1,46,36,10469,6160,WM,2.191568
ATCACTTCATCCTCGC-1,Br2039,Visium,1,21,67,6083,9269,L1,0.77126974
ATCAGACGGCACGCCG-1,Br2039,Visium,1,44,42,10117,6763,WM,1.9395583
ATCAGCCTCATGCTGC-1,Br2039,Visium,1,57,87,12382,11297,WM,2.4054449
ATCAGGTAGCTGACAG-1,Br2039,Visium,1,33,127,8169,15312,WM,0.7414473
ATCAGTAGGCAGGGAT-1,Br2039,Visium,1,23,87,6428,11282,L1,1.2299794
ATCATAGATCGACGAG-1,Br2039,Visium,1,74,44,15370,6978,WM,3.4377902
ATCATAGCCCTATGTA-1,Br2039,Visium,1,62,106,13253,13212,WM,1.8922005
ATCATCCAATATTTGT-1,Br2039,Visium,1,39,59,9237,8471,WM,1.4330641
ATCATGGACTACCGAC-1,Br2039,Visium,1,44,126,10095,15216,WM,1.4966803
ATCCAACGCAGTCATA-1,Br2039,Visium,1,25,37,6791,6251,WM,1.3757966
ATCCAATGGAGGGTCC-1,Br2039,Visium,1,43,27,9946,5253,WM,2.5748734
ATCCACATCGACAGAA-1,Br2039,Visium,1,62,72,13261,9790,WM,1.5818131
ATCCAGAGCAACAACC-1,Br2039,Visium,1,50,52,11165,7772,WM,1.7448951
ATCCAGGATTCGTGAA-1,Br2039,Visium,1,40,46,9415,7164,WM,1.8711839
ATCCCATTTCCGTGGG-1,Br2039,Visium,1,71,57,14841,8284,WM,2.8625379
ATCCGGACCAGCCTGA-1,Br2039,Visium,1,67,125,14123,15126,WM,1.5130765
ATCCTACCTAAGCTCT-1,Br2039,Visium,1,44,48,10115,7367,WM,1.316076
ATCCTGAATCGCTGCG-1,Br2039,Visium,1,38,26,9070,5150,WM,1.7710338
ATCCTGCGTGGAATGG-1,Br2039,Visium,1,45,47,10291,7266,WM,2.1074214
ATCCTGCTGCAGATAG-1,Br2039,Visium,1,6,44,3462,6947,Unknown,0.0
ATCCTTCTGAAAGAAC-1,Br2039,Visium,1,48,126,10796,15218,WM,1.564221
ATCGACCCAATACAGA-1,Br2039,Visium,1,43,63,9936,8876,WM,1.9016204
ATCGACTCTTTCCGTT-1,Br2039,Visium,1,23,61,6435,8666,WM,0.82522774
ATCGCACGATTGTTCA-1,Br2039,Visium,1,7,17,3644,4230,WM,1.6023481
ATCGCACGCCGGGAGA-1,Br2039,Visium,1,25,57,6786,8264,WM,1.1310315
ATCGCCAGTCAACATT-1,Br2039,Visium,1,45,105,10276,13104,WM,1.6861855
ATCGCCGTGGTTCATG-1,Br2039,Visium,1,72,124,14999,15028,WM,2.780784
ATCGCTTTACGTCTCA-1,Br2039,Visium,1,35,125,8520,15112,WM,0.7551692
ATCGGAGACAGACGGC-1,Br2039,Visium,1,52,76,11509,10188,WM,1.7449565
ATCGGCAAGCAGTCCA-1,Br2039,Visium,1,20,96,5900,12187,L1,1.5452914
ATCGTGGAAAGTCTGG-1,Br2039,Visium,1,63,23,13449,4859,WM,2.3184967
ATCGTTAGCTAGCGGA-1,Br2039,Visium,1,58,98,12554,12405,WM,1.8707327
ATCTAATATCCTACGG-1,Br2039,Visium,1,55,67,12037,9284,WM,1.7552258
ATCTACCATCTGCTCC-1,Br2039,Visium,1,70,88,14658,11404,WM,2.9939723
ATCTAGCTTGTGAGGG-1,Br2039,Visium,1,67,65,14139,9088,WM,2.4168608
ATCTCCCACGGAATAT-1,Br2039,Visium,1,60,108,12902,13412,WM,2.7337239
ATCTCCCTGCAATCTA-1,Br2039,Visium,1,16,72,5206,9769,WM,1.825709
ATCTCGTGAGCGAAAC-1,Br2039,Visium,1,48,116,10798,14212,WM,1.5416715
ATCTGACATGGAAGGA-1,Br2039,Visium,1,63,41,13444,6671,WM,2.8969517
ATCTGCACCTCTGCGA-1,Br2039,Visium,1,29,101,7475,12694,WM,1.705891
ATCTGCTGTTATCGCC-1,Br2039,Visium,1,67,57,14141,8283,WM,2.6553314
ATCTGGGCTGTTCTTG-1,Br2039,Visium,1,61,69,13087,9488,WM,1.7080486
ATCTGGTTAAGACTGT-1,Br2039,Visium,1,26,76,6956,10176,WM,1.0276461
ATCTGTAATTGTACCC-1,Br2039,Visium,1,15,57,5035,8259,WM,2.0212321
ATCTTATCGCACACCC-1,Br2039,Visium,1,64,104,13603,13011,WM,1.8481021
ATCTTGACCTGCAACG-1,Br2039,Visium,1,26,44,6964,6956,WM,1.1237475
ATCTTGACTTGTCCAA-1,Br2039,Visium,1,30,108,7648,13399,WM,0.8784679
ATCTTTCGTATAACCA-1,Br2039,Visium,1,26,120,6945,14605,WM,1.2598239
ATGAAGCCAAGGAGCC-1,Br2039,Visium,1,22,46,6263,7156,WM,1.7916428
ATGACGCCGGCTCTAA-1,Br2039,Visium,1,16,58,5210,8361,L1,1.5704956
ATGACGCGTTCTATCC-1,Br2039,Visium,1,52,30,11521,5559,WM,1.5259609
ATGACTATCAGCTGTG-1,Br2039,Visium,1,63,43,13444,6872,WM,2.7456896
ATGACTATGCGACATT-1,Br2039,Visium,1,48,88,10806,11394,WM,1.2439188
ATGAGGAGTGTTAATC-1,Br2039,Visium,1,25,35,6792,6050,WM,0.9217406
ATGAGGGCAGCGGCTA-1,Br2039,Visium,1,42,120,9747,14612,WM,1.0807018
ATGATCGGGAATAGAC-1,Br2039,Visium,1,16,54,5211,7958,L2_3,1.025166
ATGATGCAATGGTACA-1,Br2039,Visium,1,44,50,10115,7568,WM,1.970098
ATGCACTACCGCATTG-1,Br2039,Visium,1,27,45,7139,7057,WM,0.6047677
ATGCATGATCCAGGAT-1,Br2039,Visium,1,25,65,6784,9069,WM,1.2294358
ATGCCATTTGCGACCA-1,Br2039,Visium,1,43,91,9929,11694,WM,1.8449497
ATGCCGGTCTTGCATA-1,Br2039,Visium,1,31,75,7832,10078,WM,1.2407018
ATGCCGGTTGATGGGA-1,Br2039,Visium,1,19,83,5729,10878,L1,1.5576233
ATGCGACAGTCCCATT-1,Br2039,Visium,1,35,71,8534,9677,WM,1.0730257
ATGCGAGTCCCACCAC-1,Br2039,Visium,1,48,104,10801,13004,WM,1.7222428
ATGCTCAGTGTTGCAT-1,Br2039,Visium,1,21,29,6093,5444,WM,1.0924964
ATGCTCTGGCGCGGTA-1,Br2039,Visium,1,60,76,12910,10192,WM,2.0392923
ATGCTTAGGAGTTGAT-1,Br2039,Visium,1,56,112,12200,13813,WM,2.3252404
ATGGAACCTTTGCACA-1,Br2039,Visium,1,38,120,9046,14610,WM,0.6600353
ATGGACTGCTTAGTTG-1,Br2039,Visium,1,75,39,15546,6475,WM,3.9002612
ATGGAGCAGGCCGTGA-1,Br2039,Visium,1,36,66,8710,9175,WM,1.601592
ATGGATCCGGCGTCCG-1,Br2039,Visium,1,19,79,5730,10475,WM,0.77924
ATGGATTGACCAAACG-1,Br2039,Visium,1,27,61,7135,8667,WM,0.7341072
ATGGCCCGAAAGGTTA-1,Br2039,Visium,1,76,120,15700,14627,WM,3.2070642
ATGGCGGAATAGTCGC-1,Br2039,Visium,1,34,124,8345,15011,L4,0.48649046
ATGGGACCTGCTGAAC-1,Br2039,Visium,1,61,31,13097,5663,WM,2.0293221
ATGGGCCTCGGCCTCT-1,Br2039,Visium,1,45,91,10279,11695,WM,1.4060466
ATGGGTGTATACCTCC-1,Br2039,Visium,1,64,24,13624,4960,WM,2.6870503
ATGGTATTGGGAACCG-1,Br2039,Visium,1,73,61,15190,8688,WM,3.376439
ATGGTCGCGTGGTTTC-1,Br2039,Visium,1,45,85,10281,11091,WM,1.1523755
ATGTAAGGCTGCTCTT-1,Br2039,Visium,1,32,112,7998,13802,L4,0.8991867
ATGTACATGCGGTGAG-1,Br2039,Visium,1,64,112,13601,13816,WM,2.0796103
ATGTACGATGACGTCG-1,Br2039,Visium,1,66,64,13964,8987,WM,2.3173232
ATGTAGCGCGCGTAGG-1,Br2039,Visium,1,68,72,14312,9793,WM,2.1490345
ATGTCATAATAAACGA-1,Br2039,Visium,1,77,63,15890,8891,WM,3.3765926
ATGTCTTGTTTGACTC-1,Br2039,Visium,1,74,34,15372,5971,WM,2.9738412
ATGTGCATCCGACGCA-1,Br2039,Visium,1,23,57,6436,8263,WM,1.0992794
ATGTGGACATCTTGAT-1,Br2039,Visium,1,47,71,10635,9683,WM,1.900873
ATGTGTAGTTTAGTCA-1,Br2039,Visium,1,5,59,3283,8456,WM,1.7900559
ATGTTACGAGCAATAC-1,Br2039,Visium,1,15,29,5042,5442,L2_3,0.6039487
ATGTTGATTAGAGACT-1,Br2039,Visium,1,68,92,14307,11805,WM,2.767363
ATGTTGTAGTCTGTTT-1,Br2039,Visium,1,65,47,13793,7275,WM,2.5547707
ATGTTTCGGCCCGGAG-1,Br2039,Visium,1,33,125,8169,15111,L4,0.7103932
ATTAAACATGCGGACC-1,Br2039,Visium,1,43,59,9937,8473,WM,1.8589163
ATTAATACTACGCGGG-1,Br2039,Visium,1,22,66,6258,9168,WM,0.7857435
ATTAATGAACCAGTCG-1,Br2039,Visium,1,23,79,6430,10477,WM,0.8030788
ATTACAACTACCGGCC-1,Br2039,Visium,1,11,87,4327,11277,WM,1.2983692
ATTACATGTCAGTCTT-1,Br2039,Visium,1,50,108,11151,13408,L6,1.0333718
ATTACCACACTGCCTG-1,Br2039,Visium,1,48,118,10798,14413,WM,1.7346073
ATTACGCGCTGGCAGG-1,Br2039,Visium,1,40,30,9420,5553,WM,2.0122118
ATTACTAGCCTCTTGC-1,Br2039,Visium,1,18,44,5564,6952,L1,1.1133676
ATTACTTACTGGGCAT-1,Br2039,Visium,1,22,100,6250,12590,L1,0.6350703
ATTAGATTCCTCAGCA-1,Br2039,Visium,1,25,105,6774,13095,L1,1.9497489
ATTAGATTGATAGCGG-1,Br2039,Visium,1,19,49,5737,7456,L2_3,0.7999532
ATTAGGCGATGCTTTC-1,Br2039,Visium,1,37,71,8884,9678,WM,1.5835398
ATTATACTTTGCTCGT-1,Br2039,Visium,1,18,78,5555,10374,L1,1.9642074
ATTATAGCTACTTTAC-1,Br2039,Visium,1,33,115,8172,14105,WM,0.886904
ATTATCGGAATGTACG-1,Br2039,Visium,1,69,57,14491,8284,WM,3.2587318
ATTATCTCGACAGATC-1,Br2039,Visium,1,7,61,3633,8658,WM,1.0948504
ATTATGCCATAGGGAG-1,Br2039,Visium,1,21,53,6087,7860,L2_3,0.49734163
ATTATTATGTCCGTCA-1,Br2039,Visium,1,59,37,12745,6266,WM,2.3209393
ATTATTCAGAGTCACT-1,Br2039,Visium,1,67,97,14130,12308,WM,1.9497306
ATTCAACCATTTAAGG-1,Br2039,Visium,1,58,100,12554,12606,WM,1.9527498
ATTCACTGATGTTGGA-1,Br2039,Visium,1,56,68,12212,9385,WM,1.7013227
ATTCAGGACCTATTTC-1,Br2039,Visium,1,20,98,5900,12388,L1,0.6185917
ATTCAGTAGCAGGGTC-1,Br2039,Visium,1,27,25,7144,5044,WM,1.489036
ATTCATATACTGTCCA-1,Br2039,Visium,1,46,60,10463,8575,WM,2.1609979
ATTCATCGTTGAGGCA-1,Br2039,Visium,1,61,89,13082,11500,WM,1.9800957
ATTCCTCCGCCAGTGC-1,Br2039,Visium,1,23,39,6440,6452,WM,1.4947273
ATTCGACGCCGGGCCT-1,Br2039,Visium,1,36,26,8720,5149,WM,1.4938047
ATTCGCGCCTTGAGAG-1,Br2039,Visium,1,65,107,13778,13314,WM,2.3065958
ATTCGTCCCGAGGTTA-1,Br2039,Visium,1,75,125,15524,15130,WM,3.4744663
ATTCGTGCTATCTCTT-1,Br2039,Visium,1,42,110,9749,13605,WM,1.1771451
ATTCGTGTACCCATTC-1,Br2039,Visium,1,77,97,15882,12313,WM,3.378726
ATTCGTTTATCGTATT-1,Br2039,Visium,1,76,110,15703,13621,WM,3.4077344
ATTGAAGATCTTAGTG-1,Br2039,Visium,1,31,49,7839,7461,WM,2.020952
ATTGAATTCCCTGTAG-1,Br2039,Visium,1,76,124,15699,15030,WM,2.6743493
ATTGACGTAACTCGGT-1,Br2039,Visium,1,8,72,3805,9766,WM,1.055456
ATTGATAGCAACGAGA-1,Br2039,Visium,1,12,22,4519,4736,WM,0.6498061
ATTGATGAGTCCTAAC-1,Br2039,Visium,1,33,99,8176,12494,WM,0.8962966
ATTGCCTATTAGACCG-1,Br2039,Visium,1,67,25,14149,5062,WM,2.230036
ATTGCCTTTATGTTTG-1,Br2039,Visium,1,64,84,13608,10999,WM,1.9582393
ATTGCGATCAGTAACT-1,Br2039,Visium,1,51,99,11328,12502,WM,2.1748524
ATTGCTGCTCCTCCAT-1,Br2039,Visium,1,35,43,8541,6859,WM,1.4038296
ATTGGATTACAGCGTA-1,Br2039,Visium,1,54,102,11853,12806,WM,1.6018951
ATTGGGAATATCTTGG-1,Br2039,Visium,1,12,52,4511,7755,L1,1.3464564
ATTGGTTGTGCATTAC-1,Br2039,Visium,1,72,106,15004,13216,WM,3.2828588
ATTGTACAACTCGGCT-1,Br2039,Visium,1,35,103,8525,12898,WM,1.1244433
ATTGTCTGTTTCATGT-1,Br2039,Visium,1,71,53,14842,7882,WM,2.5620174
ATTGTTCAACGATCCG-1,Br2039,Visium,1,53,123,11672,14919,WM,1.2940035
ATTTAACTCGTATTAC-1,Br2039,Visium,1,14,52,4861,7756,WM,1.1716809
ATTTACAGTTTACTGG-1,Br2039,Visium,1,30,38,7666,6354,WM,1.2868738
ATTTACTAAGTCCATT-1,Br2039,Visium,1,31,111,7823,13701,L2_3,0.8797878
ATTTATACTGGTAAAG-1,Br2039,Visium,1,75,75,15537,10098,WM,3.7880645
ATTTCCGGGTTCTGCG-1,Br2039,Visium,1,55,35,12045,6063,WM,2.57306
ATTTGCGCGAGTAGCT-1,Br2039,Visium,1,53,31,11696,5660,WM,2.1570592
ATTTGTCTTGGGAGCT-1,Br2039,Visium,1,40,84,9406,10988,WM,1.471847
ATTTGTTCCAGGGCTC-1,Br2039,Visium,1,19,71,5732,9670,L1,0.95166683
CAAACCATAAGCGTAT-1,Br2039,Visium,1,77,89,15884,11508,WM,3.509659
CAAACCCTCCGGCGGG-1,Br2039,Visium,1,70,70,14663,9592,WM,3.3358746
CAAACGAGTATCGCAG-1,Br2039,Visium,1,47,47,10641,7267,WM,1.8645053
CAAACGGTCGCACTTT-1,Br2039,Visium,1,30,40,7666,6555,WM,1.2025039
CAAACTACGATAGAGA-1,Br2039,Visium,1,12,84,4503,10975,WM,1.2782879
CAAACTCGCGACGCCG-1,Br2039,Visium,1,45,111,10274,13707,WM,1.6335467
CAAAGATTATTGGGCC-1,Br2039,Visium,1,56,30,12221,5561,WM,2.4902015
CAAAGGTCATCTGAAA-1,Br2039,Visium,1,46,124,10446,15016,WM,1.8120878
CAAATCTCTCACAAGG-1,Br2039,Visium,1,44,24,10122,4951,WM,1.7570837
CAAATGTCCTTCCGTG-1,Br2039,Visium,1,45,53,10289,7870,WM,1.0498754
CAAATTGTCAGCAAGC-1,Br2039,Visium,1,13,67,4682,9265,L1,0.7513119
CAACACATCTCCTGCC-1,Br2039,Visium,1,32,120,7996,14607,L1,1.092618
CAACCAGTGGCCTACC-1,Br2039,Visium,1,61,115,13075,14117,WM,1.7933346
CAACCTACCGAGCAGT-1,Br2039,Visium,1,61,103,13078,12909,WM,2.1023045
CAACGACCCGTTTACA-1,Br2039,Visium,1,20,50,5912,7557,L2_3,0.6600084
CAACGATCGATCCAAT-1,Br2039,Visium,1,73,127,15173,15330,WM,2.4776037
CAACGCGATGAGCCAA-1,Br2039,Visium,1,74,36,15372,6172,WM,2.8784597
CAACGGTTCTTGATAC-1,Br2039,Visium,1,18,38,5565,6349,L2_3,0.86051035
CAACGTGGTGGAGTCT-1,Br2039,Visium,1,55,113,12025,13913,WM,2.028695
CAACTCCTTGATCCCG-1,Br2039,Visium,1,18,46,5563,7154,WM,0.82818294
CAACTGCTCATCCGAT-1,Br2039,Visium,1,59,55,12740,8078,WM,1.7559619
CAACTTGTAGTGGGCA-1,Br2039,Visium,1,9,41,3988,6647,WM,0.42824465
CAAGACTCAGAAGCGC-1,Br2039,Visium,1,30,126,7644,15210,WM,0.7468817
CAAGAGGGCGGAGTAC-1,Br2039,Visium,1,46,74,10459,9984,WM,1.1738203
CAAGATATTATAACGT-1,Br2039,Visium,1,45,89,10280,11493,WM,1.8510411
CAAGCAACGTCGGAGT-1,Br2039,Visium,1,32,38,8017,6355,WM,1.54142
CAAGCACCAAATGCCT-1,Br2039,Visium,1,18,66,5558,9167,WM,1.008781
CAAGCGGCACATAATT-1,Br2039,Visium,1,54,72,11860,9786,WM,1.4351296
CAAGGATCGCATGTTC-1,Br2039,Visium,1,40,68,9410,9378,WM,1.524992
CAAGGCCAGTGGTGCA-1,Br2039,Visium,1,66,100,13955,12610,WM,2.2109947
CAAGGTCCTATAGGCT-1,Br2039,Visium,1,34,110,8348,13602,WM,1.3541073
CAAGTAAGTGATAGAC-1,Br2039,Visium,1,69,53,14492,7881,WM,2.7121282
CAAGTCGTTGAAATCT-1,Br2039,Visium,1,76,48,15719,7381,WM,3.9360657
CAAGTGTGGTTGCAAA-1,Br2039,Visium,1,40,94,9403,11994,WM,1.5757874
CAATAAACCTTGGCCC-1,Br2039,Visium,1,26,74,6957,9975,WM,1.0512475
CAATACGAGAGTCTGA-1,Br2039,Visium,1,44,120,10097,14613,WM,1.6174533
CAATATTCTTGACCTA-1,Br2039,Visium,1,54,40,11869,6566,WM,2.0377064
CAATATTGGACTAGTG-1,Br2039,Visium,1,8,18,3819,4331,WM,1.4593369
CAATCCCTATACCAGC-1,Br2039,Visium,1,12,88,4502,11378,WM,1.1560211
CAATCCTGCCGTGGAG-1,Br2039,Visium,1,14,24,4868,4938,WM,1.1448976
CAATGACCCTTAATTT-1,Br2039,Visium,1,73,57,15191,8285,WM,2.8044176
CAATGAGGTTCGACTA-1,Br2039,Visium,1,29,119,7471,14505,L2_3,1.0917989
CAATGCGAGAAGTATC-1,Br2039,Visium,1,54,82,11858,10793,WM,1.8584927
CAATGGATCTCTACCA-1,Br2039,Visium,1,28,86,7304,11184,WM,1.1851653
CAATGGTCGGCCTGGG-1,Br2039,Visium,1,6,56,3459,8155,WM,1.0610126
CAATGTGCCAACCCTT-1,Br2039,Visium,1,37,115,8872,14106,WM,2.0410218
CAATTAAGGGTGATGA-1,Br2039,Visium,1,29,65,7484,9071,WM,0.92673236
CAATTTCGTATAAGGG-1,Br2039,Visium,1,37,63,8886,8873,WM,1.836837
CACAAACCGCAGAACT-1,Br2039,Visium,1,71,115,14826,14122,WM,2.7387874
CACAATGAGCTGCTAT-1,Br2039,Visium,1,42,50,9765,7567,WM,2.1244793
CACACACGCTAACGAG-1,Br2039,Visium,1,55,103,12028,12907,WM,1.3004488
CACACAGCTTGCGCTC-1,Br2039,Visium,1,47,115,10624,14111,WM,1.3976833
CACACAGGGATAGATT-1,Br2039,Visium,1,25,27,6794,5245,L4,0.7470612
CACACGCGCTGTCTTA-1,Br2039,Visium,1,33,89,8179,11488,WM,0.83650005
CACAGCACCCACGGCA-1,Br2039,Visium,1,31,59,7836,8468,WM,0.77159154
CACAGCTAGGGAGTGA-1,Br2039,Visium,1,20,60,5910,8564,L2_3,0.7043761
CACAGGGCCATATAGT-1,Br2039,Visium,1,57,97,12379,12304,WM,1.5217272
CACAGGGCCGTTGTCA-1,Br2039,Visium,1,62,60,13264,8582,WM,2.0034673
CACAGTCCCGCTTCGC-1,Br2039,Visium,1,60,112,12901,13815,WM,2.1325023
CACAGTTCGCTTCCCA-1,Br2039,Visium,1,54,114,11850,14013,WM,1.3013268
CACATATTAGCAGGAT-1,Br2039,Visium,1,47,73,10634,9884,WM,1.3299494
CACATCGTGCACGCGC-1,Br2039,Visium,1,60,38,12920,6367,WM,2.0505075
CACATCTCACCGACGA-1,Br2039,Visium,1,57,75,12385,10090,WM,2.3402379
CACATGATTCAGCAAC-1,Br2039,Visium,1,38,64,9061,8974,WM,0.65799695
CACATTTCTTGTCAGA-1,Br2039,Visium,1,44,108,10100,13405,WM,2.0237658
CACCCAAATCTTATGT-1,Br2039,Visium,1,35,105,8525,13099,WM,1.4667186
CACCCACACGTCACCC-1,Br2039,Visium,1,17,43,5389,6851,WM,0.36864913
CACCCACGAGGCAATT-1,Br2039,Visium,1,20,86,5903,11180,WM,1.2669283
CACCCGCGTTTGACAC-1,Br2039,Visium,1,73,117,15176,14324,WM,2.428295
CACCCGGTTTGTGACT-1,Br2039,Visium,1,53,39,11694,6465,WM,1.7406092
CACCCTAACAAGATCT-1,Br2039,Visium,1,56,80,12209,10592,WM,1.6078264
CACCGATGATGGGTAC-1,Br2039,Visium,1,71,117,14826,14323,WM,2.2832348
CACCGCCAGAAGGTTT-1,Br2039,Visium,1,27,59,7136,8466,L4,0.8488129
CACCGCCGACCAGCGA-1,Br2039,Visium,1,9,67,3982,9263,WM,1.3843741
CACCGGGCATCACAAG-1,Br2039,Visium,1,72,94,15007,12009,WM,2.993654
CACCGTATCCCATCCG-1,Br2039,Visium,1,52,104,11502,13006,WM,1.8058579
CACCGTTAGGGATCAC-1,Br2039,Visium,1,53,37,11694,6264,WM,1.971786
CACCGTTGCGCGATAT-1,Br2039,Visium,1,47,29,10646,5456,WM,1.7319394
CACCTAATAGAGTCGT-1,Br2039,Visium,1,17,25,5393,5040,WM,0.8761424
CACCTAATCAGTTTAC-1,Br2039,Visium,1,20,72,5907,9771,L1,0.8404479
CACCTCGATGGTGGAC-1,Br2039,Visium,1,18,70,5557,9569,L1,0.422076
CACCTTGCGAAACTCG-1,Br2039,Visium,1,24,84,6604,10981,L2_3,0.91026694
CACCTTGGCGCCTTTG-1,Br2039,Visium,1,43,103,9926,12901,WM,1.2388139
CACGAAAGTTAGTCCC-1,Br2039,Visium,1,33,29,8194,5450,WM,1.7375752
CACGAGCAAACCAGAC-1,Br2039,Visium,1,74,22,15375,4763,WM,3.2857342
CACGCACAGCGCAGCT-1,Br2039,Visium,1,24,72,6607,9773,WM,1.2672815
CACGCAGCGAGGCTTT-1,Br2039,Visium,1,31,43,7840,6858,WM,1.565315
CACGCGGAACTGTTGC-1,Br2039,Visium,1,42,98,9752,12398,WM,2.865241
CACGTCAATCAATGGA-1,Br2039,Visium,1,62,116,13250,14218,WM,1.597847
CACGTCGGCAACCTCT-1,Br2039,Visium,1,49,37,10994,6262,WM,1.7880769
CACGTTCGTGCTCTAG-1,Br2039,Visium,1,37,81,8881,10685,WM,2.0371058
CACGTTTCGTACACAC-1,Br2039,Visium,1,55,91,12031,11699,WM,2.311863
CACTAAAGTTGCCTAT-1,Br2039,Visium,1,35,51,8539,7665,WM,1.4872534
CACTACGGGAGCTGCC-1,Br2039,Visium,1,59,107,12727,13311,WM,2.2252817
CACTCAAGAGCTATGG-1,Br2039,Visium,1,39,57,9238,8270,WM,1.7430604
CACTCCTATGTAAGAT-1,Br2039,Visium,1,56,36,12220,6164,WM,2.070308
CACTCGAGCTGAACAA-1,Br2039,Visium,1,48,74,10809,9985,WM,1.924853
CACTCTCAAGCATCGA-1,Br2039,Visium,1,69,47,14493,7277,WM,2.6939452
CACTCTTCTGCTAGCC-1,Br2039,Visium,1,59,101,12728,12707,WM,1.8975041
CACTGACGATTGTGGA-1,Br2039,Visium,1,65,51,13792,7678,WM,2.260841
CACTGTCCAAGTGAGA-1,Br2039,Visium,1,19,43,5739,6852,L2_3,0.8708279
CACTTAATCAGACGGA-1,Br2039,Visium,1,34,48,8364,7362,WM,1.3310732
CACTTCGCCACAGGCT-1,Br2039,Visium,1,21,31,6092,5646,WM,1.420689
CAGAACTTAGCCCTCT-1,Br2039,Visium,1,53,85,11682,11094,WM,1.242094
CAGAATAACACACGGA-1,Br2039,Visium,1,55,111,12025,13712,WM,1.7012765
CAGAATATTCGTTATC-1,Br2039,Visium,1,50,124,11147,15018,WM,1.6591338
CAGACACCGATCGCTG-1,Br2039,Visium,1,53,51,11691,7673,WM,1.9331601
CAGACCTGTAAGTGTT-1,Br2039,Visium,1,31,99,7826,12493,WM,1.2668658
CAGACGAACCTGATAC-1,Br2039,Visium,1,50,50,11166,7571,WM,1.2122264
CAGAGACGGTCACCCA-1,Br2039,Visium,1,51,57,11339,8276,WM,1.4371796
CAGAGCATGAGCTTGC-1,Br2039,Visium,1,26,70,6958,9573,WM,1.143834
CAGAGCGATGGATGCT-1,Br2039,Visium,1,70,124,14649,15027,WM,2.09003
CAGAGGCGATGCATGA-1,Br2039,Visium,1,54,48,11867,7371,WM,2.0957565
CAGAGTGATTTAACGT-1,Br2039,Visium,1,9,69,3981,9464,WM,1.6416591
CAGATAATGGGCGGGT-1,Br2039,Visium,1,66,102,13954,12811,WM,2.2972202
CAGATACTAACATAGT-1,Br2039,Visium,1,26,46,6964,7157,L4,0.7470612
CAGATCATTTAAAGTC-1,Br2039,Visium,1,22,108,6248,13395,WM,1.0323106
CAGCAGCCCGTTCCTT-1,Br2039,Visium,1,28,78,7306,10379,WM,1.1139764
CAGCAGTCCAGACTAT-1,Br2039,Visium,1,50,100,11153,12603,WM,1.255051
CAGCAGTCTGTGCTGC-1,Br2039,Visium,1,62,74,13261,9991,WM,2.0279093
CAGCCGGGCCCTCTAT-1,Br2039,Visium,1,11,85,4327,11076,WM,1.3199265
CAGCCTCCTGCAGAGG-1,Br2039,Visium,1,23,77,6431,10276,L2_3,0.66699743
CAGCCTCGATAGCGGT-1,Br2039,Visium,1,63,123,13423,14923,WM,2.0804846
CAGCCTCTCCTCAAGA-1,Br2039,Visium,1,15,95,5025,12084,WM,0.42974138
CAGCGATTCCCTTCAA-1,Br2039,Visium,1,53,43,11693,6867,WM,2.758281
CAGCTCACTGAGACAT-1,Br2039,Visium,1,33,59,8186,8469,WM,1.4877121
CAGCTCGACAAGTTAA-1,Br2039,Visium,1,28,90,7303,11586,WM,0.5337522
CAGCTCGTGCTTGTGT-1,Br2039,Visium,1,14,42,4864,6749,L1,0.6324867
CAGCTCTGGGCTCACT-1,Br2039,Visium,1,73,35,15197,6071,WM,3.0262673
CAGCTTAGTAGGTAGC-1,Br2039,Visium,1,32,28,8019,5349,WM,1.2779602
CAGGACAGCTGCCCTT-1,Br2039,Visium,1,35,127,8519,15313,L2_3,0.81506056
CAGGATATATCGTTGT-1,Br2039,Visium,1,44,60,10112,8574,WM,1.9357684
CAGGCAGTCTTACCAG-1,Br2039,Visium,1,65,85,13783,11100,WM,2.1536083
CAGGCCGTTTGGGTGT-1,Br2039,Visium,1,39,43,9241,6861,WM,2.0642602
CAGGCGCACGGTGGTC-1,Br2039,Visium,1,56,28,12222,5359,WM,2.5740104
CAGGCGCCATGCTAGG-1,Br2039,Visium,1,49,73,10985,9885,WM,2.2709703
CAGGGAGATAGGCCAG-1,Br2039,Visium,1,74,18,15376,4361,WM,2.8343425
CAGTAATCCCTCCCAG-1,Br2039,Visium,1,21,25,6094,5042,WM,1.0379528
CAGTAGCCCACGCGGT-1,Br2039,Visium,1,25,91,6777,11686,WM,1.0527354
CAGTAGCGAGGTAGTA-1,Br2039,Visium,1,4,30,3116,5537,WM,1.3830253
CAGTCGAGGATGCAAT-1,Br2039,Visium,1,25,99,6775,12491,WM,0.8313376
CAGTCTCTCGGCTAAT-1,Br2039,Visium,1,6,28,3466,5337,L1,0.75696605
CAGTCTGTATACTGGG-1,Br2039,Visium,1,42,66,9761,9177,WM,1.9381399
CAGTGAATAAATGACT-1,Br2039,Visium,1,25,83,6779,10881,WM,1.4279152
CAGTGGTTGCACATGA-1,Br2039,Visium,1,16,22,5219,4738,L1,1.2918742
CAGTGTCCGCAGAATG-1,Br2039,Visium,1,15,37,5040,6247,L1,1.0668147
CAGTGTCGGCTGGCCC-1,Br2039,Visium,1,52,92,11505,11798,WM,1.6601304
CAGTTCAAATTGACAC-1,Br2039,Visium,1,29,51,7488,7662,WM,1.3098888
CAGTTCCGCGGGTCGA-1,Br2039,Visium,1,26,26,6969,5145,WM,1.2112103
CAGTTCGAGGACCCGA-1,Br2039,Visium,1,69,49,14493,7478,WM,3.0940585
CATAACGGACAGTCGT-1,Br2039,Visium,1,36,94,8703,11992,WM,1.2759479
CATAAGAAGCTTGGCT-1,Br2039,Visium,1,58,72,12561,9788,WM,2.0699646
CATAATGAGCGGGCGA-1,Br2039,Visium,1,6,46,3462,7148,L1,0.7038955
CATACAAAGCCGAACC-1,Br2039,Visium,1,13,35,4690,6044,L1,1.3483618
CATACACGGTTCCCAC-1,Br2039,Visium,1,61,55,13091,8079,WM,1.513859
CATACCCGTACCCAGT-1,Br2039,Visium,1,37,31,8894,5653,WM,1.5156429
CATACGAACTAGCTGG-1,Br2039,Visium,1,65,31,13797,5665,WM,2.1710699
CATACGGCGTCTGGGC-1,Br2039,Visium,1,39,63,9236,8874,WM,0.8973426
CATACTATGTAATTGT-1,Br2039,Visium,1,36,48,8715,7363,WM,0.97283405
CATACTTAGGCAATAC-1,Br2039,Visium,1,37,113,8873,13905,WM,1.1181314
CATACTTCTTTCTCCG-1,Br2039,Visium,1,68,52,14317,7780,WM,2.5397482
CATAGAGGAGATACTA-1,Br2039,Visium,1,69,87,14483,11303,WM,2.9894614
CATAGCGTTGCCCACC-1,Br2039,Visium,1,54,42,11868,6767,WM,2.1705782
CATAGGGACACTTGTG-1,Br2039,Visium,1,75,21,15551,4663,WM,3.0273035
CATAGTAGCATAGTAG-1,Br2039,Visium,1,19,45,5738,7054,L2_3,1.3234252
CATAGTCAAATACATA-1,Br2039,Visium,1,65,93,13781,11905,WM,1.8151168
CATAGTCCACAAGAAC-1,Br2039,Visium,1,45,31,10295,5656,WM,2.1176813
CATAGTGGGCACGCCT-1,Br2039,Visium,1,71,125,14824,15128,WM,2.2629175
CATATACTACTGATAA-1,Br2039,Visium,1,18,102,5549,12790,WM,1.0485042
CATATAGGTACAGTCA-1,Br2039,Visium,1,43,55,9939,8071,WM,2.700479
CATATGTCAGGCTACG-1,Br2039,Visium,1,48,24,10822,4953,WM,0.8183109
CATCATTACCCTGAGG-1,Br2039,Visium,1,52,94,11504,12000,WM,1.7694672
CATCCCGAGATTCATA-1,Br2039,Visium,1,69,115,14476,14121,WM,2.078643
CATCCTCTCAAAGATC-1,Br2039,Visium,1,54,92,11855,11799,WM,1.887136
CATCGCCCGCGGCCAA-1,Br2039,Visium,1,14,44,4863,6951,L1,1.3909286
CATCGGACGGGTTAAT-1,Br2039,Visium,1,42,58,9763,8372,WM,1.6222093
CATCTAGTGAAGGGAA-1,Br2039,Visium,1,45,121,10272,14714,WM,1.8368343
CATCTATCCCGTGTCT-1,Br2039,Visium,1,18,100,5549,12588,WM,1.0109777
CATCTTACACCACCTC-1,Br2039,Visium,1,37,99,8877,12496,WM,1.7101138
CATGAACCGACATTTG-1,Br2039,Visium,1,11,43,4338,6849,WM,1.2262347
CATGACTTCGCTGAAT-1,Br2039,Visium,1,40,106,9400,13202,WM,1.6300106
CATGAGATGCACTCTC-1,Br2039,Visium,1,59,79,12734,10493,WM,1.0649558
CATGAGTCCATCACGG-1,Br2039,Visium,1,75,33,15548,5871,WM,3.1511564
CATGATACGGTGAAAC-1,Br2039,Visium,1,76,76,15712,10199,WM,4.065924
CATGATCGCTTTGAGA-1,Br2039,Visium,1,66,116,13950,14220,WM,2.0090017
CATGATGCACAATTCT-1,Br2039,Visium,1,21,69,6082,9470,L1,0.8130213
CATGATGGAAGTTAGC-1,Br2039,Visium,1,45,103,10276,12902,WM,1.6495
CATGCACATGAGAGGC-1,Br2039,Visium,1,73,21,15201,4662,WM,3.4585297
CATGCGACCAGTTTAA-1,Br2039,Visium,1,26,98,6951,12391,WM,0.46671352
CATGCGTTAGACAGAA-1,Br2039,Visium,1,15,63,5033,8863,WM,2.2006276
CATGCGTTGAGAGGAG-1,Br2039,Visium,1,72,46,15019,7178,WM,2.900402
CATGGATTGTCTTCCG-1,Br2039,Visium,1,55,101,12028,12705,WM,1.7561787
CATGGCAGGAAGATCG-1,Br2039,Visium,1,17,57,5385,8260,L1,1.2372622
CATGGGTATGCCTTAT-1,Br2039,Visium,1,56,82,12208,10794,WM,1.9705708
CATGGGTCGGGTGTGG-1,Br2039,Visium,1,21,85,6078,11080,L1,0.6485796
CATGGTAAGTAGCGTT-1,Br2039,Visium,1,45,73,10284,9883,WM,1.5034549
CATGGTCTAGATACCG-1,Br2039,Visium,1,26,66,6959,9170,WM,0.96071184
CATGGTTTATTAATCA-1,Br2039,Visium,1,69,103,14479,12913,WM,2.4279716
CATGTAAGAGACATTT-1,Br2039,Visium,1,54,90,11856,11598,WM,1.690178
CATGTCTCATTTATGG-1,Br2039,Visium,1,49,85,10981,11093,WM,1.2481561
CATGTGGGCTCATCAC-1,Br2039,Visium,1,76,90,15708,11608,WM,3.15434
CATTACATAGATTGTG-1,Br2039,Visium,1,27,117,7121,14303,L1,1.2107608
CATTACGCAGGAAGGG-1,Br2039,Visium,1,71,101,14830,12713,WM,2.9661715
CATTACGTCGGCCCGT-1,Br2039,Visium,1,19,65,5733,9066,L1,0.6975254
CATTATCCCATTAACG-1,Br2039,Visium,1,67,31,14147,5666,WM,2.8727226
CATTATGCTTGTTGTG-1,Br2039,Visium,1,26,52,6962,7761,WM,1.1548702
CATTCAGGTCAGTGCG-1,Br2039,Visium,1,5,21,3293,4632,WM,0.5518106
CATTCCCATTCCGTCG-1,Br2039,Visium,1,32,118,7996,14406,WM,0.65418047
CATTCGTCGTAGCGGT-1,Br2039,Visium,1,62,122,13248,14822,WM,1.7005606
CATTTAGCGGACCATG-1,Br2039,Visium,1,25,85,6779,11082,WM,1.4387238
CATTTCTAGCAGACTA-1,Br2039,Visium,1,16,26,5218,5140,L2_3,0.57496357
CATTTGAGTGGTACGT-1,Br2039,Visium,1,50,48,11166,7369,WM,1.8889405
CCAAACAGAACCCTCG-1,Br2039,Visium,1,22,48,6263,7357,L4,0.5209967
CCAAATAACAAGATTC-1,Br2039,Visium,1,51,113,11324,13911,WM,1.8681169
CCAAATCAAAGGGCAA-1,Br2039,Visium,1,72,22,15025,4763,WM,3.0846982
CCAACCTTATGTAACT-1,Br2039,Visium,1,67,41,14145,6672,WM,2.6743877
CCAACGATGCACTGAT-1,Br2039,Visium,1,31,37,7842,6254,WM,1.3271812
CCAACTTGATAGATCC-1,Br2039,Visium,1,47,123,10621,14916,WM,1.202527
CCAAGAAAGTGGGCGA-1,Br2039,Visium,1,52,52,11515,7773,WM,1.8308694
CCAAGACTTCTGCGAA-1,Br2039,Visium,1,20,62,5909,8765,L4,0.8477517
CCAAGCGTAACTCGTA-1,Br2039,Visium,1,33,71,8183,9676,WM,1.4743373
CCAAGGAACAGAGAGG-1,Br2039,Visium,1,14,48,4862,7353,WM,1.3114619
CCAAGGTTGCCCTTTC-1,Br2039,Visium,1,69,109,14478,13517,WM,2.6907144
CCAATAGTGCCGTCGA-1,Br2039,Visium,1,34,42,8366,6758,WM,1.1692524
CCAATCGGTAGATCGA-1,Br2039,Visium,1,14,84,4853,10976,WM,1.7294412
CCAATGTCACAGCAAG-1,Br2039,Visium,1,37,49,8889,7464,WM,1.0914854
CCAATTGAATGTTAAT-1,Br2039,Visium,1,20,46,5913,7155,WM,0.877584
CCACAATGTACGTCTT-1,Br2039,Visium,1,29,85,7479,11084,WM,1.3951336
CCACACTGAGATATTA-1,Br2039,Visium,1,39,49,9240,7465,WM,0.82838255
CCACAGCTGAAATCAT-1,Br2039,Visium,1,8,28,3817,5338,WM,1.5124542
CCACAGTACCCATCCT-1,Br2039,Visium,1,48,92,10805,11797,WM,1.6950012
CCACATACTGCACCCA-1,Br2039,Visium,1,52,118,11498,14415,WM,1.4958766
CCACCAACTTTACTGT-1,Br2039,Visium,1,52,40,11518,6565,WM,2.1878269
CCACCCAAGGAAAGTG-1,Br2039,Visium,1,37,75,8883,10081,WM,1.5032256
CCACCTGTATGGAATA-1,Br2039,Visium,1,61,123,13073,14922,WM,1.6039438
CCACGAATTTAACCTC-1,Br2039,Visium,1,41,109,9574,13504,WM,1.3890857
CCACGAGAAGAGAATC-1,Br2039,Visium,1,17,75,5380,10072,WM,1.6555576
CCACGGAGCCATAAGA-1,Br2039,Visium,1,47,27,10646,5255,WM,2.2992332
CCACGGCAGGTGTAGG-1,Br2039,Visium,1,71,31,14848,5668,WM,3.1898222
CCACGGTGCCCGGTAG-1,Br2039,Visium,1,35,107,8524,13300,WM,0.596476
CCACGTAAATTAGACT-1,Br2039,Visium,1,34,122,8345,14809,WM,0.73125196
CCACTATCCGGGTCAC-1,Br2039,Visium,1,30,116,7646,14204,WM,0.58590543
CCACTCAGATCCGCAA-1,Br2039,Visium,1,72,80,15010,10600,WM,2.303798
CCACTGTTTGGATTAA-1,Br2039,Visium,1,58,106,12552,13210,WM,1.3864491
CCACTTTCCTTCTAGG-1,Br2039,Visium,1,77,113,15877,13923,WM,3.0621045
CCAGAAACTGATGCGA-1,Br2039,Visium,1,69,117,14475,14322,WM,2.3071945
CCAGAAAGCAACTCAT-1,Br2039,Visium,1,52,36,11519,6163,WM,2.166647
CCAGATAGTTGAGTGA-1,Br2039,Visium,1,28,84,7304,10982,WM,0.45828456
CCAGCCTGGACCAATA-1,Br2039,Visium,1,37,65,8885,9074,WM,1.4495856
CCAGCGGGATCACCAG-1,Br2039,Visium,1,32,124,7995,15010,WM,0.6216165
CCAGCTACGCCTCATA-1,Br2039,Visium,1,9,35,3990,6043,WM,0.94680744
CCAGCTCGAACGCATT-1,Br2039,Visium,1,63,65,13438,9086,WM,2.002258
CCAGGCTGGCGTCTGA-1,Br2039,Visium,1,56,122,12198,14819,WM,2.5125272
CCAGGGACGTGGCCTC-1,Br2039,Visium,1,27,53,7137,7862,WM,0.7345272
CCAGTAGTCTGATCCA-1,Br2039,Visium,1,27,91,7127,11687,WM,0.71602416
CCAGTCTAGACGGCGC-1,Br2039,Visium,1,24,86,6603,11182,L1,0.9072667
CCAGTCTTGTCATAGA-1,Br2039,Visium,1,59,59,12739,8480,WM,1.827613
CCAGTGTACAGACCGA-1,Br2039,Visium,1,72,18,15026,4360,WM,2.8523872
CCAGTTCGGTAACTCA-1,Br2039,Visium,1,73,89,15183,11506,WM,2.9004362
CCATACCTTTACTTGT-1,Br2039,Visium,1,30,102,7650,12795,WM,0.5309378
CCATAGGTTGGCGTGG-1,Br2039,Visium,1,18,62,5559,8764,L1,1.1245219
CCATATGGAAACTATA-1,Br2039,Visium,1,53,103,11677,12906,WM,1.8981011
CCATCCATACCAAGTC-1,Br2039,Visium,1,14,38,4865,6347,WM,0.53391665
CCATCGCAGTTAAACT-1,Br2039,Visium,1,50,62,11162,8778,WM,1.9204952
CCATCTCACCAGTGAA-1,Br2039,Visium,1,38,98,9052,12396,WM,1.3148035
CCATGCCCTAGATTTC-1,Br2039,Visium,1,56,98,12204,12404,WM,2.0662994
CCATGCCTGTTTAGTA-1,Br2039,Visium,1,35,53,8538,7866,WM,1.3866036
CCATGCTCTGCAGGAA-1,Br2039,Visium,1,21,43,6089,6853,L2_3,0.5419492
CCATGGCAAACGCTCA-1,Br2039,Visium,1,74,40,15371,6575,WM,3.1070237
CCATGTTCATCTATAT-1,Br2039,Visium,1,68,28,14323,5365,WM,1.7614102
CCATTAGCGATAATCC-1,Br2039,Visium,1,32,42,8016,6757,WM,1.5108899
CCATTCCCTGCCCACA-1,Br2039,Visium,1,33,39,8192,6456,WM,1.2441852
CCATTGTTTCCTCCAT-1,Br2039,Visium,1,29,123,7469,14908,L1,1.2294877
CCATTTCTACCTATTA-1,Br2039,Visium,1,55,71,12036,9686,WM,1.8364474
CCCAAACATGCTGCTC-1,Br2039,Visium,1,34,88,8354,11388,WM,1.7533021
CCCAACATACGTCGCG-1,Br2039,Visium,1,43,35,9944,6058,WM,2.1041625
CCCAACCACACTAACA-1,Br2039,Visium,1,8,66,3807,9162,WM,1.1464252
CCCAAGTCATTACACT-1,Br2039,Visium,1,68,96,14306,12208,WM,2.4746225
CCCAATGAGATTTGCA-1,Br2039,Visium,1,60,40,12919,6569,WM,1.8035868
CCCAATTTCACAACTT-1,Br2039,Visium,1,39,33,9244,5855,WM,1.4864161
CCCAGAGGAGGGCGTA-1,Br2039,Visium,1,21,105,6073,13093,WM,1.9200903
CCCAGATTCCCGTGAC-1,Br2039,Visium,1,76,38,15722,6375,WM,3.4453254
CCCAGGAAGAATTCGA-1,Br2039,Visium,1,74,66,15364,9192,WM,3.4474807
CCCAGGTCTGAAGGCT-1,Br2039,Visium,1,53,111,11675,13711,WM,2.068008
CCCAGTTAAGGCGCCG-1,Br2039,Visium,1,42,82,9756,10787,WM,1.7589507
CCCATATAGGTCGATT-1,Br2039,Visium,1,65,117,13775,14320,WM,2.0321472
CCCATTATTGTATCCT-1,Br2039,Visium,1,72,120,15000,14625,WM,3.2030954
CCCGACCATAGTCCGC-1,Br2039,Visium,1,20,74,5906,9973,L2_3,0.6046664
CCCGAGTTTCTCCGTA-1,Br2039,Visium,1,48,108,10800,13407,WM,1.5737076
CCCGATAGCCTCGCCT-1,Br2039,Visium,1,37,127,8869,15314,WM,1.4253578
CCCGCAAATAATCATC-1,Br2039,Visium,1,77,55,15892,8086,WM,2.202699
CCCGCAGCGCGAACTA-1,Br2039,Visium,1,49,67,10986,9281,WM,1.2190701
CCCGCAGGGCCCAAAG-1,Br2039,Visium,1,11,79,4329,10472,WM,1.128855
CCCGCCATGCTCCCGT-1,Br2039,Visium,1,19,41,5739,6651,L2_3,0.32294226
CCCGCGCAATGCACCC-1,Br2039,Visium,1,19,23,5744,4840,L5,1.047468
CCCGCTTGCCCTCGTC-1,Br2039,Visium,1,2,40,2763,6543,WM,1.2160479
CCCGGCACGTGTCAGG-1,Br2039,Visium,1,76,104,15705,13017,WM,3.4109688
CCCGGGTCGTTCAGGG-1,Br2039,Visium,1,65,57,13790,8282,WM,2.4315717
CCCGTAAGTCTAGGCC-1,Br2039,Visium,1,40,28,9420,5352,WM,1.70923
CCCGTAGCTGGGAAGA-1,Br2039,Visium,1,57,39,12394,6467,WM,1.6640097
CCCGTCAGCGTCTGAC-1,Br2039,Visium,1,23,51,6437,7659,WM,0.91583014
CCCGTGACAGTGCCTT-1,Br2039,Visium,1,77,91,15883,11709,WM,2.2083018
CCCGTTTCGCAGATGT-1,Br2039,Visium,1,52,106,11501,13207,WM,1.7062864
CCCTACCCACACCCAG-1,Br2039,Visium,1,74,90,15358,11607,WM,3.455028
CCCTACTTGAACAATG-1,Br2039,Visium,1,70,86,14659,11203,WM,3.0658422
CCCTAGCTCTAAGGTC-1,Br2039,Visium,1,77,53,15893,7885,WM,3.2426963
CCCTATGTAGAGCAGA-1,Br2039,Visium,1,60,24,12923,4958,WM,2.4724605
CCCTCAGATCGAGAAC-1,Br2039,Visium,1,72,26,15024,5165,WM,2.8558893
CCCTCATCACAGAGTA-1,Br2039,Visium,1,77,25,15900,5067,WM,1.8563402
CCCTCATTCTGGAATT-1,Br2039,Visium,1,16,44,5213,6952,L1,1.2411454
CCCTCCTCGCTCGTAT-1,Br2039,Visium,1,50,106,11151,13206,WM,1.3877454
CCCTCGATAATACACA-1,Br2039,Visium,1,69,29,14498,5466,WM,2.6211464
CCCTGAAATGAGTTGA-1,Br2039,Visium,1,31,39,7841,6455,WM,1.5155133
CCCTGGGAGGGATCCT-1,Br2039,Visium,1,76,72,15713,9796,WM,3.2167885
CCCTTTAATGGAGTTC-1,Br2039,Visium,1,63,109,13427,13514,WM,2.4513583
CCCTTTGACAGGTCTT-1,Br2039,Visium,1,50,56,11164,8174,WM,1.4986355
CCGAAAGTGGTGAGCA-1,Br2039,Visium,1,17,27,5393,5241,WM,0.5136874
CCGAACCTTCCCGGCC-1,Br2039,Visium,1,49,71,10985,9684,WM,2.006011
CCGAAGGGCGTACCGC-1,Br2039,Visium,1,29,125,7469,15109,WM,1.3439848
CCGACAATAGGCCGCC-1,Br2039,Visium,1,57,111,12376,13713,WM,2.1171725
CCGACGGGCATGAGGT-1,Br2039,Visium,1,54,26,11872,5157,WM,2.297708
CCGAGAAGTCGCATAA-1,Br2039,Visium,1,46,112,10449,13808,WM,2.1499343
CCGAGGGATGTTAGGC-1,Br2039,Visium,1,6,62,3458,8759,WM,1.0390537
CCGATATGACGTAAGG-1,Br2039,Visium,1,55,127,12021,15322,WM,1.3564637
CCGATCTCAACCTTAT-1,Br2039,Visium,1,37,101,8876,12697,WM,1.8022317
CCGCACAAAGACCAAC-1,Br2039,Visium,1,36,76,8707,10181,WM,0.84544194
CCGCACACGAACGTGT-1,Br2039,Visium,1,45,123,10271,14915,WM,1.3329086
CCGCACGTGACCTCGG-1,Br2039,Visium,1,28,26,7319,5145,WM,1.6948278
CCGCACTTGCAATGAC-1,Br2039,Visium,1,69,107,14478,13316,WM,2.972826
CCGCATGTGGTACGAT-1,Br2039,Visium,1,56,66,12212,9184,WM,1.1240816
CCGCCGGTCAACACAC-1,Br2039,Visium,1,13,55,4685,8057,L1,1.8679225
CCGCCGTTGAGGATAA-1,Br2039,Visium,1,45,119,10272,14512,WM,1.7573736
CCGCGGAATGCGTCAC-1,Br2039,Visium,1,51,45,11342,7068,WM,2.1526217
CCGCGGGTACGAAGAA-1,Br2039,Visium,1,32,26,8020,5147,WM,1.3964477
CCGCTATCAGCACCAG-1,Br2039,Visium,1,45,63,10287,8877,WM,2.057643
CCGCTCCAGGGCGATC-1,Br2039,Visium,1,71,69,14838,9492,WM,3.5804262
CCGCTCTTCCGAACTA-1,Br2039,Visium,1,63,99,13429,12508,WM,2.108539
CCGCTTACCTCACTCT-1,Br2039,Visium,1,47,35,10644,6060,WM,1.804084
CCGCTTGCTGACATGG-1,Br2039,Visium,1,27,113,7122,13901,L4,0.41336742
CCGGAAGTGCAATATG-1,Br2039,Visium,1,75,105,15529,13117,WM,3.412302
CCGGAAGTTATCAGTC-1,Br2039,Visium,1,49,127,10971,15319,WM,1.5022213
CCGGAATGGTTTCAGT-1,Br2039,Visium,1,24,32,6617,5747,WM,1.3760765
CCGGAGCGTACTTTCT-1,Br2039,Visium,1,58,56,12565,8178,WM,1.5555055
CCGGCACGACCGTTTC-1,Br2039,Visium,1,35,111,8523,13703,WM,1.6269035
CCGGCGCATATTGGAT-1,Br2039,Visium,1,14,56,4860,8158,L1,2.8784928
CCGGGACCCGCAGAGA-1,Br2039,Visium,1,16,52,5211,7757,WM,1.1487802
CCGGGCGGTCTCGTCA-1,Br2039,Visium,1,32,76,8007,10179,WM,1.2408013
CCGGGCTAAGAATTTC-1,Br2039,Visium,1,70,20,14676,4560,WM,3.2043262
CCGGGCTGCTCCATAC-1,Br2039,Visium,1,36,86,8705,11187,WM,1.3506551
CCGGGTTCGAGGTTAC-1,Br2039,Visium,1,38,32,9069,5754,WM,1.7265882
CCGGTAATGGCTAGTC-1,Br2039,Visium,1,38,114,9048,14006,WM,1.4294014
CCGGTATCTGGCGACT-1,Br2039,Visium,1,77,85,15885,11105,WM,1.4413143
CCGGTTTGTAATTGTG-1,Br2039,Visium,1,56,42,12218,6768,WM,2.4248552
CCGTAAGTTGGTCCCA-1,Br2039,Visium,1,33,77,8182,10280,WM,1.3141365
CCGTACCCAAGCGCCA-1,Br2039,Visium,1,12,34,4515,5943,WM,1.1345012
CCGTAGGAAATCCCTG-1,Br2039,Visium,1,60,96,12905,12204,WM,1.9281976
CCGTAGGGTTGTTTAC-1,Br2039,Visium,1,60,104,12903,13010,WM,1.970173
CCGTATCTCGTCGTAG-1,Br2039,Visium,1,53,27,11697,5257,WM,2.3121192
CCGTGAGGCATTCATG-1,Br2039,Visium,1,36,120,8696,14609,WM,1.0692651
CCGTGCCCATGACGGC-1,Br2039,Visium,1,12,48,4512,7352,WM,1.3922354
CCGTGGAACGATCCAA-1,Br2039,Visium,1,24,106,6598,13195,L1,1.5632862
CCGTGTTAAATTCCAT-1,Br2039,Visium,1,48,36,10819,6161,WM,1.7472262
CCGTTACGTTAGAACA-1,Br2039,Visium,1,20,88,5902,11381,WM,0.52960443
CCGTTTCCTTTCCGTG-1,Br2039,Visium,1,76,46,15720,7180,WM,3.6499548
CCTAAAGGCTGACGCT-1,Br2039,Visium,1,14,82,4853,10775,WM,1.0546477
CCTAAATTAACGGTTC-1,Br2039,Visium,1,42,68,9760,9379,WM,1.771254
CCTAAATTGTATCCTA-1,Br2039,Visium,1,52,114,11499,14012,WM,1.5775506
CCTAACCCAAACAAGT-1,Br2039,Visium,1,49,89,10980,11495,WM,1.1245879
CCTAACTAAGGCTCTA-1,Br2039,Visium,1,21,93,6076,11885,WM,1.4954367
CCTACAGTTGAGGGAG-1,Br2039,Visium,1,77,83,15885,10904,WM,3.299116
CCTACATTCACAGACG-1,Br2039,Visium,1,51,33,11345,5860,WM,2.312297
CCTACGGCTCAGTCGA-1,Br2039,Visium,1,16,32,5216,5744,L2_3,0.9358051
CCTACTCAACACGATT-1,Br2039,Visium,1,63,119,13424,14521,WM,1.4527584
CCTACTGCTTACACTT-1,Br2039,Visium,1,27,49,7138,7460,L2_3,0.7644365
CCTAGGCGTAGCGATC-1,Br2039,Visium,1,36,88,8704,11389,WM,1.3706442
CCTATAATGAGTGCCC-1,Br2039,Visium,1,55,81,12033,10693,WM,1.7122655
CCTATACCGTCCTGTC-1,Br2039,Visium,1,55,45,12042,7070,WM,2.2380245
CCTATATTTGTCCTGG-1,Br2039,Visium,1,62,52,13266,7777,WM,2.5536032
CCTATCTATATCGGAA-1,Br2039,Visium,1,19,77,5730,10274,L1,1.3649102
CCTATGAAGTGGTGCC-1,Br2039,Visium,1,37,111,8873,13704,WM,0.9490623
CCTATGGCTCCTAGTG-1,Br2039,Visium,1,62,24,13274,4959,WM,2.666201
CCTATGGGTTACCGTC-1,Br2039,Visium,1,29,69,7483,9473,WM,1.1843528
CCTATGGTCAAAGCTG-1,Br2039,Visium,1,68,68,14313,9390,WM,2.66706
CCTATGTCCACTCCAC-1,Br2039,Visium,1,62,92,13256,11803,WM,2.2108893
CCTCACCAATCTTGAC-1,Br2039,Visium,1,17,35,5391,6046,WM,0.62125015
CCTCACCTGAGGGAGC-1,Br2039,Visium,1,28,102,7300,12794,WM,0.9966771
CCTCACCTTAGCATCG-1,Br2039,Visium,1,27,97,7126,12290,L2_3,0.97978926
CCTCACGTCAGCTAAT-1,Br2039,Visium,1,60,122,12898,14821,WM,1.7383054
CCTCATGCAGCTACGA-1,Br2039,Visium,1,10,30,4166,5540,WM,1.1284968
CCTCCCGACAATCCCT-1,Br2039,Visium,1,9,63,3983,8861,WM,1.1311412
CCTCCGACAATTCAAG-1,Br2039,Visium,1,33,33,8193,5852,WM,1.6678021
CCTCCTGTTGTGTCGT-1,Br2039,Visium,1,62,96,13255,12205,WM,1.9791832
CCTCGCCAGCAAATTA-1,Br2039,Visium,1,18,74,5556,9972,L1,0.8383403
CCTCGCGCGATATAGG-1,Br2039,Visium,1,21,95,6076,12086,WM,0.8031228
CCTCGCGCTGTGCGAT-1,Br2039,Visium,1,57,59,12389,8479,WM,1.2634962
CCTCGGACCGGGATAG-1,Br2039,Visium,1,41,85,9581,11089,WM,2.1145384
CCTCGGTTTCCTTGCC-1,Br2039,Visium,1,70,38,14671,6372,WM,2.6949363
CCTCTAATCTGCCAAG-1,Br2039,Visium,1,23,73,6432,9873,L1,1.1294115
CCTCTACAAGGATTGG-1,Br2039,Visium,1,67,27,14148,5264,WM,2.3937402
CCTCTATCGATTAGCA-1,Br2039,Visium,1,52,26,11522,5156,WM,1.564714
CCTCTCTCCCATCTAG-1,Br2039,Visium,1,34,36,8367,6155,WM,1.1748121
CCTCTGTACTATTCTA-1,Br2039,Visium,1,53,61,11688,8679,WM,2.0124753
CCTGAACGATATATTC-1,Br2039,Visium,1,37,85,8880,11087,WM,1.5017748
CCTGAATATTTACATA-1,Br2039,Visium,1,23,71,6432,9672,WM,0.63745904
CCTGACCACCGATGGT-1,Br2039,Visium,1,45,61,10287,8675,WM,1.6687533
CCTGAGAATAAATGCA-1,Br2039,Visium,1,71,33,14847,5869,WM,2.926658
CCTGATTCGCGAAGAA-1,Br2039,Visium,1,75,93,15532,11909,WM,3.8006716
CCTGCGATAGAACTGT-1,Br2039,Visium,1,8,20,3819,4533,WM,1.4919317
CCTGCTACAACCATAC-1,Br2039,Visium,1,77,107,15879,13319,WM,2.5563204
CCTGCTATTTGAGAAG-1,Br2039,Visium,1,26,50,6963,7560,WM,0.97102773
CCTGGAAACGTTCTGC-1,Br2039,Visium,1,39,113,9223,13906,WM,1.488366
CCTGGCTAGACCCGCC-1,Br2039,Visium,1,29,43,7490,6857,WM,1.3321065
CCTGGTCGAATGTGGG-1,Br2039,Visium,1,59,69,12737,9487,WM,1.491699
CCTGTAAGACATGATA-1,Br2039,Visium,1,37,41,8891,6659,WM,1.6739125
CCTGTACTCACGCCCA-1,Br2039,Visium,1,40,24,9421,4950,WM,1.8523073
CCTGTCACCCGGGCTC-1,Br2039,Visium,1,29,67,7484,9272,WM,1.0817602
CCTGTCCCTCACGTTA-1,Br2039,Visium,1,36,114,8698,14005,WM,0.6022963
CCTGTCGCCCGTAAAT-1,Br2039,Visium,1,36,62,8711,8772,WM,1.7290721
CCTGTTCAACCTCGGG-1,Br2039,Visium,1,71,51,14843,7681,WM,3.022742
CCTGTTTGAAGACACG-1,Br2039,Visium,1,58,94,12555,12002,WM,1.3254737
CCTTAAGTACGCAATT-1,Br2039,Visium,1,75,97,15531,12312,WM,3.469644
CCTTCAGTTAAAGTGA-1,Br2039,Visium,1,61,47,13093,7274,WM,2.0806541
CCTTCGTATAGAATCC-1,Br2039,Visium,1,69,61,14490,8686,WM,2.6137137
CCTTCTTGATCCAGTG-1,Br2039,Visium,1,19,73,5731,9871,L1,1.2435997
CCTTGACCACTTTATT-1,Br2039,Visium,1,55,109,12026,13511,WM,1.9012612
CCTTGTGAACGTGGTT-1,Br2039,Visium,1,72,48,15019,7379,WM,3.9262934
CCTTTAAGGGAGCACT-1,Br2039,Visium,1,58,50,12566,7574,WM,2.336322
CCTTTCAATGAAGAAA-1,Br2039,Visium,1,25,95,6776,12088,L2_3,0.7398374
CGAAACATAGATGGCA-1,Br2039,Visium,1,11,77,4329,10270,WM,1.3966866
CGAAACGCAATTCATG-1,Br2039,Visium,1,41,33,9594,5856,WM,1.8349862
CGAACAGTATGGGCGT-1,Br2039,Visium,1,50,96,11154,12200,WM,1.3739902
CGAACCCGCATGCGTC-1,Br2039,Visium,1,49,49,10991,7470,WM,1.6708866
CGAACCTCTTTCCTAG-1,Br2039,Visium,1,72,20,15026,4561,WM,3.1604643
CGAAGATCAGTTTCAT-1,Br2039,Visium,1,74,70,15363,9594,WM,3.2113087
CGAAGTTGCTCTGTGT-1,Br2039,Visium,1,33,35,8193,6053,WM,2.0549593
CGAATGACGCATAATG-1,Br2039,Visium,1,63,57,13440,8281,WM,2.196452
CGAATGGTAGGTCGTC-1,Br2039,Visium,1,73,29,15199,5467,WM,3.4543366
CGAATTCCCGGTTCAA-1,Br2039,Visium,1,67,127,14123,15327,WM,1.9001906
CGACAATTTGATCTAA-1,Br2039,Visium,1,43,95,9928,12096,WM,1.5089798
CGACACGCTCCGACAG-1,Br2039,Visium,1,46,94,10454,11997,WM,1.39516
CGACAGTTCGCGTTAT-1,Br2039,Visium,1,36,42,8716,6759,WM,1.5388393
CGACATGCGATCTTCT-1,Br2039,Visium,1,8,64,3807,8961,L4,0.81036645
CGACCGTTGGTATTCG-1,Br2039,Visium,1,75,27,15549,5267,WM,3.1277559
CGACTCAGGATGTTAT-1,Br2039,Visium,1,23,89,6428,11483,L2_3,0.6284145
CGACTTTGTATAGCCT-1,Br2039,Visium,1,33,109,8174,13501,L2_3,0.563616
CGAGACCCTAGAGTGT-1,Br2039,Visium,1,43,61,9937,8675,WM,1.728781
CGAGACTACTGCTGCT-1,Br2039,Visium,1,72,98,15006,12411,WM,2.8192577
CGAGAGATGTGAACCT-1,Br2039,Visium,1,29,73,7482,9876,WM,1.1482764
CGAGAGCTTTCACTAC-1,Br2039,Visium,1,64,88,13607,11401,WM,1.8114069
CGAGAGGGTAGCCGCG-1,Br2039,Visium,1,56,104,12202,13008,WM,1.8686415
CGAGATGTTGCCTATA-1,Br2039,Visium,1,2,32,2765,5738,WM,1.2124631
CGAGATTTCGCTCGGG-1,Br2039,Visium,1,42,116,9748,14209,WM,1.6785591
CGAGCACTTCAAGTTT-1,Br2039,Visium,1,23,25,6444,5043,WM,0.65723336
CGAGCGTTGATCAGCC-1,Br2039,Visium,1,12,46,4512,7151,WM,1.5795187
CGAGCTGGGCTTTAGG-1,Br2039,Visium,1,17,67,5383,9267,WM,0.8325618
CGAGGATCGGGAACGA-1,Br2039,Visium,1,28,118,7296,14404,L1,1.0244207
CGAGGCCAGGCATTGG-1,Br2039,Visium,1,14,22,4869,4737,L2_3,0.62924683
CGAGGCTAAATATGGC-1,Br2039,Visium,1,29,71,7483,9675,WM,0.89691424
CGAGGGACTGCGGTCG-1,Br2039,Visium,1,38,78,9057,10383,WM,2.094323
CGAGGGTATCCAGGTG-1,Br2039,Visium,1,64,60,13615,8583,WM,1.6528105
CGAGTACTAAAGAGGA-1,Br2039,Visium,1,45,35,10294,6059,WM,1.9084038
CGAGTGAAGGTACCAG-1,Br2039,Visium,1,55,29,12047,5459,WM,2.0408294
CGAGTGCTATAGTTCG-1,Br2039,Visium,1,10,38,4164,6345,WM,0.8531522
CGAGTTCTGTCCCACC-1,Br2039,Visium,1,27,85,7129,11083,WM,0.7554003
CGAGTTTATCGGACTG-1,Br2039,Visium,1,37,93,8878,11892,WM,1.1865537
CGATAATACTCAGGTT-1,Br2039,Visium,1,43,117,9923,14310,WM,1.230507
CGATACCTCGCGGACA-1,Br2039,Visium,1,40,48,9415,7365,WM,1.6022584
CGATAGTCGTACTGCA-1,Br2039,Visium,1,66,88,13958,11402,WM,2.8687775
CGATCCACCATTGTTG-1,Br2039,Visium,1,72,54,15017,7983,WM,3.0353892
CGATCCGACCCAGTGC-1,Br2039,Visium,1,38,50,9064,7565,WM,1.532268
CGATCCTCGCAACATA-1,Br2039,Visium,1,66,40,13970,6571,WM,2.6982646
CGATCGAGAAGCACCA-1,Br2039,Visium,1,74,64,15365,8990,WM,3.693025
CGATCTGTTGGAGGAC-1,Br2039,Visium,1,46,24,10472,4952,WM,1.6603078
CGATGGACCCTACGCC-1,Br2039,Visium,1,22,96,6251,12187,L1,1.9667552
CGATTAAATATCTCCT-1,Br2039,Visium,1,56,62,12213,8781,WM,1.827808
CGATTCGCCTGGCTGC-1,Br2039,Visium,1,57,73,12385,9888,WM,1.9806867
CGATTTGTCATTAATG-1,Br2039,Visium,1,75,25,15550,5066,WM,3.3088956
CGCAAACACGAGTTAC-1,Br2039,Visium,1,27,37,7141,6252,WM,1.2191455
CGCAATTACTTTCGGT-1,Br2039,Visium,1,23,33,6442,5848,WM,0.44326222
CGCAATTAGGGTAATA-1,Br2039,Visium,1,28,44,7315,6957,WM,1.1634854
CGCAATTCTACAATAA-1,Br2039,Visium,1,26,28,6969,5346,WM,1.0789257
CGCACATGTCCACTAC-1,Br2039,Visium,1,39,87,9230,11289,WM,2.0299382
CGCACGTCTGTTTATG-1,Br2039,Visium,1,68,32,14322,5767,WM,2.4506233
CGCACGTGCGCTATCA-1,Br2039,Visium,1,39,99,9227,12497,L4,1.0709386
CGCAGATCTTCACCCG-1,Br2039,Visium,1,25,113,6772,13900,L1,0.7445308
CGCAGGCGATCCAAAC-1,Br2039,Visium,1,52,102,11502,12805,WM,1.805511
CGCAGTTCTATCTTTC-1,Br2039,Visium,1,76,114,15702,14023,WM,3.1627016
CGCATCCATCAGCCAG-1,Br2039,Visium,1,28,116,7296,14203,L1,1.303158
CGCATGCCGAATGCGT-1,Br2039,Visium,1,67,89,14132,11503,WM,2.4354692
CGCATGGTGCGATGCT-1,Br2039,Visium,1,40,66,9410,9176,WM,1.4415069
CGCATTAGCTAATAGG-1,Br2039,Visium,1,27,57,7136,8265,L1,0.7607561
CGCCACCCGCATTAAC-1,Br2039,Visium,1,6,18,3469,4330,WM,1.1898193
CGCCATCCGATTATGA-1,Br2039,Visium,1,24,80,6605,10578,L1,0.6454289
CGCCCAGCACGCCTAG-1,Br2039,Visium,1,59,51,12741,7675,WM,1.7995439
CGCCCAGCGTTTCACG-1,Br2039,Visium,1,65,89,13782,11502,WM,2.3820555
CGCCCGCTTCCGTACA-1,Br2039,Visium,1,18,80,5554,10575,L1,0.7691834
CGCCGCCCATGCCTGT-1,Br2039,Visium,1,39,83,9231,10887,WM,2.014788
CGCCGCGTTCTGAACG-1,Br2039,Visium,1,73,45,15194,7078,WM,3.5461674
CGCCGTCTACCCATCG-1,Br2039,Visium,1,38,122,9046,14811,L4,1.2543228
CGCCGTTCAGCATAGT-1,Br2039,Visium,1,58,104,12553,13009,WM,1.8803802
CGCCTCCCTCCTCTAT-1,Br2039,Visium,1,43,73,9934,9882,WM,1.6338685
CGCCTGGCCTACGTAA-1,Br2039,Visium,1,41,27,9595,5252,WM,1.303923
CGCCTTTAGCATGCTC-1,Br2039,Visium,1,45,117,10273,14311,WM,2.2221744
CGCGAAGTGGCATACT-1,Br2039,Visium,1,64,96,13605,12206,WM,2.3071966
CGCGACCGCGACAGAT-1,Br2039,Visium,1,59,81,12734,10694,WM,1.2758758
CGCGCAAATGTCCAGA-1,Br2039,Visium,1,56,24,12223,4957,WM,1.9470459
CGCGCAAGGAACTACA-1,Br2039,Visium,1,5,29,3291,5437,WM,1.0428667
CGCGCATGTTTGATTG-1,Br2039,Visium,1,50,54,11165,7973,WM,1.7352624
CGCGCCCGACTTAATA-1,Br2039,Visium,1,21,75,6081,10074,WM,0.83191466
CGCGGCTCAACTTGAA-1,Br2039,Visium,1,43,97,9928,12298,WM,1.1933479
CGCGGGAATTAGGCAG-1,Br2039,Visium,1,28,80,7305,10580,WM,0.7670249
CGCGGGAATTCCTTTC-1,Br2039,Visium,1,72,84,15009,11002,WM,3.1400406
CGCGGTAAGTCTAGCT-1,Br2039,Visium,1,30,118,7646,14405,L1,1.0547549
CGCGGTACGGTATACA-1,Br2039,Visium,1,62,118,13249,14419,WM,1.9000243
CGCGTTCATGAAATAC-1,Br2039,Visium,1,27,51,7138,7661,WM,0.64305484
CGCTACCGCCCTATGA-1,Br2039,Visium,1,2,42,2762,6744,WM,1.3543851
CGCTACGGGACATTTA-1,Br2039,Visium,1,38,48,9065,7364,WM,0.97321165
CGCTAGAGACCGCTGC-1,Br2039,Visium,1,39,101,9226,12698,WM,1.6476445
CGCTATACCGCCCACT-1,Br2039,Visium,1,14,36,4865,6146,L1,1.758421
CGCTATTCAATGTATG-1,Br2039,Visium,1,19,31,5742,5645,L5,0.33310783
CGCTATTCTTAGGCTC-1,Br2039,Visium,1,38,60,9062,8572,WM,1.515006
CGCTCGACATAATGAT-1,Br2039,Visium,1,21,45,6089,7054,L2_3,0.912814
CGCTCTCCGTAGATTA-1,Br2039,Visium,1,33,37,8192,6255,WM,1.4772049
CGCTGGTGACTACCCT-1,Br2039,Visium,1,48,98,10803,12400,WM,1.8649001
CGCTGTGACGCCGCAC-1,Br2039,Visium,1,25,47,6789,7258,L2_3,0.82636696
CGCTGTGTGGATGTTG-1,Br2039,Visium,1,59,43,12743,6870,WM,2.3844857
CGCTTAGTATTGATAC-1,Br2039,Visium,1,66,52,13967,7779,WM,2.2546558
CGCTTATTCCCGGTCG-1,Br2039,Visium,1,42,30,9770,5554,WM,1.9200937
CGCTTCCACTGAAATC-1,Br2039,Visium,1,18,42,5564,6751,L1,0.9168215
CGCTTCGGTCTAAGAC-1,Br2039,Visium,1,66,104,13953,13012,WM,1.5061803
CGCTTGGACGGATAGA-1,Br2039,Visium,1,63,117,13425,14319,WM,1.976128
CGCTTTCATACCGGTG-1,Br2039,Visium,1,14,50,4862,7555,WM,0.44929922
CGCTTTCCGCCAAGGT-1,Br2039,Visium,1,73,77,15186,10298,WM,3.6687975
CGCTTTCTTGCATTCG-1,Br2039,Visium,1,31,85,7829,11084,WM,0.7112702
CGGAAAGAATCAAACG-1,Br2039,Visium,1,58,48,12567,7373,WM,1.9760345
CGGAACGTAAACATAG-1,Br2039,Visium,1,47,45,10642,7066,WM,2.1017895
CGGACCTCTGTAGTTA-1,Br2039,Visium,1,76,52,15718,7784,WM,3.483475
CGGACCTTTACGTCCC-1,Br2039,Visium,1,71,71,14838,9693,WM,3.1968036
CGGAGCAATTTAATCG-1,Br2039,Visium,1,54,60,11863,8579,WM,2.4056535
CGGAGCATGGCGATCC-1,Br2039,Visium,1,39,67,9235,9277,WM,1.4649175
CGGAGTTTGAGAGACA-1,Br2039,Visium,1,30,34,7667,5951,WM,1.9222357
CGGATCCTCAAGGACT-1,Br2039,Visium,1,60,80,12909,10594,WM,2.092494
CGGATGAATGCTGTGA-1,Br2039,Visium,1,70,22,14675,4762,WM,2.9007397
CGGATTCTGCCTTATG-1,Br2039,Visium,1,77,29,15899,5469,WM,3.1122434
CGGCAAACATCGTGCG-1,Br2039,Visium,1,52,66,11512,9182,WM,1.6590819
CGGCAATAAGATCGCC-1,Br2039,Visium,1,54,108,11851,13409,WM,2.220617
CGGCACTCAAGAAAGT-1,Br2039,Visium,1,12,28,4517,5340,WM,0.8234742
CGGCAGGGTCGGGTTG-1,Br2039,Visium,1,32,94,8002,11991,L1,0.9323307
CGGCCACGCACAAAGT-1,Br2039,Visium,1,35,59,8537,8470,WM,1.6037954
CGGCCAGAGCGACCAT-1,Br2039,Visium,1,67,49,14143,7478,WM,2.7214892
CGGCCCAACCTGTAGT-1,Br2039,Visium,1,28,112,7297,13800,L1,0.8556901
CGGCCCAGGTATATCC-1,Br2039,Visium,1,43,105,9926,13103,WM,1.2062122
CGGCGCCATCAATCCC-1,Br2039,Visium,1,59,93,12731,11902,WM,1.45376
CGGCTCTAAAGCTGCA-1,Br2039,Visium,1,46,110,10450,13607,WM,1.5640236
CGGGAATATAGTATAC-1,Br2039,Visium,1,47,105,10626,13104,WM,0.8741763
CGGGAATTTATGTAAA-1,Br2039,Visium,1,45,65,10286,9078,WM,1.8520749
CGGGAGCTTCAGTGTA-1,Br2039,Visium,1,49,91,10980,11696,WM,2.5671697
CGGGATCAATGTAAGA-1,Br2039,Visium,1,23,59,6435,8464,WM,0.8585831
CGGGCAGCTAAACCGC-1,Br2039,Visium,1,32,56,8012,8166,WM,1.7354844
CGGGCCTTCTTTGTAA-1,Br2039,Visium,1,41,55,9588,8070,WM,1.552366
CGGGCGATGGATCACG-1,Br2039,Visium,1,69,75,14486,10095,WM,3.1311345
CGGGTGTACCCATTTA-1,Br2039,Visium,1,32,86,8004,11186,WM,1.1318536
CGGGTTTGTTAGGGCT-1,Br2039,Visium,1,56,114,12200,14014,WM,2.021745
CGGTACTAGAATCAAA-1,Br2039,Visium,1,43,83,9931,10889,WM,1.7293165
CGGTAGAGGTGCAGGT-1,Br2039,Visium,1,22,92,6252,11785,L1,1.1330268
CGGTATGGGCACTCTG-1,Br2039,Visium,1,75,77,15536,10299,WM,3.3306837
CGGTCAAGTGGGAACC-1,Br2039,Visium,1,26,80,6955,10579,L4,0.73004323
CGGTCAGTCCATATTT-1,Br2039,Visium,1,58,126,12547,15223,WM,1.9948921
CGGTCCGTCGCAAGCC-1,Br2039,Visium,1,63,51,13442,7677,WM,2.1034281
CGGTCTATCAACCCGT-1,Br2039,Visium,1,18,82,5554,10777,L2_3,1.3383303
CGGTGCAGATAGAACG-1,Br2039,Visium,1,42,36,9768,6158,WM,1.9569945
CGGTGCGCGTTGGTCC-1,Br2039,Visium,1,49,39,10993,6463,WM,1.93101
CGGTGTACTTGATCCC-1,Br2039,Visium,1,17,31,5392,5644,WM,0.5287532
CGGTTATCCAACAGTG-1,Br2039,Visium,1,30,98,7651,12392,L2_3,1.0846153
CGGTTCAAGTAGGTGT-1,Br2039,Visium,1,24,98,6600,12390,L2_3,1.027951
CGGTTCCGGCTTCTTG-1,Br2039,Visium,1,9,29,3991,5439,WM,1.4808013
CGGTTGACCTGGCATA-1,Br2039,Visium,1,39,25,9246,5050,WM,1.2817326
CGGTTGAGTATCCTTC-1,Br2039,Visium,1,66,30,13973,5565,WM,2.351253
CGGTTGGGCAGGGTCC-1,Br2039,Visium,1,73,75,15187,10097,WM,3.5294561
CGTAAACGCTTGAGTG-1,Br2039,Visium,1,11,23,4343,4836,WM,0.771191
CGTAAAGCAAGAAATC-1,Br2039,Visium,1,70,28,14673,5366,WM,2.6100912
CGTAAATAACAAAGGG-1,Br2039,Visium,1,75,55,15542,8085,WM,3.8245173
CGTAACTTCGACACTT-1,Br2039,Visium,1,68,50,14318,7579,WM,2.5137062
CGTAATATGGCCCTTG-1,Br2039,Visium,1,77,121,15875,14728,WM,2.643926
CGTACCTGATAGGCCT-1,Br2039,Visium,1,22,68,6258,9370,WM,0.776586
CGTAGAGAGTAATTAT-1,Br2039,Visium,1,67,87,14133,11302,WM,2.5609386
CGTAGCGCCGACGTTG-1,Br2039,Visium,1,7,53,3635,7853,WM,0.8913256
CGTATCTAGAACTAAG-1,Br2039,Visium,1,66,120,13949,14622,WM,1.9383733
CGTATTAAGAGATCTA-1,Br2039,Visium,1,32,54,8013,7965,WM,1.5386446
CGTCACGTCCATTGGT-1,Br2039,Visium,1,47,51,10640,7670,WM,1.219565
CGTCAGTGCGCACAAG-1,Br2039,Visium,1,11,49,4336,7453,WM,1.2060523
CGTCCTCATCGCGTGC-1,Br2039,Visium,1,71,111,14827,13719,WM,3.0184033
CGTCGCATGTGAGCCA-1,Br2039,Visium,1,65,77,13785,10295,WM,2.5924568
CGTCGCTTGGTTATAC-1,Br2039,Visium,1,63,25,13448,5060,WM,2.2444072
CGTCGGATAGTGTTGA-1,Br2039,Visium,1,34,96,8352,12193,WM,1.8747895
CGTCGTCCTTCGCGAA-1,Br2039,Visium,1,56,76,12210,10190,WM,1.9274535
CGTCTGGAAGGGCCCG-1,Br2039,Visium,1,16,62,5209,8763,WM,0.9471338
CGTCTTGAGTGTGACG-1,Br2039,Visium,1,41,125,9570,15114,WM,0.9844146
CGTGAAGTTAATTCAC-1,Br2039,Visium,1,40,56,9413,8170,WM,0.95326114
CGTGACCAGTCCTCTG-1,Br2039,Visium,1,63,55,13441,8080,WM,1.9238374
CGTGCACACCACTGTA-1,Br2039,Visium,1,72,90,15008,11606,WM,2.8721845
CGTGCAGACTGGGACA-1,Br2039,Visium,1,40,74,9408,9981,WM,1.3386763
CGTGCATTGTCGACGC-1,Br2039,Visium,1,39,31,9244,5654,WM,1.7840731
CGTGCCCTCCCGAAGA-1,Br2039,Visium,1,43,77,9933,10285,WM,1.7770857
CGTGCTTCTACCTAAA-1,Br2039,Visium,1,62,28,13273,5362,WM,2.5445306
CGTGGAAGCCTCGTAC-1,Br2039,Visium,1,48,120,10797,14614,WM,1.503683
CGTGGCCGAATATCTA-1,Br2039,Visium,1,47,101,10627,12702,WM,1.1772597
CGTGGTACCCAAAGGC-1,Br2039,Visium,1,66,42,13969,6773,WM,2.7085638
CGTGTATGGGAGCTGA-1,Br2039,Visium,1,65,111,13777,13716,WM,2.2129138
CGTGTCCCATTCGCGA-1,Br2039,Visium,1,28,40,7316,6554,WM,0.70755166
CGTGTCTCGTTACGAC-1,Br2039,Visium,1,60,34,12921,5965,WM,2.0376163
CGTGTGTTAAACCCTG-1,Br2039,Visium,1,32,116,7997,14205,WM,0.77652645
CGTTAAACTAGTTAGG-1,Br2039,Visium,1,49,111,10975,13709,WM,1.3725849
CGTTAAATACGACCAG-1,Br2039,Visium,1,74,118,15351,14425,WM,2.9686115
CGTTAATGTCCCGACG-1,Br2039,Visium,1,59,87,12732,11298,WM,1.6279894
CGTTCAAGGAAACGGA-1,Br2039,Visium,1,70,46,14669,7177,WM,2.915402
CGTTCAGACCCGCGAA-1,Br2039,Visium,1,65,61,13789,8684,WM,2.0436325
CGTTGAATACCGCGCT-1,Br2039,Visium,1,57,77,12384,10291,WM,1.845075
CGTTGAGCGACCGTCG-1,Br2039,Visium,1,44,74,10109,9983,WM,1.7088724
CGTTGCCCGCGTGGGA-1,Br2039,Visium,1,65,45,13794,7074,WM,2.4235032
CGTTGTAAGATTGATT-1,Br2039,Visium,1,26,108,6948,13397,WM,1.1677829
CGTTGTCGGCAATTGA-1,Br2039,Visium,1,64,66,13613,9187,WM,1.5251249
CGTTGTTTCAATTCCC-1,Br2039,Visium,1,34,40,8366,6557,WM,1.404933
CGTTTCGCTCATTACA-1,Br2039,Visium,1,35,49,8539,7463,WM,1.6436417
CGTTTCGGTTATATGC-1,Br2039,Visium,1,74,116,15351,14224,WM,2.7331116
CGTTTGGTGTTGTGGG-1,Br2039,Visium,1,62,120,13249,14621,WM,1.924365
CGTTTGTGTAGAGGGT-1,Br2039,Visium,1,55,41,12043,6667,WM,2.3892646
CTAAAGAATGCCTACT-1,Br2039,Visium,1,36,36,8718,6155,WM,1.4584252
CTAAAGGATGAGATAC-1,Br2039,Visium,1,77,65,15890,9092,WM,2.6678634
CTAAAGGGAAATAGGA-1,Br2039,Visium,1,44,62,10112,8776,WM,2.0688348
CTAAATCCGGTGTACA-1,Br2039,Visium,1,61,35,13096,6066,WM,2.3476913
CTAAATCCTATTCCGG-1,Br2039,Visium,1,26,84,6954,10982,WM,0.76313776
CTAACCGCGCGCCCGT-1,Br2039,Visium,1,37,35,8893,6055,WM,2.143094
CTAACGAAACTTGCTG-1,Br2039,Visium,1,30,94,7652,11990,WM,0.7397762
CTAACTGATAATCGCC-1,Br2039,Visium,1,58,102,12553,12807,WM,1.696349
CTAACTGGTCCGGTTC-1,Br2039,Visium,1,50,36,11169,6162,WM,1.9484546
CTAAGGGAATGATTGG-1,Br2039,Visium,1,44,72,10109,9782,WM,1.9344597
CTAATTCGCACGCGCT-1,Br2039,Visium,1,28,34,7317,5951,WM,0.9767422
CTAATTCTCAGATATT-1,Br2039,Visium,1,27,105,7124,13095,L2_3,0.97499084
CTAATTTCAACAACAC-1,Br2039,Visium,1,21,27,6093,5243,L1,0.746439
CTACAAGAAATAACCC-1,Br2039,Visium,1,58,40,12569,6568,WM,2.2411413
CTACACTCGCAGATGG-1,Br2039,Visium,1,57,101,12378,12706,WM,2.0883071
CTACCCTAAGGTCATA-1,Br2039,Visium,1,31,91,7828,11688,WM,1.5182148
CTACGACTAGCTATAA-1,Br2039,Visium,1,38,24,9071,4949,WM,1.4604955
CTACGCACGGAGTACC-1,Br2039,Visium,1,35,57,8537,8268,WM,1.6763185
CTACGCCATTTCCGAT-1,Br2039,Visium,1,12,80,4504,10573,WM,1.2613161
CTACGTGTTGCCACCA-1,Br2039,Visium,1,6,24,3467,4934,WM,0.719894
CTACTATCATAGGTTT-1,Br2039,Visium,1,53,25,11697,5056,WM,1.4759331
CTACTATCTTTCAGAG-1,Br2039,Visium,1,29,93,7477,11889,WM,1.1690143
CTACTCAAGGTATAGT-1,Br2039,Visium,1,60,42,12919,6770,WM,1.7450047
CTACTCTAGGCCCGGC-1,Br2039,Visium,1,31,25,7845,5046,WM,1.7310581
CTACTGCCACCTGACC-1,Br2039,Visium,1,27,63,7135,8869,WM,1.2486509
CTAGATAAACTCCTCG-1,Br2039,Visium,1,7,25,3642,5035,L1,0.8558459
CTAGATGTGAGTGTAA-1,Br2039,Visium,1,33,103,8175,12897,WM,1.4672828
CTAGATTTACGACGGC-1,Br2039,Visium,1,42,74,9759,9982,WM,1.4310783
CTAGCATAGTATAATG-1,Br2039,Visium,1,34,66,8360,9174,WM,1.628624
CTAGCCACAGGCGAGC-1,Br2039,Visium,1,59,117,12724,14317,WM,1.6048952
CTAGCCCGGGAGACGA-1,Br2039,Visium,1,77,37,15897,6274,WM,3.4611697
CTAGCCGATGTTATGA-1,Br2039,Visium,1,23,101,6424,12691,L1,0.5493215
CTAGCTTAATGGTCCC-1,Br2039,Visium,1,47,125,10621,15117,WM,1.8495791
CTAGGCGCCCTATCAG-1,Br2039,Visium,1,51,91,11330,11697,WM,1.5353721
CTAGGGATAGGGACAA-1,Br2039,Visium,1,71,43,14845,6876,WM,3.1038299
CTAGGTCTGAAGGAAT-1,Br2039,Visium,1,36,104,8700,12999,WM,1.6801767
CTAGGTTCGGACGTGA-1,Br2039,Visium,1,58,70,12561,9587,WM,1.9273582
CTAGTAGAAAGGGATT-1,Br2039,Visium,1,63,81,13434,10696,WM,2.0639591
CTAGTATTCGGAATTA-1,Br2039,Visium,1,14,80,4854,10574,WM,1.2886789
CTAGTCACGTCTTAAG-1,Br2039,Visium,1,37,69,8884,9477,WM,1.5542146
CTAGTGAAGGACAGGA-1,Br2039,Visium,1,34,38,8367,6356,WM,1.4202046
CTAGTTACAACCCGGT-1,Br2039,Visium,1,53,67,11687,9283,WM,2.0973654
CTAGTTGGGCCCGGTA-1,Br2039,Visium,1,26,68,6958,9371,WM,1.0416347
CTATAAGAGCCAATCG-1,Br2039,Visium,1,26,100,6950,12592,WM,0.7252817
CTATAGGCGTTGATGT-1,Br2039,Visium,1,62,38,13270,6368,WM,2.3769126
CTATATCCAGCCTGGC-1,Br2039,Visium,1,69,31,14498,5667,WM,2.7108924
CTATCACAACGCTGGA-1,Br2039,Visium,1,74,78,15361,10399,WM,3.2719855
CTATCGACGAAATACA-1,Br2039,Visium,1,53,93,11680,11899,WM,1.4034288
CTATCGCGTAGAGAAC-1,Br2039,Visium,1,58,118,12549,14418,WM,1.7673066
CTATCGGGTCTCAACA-1,Br2039,Visium,1,35,69,8534,9476,WM,1.7636756
CTATGAACACCTTGCC-1,Br2039,Visium,1,72,28,15024,5366,WM,2.8013952
CTATGCCCGAATGCAA-1,Br2039,Visium,1,63,59,13440,8482,WM,1.9845103
CTATGGGAAGCGGAAT-1,Br2039,Visium,1,54,104,11852,13007,WM,1.8762001
CTATGTCACTAGCCCA-1,Br2039,Visium,1,30,66,7659,9172,WM,1.5699072
CTATTCATGTGTCCCA-1,Br2039,Visium,1,52,62,11513,8779,WM,1.1387941
CTATTTGCTTGGAGGA-1,Br2039,Visium,1,70,64,14664,8989,WM,2.8125203
CTATTTGGTTACGGAT-1,Br2039,Visium,1,36,82,8706,10785,WM,1.971877
CTCAAACCACTGCCCG-1,Br2039,Visium,1,64,40,13620,6570,WM,2.6744947
CTCAACTAACCCGGAT-1,Br2039,Visium,1,63,85,13433,11099,WM,2.2998378
CTCACATTTACTAAAT-1,Br2039,Visium,1,62,68,13262,9387,WM,2.7699668
CTCACTGTGATACTTA-1,Br2039,Visium,1,63,75,13436,10092,WM,2.0031776
CTCACTTGGCTGGTAA-1,Br2039,Visium,1,40,26,9421,5151,WM,2.5465493
CTCAGAGCTAATGTCG-1,Br2039,Visium,1,73,59,15191,8487,WM,3.6147857
CTCAGGACTCACCTGT-1,Br2039,Visium,1,16,30,5217,5543,L1,0.947655
CTCAGTCACGACAAAT-1,Br2039,Visium,1,24,96,6601,12188,L1,0.45480812
CTCATAAATGTGTATA-1,Br2039,Visium,1,74,106,15354,13217,WM,3.2917047
CTCATCACTTAGTGAT-1,Br2039,Visium,1,28,124,7294,15008,WM,1.3377666
CTCATGGCTCACAATC-1,Br2039,Visium,1,13,63,4683,8862,WM,1.5218532
CTCATGGTAATTTGCG-1,Br2039,Visium,1,50,26,11172,5155,WM,2.4807973
CTCATTAACGTTGCCC-1,Br2039,Visium,1,29,127,7468,15310,WM,1.2467617
CTCATTGCTCTAACAA-1,Br2039,Visium,1,60,78,12909,10393,WM,1.9241856
CTCATTTGATGGGCGG-1,Br2039,Visium,1,22,62,6259,8766,L2_3,1.3013844
CTCCCAATGAGTCGCG-1,Br2039,Visium,1,51,115,11324,14113,WM,1.6973826
CTCCGCCCACATGAGG-1,Br2039,Visium,1,43,39,9943,6460,WM,2.0918524
CTCCGGCCTAATATGC-1,Br2039,Visium,1,19,59,5735,8462,L1,0.9785438
CTCCGGCTTGTAGACA-1,Br2039,Visium,1,15,19,5045,4435,WM,0.6259658
CTCCTAGTAATCGTGA-1,Br2039,Visium,1,76,24,15725,4966,WM,2.7772012
CTCCTCCAGCTCACAC-1,Br2039,Visium,1,62,50,13267,7576,WM,2.3951688
CTCCTGTTCAAGGCAG-1,Br2039,Visium,1,55,117,12024,14316,WM,1.8578179
CTCCTTTACGCAAGTC-1,Br2039,Visium,1,23,109,6422,13496,WM,1.2399018
CTCGAGGCAAGTTTCA-1,Br2039,Visium,1,72,32,15023,5769,WM,3.1159937
CTCGAGGTCGAACAGT-1,Br2039,Visium,1,29,59,7486,8467,WM,1.2177283
CTCGATATTTGCGAGC-1,Br2039,Visium,1,23,99,6425,12490,L1,1.3236586
CTCGCACCTATATAGT-1,Br2039,Visium,1,24,68,6608,9370,WM,1.1709847
CTCGCCGAATGTAGGG-1,Br2039,Visium,1,60,64,12913,8984,WM,2.0591586
CTCGCTAGGTAAGCGA-1,Br2039,Visium,1,72,96,15006,12210,WM,3.6604047
CTCGGGATAACACCTA-1,Br2039,Visium,1,31,121,7820,14707,WM,1.256768
CTCGGGTTCTCTGGCC-1,Br2039,Visium,1,61,27,13098,5261,WM,2.6236384
CTCGGTACCACTGCTC-1,Br2039,Visium,1,41,81,9582,10686,WM,2.4334333
CTCGGTCCGTAGCCTG-1,Br2039,Visium,1,18,50,5562,7556,WM,0.8954668
CTCGGTTGTCGGCCCT-1,Br2039,Visium,1,56,26,12222,5158,WM,2.002251
CTCGTCTGTGCCTTCG-1,Br2039,Visium,1,70,82,14660,10800,WM,2.7043984
CTCGTGGCACTGAAAG-1,Br2039,Visium,1,76,58,15716,8387,WM,3.4285884
CTCGTTACGGCTACCA-1,Br2039,Visium,1,70,40,14670,6573,WM,2.9565115
CTCGTTTCTAATGTTT-1,Br2039,Visium,1,22,104,6249,12993,WM,0.62442464
CTCTAACACCGGCAGC-1,Br2039,Visium,1,76,86,15709,11205,WM,3.2405734
CTCTAATGCATTGATC-1,Br2039,Visium,1,24,110,6597,13597,L1,1.3864865
CTCTACATCCTGCGTG-1,Br2039,Visium,1,72,66,15014,9191,WM,3.1626992
CTCTAGCCCTCGGAAA-1,Br2039,Visium,1,66,90,13957,11603,WM,2.2882073
CTCTATTTGGCTGCAG-1,Br2039,Visium,1,48,68,10811,9381,WM,1.8570838
CTCTCACAATCGATGA-1,Br2039,Visium,1,32,70,8008,9575,WM,1.106961
CTCTGCAGGCATTCTT-1,Br2039,Visium,1,71,23,14850,4863,WM,3.6368458
CTCTGCGAAGCAAGCA-1,Br2039,Visium,1,12,50,4511,7554,WM,1.0311106
CTCTGGACGCCTGGTG-1,Br2039,Visium,1,32,62,8010,8770,WM,1.5170319
CTCTGTCCATGCACCA-1,Br2039,Visium,1,75,91,15533,11708,WM,3.2909184
CTCTTCTATTGACTGG-1,Br2039,Visium,1,46,100,10452,12601,WM,1.4814656
CTCTTCTGGAAGTTAG-1,Br2039,Visium,1,62,40,13269,6570,WM,2.0298193
CTCTTGTCCCGCTTGG-1,Br2039,Visium,1,54,58,11864,8378,WM,1.3600875
CTGAAAGAGATCCGAC-1,Br2039,Visium,1,19,69,5732,9469,L1,0.51102513
CTGAATCCGAGACCTC-1,Br2039,Visium,1,47,53,10639,7871,WM,2.3142629
CTGAATTTATTGCCAG-1,Br2039,Visium,1,22,106,6248,13194,WM,1.2838119
CTGACATAGAAATAGA-1,Br2039,Visium,1,51,119,11323,14515,WM,1.5944283
CTGACTGCGCAGCTCG-1,Br2039,Visium,1,31,101,7825,12695,WM,1.7834431
CTGAGAAAGTTCGGCG-1,Br2039,Visium,1,49,117,10973,14313,WM,1.6546675
CTGAGAGTAGAAATAC-1,Br2039,Visium,1,64,124,13598,15024,WM,2.032697
CTGAGCAAGTAACAAG-1,Br2039,Visium,1,15,25,5043,5039,L4,0.925769
CTGAGCGAGACTTATT-1,Br2039,Visium,1,31,125,7819,15110,L1,1.1946902
CTGATCCCTTTATGCA-1,Br2039,Visium,1,71,29,14848,5467,WM,2.8064084
CTGCAAGCACGTTCCG-1,Br2039,Visium,1,61,111,13076,13714,WM,1.7701147
CTGCACAACTACATAT-1,Br2039,Visium,1,50,76,11159,10187,WM,1.7923411
CTGCACCTAGTCCACA-1,Br2039,Visium,1,29,117,7471,14304,L2_3,0.7938895
CTGCACCTGGAACCGC-1,Br2039,Visium,1,15,49,5037,7454,L1,1.5705962
CTGCACTCCAGTACAG-1,Br2039,Visium,1,54,70,11861,9585,WM,1.7349745
CTGCAGAGAATCAGAG-1,Br2039,Visium,1,61,101,13079,12708,WM,1.5348
CTGCAGGGTGACGCTC-1,Br2039,Visium,1,76,118,15701,14426,WM,3.2834425
CTGCCAAGGTTGGAAG-1,Br2039,Visium,1,21,77,6080,10275,L1,0.5620287
CTGCCATGCATCACAT-1,Br2039,Visium,1,40,62,9411,8774,WM,1.1282763
CTGCCTCATATGCAAC-1,Br2039,Visium,1,33,121,8170,14708,WM,1.2382549
CTGCCTTTAATACCTT-1,Br2039,Visium,1,64,28,13623,5363,WM,2.107451
CTGCCTTTCTAGTAAA-1,Br2039,Visium,1,63,93,13431,11904,WM,1.8421016
CTGCGACCTCGCCGAA-1,Br2039,Visium,1,71,73,14837,9895,WM,3.1610763
CTGCGATTTCGAGATT-1,Br2039,Visium,1,72,60,15015,8587,WM,2.8721573
CTGCTCTCAACACACC-1,Br2039,Visium,1,73,125,15174,15129,WM,2.4467874
CTGCTCTGACGGCAAA-1,Br2039,Visium,1,75,65,15540,9091,WM,4.008223
CTGCTGAGGCCACGAA-1,Br2039,Visium,1,49,35,10994,6061,WM,1.5770677
CTGCTGTCTAACGAGC-1,Br2039,Visium,1,49,119,10973,14514,WM,2.1147614
CTGCTTGGCGATAGCT-1,Br2039,Visium,1,53,75,11684,10088,WM,2.0491366
CTGGAAATGGATGCTT-1,Br2039,Visium,1,29,53,7487,7863,WM,1.4486282
CTGGAAGACACGGTGG-1,Br2039,Visium,1,50,88,11156,11395,WM,1.6136185
CTGGATTTACACTTGA-1,Br2039,Visium,1,49,55,10989,8073,WM,1.9023433
CTGGCATCCGAATGAG-1,Br2039,Visium,1,48,26,10822,5154,WM,2.4616585
CTGGCGACATAAGTCC-1,Br2039,Visium,1,17,81,5379,10676,WM,0.54604405
CTGGCGATTTACATGT-1,Br2039,Visium,1,73,107,15178,13317,WM,3.0096889
CTGGCGCACAGGTCTG-1,Br2039,Visium,1,37,89,8879,11490,WM,1.6924164
CTGGCTGATTCATCCT-1,Br2039,Visium,1,44,96,10103,12197,WM,1.4730666
CTGGCTGCTAACGTAA-1,Br2039,Visium,1,5,25,3292,5035,WM,1.3604679
CTGGCTGGTTGTCAGT-1,Br2039,Visium,1,54,56,11864,8176,WM,2.102012
CTGGGATAAATAATGG-1,Br2039,Visium,1,38,84,9056,10987,WM,1.732198
CTGGGATACGCTACCC-1,Br2039,Visium,1,37,117,8872,14308,WM,0.99034905
CTGGGCCTGCTATATC-1,Br2039,Visium,1,44,30,10120,5555,WM,1.7106432
CTGGGCTACTGGAGAG-1,Br2039,Visium,1,76,108,15704,13419,WM,2.9179382
CTGGGTAGGCAGTTAA-1,Br2039,Visium,1,43,79,9932,10486,WM,1.246738
CTGGTAAAGACTTACA-1,Br2039,Visium,1,71,99,14830,12511,WM,2.7527518
CTGGTAAAGTGTGGGC-1,Br2039,Visium,1,60,114,12900,14016,WM,2.3133142
CTGGTAACACATAGAA-1,Br2039,Visium,1,42,88,9755,11391,WM,1.4083785
CTGGTAACGAGCTCTT-1,Br2039,Visium,1,29,97,7476,12291,WM,1.4003961
CTGGTCCTAACTTGGC-1,Br2039,Visium,1,7,65,3632,9061,WM,1.1347378
CTGGTTCGCGAGCTAC-1,Br2039,Visium,1,42,124,9746,15014,WM,1.2834263
CTGGTTTCGAGCAAGA-1,Br2039,Visium,1,46,88,10455,11393,WM,1.8289039
CTGTACTTCTTAGCAT-1,Br2039,Visium,1,39,51,9239,7666,WM,0.82818633
CTGTAGCCATCTCACT-1,Br2039,Visium,1,56,46,12217,7171,WM,1.3214908
CTGTAGTGAGGATCGA-1,Br2039,Visium,1,69,43,14494,6875,WM,3.1068892
CTGTATGGTGTAGAAA-1,Br2039,Visium,1,20,32,5917,5746,L2_3,0.85443974
CTGTCAAATGGCTCGG-1,Br2039,Visium,1,23,83,6429,10880,WM,1.3599914
CTGTGCAGGGTAGGTC-1,Br2039,Visium,1,42,70,9760,9580,WM,1.3125623
CTGTGGTCGGGAGATA-1,Br2039,Visium,1,55,89,12031,11498,WM,1.8118408
CTGTTACCCAATCTAG-1,Br2039,Visium,1,48,58,10813,8375,WM,1.9189126
CTGTTCACTGCCTGTG-1,Br2039,Visium,1,22,56,6261,8162,WM,0.8786824
CTGTTCATCTCACGGG-1,Br2039,Visium,1,22,34,6267,5948,WM,0.7017896
CTGTTGTTCAGTCGTA-1,Br2039,Visium,1,67,21,14150,4660,WM,2.5828598
CTTAACTTACAGTATA-1,Br2039,Visium,1,70,112,14652,13819,WM,2.1910465
CTTAATCGACTTAGTA-1,Br2039,Visium,1,76,64,15715,8991,WM,4.085115
CTTACACGGTATTCCA-1,Br2039,Visium,1,31,45,7840,7059,WM,1.2337716
CTTACACTGGGAAATA-1,Br2039,Visium,1,16,48,5212,7354,L1,1.3680891
CTTACATAGATTTCTT-1,Br2039,Visium,1,74,82,15360,10802,WM,3.8046796
CTTACTGACTCCTCTG-1,Br2039,Visium,1,68,126,14298,15227,WM,2.096063
CTTAGATGTTTCATCC-1,Br2039,Visium,1,74,72,15363,9795,WM,3.462857
CTTAGCCTTCCACATG-1,Br2039,Visium,1,22,78,6255,10376,L2_3,0.65985614
CTTAGTAGGCCTACAG-1,Br2039,Visium,1,32,102,8000,12796,L1,0.8784373
CTTAGTGTAGTAGCAT-1,Br2039,Visium,1,61,83,13083,10897,WM,2.4306638
CTTAGTTGAGGAATCG-1,Br2039,Visium,1,67,33,14147,5867,WM,2.3970113
CTTATAGATGGCTGTT-1,Br2039,Visium,1,61,119,13074,14520,WM,2.0575604
CTTATGTTGACTACCA-1,Br2039,Visium,1,13,27,4692,5239,WM,0.5161553
CTTCAACTCCACTTGG-1,Br2039,Visium,1,59,77,12735,10292,WM,1.6635069
CTTCACGCCCTGGTAC-1,Br2039,Visium,1,71,21,14850,4661,WM,2.7395403
CTTCAGTTGGACAACG-1,Br2039,Visium,1,73,91,15183,11707,WM,2.939287
CTTCATAGCTCAAGAA-1,Br2039,Visium,1,19,37,5740,6248,L1,0.36091158
CTTCATCACCAGGGCT-1,Br2039,Visium,1,77,87,15884,11306,WM,2.8166432
CTTCATTGTCAGTGGA-1,Br2039,Visium,1,36,60,8711,8571,WM,1.7859638
CTTCCGCTCCGTGAAG-1,Br2039,Visium,1,56,50,12216,7573,WM,1.1886034
CTTCGATTGCGCAAGC-1,Br2039,Visium,1,68,88,14308,11403,WM,2.3829472
CTTCGGCCAATTGTTT-1,Br2039,Visium,1,50,110,11150,13609,WM,1.5469077
CTTCGTAGATAGGTGA-1,Br2039,Visium,1,39,45,9241,7063,WM,2.0768437
CTTCTATGTTGAAGTA-1,Br2039,Visium,1,46,28,10471,5355,WM,1.4661177
CTTCTATTAATGCTAG-1,Br2039,Visium,1,51,47,11341,7269,WM,1.506521
CTTCTGGGCGTACCTA-1,Br2039,Visium,1,66,34,13971,5968,WM,2.430079
CTTGAGGTTATCCCGA-1,Br2039,Visium,1,12,24,4518,4937,L5,0.6546512
CTTGAGTTAGGGTAAT-1,Br2039,Visium,1,39,93,9228,11893,WM,1.3459122
CTTGATGACCATCCAG-1,Br2039,Visium,1,70,98,14655,12410,WM,2.830142
CTTGCAACCGCCTCCT-1,Br2039,Visium,1,43,25,9946,5052,WM,2.051221
CTTGCCCACCCACGCA-1,Br2039,Visium,1,70,100,14655,12611,WM,2.8947678
CTTGCCCAGGCTCTAC-1,Br2039,Visium,1,45,55,10289,8072,WM,1.8939532
CTTGGCCAAGCTGGGA-1,Br2039,Visium,1,61,57,13090,8280,WM,1.9324334
CTTGTACTTGTTGACT-1,Br2039,Visium,1,21,51,6087,7658,WM,1.0155442
CTTGTCAACATTCGAG-1,Br2039,Visium,1,50,66,11161,9181,WM,2.6785073
CTTGTGCTCACCGATT-1,Br2039,Visium,1,22,94,6251,11986,WM,0.57566875
CTTGTTGCTGAGTCAA-1,Br2039,Visium,1,38,80,9057,10584,L4,0.9183018
CTTGTTTATGTAGCCA-1,Br2039,Visium,1,18,28,5568,5342,WM,0.76580775
CTTTAACTTTCAAAGG-1,Br2039,Visium,1,23,67,6433,9269,WM,0.5488053
CTTTAATATTGGTCGA-1,Br2039,Visium,1,51,73,11335,9886,WM,2.0182993
CTTTACCGAATAGTAG-1,Br2039,Visium,1,50,84,11157,10992,WM,1.1318779
CTTTAGGAACACTGTT-1,Br2039,Visium,1,41,87,9580,11290,WM,2.0480957
CTTTAGTGCTATTATT-1,Br2039,Visium,1,44,64,10111,8977,WM,1.7681237
CTTTATCCGACGCATG-1,Br2039,Visium,1,77,59,15891,8488,WM,3.6483293
CTTTCTGTGCGGGCTT-1,Br2039,Visium,1,54,66,11862,9183,WM,2.0202773
CTTTGCATCGCTCTTG-1,Br2039,Visium,1,60,94,12905,12003,WM,1.6183094
CTTTGCTGTCATGGAT-1,Br2039,Visium,1,48,122,10797,14816,WM,1.4330895
CTTTGGCTTTAGTAAA-1,Br2039,Visium,1,32,40,8016,6556,WM,1.2821624
CTTTGGGATTGTTGCA-1,Br2039,Visium,1,62,44,13268,6972,WM,1.9243567
GAAACAGATGACCACC-1,Br2039,Visium,1,40,92,9404,11793,WM,1.3139421
GAAACCATGGTGCGCT-1,Br2039,Visium,1,27,109,7123,13498,L2_3,0.67597705
GAAACCGAATTACCTT-1,Br2039,Visium,1,45,51,10290,7669,WM,2.1291895
GAAACCTATACAAATG-1,Br2039,Visium,1,60,52,12916,7776,WM,2.1402946
GAAAGAACAGCGTTAT-1,Br2039,Visium,1,37,103,8876,12899,L4,1.2064167
GAAAGCAGTGCACTTT-1,Br2039,Visium,1,56,54,12215,7976,WM,1.5776694
GAAAGTGACTAACTGC-1,Br2039,Visium,1,25,31,6793,5647,WM,1.3345077
GAAATCGCGCGCAACT-1,Br2039,Visium,1,18,68,5557,9368,L1,1.5611509
GAAATGGCGGTGTTAG-1,Br2039,Visium,1,30,52,7663,7763,WM,1.5611898
GAAATTCACATCGCTG-1,Br2039,Visium,1,13,49,4687,7453,WM,1.5617526
GAAATTGTCTCTATAA-1,Br2039,Visium,1,43,53,9939,7869,WM,1.6743828
GAACAACTGGGATGAA-1,Br2039,Visium,1,67,85,14133,11101,WM,2.8731134
GAACACACATCAACCA-1,Br2039,Visium,1,22,50,6262,7558,L4,1.1315719
GAACAGATTACTAAAT-1,Br2039,Visium,1,57,71,12386,9687,WM,1.7813598
GAACCCTCTGTGTTCT-1,Br2039,Visium,1,59,67,12737,9285,WM,2.4100008
GAACCTTTAACGATCC-1,Br2039,Visium,1,63,79,13435,10495,WM,1.4342728
GAACGACCGAATGATA-1,Br2039,Visium,1,19,63,5734,8865,L1,1.3290378
GAACGATAAGTTAAAG-1,Br2039,Visium,1,27,123,7119,14907,WM,1.4347854
GAACGCGGGTCACACG-1,Br2039,Visium,1,48,114,10799,14011,WM,1.5524635
GAACGTCTCATGGTCG-1,Br2039,Visium,1,31,87,7829,11286,WM,1.1336763
GAACGTTTGTATCCAC-1,Br2039,Visium,1,77,123,15875,14929,WM,3.4458923
GAACTGTGGAGAGACA-1,Br2039,Visium,1,68,66,14313,9189,WM,2.80654
GAAGAAACGATATTGT-1,Br2039,Visium,1,59,29,12747,5461,WM,2.4346461
GAAGAACGGTGCAGGT-1,Br2039,Visium,1,14,40,4864,6548,WM,0.7334843
GAAGCCACTGATTATG-1,Br2039,Visium,1,65,69,13787,9489,WM,2.1096957
GAAGCCTGCACATTCC-1,Br2039,Visium,1,61,61,13089,8683,WM,2.1201415
GAAGCGTGAGGAATTT-1,Br2039,Visium,1,34,60,8361,8570,WM,2.3313208
GAAGCTTGCTGACCGC-1,Br2039,Visium,1,29,35,7492,6052,WM,1.3662378
GAAGGAGTCGAGTGCG-1,Br2039,Visium,1,66,60,13965,8584,WM,2.710825
GAAGGGTCATTAAGAC-1,Br2039,Visium,1,73,81,15185,10701,WM,3.0733783
GAAGTCAGTTGCACTA-1,Br2039,Visium,1,52,58,11514,8377,WM,2.192483
GAAGTCTCCCTAGCGA-1,Br2039,Visium,1,37,91,8879,11691,WM,1.2694302
GAAGTGATTTATCGTG-1,Br2039,Visium,1,39,47,9240,7264,WM,1.5093131
GAAGTGCTGGATAGCT-1,Br2039,Visium,1,15,61,5034,8662,WM,1.6661189
GAAGTTTCCACTCAAT-1,Br2039,Visium,1,36,46,8715,7162,WM,1.0364392
GAATAGACGCGACCCA-1,Br2039,Visium,1,42,92,9754,11794,WM,1.80723
GAATAGCATTTAGGGT-1,Br2039,Visium,1,46,118,10448,14412,WM,1.7925315
GAATAGTGCTCGATTA-1,Br2039,Visium,1,60,36,12920,6166,WM,2.043216
GAATATTCGGAGTCCC-1,Br2039,Visium,1,13,83,4678,10875,WM,1.2974417
GAATCGACATGGTCAC-1,Br2039,Visium,1,26,42,6965,6755,WM,0.8707431
GAATCGCCGGACACGG-1,Br2039,Visium,1,11,41,4339,6647,WM,1.4002864
GAATCTGAACATTCTC-1,Br2039,Visium,1,42,64,9761,8976,WM,1.6920811
GAATGCGAATCGGTTC-1,Br2039,Visium,1,63,69,13437,9489,WM,2.2632136
GAATGTATGGCAGGTC-1,Br2039,Visium,1,15,91,5026,11681,WM,1.0487227
GAATGTGGTCCGGATT-1,Br2039,Visium,1,43,81,9932,10687,WM,1.3860866
GAATGTTGGGTAATCT-1,Br2039,Visium,1,23,69,6433,9471,L2_3,0.5815696
GAATTATAGTGAAAGG-1,Br2039,Visium,1,34,68,8359,9375,WM,1.2807021
GAATTCACCCGGGTGT-1,Br2039,Visium,1,47,55,10639,8072,WM,2.1851811
GAATTTCTCGCTGCAG-1,Br2039,Visium,1,28,30,7318,5548,WM,1.7541097
GACAAACATATGCAGG-1,Br2039,Visium,1,44,100,10102,12600,WM,1.7867181
GACAACGACCATTGAA-1,Br2039,Visium,1,25,77,6781,10277,L2_3,0.58616865
GACAACGCAGCTTACG-1,Br2039,Visium,1,20,54,5911,7960,WM,0.76473236
GACAAGACGCCCGTGC-1,Br2039,Visium,1,69,123,14474,14926,WM,2.2411652
GACAAGAGATGAGATT-1,Br2039,Visium,1,56,116,12199,14215,WM,1.8783822
GACACAAGGGAAGAAA-1,Br2039,Visium,1,30,72,7658,9776,WM,1.1539847
GACACAGCCGGGACTG-1,Br2039,Visium,1,72,100,15005,12612,WM,3.1284227
GACACCCAAAGACGCG-1,Br2039,Visium,1,75,37,15547,6273,WM,3.8011756
GACACGAGTTAGAGGA-1,Br2039,Visium,1,19,25,5744,5041,WM,0.794972
GACACTGAGTTCAGTG-1,Br2039,Visium,1,44,46,10116,7165,WM,1.8982973
GACACTGGAACCCGAT-1,Br2039,Visium,1,52,110,11500,13610,WM,2.0559342
GACACTTCCAATTACC-1,Br2039,Visium,1,70,96,14656,12209,WM,2.838141
GACAGAGGTCTTCAGT-1,Br2039,Visium,1,77,67,15889,9294,WM,3.2409644
GACAGCCAGACCTGAC-1,Br2039,Visium,1,42,86,9755,11190,WM,1.7016807
GACAGGTAATCCGTGT-1,Br2039,Visium,1,76,116,15702,14224,WM,2.9603455
GACATCCGTCGAACTG-1,Br2039,Visium,1,65,71,13787,9691,WM,1.9316021
GACATCGATTTATAAC-1,Br2039,Visium,1,52,50,11516,7572,WM,1.5584128
GACCAAACGTTGACTG-1,Br2039,Visium,1,58,108,12552,13411,WM,1.9420302
GACCACACTTCCCTTT-1,Br2039,Visium,1,70,80,14660,10599,WM,3.0511594
GACCAGAGCCCTGTAG-1,Br2039,Visium,1,31,47,7839,7260,WM,1.3331139
GACCGACGTGAAAGCA-1,Br2039,Visium,1,38,112,9048,13805,WM,1.3276657
GACCGCGTCTGACGTG-1,Br2039,Visium,1,50,112,11150,13810,WM,1.1108708
GACCGTCAGGTCGTGA-1,Br2039,Visium,1,13,81,4678,10674,WM,1.2302074
GACCGTGCTGACGGTG-1,Br2039,Visium,1,40,52,9414,7767,WM,1.428432
GACCTTCCACGTCTAC-1,Br2039,Visium,1,66,74,13961,9993,WM,2.8367052
GACGACGATCCGCGTT-1,Br2039,Visium,1,52,70,11511,9584,WM,1.3895206
GACGAGGCTAATAAAC-1,Br2039,Visium,1,56,100,12203,12605,WM,1.9684031
GACGATATCACTGGGT-1,Br2039,Visium,1,72,34,15022,5970,WM,3.0626867
GACGCCGTAAAGGCTA-1,Br2039,Visium,1,54,54,11865,7975,WM,1.7635603
GACGCTTGCTTCTAAA-1,Br2039,Visium,1,38,36,9068,6156,WM,1.5420134
GACGGGCATCGAATTT-1,Br2039,Visium,1,75,107,15529,13318,WM,3.849932
GACGGGTTGGCCCGTA-1,Br2039,Visium,1,61,51,13092,7676,WM,1.6758319
GACGGTCAATAGAAGC-1,Br2039,Visium,1,30,100,7650,12594,WM,1.1497719
GACGGTCCTAGGGTGT-1,Br2039,Visium,1,43,125,9921,15115,WM,1.4564135
GACGTGTAGGGATTAT-1,Br2039,Visium,1,28,32,7318,5749,WM,1.5088366
GACGTTCGTAAATACA-1,Br2039,Visium,1,24,116,6596,14201,WM,2.3544176
GACGTTGCTCGGCGGC-1,Br2039,Visium,1,73,31,15198,5669,WM,3.2327933
GACTAAGATCATGCAC-1,Br2039,Visium,1,23,53,6437,7860,WM,0.41148353
GACTAAGTAGGCTCAC-1,Br2039,Visium,1,27,43,7140,6856,WM,0.8895608
GACTAGGCCGTTAGGT-1,Br2039,Visium,1,66,78,13960,10396,WM,2.3370261
GACTCACCCACGTGAG-1,Br2039,Visium,1,38,106,9050,13201,WM,2.1439133
GACTCCCAGAATAAGG-1,Br2039,Visium,1,27,111,7122,13699,WM,0.4844641
GACTCGCGGGAATGAC-1,Br2039,Visium,1,28,96,7301,12190,WM,0.7882714
GACTCTAGAGTTCCAA-1,Br2039,Visium,1,74,56,15367,8185,WM,3.6036255
GACTGCAAATCGAGCT-1,Br2039,Visium,1,59,75,12735,10091,WM,1.826468
GACTGCACCAGCCCAG-1,Br2039,Visium,1,46,80,10457,10588,WM,1.5186999
GACTGCTGGTGAGAAA-1,Br2039,Visium,1,67,39,14145,6471,WM,2.414712
GACTTCAACGCATCAA-1,Br2039,Visium,1,74,94,15357,12009,WM,3.330082
GACTTTCGAGCGGTTC-1,Br2039,Visium,1,77,71,15888,9696,WM,2.6785827
GAGAAACTGGATCCCA-1,Br2039,Visium,1,66,124,13948,15025,WM,2.0782013
GAGAACGGTTCTGACT-1,Br2039,Visium,1,67,103,14129,12912,WM,2.0339262
GAGACTGATGGGTAGA-1,Br2039,Visium,1,28,56,7312,8165,WM,1.0579133
GAGACTTCGCGACCGA-1,Br2039,Visium,1,53,57,11689,8276,WM,2.957225
GAGAGGCCTATGTGTA-1,Br2039,Visium,1,66,118,13950,14421,WM,2.214754
GAGAGGGCGCGAGGTT-1,Br2039,Visium,1,38,40,9067,6559,WM,1.8721017
GAGAGGTGCATTCTGG-1,Br2039,Visium,1,44,28,10121,5354,WM,1.9250063
GAGAGTCTCGGGAGAG-1,Br2039,Visium,1,72,40,15021,6574,WM,3.3049161
GAGATCTGCTTGGCAT-1,Br2039,Visium,1,34,44,8365,6960,WM,1.5842954
GAGATCTGTCACTCCG-1,Br2039,Visium,1,30,74,7657,9977,WM,0.9698021
GAGATCTTCCATGACA-1,Br2039,Visium,1,45,77,10283,10286,WM,1.3580931
GAGATGACAATCCTTA-1,Br2039,Visium,1,27,121,7120,14706,L1,0.9263653
GAGATGGCTTTAATCA-1,Br2039,Visium,1,70,76,14661,10196,WM,2.0201972
GAGATGGGAGTCGACA-1,Br2039,Visium,1,52,72,11510,9786,WM,1.8999652
GAGCACCTGTGTCCAG-1,Br2039,Visium,1,58,80,12559,10593,WM,1.4652007
GAGCACGGCGCCTCTT-1,Br2039,Visium,1,42,122,9746,14813,WM,1.2130438
GAGCATCAACAACTTG-1,Br2039,Visium,1,64,30,13622,5564,WM,2.5601335
GAGCATCATCCCTGGG-1,Br2039,Visium,1,12,40,4514,6547,WM,0.8307005
GAGCCACGGTAGTAGG-1,Br2039,Visium,1,9,47,3987,7250,WM,0.80266416
GAGCCAGCTACCTGTG-1,Br2039,Visium,1,53,89,11681,11497,WM,1.9594363
GAGCGCAAATACTCCG-1,Br2039,Visium,1,51,107,11326,13307,WM,1.3413851
GAGCGCGCACGAGTAG-1,Br2039,Visium,1,49,93,10979,11898,WM,1.8239968
GAGCGCTGTTAGGTAA-1,Br2039,Visium,1,61,23,13099,4858,WM,1.588003
GAGCGGAATGCGGTGT-1,Br2039,Visium,1,68,48,14318,7377,WM,2.4793124
GAGCTAAGGGCATATC-1,Br2039,Visium,1,29,83,7480,10882,WM,1.208694
GAGCTCAACATGAGCG-1,Br2039,Visium,1,73,69,15188,9493,WM,3.300673
GAGCTCTCGGACCTAA-1,Br2039,Visium,1,15,33,5041,5844,L1,0.9539947
GAGGAATATCTCTTTG-1,Br2039,Visium,1,71,45,14844,7077,WM,3.2209816
GAGGAATGGAGAGGTT-1,Br2039,Visium,1,27,31,7143,5648,WM,1.548997
GAGGATAAACAGTGCT-1,Br2039,Visium,1,40,114,9398,14007,WM,1.2811267
GAGGCCCGACTCCGCA-1,Br2039,Visium,1,55,23,12048,4856,WM,1.8521497
GAGGCCTGTTGATACA-1,Br2039,Visium,1,63,107,13427,13313,WM,2.0955975
GAGGCTATCAAAGTCG-1,Br2039,Visium,1,35,27,8545,5249,WM,1.5698726
GAGGGAGTCAGATCGC-1,Br2039,Visium,1,65,41,13795,6672,WM,2.6039865
GAGGGCATCGCGTATC-1,Br2039,Visium,1,11,33,4341,5842,WM,1.2907133
GAGGGCGCAGCTCTGC-1,Br2039,Visium,1,27,89,7128,11485,WM,1.1366628
GAGGGTAGTAACAAAG-1,Br2039,Visium,1,63,31,13447,5664,WM,2.5876963
GAGGTACATCCATCTT-1,Br2039,Visium,1,12,68,4507,9365,WM,0.96230215
GAGGTACGCGTGTCCC-1,Br2039,Visium,1,67,67,14138,9289,WM,2.7824006
GAGGTCCCAAAGATCT-1,Br2039,Visium,1,18,26,5568,5141,L1,0.9997668
GAGGTCCGTTCGCTGT-1,Br2039,Visium,1,76,34,15723,5972,WM,3.2862432
GAGTAAACCGGAAAGT-1,Br2039,Visium,1,51,117,11323,14314,WM,1.6552157
GAGTAAATTAAGAACC-1,Br2039,Visium,1,68,124,14299,15026,WM,2.054832
GAGTACGGGTATACAA-1,Br2039,Visium,1,15,43,5038,6850,L1,0.9256844
GAGTAGATACTAGTTG-1,Br2039,Visium,1,62,64,13263,8985,WM,1.8512903
GAGTATACCCTAATCA-1,Br2039,Visium,1,70,30,14673,5567,WM,3.4026604
GAGTATCAAAGTTACA-1,Br2039,Visium,1,57,121,12373,14719,WM,1.68842
GAGTATGCCCGCCTTG-1,Br2039,Visium,1,49,43,10992,6866,WM,1.9773288
GAGTATGCGCGTGCAT-1,Br2039,Visium,1,63,71,13437,9690,WM,1.9045608
GAGTCAGACCAGAATC-1,Br2039,Visium,1,56,48,12217,7372,WM,2.1548693
GAGTCCACCAGGTTTA-1,Br2039,Visium,1,77,93,15883,11910,WM,2.8867989
GAGTCCGCTTACCGGA-1,Br2039,Visium,1,46,58,10463,8374,WM,1.9855669
GAGTGTCAACCAGAAA-1,Br2039,Visium,1,63,83,13434,10898,WM,2.4407415
GAGTGTGCGGTACCCA-1,Br2039,Visium,1,44,88,10105,11392,WM,1.5931463
GATAAATCGGTGGATG-1,Br2039,Visium,1,15,41,5039,6649,L1,0.921103
GATAACTCGCACTGTG-1,Br2039,Visium,1,39,89,9229,11491,WM,2.4291396
GATACCGTGTCGGAGT-1,Br2039,Visium,1,41,127,9570,15316,L2_3,0.5389942
GATACGATGGGAGTCA-1,Br2039,Visium,1,45,45,10291,7065,WM,2.3732545
GATAGAACCCGCTAGG-1,Br2039,Visium,1,70,56,14666,8183,WM,2.9974537
GATAGATAGTACAGTC-1,Br2039,Visium,1,73,97,15181,12311,WM,3.0404453
GATAGGATTAATTACA-1,Br2039,Visium,1,40,126,9395,15215,WM,1.4405812
GATAGGTAACGTTGAC-1,Br2039,Visium,1,48,60,10813,8576,WM,1.2719216
GATAGGTGTCCCGGGC-1,Br2039,Visium,1,39,123,9221,14912,WM,0.84156436
GATAGTGCGAGTAAGT-1,Br2039,Visium,1,68,44,14319,6975,WM,2.8427646
GATATGAGACACTAAC-1,Br2039,Visium,1,39,81,9231,10685,WM,1.2776288
GATATGCGGTAGCCAA-1,Br2039,Visium,1,19,91,5727,11683,L1,1.8008621
GATATTGAGATTGGCG-1,Br2039,Visium,1,34,100,8351,12595,WM,0.78408504
GATCAACATAAAGGGA-1,Br2039,Visium,1,62,36,13271,6167,WM,2.492046
GATCATTCCAAACATT-1,Br2039,Visium,1,30,56,7662,8166,WM,1.3057126
GATCCCTTTATACTGC-1,Br2039,Visium,1,28,60,7311,8567,L4,0.7460801
GATCCGAATATAAGTG-1,Br2039,Visium,1,36,124,8695,15012,WM,0.74086636
GATCCGGGAATTAACA-1,Br2039,Visium,1,39,73,9233,9880,WM,1.3182501
GATCCTAAATCGGGAC-1,Br2039,Visium,1,27,95,7126,12089,L1,0.6188224
GATCCTCGACACTGGC-1,Br2039,Visium,1,50,32,11170,5759,WM,2.0392337
GATCGACACTATCTGA-1,Br2039,Visium,1,27,47,7139,7258,WM,1.1548724
GATCGCGGGCTCTCCA-1,Br2039,Visium,1,36,52,8714,7766,WM,1.3801239
GATCGCTACCCGATTT-1,Br2039,Visium,1,50,98,11153,12401,WM,1.8311203
GATCGCTATATCTCAG-1,Br2039,Visium,1,61,25,13098,5060,WM,1.731956
GATCGGTGGCCATAAC-1,Br2039,Visium,1,28,68,7308,9372,WM,0.99799603
GATCGTGACTGATATC-1,Br2039,Visium,1,38,72,9059,9779,WM,1.910974
GATCTCGACGCTGTGG-1,Br2039,Visium,1,50,118,11148,14414,WM,1.0363495
GATCTGCTATCTAAGG-1,Br2039,Visium,1,62,56,13265,8180,WM,2.0105455
GATCTTGGAGGGCATA-1,Br2039,Visium,1,44,70,10110,9581,WM,1.8664609
GATCTTTGCAGGGTAT-1,Br2039,Visium,1,36,38,8717,6357,WM,1.5564953
GATGACAAGTAGGGCA-1,Br2039,Visium,1,57,33,12396,5863,WM,1.7548625
GATGAGGAACCTTCGG-1,Br2039,Visium,1,67,81,14135,10698,WM,2.0342264
GATGATTTGAAACTGG-1,Br2039,Visium,1,0,34,2414,5938,WM,1.3964412
GATGCCACACTACAGC-1,Br2039,Visium,1,0,38,2413,6341,WM,0.78681123
GATGCGTCCTGCATTC-1,Br2039,Visium,1,37,57,8887,8269,WM,1.8392799
GATGCTACAAGCGCCT-1,Br2039,Visium,1,17,51,5387,7656,L2_3,0.9764948
GATGCTACCTTCGATG-1,Br2039,Visium,1,70,58,14666,8385,WM,2.7012107
GATGCTGTATTTCATC-1,Br2039,Visium,1,43,75,9933,10083,WM,1.5655589
GATGGCGCACACATTA-1,Br2039,Visium,1,19,29,5743,5443,WM,1.1978008
GATGGTGCCCTAGGCA-1,Br2039,Visium,1,10,78,4154,10371,L4,1.0521109
GATGTCGGTCAACTGC-1,Br2039,Visium,1,9,73,3980,9867,WM,1.1998491
GATGTTCAATCCACGA-1,Br2039,Visium,1,41,43,9591,6862,WM,2.205748
GATGTTTGTGCGAGAT-1,Br2039,Visium,1,20,30,5917,5544,WM,0.7435431
GATTAACCGAAAGCCC-1,Br2039,Visium,1,55,93,12030,11900,WM,1.8442675
GATTAATCCTGGCTCA-1,Br2039,Visium,1,4,28,3116,5336,L2_3,0.44700482
GATTACTGAATTTGGG-1,Br2039,Visium,1,41,39,9592,6460,WM,1.7970277
GATTAGAAACAAGCGT-1,Br2039,Visium,1,75,45,15545,7079,WM,3.6500096
GATTATCTTGCATTAT-1,Br2039,Visium,1,76,92,15708,11809,WM,3.2795548
GATTCCCTTGTCGCAG-1,Br2039,Visium,1,25,67,6783,9270,WM,0.7928566
GATTCCGCGTTTCCGT-1,Br2039,Visium,1,16,76,5205,10172,L4,0.77813613
GATTCGACGGTTCACG-1,Br2039,Visium,1,41,71,9584,9680,WM,2.0595865
GATTCTGTTAATGAGT-1,Br2039,Visium,1,74,62,15365,8789,WM,3.0753615
GATTGCTCCAGTTGCA-1,Br2039,Visium,1,63,27,13448,5262,WM,2.6135783
GATTGGGAAAGGTTGT-1,Br2039,Visium,1,66,80,13960,10597,WM,1.8247613
GATTTGCGCTAACACC-1,Br2039,Visium,1,75,51,15543,7682,WM,3.3592901
GCAAACCCTACATTAT-1,Br2039,Visium,1,48,82,10807,10790,WM,1.7578974
GCAAACCTTGGCCATA-1,Br2039,Visium,1,57,67,12387,9285,WM,1.857573
GCAAACGTCGCCAGGT-1,Br2039,Visium,1,47,117,10623,14312,WM,1.7122679
GCAAATATTACGCTTT-1,Br2039,Visium,1,35,41,8541,6658,WM,1.6224825
GCAACAGCAGTATGCG-1,Br2039,Visium,1,46,106,10451,13205,WM,1.9717603
GCAACCACGGCCGCGT-1,Br2039,Visium,1,43,29,9945,5454,WM,1.9654318
GCAACGGCTAGTTATG-1,Br2039,Visium,1,43,113,9924,13908,WM,1.5984223
GCAAGAATTCCTTGGC-1,Br2039,Visium,1,44,36,10119,6159,WM,2.1853206
GCAAGTGCACAGAGAA-1,Br2039,Visium,1,24,42,6615,6754,WM,0.7605624
GCAAGTGTAAAGCATG-1,Br2039,Visium,1,67,45,14144,7075,WM,2.6766448
GCAATTAGTCGCACCG-1,Br2039,Visium,1,31,123,7820,14909,L2_3,0.78332925
GCACAAACCCTAGATG-1,Br2039,Visium,1,65,21,13800,4659,WM,2.3427553
GCACAAACGAGGCGTG-1,Br2039,Visium,1,46,114,10449,14010,WM,1.690882
GCACACACTGGTAGCC-1,Br2039,Visium,1,56,94,12205,12001,WM,2.1088042
GCACACAGCTATTACC-1,Br2039,Visium,1,72,70,15013,9593,WM,3.155892
GCACAGCACGGGCCGA-1,Br2039,Visium,1,72,42,15020,6775,WM,3.7430642
GCACCTAGGCGAGTCC-1,Br2039,Visium,1,73,103,15180,12915,WM,3.2020264
GCACCTTCCCGAAGGT-1,Br2039,Visium,1,67,121,14124,14724,WM,2.5453176
GCACGCCGATTCCCGC-1,Br2039,Visium,1,72,76,15011,10197,WM,2.9157345
GCACGCCTACTTAGAT-1,Br2039,Visium,1,55,39,12044,6466,WM,1.9520475
GCACGTGGTTTACTTA-1,Br2039,Visium,1,64,106,13603,13213,WM,2.0026152
GCACTAGTCGCGCTAT-1,Br2039,Visium,1,13,43,4688,6850,L6,0.54736006
GCACTGCCTACCTTTA-1,Br2039,Visium,1,66,68,13963,9389,WM,2.2160943
GCACTGTGCAAATGTA-1,Br2039,Visium,1,9,33,3990,5841,L1,1.1331956
GCAGAAGGTAATCTCC-1,Br2039,Visium,1,50,122,11147,14817,WM,1.5664566
GCAGACCCAGCACGTA-1,Br2039,Visium,1,39,103,9226,12900,WM,1.9655107
GCAGATCCATAAGACT-1,Br2039,Visium,1,51,85,11332,11093,WM,1.6656054
GCAGATTAGGGATATC-1,Br2039,Visium,1,37,61,8886,8672,WM,1.8270433
GCAGCACACAGCCCAG-1,Br2039,Visium,1,38,42,9066,6760,WM,2.3163295
GCAGCCTATATCACAT-1,Br2039,Visium,1,35,113,8523,13904,WM,0.92688173
GCAGCTGTCAACGCAT-1,Br2039,Visium,1,71,87,14833,11304,WM,2.5298033
GCAGGACTATAGAATA-1,Br2039,Visium,1,35,37,8542,6256,WM,1.5478644
GCAGTGCGGGCGGATG-1,Br2039,Visium,1,56,126,12197,15222,WM,1.4611988
GCAGTGTGGCTATAGG-1,Br2039,Visium,1,59,83,12733,10896,WM,1.5068402
GCAGTTCGATCCGAGC-1,Br2039,Visium,1,56,118,12199,14417,WM,1.6887954
GCATAGAGCACTCAGG-1,Br2039,Visium,1,37,59,8887,8471,WM,1.5496676
GCATCCCTAACTTTGA-1,Br2039,Visium,1,16,42,5214,6750,WM,0.6688891
GCATCGGCCGTGTAGG-1,Br2039,Visium,1,49,103,10977,12904,L4,1.2787982
GCATGACACAAAGGAA-1,Br2039,Visium,1,72,126,14998,15229,WM,2.2329283
GCATGAGGGACGCGGC-1,Br2039,Visium,1,30,90,7653,11587,WM,1.1586273
GCATGCTAATAACGAT-1,Br2039,Visium,1,67,95,14131,12107,WM,2.204774
GCATTCAAGGCAACGC-1,Br2039,Visium,1,28,108,7298,13398,L2_3,0.7797526
GCATTTCCAAGGCTCC-1,Br2039,Visium,1,33,111,8173,13702,WM,0.9661763
GCCAACCATTTCCGGA-1,Br2039,Visium,1,26,106,6949,13196,L1,0.7781624
GCCAATAGGGCATCTC-1,Br2039,Visium,1,25,103,6774,12893,L1,0.7515701
GCCACAATTTAAGGAC-1,Br2039,Visium,1,45,39,10293,6461,WM,1.8492625
GCCACTCAGAGCGCGA-1,Br2039,Visium,1,59,95,12730,12103,WM,2.0346375
GCCACTCCTTACGGTA-1,Br2039,Visium,1,55,119,12023,14517,WM,1.2875721
GCCAGGAAAGAACACT-1,Br2039,Visium,1,71,35,14847,6070,WM,2.7954144
GCCAGGAGTAACCGAT-1,Br2039,Visium,1,21,89,6077,11483,WM,0.62931746
GCCATATTGCACACAG-1,Br2039,Visium,1,22,90,6252,11584,L1,2.105348
GCCATCGAGCTGCGTG-1,Br2039,Visium,1,53,47,11692,7270,WM,2.0438519
GCCATCGATGCTGCAT-1,Br2039,Visium,1,32,110,7998,13601,L2_3,0.60679483
GCCCACCAAGGCTGTC-1,Br2039,Visium,1,12,38,4514,6346,WM,0.71544415
GCCCAGATGCTGGAGA-1,Br2039,Visium,1,37,121,8871,14710,WM,0.998054
GCCCAGTTGGTATGCC-1,Br2039,Visium,1,22,38,6266,6350,WM,0.91675025
GCCCGACTTCTTCCCG-1,Br2039,Visium,1,49,25,10997,5054,WM,2.2621863
GCCCGATCTGTGGTCG-1,Br2039,Visium,1,53,63,11688,8880,WM,1.9795945
GCCCGATGCCCAGTTC-1,Br2039,Visium,1,73,19,15201,4461,WM,2.8798723
GCCCGCGCGTAAACGG-1,Br2039,Visium,1,49,41,10993,6664,WM,1.9037946
GCCCGCGCGTTTGACA-1,Br2039,Visium,1,20,40,5915,6551,L2_3,0.48521435
GCCCGTAATACCTTCT-1,Br2039,Visium,1,27,79,7131,10479,WM,0.9207081
GCCCGTCAAGCCCAAT-1,Br2039,Visium,1,74,124,15349,15029,WM,2.4964085
GCCCGTTCACACAATT-1,Br2039,Visium,1,77,39,15896,6476,WM,3.401127
GCCCTAAGTGCAGGAT-1,Br2039,Visium,1,76,74,15712,9998,WM,3.3011632
GCCCTGAGGATGGGCT-1,Br2039,Visium,1,68,74,14311,9994,WM,2.8096018
GCCGAAATTCCTACGT-1,Br2039,Visium,1,35,45,8540,7061,WM,1.2611904
GCCGACCCACGACTGC-1,Br2039,Visium,1,62,30,13272,5563,WM,2.425532
GCCGATTGGCCAAGCT-1,Br2039,Visium,1,41,61,9587,8674,WM,1.6756897
GCCGCACTCCGTTTCA-1,Br2039,Visium,1,43,121,9922,14713,WM,1.478075
GCCGCTTGTGAGAAAC-1,Br2039,Visium,1,36,40,8717,6558,WM,2.0331576
GCCGGGTTAGGGTCGC-1,Br2039,Visium,1,41,59,9587,8472,WM,1.6333536
GCCGGTCGTATCTCTC-1,Br2039,Visium,1,70,54,14667,7982,WM,3.345255
GCCGGTTTGGGCGGAT-1,Br2039,Visium,1,2,30,2765,5536,WM,1.144442
GCCGTCGGTTTCGGGC-1,Br2039,Visium,1,71,41,14845,6674,WM,2.7470722
GCCGTGGAAGAAATGT-1,Br2039,Visium,1,39,115,9223,14107,WM,1.0767193
GCCTACGTTCTGTGCA-1,Br2039,Visium,1,68,82,14309,10799,WM,2.4189935
GCCTAGCGATCTGACC-1,Br2039,Visium,1,20,42,5914,6752,L1,0.3681712
GCCTATAGTGTCAGGG-1,Br2039,Visium,1,29,91,7478,11687,WM,0.60520107
GCCTATCAGGTAAGAT-1,Br2039,Visium,1,60,126,12897,15224,WM,2.0281296
GCCTATTCCGATATAG-1,Br2039,Visium,1,24,30,6618,5546,WM,1.7491075
GCCTATTTGCTACACA-1,Br2039,Visium,1,8,50,3811,7552,L4,1.2359946
GCCTCAGGTACCGGTC-1,Br2039,Visium,1,76,20,15726,4563,WM,3.3146517
GCCTCATCTGGAAATA-1,Br2039,Visium,1,41,95,9578,12095,WM,1.5168196
GCCTCCGACAATTCAC-1,Br2039,Visium,1,60,98,12904,12406,WM,1.7627139
GCCTCTATACATAGCA-1,Br2039,Visium,1,55,75,12035,10089,WM,2.131456
GCCTGTCCCGGTGCAT-1,Br2039,Visium,1,73,63,15190,8889,WM,3.3447125
GCCTTCAGCCCTACCG-1,Br2039,Visium,1,16,50,5212,7555,L4,0.8037603
GCGAAACGATCGGGAG-1,Br2039,Visium,1,54,100,11853,12604,WM,1.5714793
GCGAAACTTAACTGGA-1,Br2039,Visium,1,44,82,10107,10788,WM,1.5638545
GCGAAGAATCTGACGG-1,Br2039,Visium,1,66,84,13959,10999,WM,2.568724
GCGAAGCCATACCCGT-1,Br2039,Visium,1,31,61,7836,8669,WM,2.0059679
GCGAATGGACTAGCGA-1,Br2039,Visium,1,75,73,15537,9896,WM,3.6048956
GCGACATGTAAACATC-1,Br2039,Visium,1,37,107,8874,13301,WM,1.1379609
GCGACCCAACCATCTG-1,Br2039,Visium,1,59,33,12746,5864,WM,1.9575832
GCGACGATAGTTGTAC-1,Br2039,Visium,1,48,54,10814,7972,WM,1.5907224
GCGACGGTAGTCTCCT-1,Br2039,Visium,1,73,71,15188,9694,WM,3.1885326
GCGAGAGGCCATGTAA-1,Br2039,Visium,1,21,113,6071,13898,L1,0.94250715
GCGAGAGTTGCGTCCA-1,Br2039,Visium,1,33,107,8174,13299,WM,0.685772
GCGAGCGCATGCTCCC-1,Br2039,Visium,1,37,109,8874,13502,WM,1.4448578
GCGAGGCCCGAGCAGA-1,Br2039,Visium,1,37,47,8890,7263,WM,1.3659475
GCGAGTTCTGCAAAGA-1,Br2039,Visium,1,35,63,8536,8872,WM,1.383131
GCGATTCTGGAAGCAG-1,Br2039,Visium,1,10,74,4155,9968,WM,0.7439417
GCGATTGTTAACGTTA-1,Br2039,Visium,1,37,77,8882,10282,WM,1.185239
GCGCAAATATATTCAA-1,Br2039,Visium,1,58,28,12572,5360,WM,2.4161198
GCGCAAGAGCGCGCTG-1,Br2039,Visium,1,40,100,9402,12598,WM,1.8396976
GCGCATCCAGTCAGCA-1,Br2039,Visium,1,29,95,7477,12090,WM,0.8445909
GCGCCGTTCCACGATA-1,Br2039,Visium,1,41,65,9586,9076,WM,1.4299128
GCGCCTCCCACTCCGA-1,Br2039,Visium,1,48,110,10800,13608,WM,0.9672598
GCGCGATGGGTCAAGT-1,Br2039,Visium,1,2,44,2762,6945,L5,0.9942051
GCGCGGTCTAGTAACT-1,Br2039,Visium,1,68,60,14315,8585,WM,2.043334
GCGCGTCATTGGTACA-1,Br2039,Visium,1,57,83,12383,10895,WM,1.6326492
GCGCTAATTGAATAGA-1,Br2039,Visium,1,34,70,8359,9576,WM,1.7864007
GCGCTATGCCGAGGCA-1,Br2039,Visium,1,43,47,9941,7266,WM,2.4174638
GCGCTCGATCACCTGT-1,Br2039,Visium,1,45,125,10271,15116,WM,1.910708
GCGCTGCTTTGCATTT-1,Br2039,Visium,1,28,94,7302,11989,WM,1.4865004
GCGCTTAAATAATTGG-1,Br2039,Visium,1,57,89,12381,11499,WM,1.768466
GCGGACCGCGTTGTGG-1,Br2039,Visium,1,51,43,11342,6867,WM,2.1280713
GCGGAGAAACTTCGCA-1,Br2039,Visium,1,55,33,12046,5862,WM,1.8893392
GCGGAGAGGGAGAACG-1,Br2039,Visium,1,46,78,10458,10387,WM,1.6257858
GCGGATTACTTGTTCT-1,Br2039,Visium,1,74,110,15353,13620,WM,3.1872096
GCGGCAAAGTATTGCC-1,Br2039,Visium,1,59,27,12747,5260,WM,2.6182635
GCGGCTCTGACGTACC-1,Br2039,Visium,1,38,38,9067,6358,WM,2.0507567
GCGGCTTTAGCAAGTT-1,Br2039,Visium,1,70,78,14661,10397,WM,2.9915967
GCGGGAACCAGGCCCT-1,Br2039,Visium,1,18,48,5563,7355,L1,0.6132505
GCGGGCAGACGGGTGA-1,Br2039,Visium,1,75,69,15538,9494,WM,3.4527555
GCGGGCATTACGATGC-1,Br2039,Visium,1,31,119,7821,14506,WM,0.55779326
GCGGGCGAGCCTTACC-1,Br2039,Visium,1,55,51,12041,7673,WM,1.7673182
GCGGTAACCCAAATGA-1,Br2039,Visium,1,7,23,3643,4834,WM,1.7390051
GCGGTCCCTAGACGCA-1,Br2039,Visium,1,13,45,4688,7051,L1,2.112493
GCGGTCTTGCTTTCAC-1,Br2039,Visium,1,72,82,15010,10801,WM,2.9091573
GCGGTGAACTGCGCTC-1,Br2039,Visium,1,20,94,5901,11985,WM,2.1606092
GCGGTTCCCTATCATG-1,Br2039,Visium,1,47,49,10641,7469,WM,1.7124846
GCGTAAATGGCCATAA-1,Br2039,Visium,1,34,102,8350,12797,WM,1.1927023
GCGTCCCTAAGACATA-1,Br2039,Visium,1,64,42,13619,6772,WM,1.8968502
GCGTCGAAATGTCGGT-1,Br2039,Visium,1,17,65,5383,9065,WM,0.7767925
GCGTCGCCAGGGTGAT-1,Br2039,Visium,1,54,62,11863,8780,WM,2.1429353
GCGTCGTAACATGGTC-1,Br2039,Visium,1,74,76,15362,10198,WM,3.182599
GCGTCTAACCTCCTAA-1,Br2039,Visium,1,32,126,7994,15211,L2_3,1.2126434
GCGTCTCTGCATTGGG-1,Br2039,Visium,1,39,41,9242,6660,WM,1.6064229
GCGTGGTACTGGGTTA-1,Br2039,Visium,1,35,95,8527,12093,WM,1.4666262
GCGTTCTGACTAAGCG-1,Br2039,Visium,1,57,127,12372,15323,WM,1.4699721
GCTAACTGAAGTCTGA-1,Br2039,Visium,1,58,88,12557,11398,WM,1.710709
GCTAAGCCCAGTATGC-1,Br2039,Visium,1,74,108,15353,13418,WM,3.4561994
GCTAAGTAGTTTCTCT-1,Br2039,Visium,1,34,80,8356,10583,WM,1.8145213
GCTAATACCGAATGCC-1,Br2039,Visium,1,21,47,6088,7256,WM,0.91493785
GCTACAATCGAGGATA-1,Br2039,Visium,1,62,104,13253,13010,WM,2.0110652
GCTACGACTTATTGGG-1,Br2039,Visium,1,43,69,9935,9480,WM,1.6551447
GCTACTATAGTAGAGT-1,Br2039,Visium,1,50,94,11154,11999,WM,1.654631
GCTAGACCGTCTACTG-1,Br2039,Visium,1,42,104,9751,13002,WM,1.8572719
GCTAGAGTAGAGATGT-1,Br2039,Visium,1,56,96,12204,12203,WM,1.4681183
GCTAGCAACGCACCTA-1,Br2039,Visium,1,76,98,15706,12413,WM,3.5574186
GCTAGCACCTGGGCCA-1,Br2039,Visium,1,39,121,9221,14711,WM,0.5385498
GCTAGCGATAGGTCTT-1,Br2039,Visium,1,66,24,13974,4961,WM,2.4155655
GCTAGCTTGAATAGCT-1,Br2039,Visium,1,52,44,11517,6968,WM,2.0265918
GCTAGGCACCACGGAG-1,Br2039,Visium,1,54,84,11857,10994,WM,2.3785386
GCTAGTAGAGCTTGTA-1,Br2039,Visium,1,39,65,9235,9075,WM,1.9775542
GCTAGTTTCATTGAGG-1,Br2039,Visium,1,17,37,5390,6248,L1,0.65494406
GCTATAAGGGCCAGGA-1,Br2039,Visium,1,75,109,15528,13519,WM,2.9984636
GCTATACGTCTCGGAC-1,Br2039,Visium,1,52,88,11506,11396,WM,1.632977
GCTATCATACTCATGG-1,Br2039,Visium,1,54,78,11859,10390,WM,1.8775504
GCTATCGCGGCGCAAC-1,Br2039,Visium,1,20,24,5919,4941,L1,0.55596995
GCTCAATCCGTTTATT-1,Br2039,Visium,1,53,35,11695,6062,WM,2.0564609
GCTCAATGTAATACCG-1,Br2039,Visium,1,62,58,13265,8381,WM,2.1912744
GCTCATTACTGCATGT-1,Br2039,Visium,1,13,93,4675,11882,WM,0.4700782
GCTCATTGATCATATC-1,Br2039,Visium,1,74,48,15369,7380,WM,3.0520406
GCTCCATGAGTGCAGA-1,Br2039,Visium,1,57,125,12372,15122,WM,1.6665821
GCTCCATGCAAAGCAA-1,Br2039,Visium,1,69,55,14491,8082,WM,2.5888228
GCTCCCAGTCGGTCCA-1,Br2039,Visium,1,43,109,9925,13505,WM,1.6349053
GCTCCGCTCGCTTCAG-1,Br2039,Visium,1,42,112,9749,13807,WM,1.6422671
GCTCCTGACATACTGG-1,Br2039,Visium,1,56,32,12221,5762,WM,2.1523995
GCTCGCTCATGTCCAA-1,Br2039,Visium,1,41,99,9577,12498,WM,1.3895833
GCTCGGAATTTAAAGC-1,Br2039,Visium,1,22,84,6254,10980,L1,0.9143814
GCTCTAAACCCTGACG-1,Br2039,Visium,1,24,58,6611,8364,WM,1.206876
GCTCTATGTTACGTGC-1,Br2039,Visium,1,26,40,6965,6553,WM,1.3119941
GCTCTCGGGTACCGAA-1,Br2039,Visium,1,26,58,6961,8365,WM,0.52603555
GCTCTTTCCGCTAGTG-1,Br2039,Visium,1,64,54,13616,7979,WM,1.9150052
GCTGAACTCTCCAGGG-1,Br2039,Visium,1,40,120,9396,14611,WM,1.0035095
GCTGAATCTTCCAATC-1,Br2039,Visium,1,59,23,12749,4857,WM,1.9750702
GCTGAGGCGTGAGTAT-1,Br2039,Visium,1,40,64,9411,8975,WM,1.4714749
GCTGCACGGTTTCTTA-1,Br2039,Visium,1,41,73,9584,9881,WM,1.7610167
GCTGCGAAGAATTATT-1,Br2039,Visium,1,74,46,15369,7179,WM,3.1790483
GCTGCTAAGTAGTCGA-1,Br2039,Visium,1,56,56,12215,8177,WM,1.4151318
GCTGCTACTGCGTAGC-1,Br2039,Visium,1,51,75,11334,10087,WM,2.0432673
GCTGCTCTCCGGACAC-1,Br2039,Visium,1,31,63,7835,8870,WM,1.4237324
GCTGGCATATTCACCT-1,Br2039,Visium,1,31,31,7843,5650,WM,1.8176377
GCTGGCGGCGCATGCT-1,Br2039,Visium,1,54,64,11862,8981,WM,1.0005689
GCTGGGAGCGCGTCAA-1,Br2039,Visium,1,73,33,15198,5870,WM,2.7847366
GCTGTATTACTGGCCC-1,Br2039,Visium,1,46,38,10468,6361,WM,1.9393244
GCTGTTGCTACCGAAC-1,Br2039,Visium,1,39,95,9228,12094,WM,1.2859323
GCTTAATGTAACTAAC-1,Br2039,Visium,1,42,84,9756,10989,WM,1.7857182
GCTTACGTAGTTAGTA-1,Br2039,Visium,1,36,112,8698,13804,WM,0.91315925
GCTTATGAAGCAGGAA-1,Br2039,Visium,1,35,89,8529,11489,WM,1.4322553
GCTTCCAGCTTAGATT-1,Br2039,Visium,1,8,16,3820,4130,WM,1.4610677
GCTTCCATGTAACCGC-1,Br2039,Visium,1,74,102,15355,12815,WM,2.9614015
GCTTCCCGTAAGCTCC-1,Br2039,Visium,1,75,95,15532,12111,WM,3.6706324
GCTTCCGTCCCTAGAC-1,Br2039,Visium,1,29,77,7481,10278,WM,0.9883615
GCTTGAGTGACCTCTG-1,Br2039,Visium,1,73,113,15177,13921,WM,2.5173047
GCTTGATGATAATCAG-1,Br2039,Visium,1,22,36,6266,6149,WM,1.0474137
GCTTGGATCGATTAGG-1,Br2039,Visium,1,31,97,7826,12292,L1,0.68943596
GCTTTACACAACTGGG-1,Br2039,Visium,1,70,116,14651,14222,WM,2.8343546
GCTTTATTAAGTTACC-1,Br2039,Visium,1,77,79,15886,10501,WM,3.1709223
GCTTTCAGAGGAGGTG-1,Br2039,Visium,1,33,95,8177,12092,WM,1.1477066
GGAAACAGAGCTTGGG-1,Br2039,Visium,1,76,26,15725,5167,WM,3.367014
GGAAACCTTGTTGAAT-1,Br2039,Visium,1,20,106,5898,13193,L1,1.543773
GGAAACTAAATGGGCC-1,Br2039,Visium,1,60,102,12903,12808,WM,1.966822
GGAAAGGGAATTGAGC-1,Br2039,Visium,1,73,73,15187,9896,WM,3.5265367
GGAAAGTCTTGATTGT-1,Br2039,Visium,1,75,43,15545,6877,WM,3.2774782
GGAAAGTGCCCATGCC-1,Br2039,Visium,1,20,90,5902,11583,WM,0.8348088
GGAACCGTGTAAATTG-1,Br2039,Visium,1,49,47,10991,7268,WM,1.2971702
GGAACTCGTGAATACG-1,Br2039,Visium,1,77,43,15895,6878,WM,2.8160563
GGAACTTTGGCGATTA-1,Br2039,Visium,1,60,110,12901,13613,WM,1.1823559
GGAAGCTCGCTTACAG-1,Br2039,Visium,1,11,83,4328,10874,WM,1.3667909
GGAAGGACACCGTATA-1,Br2039,Visium,1,73,83,15185,10902,WM,3.27167
GGAATAACCTCAAGAA-1,Br2039,Visium,1,6,60,3458,8557,WM,1.2688372
GGAATGCGCTAGCGTG-1,Br2039,Visium,1,32,82,8005,10783,WM,0.94619393
GGACAACCATGAAGCC-1,Br2039,Visium,1,70,102,14654,12813,WM,2.4213831
GGACACAAGTTTACAC-1,Br2039,Visium,1,47,111,10625,13708,WM,1.6938831
GGACACCTCGGTGTTG-1,Br2039,Visium,1,75,63,15540,8890,WM,3.2010407
GGACCAACAGGATAAC-1,Br2039,Visium,1,51,67,11336,9282,WM,1.66067
GGACCTCTAGGCCGCC-1,Br2039,Visium,1,58,30,12572,5561,WM,2.6341612
GGACGGGCGACCAACC-1,Br2039,Visium,1,67,117,14125,14321,WM,1.4884431
GGACTCACAAATTAGG-1,Br2039,Visium,1,49,121,10972,14716,WM,1.5379088
GGACTCGAAGCTTTCA-1,Br2039,Visium,1,60,124,12898,15022,WM,1.3494854
GGACTCGACAGCGCAT-1,Br2039,Visium,1,68,46,14319,7176,WM,2.9659667
GGACTCGTGAGTGGTC-1,Br2039,Visium,1,64,38,13620,6369,WM,2.5281456
GGACTCTTCCGGTTGA-1,Br2039,Visium,1,57,123,12373,14920,WM,1.7303888
GGACTCTTTGACTAAG-1,Br2039,Visium,1,71,83,14834,10901,WM,3.904203
GGAGAAGTCATTGGCA-1,Br2039,Visium,1,23,41,6440,6653,WM,0.8551466
GGAGACGACACCTTTG-1,Br2039,Visium,1,43,67,9935,9278,L6,0.8839883
GGAGCAACATTTCAAG-1,Br2039,Visium,1,57,103,12378,12908,WM,1.9154904
GGAGCACCAAGAACTA-1,Br2039,Visium,1,26,82,6955,10780,WM,1.407735
GGAGCGAGGCCTACTT-1,Br2039,Visium,1,67,69,14138,9490,WM,2.0133233
GGAGGCCGAAGTCGTC-1,Br2039,Visium,1,40,116,9397,14208,WM,1.1319479
GGAGGGCTTGGTTGGC-1,Br2039,Visium,1,32,78,8006,10380,L4,0.71937627
GGAGGGTCAAGTAAGA-1,Br2039,Visium,1,62,114,13250,14017,WM,1.6823487
GGAGTGCCGCCCTGGA-1,Br2039,Visium,1,19,53,5736,7859,L1,1.7036495
GGAGTTGATTCTGTGT-1,Br2039,Visium,1,68,112,14302,13818,WM,3.0980341
GGATACTCATGAATTG-1,Br2039,Visium,1,9,45,3987,7049,WM,1.9786763
GGATCCGGAATATACT-1,Br2039,Visium,1,34,82,8356,10784,WM,1.2257675
GGATCTACCGTTCGTC-1,Br2039,Visium,1,77,31,15898,5671,WM,3.1132112
GGATCTTACTGCCCTT-1,Br2039,Visium,1,65,35,13796,6068,WM,2.2333715
GGATGAAGATCGCTGA-1,Br2039,Visium,1,42,94,9753,11995,WM,1.6626906
GGATGACGCGAGTTTA-1,Br2039,Visium,1,37,45,8890,7062,WM,1.2177818
GGATGGCTTGAAGTAT-1,Br2039,Visium,1,68,98,14305,12409,WM,3.1456854
GGATGTCCTTACCGCA-1,Br2039,Visium,1,35,91,8528,11690,WM,0.9206482
GGATTAATCATGGACC-1,Br2039,Visium,1,71,75,14836,10096,WM,2.7885416
GGATTCAGTACGGTGG-1,Br2039,Visium,1,19,33,5741,5846,WM,1.1903732
GGATTCCGCTATACCC-1,Br2039,Visium,1,19,81,5729,10677,WM,1.1063757
GGATTGAAGTAGCCTC-1,Br2039,Visium,1,76,102,15705,12815,WM,3.2254996
GGATTGCTGTGACTCC-1,Br2039,Visium,1,60,84,12908,10997,WM,1.610266
GGATTTCACTTCTATA-1,Br2039,Visium,1,31,83,7830,10883,WM,1.1119337
GGCAAAGGCGCCAATA-1,Br2039,Visium,1,54,34,11870,5962,WM,2.2212012
GGCAAATTACTTTACT-1,Br2039,Visium,1,41,53,9589,7869,WM,1.687797
GGCAAGCCCATAGTGG-1,Br2039,Visium,1,67,61,14140,8685,WM,2.8192246
GGCAAGGCGAAATAGC-1,Br2039,Visium,1,45,69,10285,9481,WM,2.5167928
GGCAATAGTCAATGAG-1,Br2039,Visium,1,30,70,7658,9574,WM,1.3382967
GGCACGCTGCTACAGT-1,Br2039,Visium,1,72,112,15002,13820,WM,2.9516764
GGCACTCAGCCGACCC-1,Br2039,Visium,1,55,123,12022,14919,WM,1.5497197
GGCACTCCACTGGGCA-1,Br2039,Visium,1,34,46,8365,7161,WM,1.0156982
GGCACTGCGGTGGTTT-1,Br2039,Visium,1,70,110,14652,13618,WM,2.848371
GGCAGCAAACCTATGC-1,Br2039,Visium,1,51,103,11327,12905,WM,1.3251402
GGCATACAGGTAGCGG-1,Br2039,Visium,1,34,32,8368,5752,WM,1.6132722
GGCATATCGGTTCTGC-1,Br2039,Visium,1,17,83,5378,10877,L1,1.6093092
GGCATCAACGAGCACG-1,Br2039,Visium,1,5,51,3285,7651,WM,0.9191165
GGCATTCCCTCCCTCG-1,Br2039,Visium,1,77,111,15878,13722,WM,3.0869718
GGCATTGAACATCTCA-1,Br2039,Visium,1,74,58,15366,8386,WM,3.2824435
GGCCAATTGTATAGAC-1,Br2039,Visium,1,74,98,15356,12412,WM,3.3802369
GGCCCAGCTGGTTTGC-1,Br2039,Visium,1,70,74,14662,9995,WM,2.7557015
GGCCCGGAGCATGTCT-1,Br2039,Visium,1,35,119,8521,14508,WM,1.3913887
GGCCCGTATACCATGC-1,Br2039,Visium,1,27,119,7120,14504,WM,1.4575315
GGCCGAGACTCTGGTG-1,Br2039,Visium,1,62,32,13272,5764,WM,2.1203933
GGCCGCAGGAACCGCA-1,Br2039,Visium,1,68,116,14301,14221,WM,2.6213708
GGCCGGCGTCTGCTAT-1,Br2039,Visium,1,65,79,13785,10496,WM,2.419982
GGCCGTTTGGGTTTCA-1,Br2039,Visium,1,59,45,12743,7071,WM,2.069845
GGCCTGCTCTGATGTT-1,Br2039,Visium,1,72,64,15014,8989,WM,2.7693443
GGCCTGCTTCTCCCGA-1,Br2039,Visium,1,59,113,12725,13915,WM,1.9316753
GGCGAAATCTAACTTG-1,Br2039,Visium,1,43,87,9930,11291,WM,1.6684179
GGCGCACAGTTTACCT-1,Br2039,Visium,1,77,103,15880,12917,WM,2.5252385
GGCGCAGGACATCTTC-1,Br2039,Visium,1,37,27,8895,5250,WM,2.3693135
GGCGCATGAATTGATG-1,Br2039,Visium,1,42,54,9764,7970,WM,1.033783
GGCGCGGAGATCTTTC-1,Br2039,Visium,1,58,86,12557,11197,WM,1.7185034
GGCGCGTTCGAGTTTA-1,Br2039,Visium,1,47,59,10638,8475,WM,2.1272788
GGCGCTTCATTCCCTG-1,Br2039,Visium,1,67,71,14137,9692,WM,2.2696168
GGCGGAGTAATATTAG-1,Br2039,Visium,1,32,46,8015,7160,WM,1.6159999
GGCGGGCTCTAAGAGT-1,Br2039,Visium,1,53,127,11671,15321,WM,1.589723
GGCGGTAGGATCATTG-1,Br2039,Visium,1,31,69,7834,9474,WM,1.4313362
GGCGTAGGGAAAGCTG-1,Br2039,Visium,1,64,82,13609,10797,WM,1.9624333
GGCGTCCTATCCGCTG-1,Br2039,Visium,1,31,33,7843,5851,WM,1.3569198
GGCTACTATACACTCC-1,Br2039,Visium,1,64,44,13619,6973,WM,2.0708656
GGCTATTAAGTTGTAT-1,Br2039,Visium,1,33,41,8191,6657,WM,1.946042
GGCTCCTCCACCTGTT-1,Br2039,Visium,1,59,35,12745,6065,WM,1.6802752
GGCTCGCGTTGAGGTA-1,Br2039,Visium,1,31,93,7827,11890,WM,0.89065826
GGCTCGTGCCACCAGC-1,Br2039,Visium,1,20,38,5915,6350,L2_3,0.7151644
GGCTCTGCTCCAACGC-1,Br2039,Visium,1,26,72,6957,9774,WM,0.9898278
GGCTGAAATAGCAAAG-1,Br2039,Visium,1,49,79,10983,10489,WM,1.9174957
GGCTGGCAATCCCACG-1,Br2039,Visium,1,76,88,15709,11407,WM,3.16971
GGCTGGCTAGCTTAAA-1,Br2039,Visium,1,11,29,4342,5440,WM,1.0867028
GGCTGTCCTACTGCGG-1,Br2039,Visium,1,76,50,15718,7582,WM,3.0771909
GGCTTCTCGTGGGTGG-1,Br2039,Visium,1,76,82,15710,10803,WM,3.4145176
GGCTTTCAATAAGGGT-1,Br2039,Visium,1,60,62,12914,8783,WM,1.3970945
GGGAAAGAATGCCAAC-1,Br2039,Visium,1,70,108,14653,13417,WM,2.5799084
GGGAACGGGAGGTTAG-1,Br2039,Visium,1,39,37,9243,6257,WM,1.8201301
GGGAACGGTTTCAGAT-1,Br2039,Visium,1,64,32,13622,5765,WM,2.1680424
GGGAAGACGGTCTGTC-1,Br2039,Visium,1,64,76,13610,10193,WM,1.774622
GGGAAGGGCTTTCTCA-1,Br2039,Visium,1,63,87,13433,11300,WM,2.0180073
GGGACCCGTATATCTT-1,Br2039,Visium,1,57,53,12391,7876,WM,2.3159878
GGGACTGCATAGATAG-1,Br2039,Visium,1,32,60,8011,8569,WM,1.1455164
GGGAGAACTCACAGTA-1,Br2039,Visium,1,32,64,8010,8972,WM,1.0796564
GGGAGCGACCGTAGTG-1,Br2039,Visium,1,68,86,14308,11202,WM,2.3977232
GGGAGGATGCCCGAAA-1,Br2039,Visium,1,37,51,8889,7665,WM,1.2284124
GGGAGTAATGGCTGGC-1,Br2039,Visium,1,10,42,4163,6748,WM,0.56968176
GGGAGTTAATGAGGCG-1,Br2039,Visium,1,33,75,8182,10079,WM,1.2823634
GGGATATTGATCGCCA-1,Br2039,Visium,1,75,23,15550,4865,WM,3.5169246
GGGATGGTCGTAACCG-1,Br2039,Visium,1,47,43,10642,6865,WM,1.7888203
GGGATTTACCGCACCT-1,Br2039,Visium,1,42,90,9754,11593,WM,1.3413297
GGGCACGTAGTACTGT-1,Br2039,Visium,1,70,48,14668,7378,WM,2.5878088
GGGCAGAGCAATCGTT-1,Br2039,Visium,1,58,60,12564,8581,WM,1.8269846
GGGCAGTCAACGCCAA-1,Br2039,Visium,1,69,79,14485,10498,WM,3.08282
GGGCATGCATGTCGAG-1,Br2039,Visium,1,73,55,15192,8084,WM,3.1501575
GGGCCCGTCTTAAACA-1,Br2039,Visium,1,42,52,9764,7768,WM,2.0030262
GGGCCGGCCGAAGTAC-1,Br2039,Visium,1,36,84,8705,10986,WM,1.1836488
GGGCGATATGTGTGAA-1,Br2039,Visium,1,28,58,7311,8366,WM,0.93608797
GGGCGCAGCGTTACTC-1,Br2039,Visium,1,34,120,8346,14608,WM,0.923086
GGGCGGCAAATGAATT-1,Br2039,Visium,1,49,45,10992,7067,WM,2.0385027
GGGCGGGTTCCCTACG-1,Br2039,Visium,1,43,37,9943,6259,WM,1.7038026
GGGCGGTCCTATTGTC-1,Br2039,Visium,1,14,28,4867,5340,L1,1.8600336
GGGCGTACATTTATAT-1,Br2039,Visium,1,24,54,6612,7962,WM,0.99764705
GGGCGTCACCACGTAA-1,Br2039,Visium,1,48,50,10815,7570,WM,2.034747
GGGCGTGGTTTCCCAG-1,Br2039,Visium,1,61,81,13084,10695,WM,1.9084654
GGGCGTTTACATTCAT-1,Br2039,Visium,1,66,26,13974,5162,WM,2.5863037
GGGCTATGATCGATGG-1,Br2039,Visium,1,57,51,12391,7674,WM,1.7454227
GGGCTCATCGAACCCA-1,Br2039,Visium,1,25,89,6778,11484,L2_3,0.60308397
GGGCTGCCTAGGGCGA-1,Br2039,Visium,1,33,69,8184,9475,WM,0.8513724
GGGCTGGTTAGTCGCG-1,Br2039,Visium,1,31,51,7838,7663,WM,1.0870614
GGGTACCCACGGTCCT-1,Br2039,Visium,1,14,26,4868,5139,L1,0.7272438
GGGTACTTCATGAACT-1,Br2039,Visium,1,37,39,8892,6458,WM,2.2331328
GGGTATGTATGCACTT-1,Br2039,Visium,1,28,28,7319,5347,WM,0.56955063
GGGTCACCGTGACGGT-1,Br2039,Visium,1,35,47,8540,7262,WM,1.3417327
GGGTCAGGAGCTAGAT-1,Br2039,Visium,1,65,55,13791,8081,WM,2.358451
GGGTCGTGGCAAGTGT-1,Br2039,Visium,1,25,107,6773,13296,L1,2.006226
GGGTCTATCGCTTTCC-1,Br2039,Visium,1,63,113,13426,13917,WM,1.8005292
GGGTGACACCTTAACT-1,Br2039,Visium,1,46,56,10464,8173,WM,1.9360551
GGGTGCATATGAAAGC-1,Br2039,Visium,1,30,112,7647,13801,L1,0.7819103
GGGTGGTCCAGCCTGT-1,Br2039,Visium,1,7,69,3631,9464,WM,1.0718676
GGGTGTTTCAGCTATG-1,Br2039,Visium,1,16,68,5207,9367,WM,1.1070719
GGGTTAACATTTGAGT-1,Br2039,Visium,1,54,50,11866,7572,WM,1.5571877
GGGTTTAGGATAGGAT-1,Br2039,Visium,1,43,107,9925,13304,WM,1.520054
GGTAAACTCTGCGCTG-1,Br2039,Visium,1,66,114,13951,14019,WM,2.09513
GGTAAATGTGCGTTAC-1,Br2039,Visium,1,11,81,4328,10673,L1,1.0125098
GGTAACCGGGAGGATA-1,Br2039,Visium,1,57,27,12397,5259,WM,2.369193
GGTAACTATGTATCTG-1,Br2039,Visium,1,12,44,4513,6950,WM,0.69303006
GGTACAAACATGCTAT-1,Br2039,Visium,1,40,54,9413,7969,WM,2.0673313
GGTACACCAGATTTAT-1,Br2039,Visium,1,26,118,6945,14403,WM,1.3064706
GGTACCATTAAGACGG-1,Br2039,Visium,1,29,105,7474,13096,WM,0.9195204
GGTACGTTGCGGCCGG-1,Br2039,Visium,1,66,112,13951,13817,WM,2.4435797
GGTACTAAGTGCTTTG-1,Br2039,Visium,1,51,123,11322,14918,WM,1.3656975
GGTAGAAGACCGCCTG-1,Br2039,Visium,1,53,71,11686,9685,WM,1.517776
GGTAGACCGTTGGGCG-1,Br2039,Visium,1,53,53,11690,7874,WM,1.5617884
GGTAGGCCAATATCAC-1,Br2039,Visium,1,74,54,15367,7984,WM,2.8828256
GGTAGTGCTCGCACCA-1,Br2039,Visium,1,34,72,8358,9778,WM,1.1903104
GGTATAGTGACACATA-1,Br2039,Visium,1,34,114,8347,14004,WM,1.1183844
GGTATTGCCGAGTTTA-1,Br2039,Visium,1,33,53,8188,7865,WM,0.92379975
GGTCAAGACTACTTCG-1,Br2039,Visium,1,53,105,11677,13107,WM,1.7403417
GGTCAGTGGGTCCCAC-1,Br2039,Visium,1,48,62,10812,8777,WM,2.0582662
GGTCCACGTCTATTTG-1,Br2039,Visium,1,73,25,15200,5065,WM,3.286261
GGTCGGATAAACGGCG-1,Br2039,Visium,1,23,97,6425,12289,L1,1.1256524
GGTCGGCCAGGAGCTT-1,Br2039,Visium,1,32,84,8005,10984,WM,1.1704279
GGTCGGTAATTAGACA-1,Br2039,Visium,1,12,36,4515,6145,L1,1.2678463
GGTCGGTCGTCCACAG-1,Br2039,Visium,1,56,52,12216,7775,WM,1.811922
GGTCTCCAAGTAGTGC-1,Br2039,Visium,1,49,125,10971,15118,WM,1.7432568
GGTCTCCGTCCAGGTT-1,Br2039,Visium,1,63,101,13429,12709,WM,1.7420652
GGTCTCTGAATGGACT-1,Br2039,Visium,1,52,34,11520,5961,WM,2.217443
GGTCTGAGAATCTGGA-1,Br2039,Visium,1,30,80,7656,10581,WM,1.1042087
GGTCTTGAGCGCTCTT-1,Br2039,Visium,1,65,65,13788,9087,WM,2.1017451
GGTGAACGGGCTAGCC-1,Br2039,Visium,1,8,32,3816,5740,WM,1.1598487
GGTGAAGTACAGGGAT-1,Br2039,Visium,1,47,37,10644,6261,WM,1.8213105
GGTGACTGATAGAGAG-1,Br2039,Visium,1,64,126,13598,15225,WM,1.8511636
GGTGAGATGCAGATAA-1,Br2039,Visium,1,16,36,5215,6146,WM,0.7793424
GGTGATAAGGAGCAGT-1,Br2039,Visium,1,37,79,8882,10483,WM,1.6986103
GGTGATTTCATCTTGT-1,Br2039,Visium,1,9,39,3989,6445,WM,1.3290136
GGTGCATAAATGATTA-1,Br2039,Visium,1,67,47,14143,7276,WM,2.8953679
GGTGCGGATAAGTGGC-1,Br2039,Visium,1,16,46,5213,7153,L1,0.631996
GGTGCTGGTACACATT-1,Br2039,Visium,1,42,46,9766,7164,WM,1.7844316
GGTGGACTGCTCTGGC-1,Br2039,Visium,1,55,85,12032,11095,WM,1.5114329
GGTGGAGGTTGATACG-1,Br2039,Visium,1,44,122,10096,14814,WM,1.5123575
GGTGGGATTAGGTCCC-1,Br2039,Visium,1,76,32,15723,5771,WM,2.8965554
GGTGTAAATCGATTGT-1,Br2039,Visium,1,69,65,14489,9089,WM,2.3355708
GGTGTAGGTAAGTAAA-1,Br2039,Visium,1,70,50,14668,7580,WM,2.8444464
GGTGTTGGGCGTCTTA-1,Br2039,Visium,1,49,123,10972,14917,WM,1.3926735
GGTTACCACCCTCGGG-1,Br2039,Visium,1,45,33,10294,5858,WM,2.1117845
GGTTACCCGACACTTT-1,Br2039,Visium,1,33,123,8170,14910,WM,0.9712268
GGTTACCGCTCCCTAC-1,Br2039,Visium,1,76,44,15720,6978,WM,3.2552805
GGTTAGCTATATGTCT-1,Br2039,Visium,1,47,87,10631,11293,WM,1.6354661
GGTTAGGCTTGGAGAA-1,Br2039,Visium,1,28,36,7317,6152,WM,1.7314396
GGTTCCGTACGACTAA-1,Br2039,Visium,1,77,41,15896,6677,WM,3.3762853
GGTTCGCATTTGCCGT-1,Br2039,Visium,1,75,103,15530,12916,WM,3.779387
GGTTCTACTCGTCTGA-1,Br2039,Visium,1,39,105,9225,13101,WM,1.2413027
GGTTTAATTACCATCG-1,Br2039,Visium,1,63,39,13445,6469,WM,1.870656
GGTTTAATTGAGCAGG-1,Br2039,Visium,1,26,116,6946,14202,L1,1.9186621
GGTTTACAATCTCAAT-1,Br2039,Visium,1,25,73,6782,9874,WM,1.5108194
GGTTTAGCCTTTCTTG-1,Br2039,Visium,1,46,102,10452,12802,WM,1.4103799
GGTTTCAATCGGTCAG-1,Br2039,Visium,1,33,91,8178,11689,WM,1.1181282
GGTTTGAGTGCTGGAA-1,Br2039,Visium,1,12,42,4513,6749,L1,0.93967384
GGTTTGTGACCTGAGG-1,Br2039,Visium,1,61,105,13078,13111,WM,2.39298
GTAACAGGTTAACGGC-1,Br2039,Visium,1,76,54,15717,7985,WM,3.6298406
GTAACATCTAAGATAA-1,Br2039,Visium,1,56,110,12201,13612,WM,1.8780445
GTAACTACGTAGACCT-1,Br2039,Visium,1,73,17,15202,4260,WM,2.6100383
GTAACTGCCCAAGGAG-1,Br2039,Visium,1,66,46,13968,7175,WM,2.6482468
GTAACTTGCGGCAGTC-1,Br2039,Visium,1,10,40,4164,6546,WM,0.4833748
GTAAGCGGGCAGTCAG-1,Br2039,Visium,1,23,63,6434,8867,WM,1.1365671
GTAAGTAACAGTCTGG-1,Br2039,Visium,1,40,82,9406,10787,WM,1.948782
GTAAGTAGGGTATACC-1,Br2039,Visium,1,26,36,6967,6151,WM,1.0164158
GTAAGTCCACACTCTA-1,Br2039,Visium,1,43,119,9922,14512,WM,1.539132
GTAATAAAGGGCTCCC-1,Br2039,Visium,1,31,103,7825,12896,WM,0.94480497
GTAATCTGATTCTTCG-1,Br2039,Visium,1,50,44,11167,6967,WM,1.953649
GTACACTTACCTGAAG-1,Br2039,Visium,1,36,64,8710,8973,WM,0.9800102
GTACAGAGGCAAGGGT-1,Br2039,Visium,1,37,83,8881,10886,WM,1.3727252
GTACGACGGCGCTGCG-1,Br2039,Visium,1,12,26,4518,5138,WM,1.6235658
GTACGAGATTGCGACA-1,Br2039,Visium,1,21,57,6086,8262,WM,1.1925572
GTACGCTTCATTGCAC-1,Br2039,Visium,1,46,72,10459,9783,WM,1.9473083
GTACGTTTGCCCGTCA-1,Br2039,Visium,1,44,68,10110,9379,WM,1.816319
GTACTAAGATTTGGAG-1,Br2039,Visium,1,27,55,7137,8064,WM,1.7024856
GTACTACGGCCTCGTT-1,Br2039,Visium,1,75,85,15534,11104,WM,3.5047207
GTACTCCCTTATCGCT-1,Br2039,Visium,1,36,28,8720,5350,WM,1.5718138
GTACTCCTGGGTATGC-1,Br2039,Visium,1,26,102,6950,12793,L2_3,0.4642179
GTACTGAGGTCGTAAC-1,Br2039,Visium,1,11,47,4337,7251,WM,1.4072688
GTACTGCATGAAGCGT-1,Br2039,Visium,1,11,39,4339,6446,WM,1.8398538
GTACTGGAGTTAGACC-1,Br2039,Visium,1,33,81,8181,10683,WM,1.0764142
GTACTTGGGCACTTCT-1,Br2039,Visium,1,17,33,5391,5845,L1,0.6870081
GTAGACACGCCTGACT-1,Br2039,Visium,1,63,67,13438,9287,WM,2.0274792
GTAGACGTCGTTACAT-1,Br2039,Visium,1,13,39,4689,6447,L1,0.6013154
GTAGAGGGAGACAAGT-1,Br2039,Visium,1,51,31,11346,5659,WM,2.0475059
GTAGCCAAACATGGGA-1,Br2039,Visium,1,50,70,11160,9583,WM,1.9307151
GTAGCGCTGTTGTAGT-1,Br2039,Visium,1,6,50,3461,7551,WM,1.6857413
GTAGCGGCTATACACT-1,Br2039,Visium,1,39,69,9234,9478,WM,2.0957391
GTAGCTCCGGGAGGCT-1,Br2039,Visium,1,65,37,13796,6269,WM,2.402172
GTAGCTTCCTCTTGTT-1,Br2039,Visium,1,31,89,7828,11487,L2_3,0.3531461
GTAGGTGATCCGTGTA-1,Br2039,Visium,1,17,79,5379,10474,L1,1.0783997
GTAGTCGCGGGAATCA-1,Br2039,Visium,1,49,81,10982,10690,WM,1.4572251
GTAGTCTACGATATTG-1,Br2039,Visium,1,63,77,13435,10294,WM,1.9801574
GTAGTGAGCAACCTCA-1,Br2039,Visium,1,69,113,14476,13919,WM,2.4394145
GTAGTTCGAAGGCGAA-1,Br2039,Visium,1,65,39,13795,6470,WM,2.1790383
GTAGTTTAAGCACACG-1,Br2039,Visium,1,73,23,15200,4864,WM,2.914772
GTATAGGACTCAGTAG-1,Br2039,Visium,1,20,58,5910,8362,WM,0.6462998
GTATATGTTACGGCGG-1,Br2039,Visium,1,6,20,3468,4532,L1,1.1205837
GTATCAAACGTTAGCT-1,Br2039,Visium,1,55,97,12029,12303,WM,1.5182823
GTATCAAGGTACTTCC-1,Br2039,Visium,1,72,72,15012,9795,WM,2.99736
GTATCAGCTTGGGTTC-1,Br2039,Visium,1,20,34,5916,5947,WM,1.1972553
GTATCCTTTGGTAACC-1,Br2039,Visium,1,64,92,13606,11804,WM,1.9032612
GTATCTCGGGCGCTTT-1,Br2039,Visium,1,71,19,14851,4460,WM,3.111569
GTATCTTTCATAACCA-1,Br2039,Visium,1,46,66,10461,9179,WM,2.002738
GTATGTGGGTCTAGTT-1,Br2039,Visium,1,38,92,9053,11792,WM,1.8121861
GTATTAAGGCGTCTAA-1,Br2039,Visium,1,20,26,5918,5142,WM,1.3535645
GTATTCTGAGAAACGA-1,Br2039,Visium,1,48,38,10818,6362,WM,1.569732
GTATTTAATGGCATAA-1,Br2039,Visium,1,52,120,11498,14616,WM,1.1851692
GTCAAAGTTTACATAG-1,Br2039,Visium,1,13,29,4692,5441,L2_3,0.43087247
GTCAACCAGGCCTATA-1,Br2039,Visium,1,65,103,13779,12911,WM,2.3965821
GTCAAGCGGACTCGGG-1,Br2039,Visium,1,39,77,9232,10283,WM,2.1792328
GTCAATTGTACTGAAG-1,Br2039,Visium,1,5,45,3287,7047,L5,1.6774439
GTCACTCTCCAAATCT-1,Br2039,Visium,1,23,31,6442,5646,WM,1.3918588
GTCAGAATAGTCTATG-1,Br2039,Visium,1,30,32,7668,5750,WM,1.6924629
GTCATCCCAAACTCAC-1,Br2039,Visium,1,77,23,15901,4865,WM,2.8637438
GTCATGCACCTCCGTT-1,Br2039,Visium,1,29,61,7485,8668,WM,0.9293269
GTCATGCGCGAGGGCT-1,Br2039,Visium,1,64,98,13605,12408,WM,1.5753475
GTCATGGACATGACTA-1,Br2039,Visium,1,26,62,6960,8768,WM,0.7157191
GTCATTAGAGCGAACG-1,Br2039,Visium,1,37,67,8885,9276,WM,1.460433
GTCCAATATTTAGCCT-1,Br2039,Visium,1,65,53,13791,7879,WM,2.4262676
GTCCACGTCGCATTCG-1,Br2039,Visium,1,64,118,13600,14420,WM,1.5249482
GTCCAGGCACGTGTGC-1,Br2039,Visium,1,70,44,14669,6976,WM,3.2567515
GTCCATTACTGCTACG-1,Br2039,Visium,1,42,106,9750,13203,WM,1.7065275
GTCCCAACGTAAAGTA-1,Br2039,Visium,1,33,73,8183,9878,WM,1.3179245
GTCCCGCGACGTTATG-1,Br2039,Visium,1,58,82,12558,10795,WM,1.3191146
GTCCGGACCTGAAATT-1,Br2039,Visium,1,54,88,11856,11397,WM,2.0926666
GTCCGGCTGAATTGCG-1,Br2039,Visium,1,28,52,7313,7762,WM,1.2971926
GTCCGGGTTCACATTA-1,Br2039,Visium,1,69,71,14487,9693,WM,2.7426062
GTCCGTTAGAGGGCCT-1,Br2039,Visium,1,76,78,15711,10400,WM,3.7622519
GTCCTACGAATAGTCT-1,Br2039,Visium,1,53,91,11680,11698,WM,1.7862829
GTCCTTCTAGTGGGTT-1,Br2039,Visium,1,10,82,4153,10773,WM,1.0669111
GTCGATAGGTGACTTT-1,Br2039,Visium,1,53,121,11673,14717,WM,1.0200194
GTCGCCGTTGTGTGTT-1,Br2039,Visium,1,57,43,12393,6869,WM,1.8512452
GTCGCGTAACCCGTTG-1,Br2039,Visium,1,39,75,9233,10082,WM,1.6737726
GTCGGATATCTCAGAC-1,Br2039,Visium,1,32,36,8017,6154,WM,1.5582458
GTCGGATGTAGCGCGC-1,Br2039,Visium,1,17,77,5380,10273,L1,2.64289
GTCGGGAAGCAGAAAC-1,Br2039,Visium,1,59,65,12738,9084,WM,1.5779005
GTCGGGTGAAGTACCG-1,Br2039,Visium,1,72,116,15001,14223,WM,2.8553312
GTCGTACCATCTCGGG-1,Br2039,Visium,1,46,62,10462,8776,WM,2.3766599
GTCGTCAATTATAAGG-1,Br2039,Visium,1,11,45,4338,7050,WM,2.3505514
GTCGTCTGGTTGGCTA-1,Br2039,Visium,1,30,122,7645,14808,WM,1.543167
GTCGTGTCTGGTCATC-1,Br2039,Visium,1,28,110,7298,13599,L2_3,0.89943904
GTCGTTATTCGCTTAT-1,Br2039,Visium,1,46,76,10458,10185,WM,1.6346725
GTCTAGTGAGCCGCTT-1,Br2039,Visium,1,66,92,13957,11805,WM,2.5248442
GTCTATACACGCATGG-1,Br2039,Visium,1,74,50,15368,7581,WM,3.256627
GTCTATCTGAGTTTCT-1,Br2039,Visium,1,40,42,9417,6761,WM,1.6529908
GTCTATTGCATGCTCG-1,Br2039,Visium,1,65,105,13778,13112,WM,2.13532
GTCTATTGGTTCCGGT-1,Br2039,Visium,1,50,90,11155,11596,WM,1.5449476
GTCTCAAGGCCCGGCT-1,Br2039,Visium,1,60,66,12913,9185,WM,1.5825453
GTCTCCCGAGTCCCGT-1,Br2039,Visium,1,72,110,15003,13619,WM,2.5663335
GTCTCCGCCTCAATAC-1,Br2039,Visium,1,71,61,14840,8687,WM,3.2889543
GTCTCGACTAAGTTTG-1,Br2039,Visium,1,25,111,6772,13698,L1,1.2144234
GTCTCGATCTGCTTTC-1,Br2039,Visium,1,20,80,5905,10576,WM,0.73127997
GTCTGCCGACTCGACG-1,Br2039,Visium,1,73,87,15184,11305,WM,3.0862274
GTCTGGGCGGTCGAGA-1,Br2039,Visium,1,46,44,10467,6965,WM,2.045146
GTCTGTAGGTTGAACA-1,Br2039,Visium,1,73,39,15196,6474,WM,3.4743907
GTCTTACCACGCCAAG-1,Br2039,Visium,1,74,114,15352,14022,WM,2.9244733
GTCTTAGTACAGCCGG-1,Br2039,Visium,1,12,78,4504,10372,WM,1.1836706
GTCTTGAGGAGCAGTG-1,Br2039,Visium,1,38,116,9047,14207,WM,1.3420713
GTCTTGTAGCTATTCA-1,Br2039,Visium,1,44,112,10099,13808,WM,1.7120888
GTGAAACGGCGCCACC-1,Br2039,Visium,1,24,88,6603,11383,L1,0.89165884
GTGAAACGTGCTCCAC-1,Br2039,Visium,1,11,37,4340,6245,WM,1.1370803
GTGAACTCCCATTCGA-1,Br2039,Visium,1,30,104,7649,12996,WM,0.5228497
GTGAAGCCGTATAGTC-1,Br2039,Visium,1,21,107,6073,13294,WM,1.1239055
GTGACAGCTTCCCACT-1,Br2039,Visium,1,64,74,13611,9992,WM,2.002501
GTGACCGCACACTACG-1,Br2039,Visium,1,39,91,9229,11692,WM,1.5619931
GTGACCTAAAGAATAA-1,Br2039,Visium,1,30,124,7644,15009,L1,0.89224255
GTGACGAGGGTGACCC-1,Br2039,Visium,1,32,114,7997,14003,WM,0.9682921
GTGACGCAGGTTTCAT-1,Br2039,Visium,1,65,75,13786,10093,WM,2.640278
GTGACTTCAGTAGTGC-1,Br2039,Visium,1,46,50,10465,7569,WM,1.6409173
GTGAGATAACCTTATA-1,Br2039,Visium,1,69,41,14495,6673,WM,3.3868837
GTGAGCGTGCTGCACT-1,Br2039,Visium,1,33,25,8195,5047,WM,1.8174009
GTGAGGACACTTAAGG-1,Br2039,Visium,1,41,77,9583,10284,WM,1.4887946
GTGAGTCGACTAATAG-1,Br2039,Visium,1,71,113,14827,13920,WM,2.3225145
GTGAGTGGTACAACGC-1,Br2039,Visium,1,52,56,11514,8175,WM,1.7817208
GTGATCAAGCGTGCAC-1,Br2039,Visium,1,65,27,13798,5263,WM,2.6734776
GTGATCACTAACGCCT-1,Br2039,Visium,1,47,97,10628,12299,WM,1.3364793
GTGATCATAGATCTGC-1,Br2039,Visium,1,45,57,10288,8273,WM,1.5964546
GTGATCCTTGTCATGA-1,Br2039,Visium,1,62,84,13258,10998,WM,2.4078052
GTGATTCGCCGCTCAA-1,Br2039,Visium,1,48,40,10818,6563,WM,1.6423005
GTGCACCAGCTTCAAC-1,Br2039,Visium,1,66,54,13966,7980,WM,2.715104
GTGCACGAAAGTGACT-1,Br2039,Visium,1,17,71,5382,9669,WM,1.4381902
GTGCAGCGTAGAGTAG-1,Br2039,Visium,1,52,124,11497,15019,WM,1.2743114
GTGCCAAACGTTTCGA-1,Br2039,Visium,1,76,18,15727,4362,WM,3.236187
GTGCCATCACACGGTG-1,Br2039,Visium,1,42,34,9769,5957,WM,2.11046
GTGCCCGTTCGGATTC-1,Br2039,Visium,1,39,85,9230,11088,WM,1.331622
GTGCCGCTTCAAAGGT-1,Br2039,Visium,1,44,44,10116,6964,WM,1.9048494
GTGCCTGAGACCAAAC-1,Br2039,Visium,1,69,89,14483,11504,WM,2.4015236
GTGCGAAATCGAACAC-1,Br2039,Visium,1,45,43,10292,6864,WM,1.7933325
GTGCGACAGGGAGTGT-1,Br2039,Visium,1,36,100,8701,12596,WM,1.3410832
GTGCGGGTCTCCAAAT-1,Br2039,Visium,1,20,56,5911,8161,L2_3,1.0568497
GTGCGTGTATATGAGC-1,Br2039,Visium,1,41,83,9581,10888,WM,1.7164805
GTGCTATCCAGCTGGA-1,Br2039,Visium,1,76,66,15714,9192,WM,3.7809024
GTGCTCAAGTACTGTC-1,Br2039,Visium,1,34,52,8363,7765,WM,1.514811
GTGCTGTTAGAACATA-1,Br2039,Visium,1,77,81,15886,10702,WM,4.2611876
GTGCTTACATCAGCGC-1,Br2039,Visium,1,46,116,10448,14211,WM,1.2407101
GTGGACCAACCCGATT-1,Br2039,Visium,1,45,29,10295,5455,WM,1.4697683
GTGGACGCATTTGTCC-1,Br2039,Visium,1,56,64,12213,8982,WM,1.2616262
GTGGACGTGCTGAGAC-1,Br2039,Visium,1,17,39,5390,6449,WM,0.88838255
GTGGAGCATGTCGGCC-1,Br2039,Visium,1,37,125,8870,15113,WM,1.1413918
GTGGAGTCGGCGGTTG-1,Br2039,Visium,1,54,38,11869,6365,WM,1.9698738
GTGGCTGTTTCTGTTC-1,Br2039,Visium,1,70,92,14657,11806,WM,2.9985929
GTGGGAACAAACCGGG-1,Br2039,Visium,1,71,47,14844,7278,WM,2.743325
GTGGGCTTAGACACAC-1,Br2039,Visium,1,29,39,7491,6454,WM,1.8282263
GTGGTATAGTCTGCCG-1,Br2039,Visium,1,57,41,12394,6668,WM,1.8102489
GTGGTGATGGTTTGTG-1,Br2039,Visium,1,54,126,11846,15221,WM,1.6822087
GTGGTGGCCAAGTGAA-1,Br2039,Visium,1,45,79,10283,10487,WM,1.7162958
GTGGTTACTTCTTTCG-1,Br2039,Visium,1,31,105,7824,13097,WM,0.9806833
GTGGTTTCCGCCTTTC-1,Br2039,Visium,1,42,32,9769,5756,WM,1.4115809
GTGTACCTTGGCTACG-1,Br2039,Visium,1,26,78,6956,10378,WM,1.1155486
GTGTACGAACCGTTCC-1,Br2039,Visium,1,43,127,9920,15317,WM,1.2239091
GTGTATATCAGCGGGC-1,Br2039,Visium,1,58,76,12560,10191,WM,1.6508304
GTGTCAGTGTACGTGG-1,Br2039,Visium,1,68,42,14320,6774,WM,2.5841691
GTGTCGTATAGCGTTC-1,Br2039,Visium,1,54,76,11859,10189,WM,1.9321023
GTGTGAATAACTTAGG-1,Br2039,Visium,1,33,83,8180,10884,WM,1.1333841
GTGTGAGCCGAGGTGC-1,Br2039,Visium,1,1,33,2589,5838,L2_3,1.1612953
GTGTTACTATGCGTCC-1,Br2039,Visium,1,41,75,9583,10083,WM,1.4994859
GTTAAAGTAGGACTGG-1,Br2039,Visium,1,49,83,10982,10891,WM,1.4552422
GTTAACATCACTTAAA-1,Br2039,Visium,1,55,73,12035,9888,WM,2.0501122
GTTAACTATGTTGTCA-1,Br2039,Visium,1,43,111,9924,13706,WM,1.6228241
GTTAAGGGTGCGATGT-1,Br2039,Visium,1,61,71,13086,9689,WM,1.751996
GTTAAGTTAGAGTGGG-1,Br2039,Visium,1,36,116,8697,14207,WM,1.000698
GTTAATAGCGTCATTA-1,Br2039,Visium,1,73,121,15175,14726,WM,2.6733074
GTTACAATTGGTGACG-1,Br2039,Visium,1,37,33,8894,5854,WM,1.619925
GTTACCAAGGCGTACG-1,Br2039,Visium,1,70,120,14650,14624,WM,2.860042
GTTACCTACAACTTGC-1,Br2039,Visium,1,47,67,10636,9280,WM,2.1631052
GTTACTTTGGGCCTAG-1,Br2039,Visium,1,43,51,9940,7668,WM,1.8563793
GTTAGCCCATGACATC-1,Br2039,Visium,1,67,75,14136,10094,WM,2.6690118
GTTAGCCGTAAATCAA-1,Br2039,Visium,1,30,110,7648,13600,WM,1.4538531
GTTATAATACGGTGAA-1,Br2039,Visium,1,53,107,11676,13308,WM,1.7105151
GTTATATCAGGAGCCA-1,Br2039,Visium,1,23,115,6421,14100,WM,0.9206746
GTTATATTATCTCCCT-1,Br2039,Visium,1,48,56,10814,8174,WM,2.5282285
GTTATCAAGCTATCGA-1,Br2039,Visium,1,71,103,14829,12914,WM,2.9675303
GTTATCACCTTCTGAA-1,Br2039,Visium,1,6,58,3459,8356,WM,1.5084863
GTTCACAGGAGTCTAG-1,Br2039,Visium,1,32,34,8018,5952,WM,1.3014573
GTTCAGTCGCCAAATG-1,Br2039,Visium,1,70,60,14665,8586,WM,3.0232208
GTTCATCGTTTGGCTG-1,Br2039,Visium,1,33,105,8175,13098,WM,1.0202959
GTTCCAGTCTGACCAT-1,Br2039,Visium,1,17,53,5386,7858,L1,1.0242299
GTTCCCGTAAACATAT-1,Br2039,Visium,1,59,119,12724,14519,WM,1.4011129
GTTCCGTCCGCCTGCA-1,Br2039,Visium,1,70,42,14670,6774,WM,3.1968286
GTTCGACAATTGTATA-1,Br2039,Visium,1,69,27,14499,5264,WM,3.074159
GTTCGCCATAAGTGCC-1,Br2039,Visium,1,37,53,8888,7867,WM,1.6081988
GTTCGCTGAGACGTCT-1,Br2039,Visium,1,53,109,11676,13510,WM,2.3617098
GTTCGGAGCACTCAAC-1,Br2039,Visium,1,64,114,13601,14018,WM,2.6350436
GTTCGGATCGGGAACA-1,Br2039,Visium,1,44,110,10099,13606,WM,1.3666408
GTTCGGGCGTACCATT-1,Br2039,Visium,1,32,108,7999,13400,WM,1.3343997
GTTCGTCTAAAGAACT-1,Br2039,Visium,1,51,89,11331,11496,WM,1.867371
GTTCGTTGCGGACCAG-1,Br2039,Visium,1,0,36,2414,6139,WM,1.5252787
GTTCTTCCCTCGATGT-1,Br2039,Visium,1,15,51,5036,7656,L2_3,0.55617815
GTTCTTGTAACTCAAT-1,Br2039,Visium,1,75,61,15541,8689,WM,3.380849
GTTGAACCGGTTCCAT-1,Br2039,Visium,1,42,40,9767,6561,WM,2.3152566
GTTGAGTCCCGCCGGT-1,Br2039,Visium,1,52,78,11509,10389,WM,1.9870085
GTTGCACGGAGTTTCG-1,Br2039,Visium,1,24,48,6613,7358,WM,1.5270504
GTTGCAGTCGACAACA-1,Br2039,Visium,1,62,126,13247,15225,WM,1.2959659
GTTGCGCTAACATTAC-1,Br2039,Visium,1,41,119,9572,14511,WM,1.9747967
GTTGCGGACGGTCAGG-1,Br2039,Visium,1,53,119,11673,14516,WM,1.7906052
GTTGGATTCAGTGGCT-1,Br2039,Visium,1,16,96,5200,12185,Unknown,0.0
GTTGGATTGAGAACAC-1,Br2039,Visium,1,32,88,8004,11387,WM,1.1678536
GTTGGATTTGCGTTGG-1,Br2039,Visium,1,36,50,8714,7564,WM,1.0771989
GTTGGTCATGCTATCC-1,Br2039,Visium,1,55,63,12038,8881,WM,2.140874
GTTGTAGATTTATGAG-1,Br2039,Visium,1,71,63,14840,8888,WM,2.9542046
GTTGTCGTGTTAGTTG-1,Br2039,Visium,1,15,47,5037,7253,WM,1.1978128
GTTGTTGCAAGATGGC-1,Br2039,Visium,1,63,121,13424,14722,WM,1.9846239
GTTTACGTTCCATCTG-1,Br2039,Visium,1,48,64,10812,8979,WM,1.6116686
GTTTCAAACGAGTTGT-1,Br2039,Visium,1,61,109,13077,13513,WM,2.1839395
GTTTCATATCGTCGCT-1,Br2039,Visium,1,39,27,9245,5251,WM,2.207216
GTTTCCTGGAGGGTGA-1,Br2039,Visium,1,25,49,6788,7459,WM,1.1652361
GTTTCTAGAGGCGCGG-1,Br2039,Visium,1,69,93,14482,11907,WM,3.0268264
GTTTCTGCAGTCTCCC-1,Br2039,Visium,1,40,72,9409,9780,WM,1.817623
GTTTGACCAAATCCTA-1,Br2039,Visium,1,30,58,7661,8367,WM,1.5400959
GTTTGGCCCAAGTTAT-1,Br2039,Visium,1,42,80,9757,10586,WM,1.3833766
GTTTGGCCGCTCAGCG-1,Br2039,Visium,1,12,32,4516,5742,WM,1.2546575
GTTTGGGCTTGTGAGC-1,Br2039,Visium,1,51,65,11337,9081,WM,2.073324
GTTTGGGTTTCGCCCG-1,Br2039,Visium,1,63,91,13431,11703,WM,1.9477333
GTTTGGTAGGGTCAAC-1,Br2039,Visium,1,53,59,11689,8478,WM,2.0452168
GTTTGGTGATCGGTGC-1,Br2039,Visium,1,66,38,13970,6370,WM,1.9990461
TAAACCCAGGAGGGCA-1,Br2039,Visium,1,54,36,11870,6163,WM,1.7518911
TAAAGACAACCCTTTA-1,Br2039,Visium,1,40,118,9397,14410,WM,1.4440823
TAAAGCGGTATTTCCA-1,Br2039,Visium,1,63,49,13442,7476,WM,2.3072934
TAAAGCGTTAGGAGAA-1,Br2039,Visium,1,28,88,7303,11385,L2_3,1.007144
TAAAGCTGCAATAGGG-1,Br2039,Visium,1,17,97,5375,12286,WM,0.728082
TAAAGTGCACGTCTCG-1,Br2039,Visium,1,72,50,15018,7580,WM,3.2612395
TAAATGAATCCGTTTC-1,Br2039,Visium,1,23,29,6443,5445,WM,1.6836596
TAAATGGGCTACTGAG-1,Br2039,Visium,1,63,127,13422,15326,WM,2.1151679
TAAATTGTGGGTAAAG-1,Br2039,Visium,1,74,74,15362,9997,WM,2.9528635
TAAATTTAGTAACACC-1,Br2039,Visium,1,71,39,14846,6473,WM,3.0134172
TAACAAAGGGAGAAGC-1,Br2039,Visium,1,21,35,6091,6048,WM,1.2006634
TAACAGCGTTTGTGCT-1,Br2039,Visium,1,63,37,13445,6268,WM,2.164249
TAACAGGTTCCCTTAG-1,Br2039,Visium,1,74,60,15366,8588,WM,3.0817654
TAACATACAATGTGGG-1,Br2039,Visium,1,38,70,9059,9578,WM,1.8355193
TAACATACACGCGATC-1,Br2039,Visium,1,55,25,12048,5057,WM,2.2087264
TAACCGCCCGCAGTGC-1,Br2039,Visium,1,9,49,3986,7452,WM,1.8017049
TAACCTACCGTCCGAG-1,Br2039,Visium,1,33,101,8176,12696,WM,1.382772
TAACCTAGGGAGTCCA-1,Br2039,Visium,1,60,106,12902,13211,WM,1.910039
TAACGCTTTGAGAGCG-1,Br2039,Visium,1,27,29,7143,5447,WM,1.1140436
TAACTATCGAAGGTCC-1,Br2039,Visium,1,24,34,6617,5949,WM,1.1216066
TAACTATTACGCCAAA-1,Br2039,Visium,1,29,107,7474,13298,L2_3,0.74900997
TAACTCATCCGCGCGG-1,Br2039,Visium,1,43,49,9940,7467,WM,1.868242
TAACTCCATGGAGGCT-1,Br2039,Visium,1,19,27,5743,5242,L5,0.5660778
TAAGCGCGAATCAAAT-1,Br2039,Visium,1,65,25,13799,5061,WM,2.9509785
TAAGGAACTTGTGGGA-1,Br2039,Visium,1,16,40,5214,6549,L1,0.94956964
TAAGGCAACATAAGAT-1,Br2039,Visium,1,25,71,6782,9673,L2_3,0.83043903
TAAGGCATAACATCAA-1,Br2039,Visium,1,57,49,12392,7473,WM,2.2550085
TAAGGCCCGTCACCCT-1,Br2039,Visium,1,62,70,13262,9589,WM,1.7268045
TAAGGCTGAATCCCTC-1,Br2039,Visium,1,45,97,10278,12298,WM,1.5725828
TAAGGGCCTGTCCGAT-1,Br2039,Visium,1,57,95,12380,12102,WM,2.0434833
TAAGTAACATCTTGAC-1,Br2039,Visium,1,46,40,10468,6562,WM,1.9246051
TAAGTCGCCGAGTATC-1,Br2039,Visium,1,54,32,11871,5761,WM,2.297546
TAAGTCGGTGAGCTAG-1,Br2039,Visium,1,69,125,14473,15127,WM,1.7608914
TAAGTGAATAGTCTAC-1,Br2039,Visium,1,72,24,15025,4964,WM,3.2026904
TAAGTTGCGACGTAGG-1,Br2039,Visium,1,53,95,11679,12101,WM,1.6755958
TAATACACAGTAGTAT-1,Br2039,Visium,1,20,64,5909,8966,L1,0.43335313
TAATACTAGAACAGAC-1,Br2039,Visium,1,69,77,14486,10296,WM,3.103174
TAATAGAACAGAGTTA-1,Br2039,Visium,1,50,38,11169,6363,WM,2.1582336
TAATAGCTAAATGATG-1,Br2039,Visium,1,26,124,6944,15007,WM,1.5154381
TAATAGTGACGACCAG-1,Br2039,Visium,1,27,83,7130,10881,WM,0.821015
TAATATTGAAATTCGC-1,Br2039,Visium,1,17,47,5388,7254,L4,0.7092441
TAATCAACCAAATGGG-1,Br2039,Visium,1,51,125,11321,15119,WM,1.402268
TAATCGATCCGTACGT-1,Br2039,Visium,1,25,93,6777,11887,WM,0.43224904
TAATGTCGGTTCATGG-1,Br2039,Visium,1,74,24,15375,4965,WM,3.774847
TAATTACGTCAGTAGA-1,Br2039,Visium,1,62,102,13254,12809,WM,1.4861064
TAATTAGGACATCCGT-1,Br2039,Visium,1,42,108,9750,13404,WM,1.1680275
TAATTCCAATGCTTCA-1,Br2039,Visium,1,65,121,13774,14723,WM,1.7178304
TACAACAGCGCATACA-1,Br2039,Visium,1,75,111,15528,13721,WM,3.152162
TACAACGCACAACTCA-1,Br2039,Visium,1,41,49,9590,7466,WM,1.8501115
TACAAGGGCTTCTTTA-1,Br2039,Visium,1,68,94,14306,12007,WM,2.5962868
TACAAGTCTCGTGCAT-1,Br2039,Visium,1,31,27,7844,5247,WM,1.7317346
TACACAGCCGTGGTGC-1,Br2039,Visium,1,72,74,15012,9996,WM,3.2967215
TACACCGTCGTTAGTC-1,Br2039,Visium,1,25,117,6771,14302,WM,1.2826774
TACACCTCTTCGAATC-1,Br2039,Visium,1,71,91,14832,11706,WM,3.4076066
TACAGAAACGGTGGGC-1,Br2039,Visium,1,59,85,12733,11097,WM,1.2807833
TACATAGGCATACACC-1,Br2039,Visium,1,40,60,9412,8573,WM,1.9403961
TACATGCCGGAATTGT-1,Br2039,Visium,1,54,122,11848,14818,WM,0.7428876
TACATTTCTAACGTGC-1,Br2039,Visium,1,39,55,9238,8069,WM,1.8687677
TACCAAATAGCCCAGA-1,Br2039,Visium,1,59,61,12739,8682,WM,1.5215896
TACCAATAAAGTACCA-1,Br2039,Visium,1,55,83,12033,10894,WM,1.2972363
TACCAGAAGTAGGTTC-1,Br2039,Visium,1,49,51,10990,7671,WM,2.3863673
TACCAGCTAGGTTTAA-1,Br2039,Visium,1,11,65,4332,9063,WM,0.6042245
TACCAGGAATCCCGTC-1,Br2039,Visium,1,68,36,14321,6170,WM,2.6928585
TACCATGTATTGATTT-1,Br2039,Visium,1,48,124,10796,15017,WM,2.238389
TACCCTCGGTAACCCT-1,Br2039,Visium,1,65,127,13772,15327,WM,1.9965019
TACCGAATAATTGTAA-1,Br2039,Visium,1,67,93,14131,11906,WM,3.3297648
TACCGCGGACTTGCAG-1,Br2039,Visium,1,33,97,8177,12293,WM,1.0783929
TACCGGCTCACTGCCC-1,Br2039,Visium,1,47,65,10636,9079,WM,1.9164855
TACCGGTCGTTTCCAT-1,Br2039,Visium,1,44,34,10119,5958,L6,0.66195756
TACCGTAGGTTAACTA-1,Br2039,Visium,1,59,57,12740,8279,WM,1.9068344
TACCGTGCCTCGGACC-1,Br2039,Visium,1,51,69,11336,9483,WM,1.8768061
TACCTACTCCCAGTAT-1,Br2039,Visium,1,58,62,12563,8782,WM,1.1317235
TACCTCACCAATTGTA-1,Br2039,Visium,1,77,125,15874,15131,WM,3.0828512
TACCTCACGCTTGTAC-1,Br2039,Visium,1,16,56,5210,8159,L1,1.7659438
TACCTCAGTTGTCTGT-1,Br2039,Visium,1,60,50,12917,7575,WM,1.5863689
TACCTCCACACCAATG-1,Br2039,Visium,1,65,29,13798,5464,WM,2.2966666
TACCTCTTTACCATCC-1,Br2039,Visium,1,66,122,13949,14824,WM,1.6626894
TACCTTAAGATTTCCC-1,Br2039,Visium,1,49,29,10996,5457,WM,1.3186111
TACGAACACGACTTCA-1,Br2039,Visium,1,31,53,7838,7864,WM,0.82183945
TACGACGCTTGCTGCG-1,Br2039,Visium,1,46,54,10464,7971,WM,1.2453758
TACGACTGCCTCTTAG-1,Br2039,Visium,1,44,66,10111,9178,WM,1.6314671
TACGAGAACTTCACGT-1,Br2039,Visium,1,35,39,8542,6457,WM,1.2268225
TACGATGTTGATCATC-1,Br2039,Visium,1,35,35,8543,6054,WM,1.7992998
TACGCAGTTCTTTCCT-1,Br2039,Visium,1,41,51,9589,7667,WM,0.8855365
TACGCCATATTCTAAT-1,Br2039,Visium,1,40,58,9412,8371,WM,1.6883309
TACGCCGAGGGTACCC-1,Br2039,Visium,1,56,34,12220,5963,WM,2.024503
TACGCCGCCTCAGAAG-1,Br2039,Visium,1,45,127,10270,15318,WM,1.6325748
TACGCCTCCATTCCGA-1,Br2039,Visium,1,55,59,12039,8479,WM,2.2568903
TACGCTATAGAAACCT-1,Br2039,Visium,1,34,104,8350,12998,WM,1.3626276
TACGCTCCTAGAACTG-1,Br2039,Visium,1,73,47,15194,7279,WM,3.5516906
TACGCTCGGTATTGGA-1,Br2039,Visium,1,61,113,13076,13916,WM,1.782202
TACGCTGCACGGTCGT-1,Br2039,Visium,1,75,117,15526,14325,WM,3.2152543
TACGCTGCTGTGTTAA-1,Br2039,Visium,1,68,24,14324,4962,WM,2.8958945
TACGGAAGCCAAACCA-1,Br2039,Visium,1,69,73,14487,9894,WM,2.83603
TACGGCATGGACGCTA-1,Br2039,Visium,1,63,115,13425,14118,WM,2.0833812
TACGGGATGCTAGCAG-1,Br2039,Visium,1,21,83,6079,10879,L2_3,0.8334311
TACGGGTAATAACATA-1,Br2039,Visium,1,72,88,15008,11405,WM,3.2631984
TACGTAAAGCGGAGTG-1,Br2039,Visium,1,63,103,13428,12910,WM,1.8224733
TACGTACTAGTGCTGA-1,Br2039,Visium,1,62,42,13269,6771,WM,1.7833673
TACGTGCAAGGTTCCT-1,Br2039,Visium,1,34,126,8344,15212,WM,0.5895986
TACGTGCACTATGCTG-1,Br2039,Visium,1,21,33,6092,5847,L1,2.0407362
TACGTGGGCCCAGGGC-1,Br2039,Visium,1,69,81,14485,10699,WM,2.789734
TACGTTTACCGGCAAT-1,Br2039,Visium,1,40,32,9419,5755,WM,1.9059439
TACTACGTGCAATGCG-1,Br2039,Visium,1,71,85,14834,11102,WM,3.1339858
TACTATGGTTCCTCAG-1,Br2039,Visium,1,57,47,12392,7272,WM,2.0772028
TACTCATTGACGCATC-1,Br2039,Visium,1,72,122,15000,14826,WM,2.6660757
TACTCCTCTAGTTGAC-1,Br2039,Visium,1,64,36,13621,6168,WM,2.4595866
TACTCGTTTGAATCAA-1,Br2039,Visium,1,72,86,15009,11203,WM,2.622592
TACTCTCCGAACAAAT-1,Br2039,Visium,1,21,81,6079,10677,L1,0.5657134
TACTCTTACTTTACTG-1,Br2039,Visium,1,59,111,12726,13714,WM,1.8652401
TACTCTTTCGTCTTCA-1,Br2039,Visium,1,58,46,12567,7172,WM,1.6237721
TACTGAACAGATTTAG-1,Br2039,Visium,1,56,44,12218,6969,WM,2.018799
TACTGCAATCAATTAC-1,Br2039,Visium,1,22,102,6249,12791,WM,1.0463262
TACTGCATGATTAAAT-1,Br2039,Visium,1,77,51,15893,7683,WM,2.5381947
TACTGGACAGCTCGGC-1,Br2039,Visium,1,35,25,8545,5048,WM,1.245483
TACTGTTTCTCTGGTA-1,Br2039,Visium,1,47,119,10623,14513,WM,2.2072296
TACTTAAACATGTACA-1,Br2039,Visium,1,66,108,13952,13415,WM,2.1110632
TACTTGTTAGTAGTCC-1,Br2039,Visium,1,37,87,8880,11288,WM,1.3662782
TACTTTACTGAGCCGG-1,Br2039,Visium,1,30,96,7652,12191,WM,0.90689063
TAGAAAGGTGGCGCTA-1,Br2039,Visium,1,31,81,7830,10682,WM,1.7761292
TAGAAGAAGGGTTACA-1,Br2039,Visium,1,65,125,13773,15125,WM,1.8506856
TAGAATAGCCGATGAA-1,Br2039,Visium,1,62,100,13254,12608,WM,1.6454711
TAGACGAAACGCCAAT-1,Br2039,Visium,1,63,73,13436,9891,WM,1.5895708
TAGACGCCCGTACCGG-1,Br2039,Visium,1,32,90,8003,11588,WM,0.94727707
TAGACTACCTAGCGTT-1,Br2039,Visium,1,38,104,9050,13000,WM,0.7261949
TAGAGATCATGCAACT-1,Br2039,Visium,1,44,26,10121,5153,WM,2.0445158
TAGAGCTACGAAGAAC-1,Br2039,Visium,1,13,53,4686,7856,WM,0.64234793
TAGAGGGAGTTTATCT-1,Br2039,Visium,1,73,65,15189,9090,WM,2.9932477
TAGAGGTTCTACTTGT-1,Br2039,Visium,1,54,96,11854,12202,WM,2.1750774
TAGAGTCTAAGCGAAC-1,Br2039,Visium,1,29,55,7487,8064,WM,1.2950157
TAGAGTGTTCCGGGTA-1,Br2039,Visium,1,75,101,15530,12714,WM,3.3433845
TAGATATGGACTGGAA-1,Br2039,Visium,1,49,53,10990,7872,WM,2.095199
TAGATGGTTCCTTACT-1,Br2039,Visium,1,59,97,12729,12305,WM,1.763257
TAGATTCAAAGTGCGG-1,Br2039,Visium,1,69,39,14496,6472,WM,3.263503
TAGATTCTCTAGCAAA-1,Br2039,Visium,1,73,119,15175,14525,WM,3.0603275
TAGCAACCTGTCACAA-1,Br2039,Visium,1,22,26,6269,5143,WM,1.010505
TAGCAGATACTTAGGG-1,Br2039,Visium,1,73,93,15182,11908,WM,3.4855204
TAGCAGTATGACTAAA-1,Br2039,Visium,1,66,98,13955,12408,WM,1.5884455
TAGCCATTTCAAAGTC-1,Br2039,Visium,1,43,89,9930,11492,WM,1.7341025
TAGCCGGCGGTCAGCG-1,Br2039,Visium,1,33,85,8180,11085,WM,1.2326491
TAGCGTCCCTCGATTG-1,Br2039,Visium,1,45,109,10275,13506,WM,1.6680952
TAGCGTCCGGTGTGGT-1,Br2039,Visium,1,53,77,11684,10289,WM,1.7378597
TAGCGTTGGGTCTTAC-1,Br2039,Visium,1,38,68,9060,9377,WM,1.6610804
TAGCTAAGTCCGGGAG-1,Br2039,Visium,1,29,57,7486,8266,WM,1.0705285
TAGCTAGAAGGCATGA-1,Br2039,Visium,1,51,51,11340,7672,WM,1.7019752
TAGCTAGTGATGATGG-1,Br2039,Visium,1,60,48,12917,7374,WM,1.5623325
TAGCTCACTGTGTTTG-1,Br2039,Visium,1,71,121,14825,14725,WM,2.372305
TAGCTCGCCTGATAAC-1,Br2039,Visium,1,50,58,11164,8376,WM,1.8761317
TAGGAGGCTCGAGAAC-1,Br2039,Visium,1,73,115,15176,14122,WM,3.4951975
TAGGATCTTAACCGCA-1,Br2039,Visium,1,76,70,15713,9595,WM,3.466132
TAGGCATGTTACGCCA-1,Br2039,Visium,1,23,85,6429,11081,WM,0.9388952
TAGGCCTATATAGTCT-1,Br2039,Visium,1,66,110,13952,13616,WM,2.1255698
TAGGCTAAAGTGGCAC-1,Br2039,Visium,1,65,99,13780,12509,WM,2.4248834
TAGGGAGCTTGGGATG-1,Br2039,Visium,1,36,96,8702,12194,WM,1.7424498
TAGGGTGTTTCAAGAG-1,Br2039,Visium,1,22,54,6261,7961,WM,0.774969
TAGGTCGCCGGAACTG-1,Br2039,Visium,1,32,100,8001,12594,WM,1.1638815
TAGGTGACGATAACCT-1,Br2039,Visium,1,61,79,13084,10494,WM,1.963428
TAGGTGAGCCCTACTC-1,Br2039,Visium,1,29,33,7493,5850,WM,1.8019298
TAGGTGCTCGCCTAGC-1,Br2039,Visium,1,40,86,9405,11189,WM,1.5785173
TAGGTGTTCCACAGAT-1,Br2039,Visium,1,60,60,12914,8581,WM,1.5027628
TAGGTTCGAGTTCGTC-1,Br2039,Visium,1,35,67,8535,9275,WM,1.1616057
TAGGTTCTGCTGAGAA-1,Br2039,Visium,1,72,62,15015,8788,WM,3.4416108
TAGTAGCTTATACCAG-1,Br2039,Visium,1,61,43,13094,6871,WM,2.468592
TAGTAGTTGCCGGACA-1,Br2039,Visium,1,77,73,15888,9897,WM,2.8729706
TAGTCCCGGAGACCAC-1,Br2039,Visium,1,66,48,13968,7376,WM,2.1414146
TAGTCCGCAGAGAATG-1,Br2039,Visium,1,39,53,9239,7868,WM,1.6920097
TAGTCCTGCACTAAGC-1,Br2039,Visium,1,69,25,14499,5063,WM,2.5558271
TAGTCGATCACGGGTT-1,Br2039,Visium,1,48,96,10804,12199,WM,1.3176359
TAGTCTAACAACGAGA-1,Br2039,Visium,1,40,34,9419,5956,WM,2.1610281
TAGTCTGCGGCACATT-1,Br2039,Visium,1,72,36,15022,6172,WM,3.6249318
TAGTCTGTGACGTTGC-1,Br2039,Visium,1,23,103,6424,12892,L1,1.725763
TAGTCTTTCCGAATTG-1,Br2039,Visium,1,50,116,11149,14213,WM,1.4303682
TAGTGACAAGCTCTAC-1,Br2039,Visium,1,73,123,15174,14928,WM,3.3314314
TAGTGCCCTCCAGAGT-1,Br2039,Visium,1,32,52,8013,7764,WM,1.0358548
TAGTTAAGATAGGATA-1,Br2039,Visium,1,12,82,4503,10774,WM,1.1711792
TATAAATCCACAAGCT-1,Br2039,Visium,1,20,44,5914,6953,WM,0.6791857
TATAAGTGAGGATAGC-1,Br2039,Visium,1,21,39,6090,6451,L1,0.76770127
TATACACAGACGCCTT-1,Br2039,Visium,1,50,60,11163,8577,WM,2.0491552
TATACACGCAAAGTAT-1,Br2039,Visium,1,18,36,5566,6147,L4,0.75287586
TATACCGAGTGCCACA-1,Br2039,Visium,1,50,120,11148,14615,WM,1.8922005
TATACGCGTCATCACT-1,Br2039,Visium,1,60,68,12912,9387,WM,2.1041942
TATAGAGTCGCTTGAA-1,Br2039,Visium,1,64,46,13618,7174,WM,1.4754674
TATAGATGGTCGCAGT-1,Br2039,Visium,1,40,102,9401,12799,WM,1.3400362
TATATAGGGCTTTACG-1,Br2039,Visium,1,63,33,13446,5866,WM,2.0879362
TATATATCGAGAAATG-1,Br2039,Visium,1,60,28,12922,5361,WM,2.2518644
TATATCAAAGTGATCT-1,Br2039,Visium,1,71,37,14846,6272,WM,3.093362
TATATCCCTGGGAGGA-1,Br2039,Visium,1,36,98,8702,12395,L1,1.2388792
TATATTCGCGTCGATA-1,Br2039,Visium,1,8,62,3808,8759,WM,0.9945657
TATCACCCAACCGACC-1,Br2039,Visium,1,24,100,6600,12591,L1,0.98637104
TATCACTTCGAGTAAC-1,Br2039,Visium,1,17,99,5374,12487,WM,0.9635247
TATCCAATTGGTTATC-1,Br2039,Visium,1,55,79,12034,10491,WM,0.87543964
TATCCATATCATGCGA-1,Br2039,Visium,1,18,52,5561,7758,L1,0.93404233
TATCCCTCGATCTGCA-1,Br2039,Visium,1,76,84,15710,11004,WM,3.024095
TATCCGCACCGTCGGG-1,Br2039,Visium,1,59,53,12741,7877,WM,2.504574
TATCCTATCAACTGGT-1,Br2039,Visium,1,69,59,14490,8485,WM,2.8358417
TATCCTGCATGGGAAT-1,Br2039,Visium,1,14,54,4861,7957,L1,1.3426738
TATCGATCTATGCATA-1,Br2039,Visium,1,22,88,6253,11382,WM,0.83901864
TATCGATGATTAAACG-1,Br2039,Visium,1,23,49,6438,7458,WM,0.5679194
TATCTACCACAGCGGG-1,Br2039,Visium,1,42,60,9762,8573,WM,1.5899383
TATGAAGAATTAAGGT-1,Br2039,Visium,1,67,99,14130,12510,WM,1.9107475
TATGATCCGGCACGCC-1,Br2039,Visium,1,26,112,6947,13799,L1,0.80660576
TATGATCTTCTCTTTA-1,Br2039,Visium,1,58,90,12556,11600,WM,1.7019637
TATGCTCCCTACTTAC-1,Br2039,Visium,1,25,61,6785,8666,WM,0.73003465
TATGGATGTGCTACGC-1,Br2039,Visium,1,26,54,6962,7962,WM,0.8900201
TATGGCCCGGCCTCGC-1,Br2039,Visium,1,30,30,7668,5549,WM,1.4948313
TATGGCTAGGCTAATT-1,Br2039,Visium,1,27,125,7119,15108,WM,1.3035874
TATGGGACCGAGCAGG-1,Br2039,Visium,1,36,56,8712,8168,WM,1.3931043
TATGGGTACGTATCGT-1,Br2039,Visium,1,32,58,8012,8368,WM,1.5771259
TATGGTCTGAGTAACA-1,Br2039,Visium,1,36,58,8712,8369,WM,1.414595
TATGGTTAGTGGGAGA-1,Br2039,Visium,1,41,105,9575,13102,WM,1.5269574
TATGTAAAGTGCTTAA-1,Br2039,Visium,1,66,44,13969,6974,WM,3.152182
TATGTCAAGACCGACT-1,Br2039,Visium,1,20,92,5901,11784,L1,1.0367284
TATGTCTCATTGTGCC-1,Br2039,Visium,1,30,82,7655,10782,WM,1.1039463
TATTAACCTGACCGCG-1,Br2039,Visium,1,57,45,12393,7071,WM,2.549108
TATTACCATCCTGCTT-1,Br2039,Visium,1,38,96,9052,12195,WM,1.7715838
TATTCAATTCTAATCC-1,Br2039,Visium,1,34,74,8358,9979,WM,1.5732682
TATTCCACTCAGCTCG-1,Br2039,Visium,1,49,57,10989,8275,WM,1.3535815
TATTCCGAGCTGTTAT-1,Br2039,Visium,1,54,86,11857,11195,WM,2.3359802
TATTCCGGCAGTCCTA-1,Br2039,Visium,1,5,57,3284,8255,WM,1.7481792
TATTCCTCCGCCCACT-1,Br2039,Visium,1,48,32,10820,5758,WM,2.003971
TATTCGTGCCAGAATA-1,Br2039,Visium,1,34,64,8360,8972,WM,1.4280565
TATTGACATTTCTGCC-1,Br2039,Visium,1,35,117,8522,14307,WM,0.58361804
TATTGCCGGGCTTGTA-1,Br2039,Visium,1,67,113,14126,13918,WM,2.4984727
TATTTAGTCTAGATCG-1,Br2039,Visium,1,18,58,5560,8361,L1,0.30593112
TATTTATACCGAGTAG-1,Br2039,Visium,1,16,78,5205,10373,WM,1.4660542
TATTTGATTTGCACAG-1,Br2039,Visium,1,54,118,11849,14416,WM,1.5679967
TATTTGTTACCCTTTA-1,Br2039,Visium,1,24,46,6614,7156,L5,0.9557824
TCAAACAACCGCGTCG-1,Br2039,Visium,1,24,60,6610,8565,L6,1.1143401
TCAAACTTAGATTGTT-1,Br2039,Visium,1,31,65,7835,9072,WM,1.4524252
TCAAAGTCACGGCGTC-1,Br2039,Visium,1,70,24,14674,4963,WM,3.429433
TCAAATTATGTTCGAC-1,Br2039,Visium,1,74,126,15349,15230,WM,2.2263281
TCAAATTGTTGTGCCG-1,Br2039,Visium,1,68,78,14310,10397,WM,2.5875993
TCAAATTTGAGACTCA-1,Br2039,Visium,1,60,70,12912,9588,WM,2.189168
TCAACAAAGATAATTC-1,Br2039,Visium,1,53,29,11696,5459,WM,2.2734795
TCAACACATTGGGTAA-1,Br2039,Visium,1,11,35,4340,6044,WM,1.6472049
TCAACATAGCGCCCTA-1,Br2039,Visium,1,58,44,12568,6970,WM,1.6925724
TCAACCATGTTCGGGC-1,Br2039,Visium,1,25,51,6788,7660,L1,0.9931016
TCAACGAGGAGACAAA-1,Br2039,Visium,1,42,56,9763,8171,WM,1.8058008
TCAACGCAGGAAATAA-1,Br2039,Visium,1,49,31,10995,5658,WM,1.8905709
TCAACTGCAGAGTCAG-1,Br2039,Visium,1,56,108,12201,13410,WM,1.8250902
TCAAGAAATACTAGCT-1,Br2039,Visium,1,34,108,8349,13401,WM,0.60444385
TCAAGCGCGGACGGTA-1,Br2039,Visium,1,58,114,12550,14015,WM,1.8489803
TCAAGCTGCCTTGAAA-1,Br2039,Visium,1,28,126,7294,15209,WM,1.4237324
TCAAGGTTACTACACC-1,Br2039,Visium,1,47,103,10627,12903,WM,1.1486713
TCAATACGCCGTCATG-1,Br2039,Visium,1,63,61,13439,8683,WM,2.1816607
TCAATATACAGGAGGC-1,Br2039,Visium,1,70,118,14650,14423,WM,2.4656782
TCAATCCCGCGCCAAA-1,Br2039,Visium,1,69,121,14474,14724,WM,2.4756324
TCAATCCGGGAAGTTT-1,Br2039,Visium,1,74,104,15354,13016,WM,3.350775
TCACAAACCGAGGTAC-1,Br2039,Visium,1,61,95,13080,12104,WM,1.4841189
TCACAGCAAACTCGAA-1,Br2039,Visium,1,51,49,11341,7470,WM,1.981697
TCACAGGAGAATAAGA-1,Br2039,Visium,1,55,49,12041,7472,WM,1.9049213
TCACAGGGAATCGCAA-1,Br2039,Visium,1,47,79,10633,10488,WM,1.1052834
TCACAGGTTATTGGGC-1,Br2039,Visium,1,32,48,8014,7361,WM,1.5523591
TCACCCTCTTAAGATT-1,Br2039,Visium,1,45,59,10288,8474,WM,2.3159595
TCACCGCTCGGCACTC-1,Br2039,Visium,1,30,92,7653,11788,WM,0.5058721
TCACGATGTCCGTGGA-1,Br2039,Visium,1,52,28,11521,5357,WM,1.2623904
TCACGCATTGTAGATC-1,Br2039,Visium,1,33,49,8189,7462,WM,0.7270122
TCACGGTCATCGCACA-1,Br2039,Visium,1,23,45,6439,7055,WM,0.99180365
TCACGTGCCCGATTCA-1,Br2039,Visium,1,38,62,9061,8773,WM,1.8241795
TCACTACGACCAATGC-1,Br2039,Visium,1,13,95,4675,12083,WM,1.0315824
TCACTATCCCTTCGGT-1,Br2039,Visium,1,72,104,15004,13015,WM,2.89564
TCACTCGTGCAACGGC-1,Br2039,Visium,1,15,93,5026,11882,WM,0.57607424
TCAGAACCTCCACAGG-1,Br2039,Visium,1,30,106,7649,13197,WM,0.8057478
TCAGAACGGCGGTAAT-1,Br2039,Visium,1,73,79,15186,10499,WM,3.5487592
TCAGACGCTATAGAAG-1,Br2039,Visium,1,48,72,10810,9784,WM,1.9940493
TCAGAGGACGCGTTAG-1,Br2039,Visium,1,75,87,15534,11305,WM,3.511392
TCAGAGTGTGAGCATG-1,Br2039,Visium,1,61,127,13072,15325,WM,1.989658
TCAGCAAATGCATCTC-1,Br2039,Visium,1,31,73,7833,9877,WM,1.294504
TCAGCAGTAGGCCCTG-1,Br2039,Visium,1,61,41,13094,6670,WM,2.1942363
TCAGCCAATCCGTAAA-1,Br2039,Visium,1,63,105,13428,13112,WM,1.7062335
TCAGCGCACGCCGTTT-1,Br2039,Visium,1,74,80,15361,10601,WM,3.037052
TCAGGGTGTAACGTAA-1,Br2039,Visium,1,28,72,7307,9775,WM,1.4229352
TCAGGTTCTTTGAGAA-1,Br2039,Visium,1,30,42,7665,6757,L1,1.1227694
TCAGTACTGACCCGCG-1,Br2039,Visium,1,26,34,6967,5950,WM,1.1717424
TCAGTAGGGACTATAA-1,Br2039,Visium,1,46,48,10466,7368,WM,1.8925422
TCAGTGTATACGTCAT-1,Br2039,Visium,1,58,36,12570,6165,WM,1.9523085
TCATAAGTCCAAGAAG-1,Br2039,Visium,1,62,124,13248,15023,WM,1.693356
TCATACTTACAGATCC-1,Br2039,Visium,1,22,24,6269,4941,WM,1.1957828
TCATATGAGCTTTGTT-1,Br2039,Visium,1,64,62,13614,8785,WM,2.4217103
TCATCACTCGAGCTCG-1,Br2039,Visium,1,17,29,5392,5442,L1,0.65730315
TCATCCTCAGCTGCTT-1,Br2039,Visium,1,68,90,14307,11604,WM,2.0929132
TCATCGACGACCGTCG-1,Br2039,Visium,1,70,84,14659,11001,WM,3.0861394
TCATCGATGGTCCCAA-1,Br2039,Visium,1,57,29,12397,5460,WM,2.3818982
TCATGCAGGTTCTCAT-1,Br2039,Visium,1,18,84,5553,10978,WM,1.6192324
TCATGGAGGCCTTTGT-1,Br2039,Visium,1,77,119,15876,14527,WM,1.9713614
TCATTTAAGTCTCCGA-1,Br2039,Visium,1,35,99,8526,12495,WM,1.4669254
TCATTTAGAAGTGTGA-1,Br2039,Visium,1,54,110,11851,13611,WM,1.9670241
TCCAACTCAGCTATCT-1,Br2039,Visium,1,67,91,14132,11704,WM,2.8913116
TCCAACTTTAAATTCT-1,Br2039,Visium,1,40,40,9417,6560,WM,2.0395877
TCCAAGCCTAGACACA-1,Br2039,Visium,1,67,79,14135,10497,WM,2.7532933
TCCAATAAAGGCTACC-1,Br2039,Visium,1,63,53,13441,7878,WM,2.282927
TCCACAATGGTTTACG-1,Br2039,Visium,1,30,36,7667,6153,WM,2.2293773
TCCACATCGTATATTG-1,Br2039,Visium,1,69,67,14488,9290,WM,2.4398088
TCCACCAAGACATAGG-1,Br2039,Visium,1,72,108,15003,13418,WM,2.500605
TCCACCTCTAGCCTTT-1,Br2039,Visium,1,61,53,13091,7877,WM,1.4018273
TCCACTTTATCTAGGT-1,Br2039,Visium,1,31,79,7831,10481,WM,0.9595575
TCCAGAGCACCGGTTC-1,Br2039,Visium,1,40,70,9409,9579,WM,2.1074958
TCCAGATGTACGCCAA-1,Br2039,Visium,1,24,114,6596,14000,WM,0.3999766
TCCAGCGCTATAAGCG-1,Br2039,Visium,1,52,116,11499,14214,WM,1.4975493
TCCAGGCAGGACGATC-1,Br2039,Visium,1,72,56,15016,8184,WM,2.4062028
TCCAGGCGAGTACGGT-1,Br2039,Visium,1,31,57,7837,8267,WM,1.4995241
TCCAGGGTATATACGA-1,Br2039,Visium,1,61,63,13088,8884,WM,1.9747005
TCCATTAGTTGGATAG-1,Br2039,Visium,1,6,26,3467,5136,WM,0.6972873
TCCCAAACATCCTCTA-1,Br2039,Visium,1,75,35,15547,6072,WM,3.121543
TCCCAAAGACGAAGGA-1,Br2039,Visium,1,26,60,6960,8566,WM,0.805954
TCCCAAAGCCCTAAAT-1,Br2039,Visium,1,39,117,9222,14308,WM,1.4554309
TCCCAATATCGACGAC-1,Br2039,Visium,1,77,101,15880,12715,WM,2.8426714
TCCCACTCTCTTCCGG-1,Br2039,Visium,1,31,107,7824,13299,WM,1.545411
TCCCAGCACACGACAT-1,Br2039,Visium,1,56,124,12197,15021,WM,2.6608784
TCCCAGCTTTAGTCTG-1,Br2039,Visium,1,34,56,8362,8167,WM,1.336688
TCCCAGGCTTAGCTAA-1,Br2039,Visium,1,30,48,7664,7360,WM,1.3758392
TCCCGCCTATGTGCGT-1,Br2039,Visium,1,32,122,7995,14809,L2_3,0.63534737
TCCCGCGTACTCCTGG-1,Br2039,Visium,1,27,69,7133,9472,WM,1.5105474
TCCCGGGTGTGCTGCT-1,Br2039,Visium,1,34,34,8368,5953,WM,1.7526532
TCCCGTCAGTCCCGCA-1,Br2039,Visium,1,23,75,6431,10075,L2_3,0.537556
TCCCGTCGCGTCATAG-1,Br2039,Visium,1,29,115,7472,14103,L2_3,0.9636334
TCCCGTGTGCAATTTG-1,Br2039,Visium,1,44,80,10107,10587,WM,1.1752925
TCCCTAGATCAATAGG-1,Br2039,Visium,1,28,114,7297,14002,L2_3,0.99417937
TCCCTCTTCTCAAGGG-1,Br2039,Visium,1,65,115,13776,14119,WM,1.9898069
TCCCTGGCTCGCTGGA-1,Br2039,Visium,1,33,27,8195,5248,WM,1.891053
TCCCTTAGATTACTCG-1,Br2039,Visium,1,18,86,5553,11179,WM,2.1649683
TCCCTTGTCTGAAACT-1,Br2039,Visium,1,67,115,14126,14120,WM,2.2511826
TCCGAACGTTGCCGCT-1,Br2039,Visium,1,51,121,11322,14716,WM,1.3268019
TCCGAATGGTCCTGAG-1,Br2039,Visium,1,31,113,7822,13902,WM,0.7088554
TCCGACCGCTAATCAA-1,Br2039,Visium,1,70,36,14671,6171,WM,2.91978
TCCGATAATTGCCATA-1,Br2039,Visium,1,18,64,5558,8965,WM,0.59036833
TCCGATGACTGAGCTC-1,Br2039,Visium,1,22,76,6256,10175,WM,1.1321576
TCCGATGGTGCGACAT-1,Br2039,Visium,1,25,53,6787,7861,L4,0.74300057
TCCGATTACATTGCCG-1,Br2039,Visium,1,32,32,8018,5751,WM,1.9023275
TCCGCCTGTCTACAAG-1,Br2039,Visium,1,56,74,12210,9989,WM,1.787359
TCCGCGGCAGCATCTG-1,Br2039,Visium,1,34,84,8355,10985,WM,1.5177221
TCCGCGGCCCAATGAA-1,Br2039,Visium,1,53,99,11678,12503,WM,2.237395
TCCGCTGTCATCCCGG-1,Br2039,Visium,1,47,81,10632,10689,WM,1.8115118
TCCGCTTATCCCATTA-1,Br2039,Visium,1,50,64,11162,8980,WM,2.0101476
TCCGGCCTAGCGTACA-1,Br2039,Visium,1,28,98,7301,12391,WM,1.23145
TCCGGCTGTCGGGTCG-1,Br2039,Visium,1,59,127,12722,15324,WM,2.1373243
TCCGGGCCACTAACGG-1,Br2039,Visium,1,76,100,15706,12614,WM,3.7275653
TCCGGGCTTGACGGGA-1,Br2039,Visium,1,66,96,13956,12207,WM,2.2321653
TCCGGTTCGTCCGGTC-1,Br2039,Visium,1,51,53,11340,7873,WM,1.586551
TCCGTTAAGCTAATAT-1,Br2039,Visium,1,52,100,11503,12603,WM,1.0336689
TCCGTTTAGCCTTGAA-1,Br2039,Visium,1,29,89,7478,11486,WM,0.9724972
TCCTAAAGATTCAGAC-1,Br2039,Visium,1,68,84,14309,11000,WM,1.9312913
TCCTAAATTGGGAAGC-1,Br2039,Visium,1,56,70,12211,9586,WM,2.3430953
TCCTAACCGTCGGGCA-1,Br2039,Visium,1,62,46,13268,7173,WM,2.0082417
TCCTACATCCACGGCC-1,Br2039,Visium,1,46,84,10456,10991,WM,1.8797128
TCCTAGCAAAGAAGCT-1,Br2039,Visium,1,41,41,9592,6661,WM,2.3473992
TCCTATCATAGGTAAC-1,Br2039,Visium,1,46,120,10447,14614,WM,1.4761866
TCCTCGGGCTGGGCTT-1,Br2039,Visium,1,40,76,9408,10183,WM,1.8311675
TCCTCTACGAGATGGC-1,Br2039,Visium,1,26,32,6968,5748,L4,0.77373797
TCCTGCAGCCGCCAAT-1,Br2039,Visium,1,77,77,15887,10300,WM,2.416179
TCCTGCGTTGATACTC-1,Br2039,Visium,1,38,30,9069,5552,L5,1.0545518
TCCTTACGACGGTCCG-1,Br2039,Visium,1,49,95,10979,12099,WM,1.8077297
TCCTTGTCCTTTAATT-1,Br2039,Visium,1,69,69,14488,9491,WM,2.6471622
TCCTTTAAATCCGCTT-1,Br2039,Visium,1,56,92,12205,11800,WM,1.458927
TCCTTTCTTACGCTTA-1,Br2039,Visium,1,30,62,7660,8769,WM,0.8972775
TCGAAATTTAGGACCA-1,Br2039,Visium,1,29,45,7490,7058,WM,1.257031
TCGAAGAACCGAGCAC-1,Br2039,Visium,1,45,99,10277,12500,WM,1.125661
TCGAATATCCCGCAGG-1,Br2039,Visium,1,58,32,12571,5763,WM,2.1368332
TCGAATCGCAGGGTAG-1,Br2039,Visium,1,75,53,15543,7884,WM,3.6712646
TCGACATAGCGTAGCG-1,Br2039,Visium,1,72,30,15023,5568,WM,3.1242685
TCGACTGACGATGGCT-1,Br2039,Visium,1,75,119,15526,14526,WM,2.920634
TCGAGACCAACACCGT-1,Br2039,Visium,1,37,55,8888,8068,WM,1.4943213
TCGAGCCAGGCAGGCC-1,Br2039,Visium,1,57,37,12395,6265,WM,2.2388797
TCGAGGGCAACAGACG-1,Br2039,Visium,1,57,119,12374,14518,WM,1.6813297
TCGATAGGCTAGTCGC-1,Br2039,Visium,1,8,48,3811,7351,WM,0.5235036
TCGATTTACGAAACGA-1,Br2039,Visium,1,76,68,15714,9394,WM,3.5093772
TCGCAAAGATGCATTT-1,Br2039,Visium,1,47,75,10634,10085,WM,1.4779425
TCGCACCAGGAGGCAG-1,Br2039,Visium,1,50,80,11158,10590,WM,1.7875922
TCGCATAAAGGGCGCA-1,Br2039,Visium,1,63,111,13426,13715,WM,2.3585997
TCGCATCCCTAAGTGT-1,Br2039,Visium,1,15,31,5042,5643,L1,0.3885485
TCGCATTCAATGACTT-1,Br2039,Visium,1,9,37,3989,6244,L1,0.6828548
TCGCCACCCGGATTAC-1,Br2039,Visium,1,75,19,15551,4462,WM,2.7503936
TCGCCGAAGTTGCGTC-1,Br2039,Visium,1,45,37,10293,6260,WM,2.3869696
TCGCCGACATATTCGC-1,Br2039,Visium,1,66,86,13958,11201,WM,2.0068338
TCGCCGGTCGATCCGT-1,Br2039,Visium,1,19,61,5734,8664,L1,0.32897046
TCGCCTCCTTCGGCTC-1,Br2039,Visium,1,74,92,15357,11808,WM,3.6426082
TCGCGTAGCAGTGTCC-1,Br2039,Visium,1,57,99,12379,12505,WM,1.3258262
TCGCGTCCAGAAGGTC-1,Br2039,Visium,1,31,29,7844,5449,WM,1.2421569
TCGCTAAACCGCTATC-1,Br2039,Visium,1,19,89,5727,11482,WM,1.6683517
TCGCTACTGGCTTTGA-1,Br2039,Visium,1,65,73,13786,9892,WM,2.3631675
TCGCTCGATATATTCC-1,Br2039,Visium,1,29,63,7485,8870,WM,1.7622662
TCGCTCGGCACCAGCG-1,Br2039,Visium,1,24,108,6598,13396,L1,1.1914587
TCGCTGCCAATGCTGT-1,Br2039,Visium,1,68,80,14310,10598,WM,2.8102562
TCGCTGGGCGGATTGT-1,Br2039,Visium,1,28,74,7307,9976,L2_3,0.94638574
TCGCTGTGCGTAAATC-1,Br2039,Visium,1,17,41,5389,6650,WM,0.62988555
TCGCTTTAAACGTTTG-1,Br2039,Visium,1,25,87,6778,11283,L1,0.6224157
TCGGAATGCGCTCTGA-1,Br2039,Visium,1,30,28,7669,5348,WM,1.698534
TCGGACGCCCAGCCCA-1,Br2039,Visium,1,33,79,8181,10482,L1,0.543018
TCGGAGTACATGAGTA-1,Br2039,Visium,1,32,74,8007,9978,WM,1.3110619
TCGGCAGGGTTAAGGG-1,Br2039,Visium,1,70,122,14649,14826,WM,2.25808
TCGGCGAACCCAAACC-1,Br2039,Visium,1,49,105,10976,13105,WM,1.521306
TCGGCTTGTATCGACG-1,Br2039,Visium,1,58,96,12555,12204,WM,2.1835413
TCGGGAACGTGCCTAG-1,Br2039,Visium,1,31,109,7823,13500,L1,0.84192467
TCGGGAGACAGCGTAC-1,Br2039,Visium,1,59,71,12736,9688,WM,1.9708247
TCGGGCCGTCGTGGTA-1,Br2039,Visium,1,40,88,9405,11390,WM,1.2698863
TCGGTCCCGACAATAG-1,Br2039,Visium,1,57,23,12398,4856,WM,2.0858767
TCGTAACTCCCAAGAC-1,Br2039,Visium,1,67,119,14125,14522,WM,1.6982728
TCGTAAGACGACATTG-1,Br2039,Visium,1,27,77,7131,10278,WM,0.838423
TCGTACCGACGTCAAG-1,Br2039,Visium,1,68,56,14316,8182,WM,2.89212
TCGTATTACCCATTGC-1,Br2039,Visium,1,37,25,8896,5049,WM,1.7701576
TCGTCAAGTACGCGCA-1,Br2039,Visium,1,56,38,12219,6366,WM,1.516366
TCGTCCGCTGGCGTCT-1,Br2039,Visium,1,22,40,6265,6552,WM,1.2195406
TCGTCTTAGGCGTTAA-1,Br2039,Visium,1,53,83,11682,10893,WM,1.6438649
TCGTGTACTATGGATG-1,Br2039,Visium,1,47,77,10633,10287,Unknown,0.0
TCGTGTATTGGTCACG-1,Br2039,Visium,1,53,117,11674,14315,WM,1.6099355
TCGTGTTCGACCACAA-1,Br2039,Visium,1,57,105,12377,13109,WM,1.3999243
TCGTTAGGAGTCCCTA-1,Br2039,Visium,1,52,54,11515,7974,WM,1.8022298
TCGTTGCTATCCGGTC-1,Br2039,Visium,1,54,46,11867,7170,WM,2.1098518
TCGTTGGCTCGTCAAT-1,Br2039,Visium,1,9,31,3991,5640,WM,0.73806024
TCGTTTACGCGACCCT-1,Br2039,Visium,1,70,94,14656,12008,WM,2.9896975
TCTAACCTAGCCTGCG-1,Br2039,Visium,1,74,112,15352,13821,WM,2.9768925
TCTAATACTGCCTCAG-1,Br2039,Visium,1,57,25,12398,5058,WM,1.9103804
TCTACCCAATAGAGAG-1,Br2039,Visium,1,56,106,12202,13209,WM,2.4212449
TCTACCCGCATCATTT-1,Br2039,Visium,1,75,113,15527,13922,WM,3.1824949
TCTACCGTCCACAAGC-1,Br2039,Visium,1,27,67,7134,9271,WM,1.6513968
TCTACGCACGATCTCC-1,Br2039,Visium,1,75,29,15549,5468,WM,3.2023377
TCTAGCAATCTCCGCC-1,Br2039,Visium,1,46,30,10470,5556,WM,2.171194
TCTAGCATCTTCGATG-1,Br2039,Visium,1,23,43,6439,6854,WM,1.1194087
TCTAGCATGCCCAGAA-1,Br2039,Visium,1,48,66,10811,9180,WM,1.7620473
TCTAGGTGGCGACGCT-1,Br2039,Visium,1,29,99,7476,12493,WM,1.019354
TCTAGTGATATCGTGG-1,Br2039,Visium,1,44,98,10103,12399,WM,1.0386548
TCTAGTTATCAGAAGA-1,Br2039,Visium,1,34,54,8363,7966,WM,1.0795895
TCTATAGGTGGGTAAT-1,Br2039,Visium,1,65,109,13777,13515,WM,2.0845127
TCTATCATGCAGTTAC-1,Br2039,Visium,1,18,40,5565,6550,L2_3,0.6480942
TCTATCCGATTGCACA-1,Br2039,Visium,1,73,85,15184,11103,WM,3.6745722
TCTATCGGTCGCAACA-1,Br2039,Visium,1,22,64,6259,8967,WM,0.9539629
TCTATGCTATAACGAC-1,Br2039,Visium,1,64,94,13606,12005,WM,1.5662155
TCTATTACGCTGGCGA-1,Br2039,Visium,1,14,34,4866,5944,WM,0.9380439
TCTCAAATCAATCGGG-1,Br2039,Visium,1,71,89,14833,11505,WM,2.7565336
TCTCAGGCTACTCGCT-1,Br2039,Visium,1,72,118,15001,14424,WM,2.8760781
TCTCATGAGATAGGGT-1,Br2039,Visium,1,49,87,10981,11294,WM,0.83456933
TCTCCAACGTAGGTTA-1,Br2039,Visium,1,20,78,5905,10375,L1,0.95155454
TCTCCACAAGTTGAAT-1,Br2039,Visium,1,61,93,13081,11903,WM,1.7335031
TCTCCCTGGGCAGCGT-1,Br2039,Visium,1,54,80,11858,10592,WM,1.8667094
TCTCGACGTATCGCCG-1,Br2039,Visium,1,45,113,10274,13909,WM,1.7717888
TCTCGAGGAGGTTCGC-1,Br2039,Visium,1,52,112,11500,13811,WM,1.1621655
TCTCGGCTCCAGGACT-1,Br2039,Visium,1,13,23,4693,4837,L1,0.61333716
TCTCTAATAGCTGGTA-1,Br2039,Visium,1,20,52,5912,7758,L2_3,1.0642222
TCTCTCGCCGCACATA-1,Br2039,Visium,1,55,115,12024,14114,WM,1.9145788
TCTCTTACCGCGAACC-1,Br2039,Visium,1,65,43,13794,6873,WM,2.0464091
TCTGAACCGGTCGGCT-1,Br2039,Visium,1,21,37,6091,6249,L1,0.81750804
TCTGAACTCGTACCCG-1,Br2039,Visium,1,47,95,10629,12098,WM,1.7650768
TCTGAAGCACGTGGTC-1,Br2039,Visium,1,56,84,12208,10995,WM,1.7280605
TCTGAATTCCGTACAA-1,Br2039,Visium,1,34,94,8352,11992,WM,1.4646409
TCTGACGGGCTAACCC-1,Br2039,Visium,1,28,120,7295,14605,L1,2.4417777
TCTGAGCAATTGACTG-1,Br2039,Visium,1,54,112,11850,13812,WM,2.2026362
TCTGATCGGGTGCTAG-1,Br2039,Visium,1,34,118,8346,14407,WM,1.2665176
TCTGATGTATTCTGTC-1,Br2039,Visium,1,51,83,11332,10892,WM,1.709323
TCTGATTGGAAATGGA-1,Br2039,Visium,1,35,123,8520,14911,L1,0.425274
TCTGCATACCTTGCTT-1,Br2039,Visium,1,61,99,13079,12507,WM,2.1323895
TCTGCCAGAAACTGCA-1,Br2039,Visium,1,41,79,9582,10485,WM,1.573736
TCTGCGTCCGGTTTCT-1,Br2039,Visium,1,15,23,5044,4838,L1,0.8472749
TCTGCTTAGAACAAGC-1,Br2039,Visium,1,50,126,11146,15219,WM,0.9032928
TCTGGAGCGTAAGAGT-1,Br2039,Visium,1,38,126,9045,15214,L4,1.1447937
TCTGGCCGTTCAAGTT-1,Br2039,Visium,1,36,122,8696,14810,WM,1.4584608
TCTGGGAACCTTTGAA-1,Br2039,Visium,1,40,98,9402,12397,WM,2.1053486
TCTGGGTAGCGCTCAT-1,Br2039,Visium,1,40,36,9418,6157,WM,1.5220754
TCTGTGCCATCATAGT-1,Br2039,Visium,1,32,80,8006,10582,WM,1.3354568
TCTGTGGCTACATTTC-1,Br2039,Visium,1,3,47,2936,7248,WM,1.3183362
TCTGTTACCCAGCATA-1,Br2039,Visium,1,51,35,11345,6061,WM,2.0890832
TCTTACAGAGGTACCG-1,Br2039,Visium,1,15,45,5038,7052,WM,1.2603974
TCTTACCGGAACTCGT-1,Br2039,Visium,1,21,91,6077,11684,L1,1.6108452
TCTTACGGCATCCGAC-1,Br2039,Visium,1,25,29,6793,5446,WM,1.2414631
TCTTACTTATGCCTCT-1,Br2039,Visium,1,45,93,10279,11896,WM,2.1725307
TCTTAGAGCTCCAATT-1,Br2039,Visium,1,40,108,9400,13403,WM,1.189755
TCTTAGAGTGAACTCT-1,Br2039,Visium,1,43,99,9927,12499,WM,2.0681849
TCTTCCCATGGGCACA-1,Br2039,Visium,1,32,96,8002,12192,WM,1.0328739
TCTTCGAATAGACGTT-1,Br2039,Visium,1,39,71,9234,9679,WM,1.6654954
TCTTCGATACCAATAA-1,Br2039,Visium,1,32,66,8009,9173,L4,1.2804487
TCTTCGCGGTGAGAGG-1,Br2039,Visium,1,60,116,12900,14217,WM,2.2171254
TCTTCTATAACCCGCC-1,Br2039,Visium,1,45,107,10275,13305,WM,1.4939429
TCTTGATGCGTAGCGA-1,Br2039,Visium,1,32,68,8009,9374,WM,1.737349
TCTTGCTCCCGATACT-1,Br2039,Visium,1,65,67,13788,9288,WM,1.7975607
TCTTGGTAACACCAAA-1,Br2039,Visium,1,21,65,6083,9067,L2_3,0.6404283
TCTTGGTCAATGATAC-1,Br2039,Visium,1,74,20,15376,4562,WM,2.8644621
TCTTTAAGACTATGAA-1,Br2039,Visium,1,34,98,8351,12394,WM,1.4980257
TCTTTAGAGTCTAACA-1,Br2039,Visium,1,50,114,11149,14011,WM,1.4733481
TCTTTAGCAGGCGAAC-1,Br2039,Visium,1,34,116,8347,14206,WM,1.2838622
TCTTTCCTTCGAGATA-1,Br2039,Visium,1,58,120,12548,14619,WM,1.6439927
TGAAAGGACCTGACTC-1,Br2039,Visium,1,35,83,8530,10885,WM,1.5203102
TGAACAAGCAGGGACT-1,Br2039,Visium,1,66,36,13971,6169,WM,2.4638505
TGAATACCGACGCGTA-1,Br2039,Visium,1,66,82,13959,10798,WM,2.2298255
TGAATGAGTGTTTCCC-1,Br2039,Visium,1,66,50,13967,7578,WM,2.77494
TGAATGTCAGCCGGCC-1,Br2039,Visium,1,47,109,10625,13507,WM,1.605866
TGACAACGCATGTCGC-1,Br2039,Visium,1,40,124,9395,15013,WM,1.2279934
TGACAACTTAAAGGTG-1,Br2039,Visium,1,77,35,15897,6073,WM,3.8075335
TGACATCGAGCGGACC-1,Br2039,Visium,1,35,101,8526,12696,WM,1.5828365
TGACATGTAACGTGAC-1,Br2039,Visium,1,69,63,14489,8887,WM,2.6932473
TGACCAAATCTTAAAC-1,Br2039,Visium,1,66,62,13964,8785,WM,2.396997
TGACCCACGTTAGACA-1,Br2039,Visium,1,33,47,8189,7261,WM,1.4937614
TGACGATGCACTAGAA-1,Br2039,Visium,1,37,95,8878,12094,WM,1.3901855
TGACTATAATCCTTTC-1,Br2039,Visium,1,46,68,10461,9380,WM,1.825465
TGACTCTAACTGGTAA-1,Br2039,Visium,1,67,123,14124,14925,WM,1.6739044
TGAGAATGCTTTACCG-1,Br2039,Visium,1,18,54,5561,7959,L1,0.6330227
TGAGAGATTTACCACG-1,Br2039,Visium,1,41,91,9579,11693,WM,1.9462214
TGAGATCAAATACTCA-1,Br2039,Visium,1,7,63,3632,8860,WM,0.5193398
TGAGATTAGGCCCTAA-1,Br2039,Visium,1,16,94,5200,11984,L1,0.5012814
TGAGCCATACAGTCTC-1,Br2039,Visium,1,42,38,9768,6359,WM,1.8861668
TGAGCGGAAAGTGTTC-1,Br2039,Visium,1,55,65,12037,9082,WM,1.8156618
TGAGCTCAACTGTATA-1,Br2039,Visium,1,58,124,12547,15021,WM,1.5461652
TGAGCTTTAATGACGC-1,Br2039,Visium,1,19,85,5728,11079,WM,2.0703964
TGAGGAGTGCCAGCTT-1,Br2039,Visium,1,58,58,12564,8379,WM,1.7251735
TGAGGTGTGTGGCGGA-1,Br2039,Visium,1,70,52,14667,7781,WM,3.0547283
TGAGGTTGATCCCAAG-1,Br2039,Visium,1,1,37,2588,6240,WM,1.4071884
TGAGTAAATTAGCGTA-1,Br2039,Visium,1,47,57,10638,8274,WM,2.0546255
TGAGTGCCTCTTAAAT-1,Br2039,Visium,1,45,41,10292,6663,WM,1.7342532
TGAGTGGTCCGTGACG-1,Br2039,Visium,1,30,84,7655,10983,WM,1.527969
TGAGTGTAACAACGGG-1,Br2039,Visium,1,73,105,15179,13116,WM,3.1851788
TGAGTTAAAGACATTC-1,Br2039,Visium,1,48,112,10799,13809,WM,1.6293229
TGATACATTTAGCCGT-1,Br2039,Visium,1,55,43,12043,6868,WM,2.0579557
TGATCACCACACTGAC-1,Br2039,Visium,1,69,51,14492,7680,WM,2.8828409
TGATCAGGGAACTGCT-1,Br2039,Visium,1,42,24,9771,4950,WM,1.9806914
TGATCCCAGCATTAGT-1,Br2039,Visium,1,27,107,7123,13297,L1,0.8615624
TGATCGGTTTGACCCT-1,Br2039,Visium,1,28,54,7312,7963,WM,1.6616461
TGATCTACGCTGATCT-1,Br2039,Visium,1,16,100,5199,12587,WM,0.8955455
TGATCTATCACACTCT-1,Br2039,Visium,1,72,92,15007,11807,WM,2.4331703
TGATCTCCGGCGCCAG-1,Br2039,Visium,1,28,50,7313,7561,WM,0.6293437
TGATGGCTGTTTCTGA-1,Br2039,Visium,1,30,114,7647,14003,L1,0.5497139
TGATGTCAATTAAGTG-1,Br2039,Visium,1,59,103,12728,12908,WM,1.8391898
TGATTCCCGGTTACCT-1,Br2039,Visium,1,64,50,13617,7577,WM,2.3261828
TGATTCGTCTATCACT-1,Br2039,Visium,1,31,41,7841,6656,WM,1.465022
TGATTCTGTCGCCGGT-1,Br2039,Visium,1,48,44,10817,6966,WM,1.784237
TGATTTATTAGCTGTG-1,Br2039,Visium,1,38,34,9068,5955,WM,1.7110708
TGATTTCCTCCTGACG-1,Br2039,Visium,1,16,34,5216,5945,L1,0.9364339
TGCAAACGTACTAGTT-1,Br2039,Visium,1,77,49,15894,7482,WM,2.512939
TGCAAAGTTCGTCTGT-1,Br2039,Visium,1,71,59,14841,8486,WM,3.1973963
TGCAACCCATCTGCGG-1,Br2039,Visium,1,60,90,12906,11601,WM,1.700928
TGCAACTACTGGTTGA-1,Br2039,Visium,1,69,91,14482,11705,WM,2.667614
TGCAAGAATGACGTAA-1,Br2039,Visium,1,30,60,7661,8568,WM,1.4287592
TGCAATCTAACACGGT-1,Br2039,Visium,1,62,90,13257,11602,WM,1.8590037
TGCACGAGTCGGCAGC-1,Br2039,Visium,1,6,66,3457,9161,WM,1.3116452
TGCAGAGTACCGAGCA-1,Br2039,Visium,1,38,46,9065,7163,WM,1.5575107
TGCAGGATCGGCAAAG-1,Br2039,Visium,1,24,74,6607,9974,L1,0.4426033
TGCAGTGGTAGGGAAC-1,Br2039,Visium,1,68,20,14325,4560,WM,2.9000454
TGCAGTTTCCTCCCAT-1,Br2039,Visium,1,40,90,9404,11592,WM,1.7311001
TGCATATGTCTGTCAC-1,Br2039,Visium,1,35,85,8530,11086,WM,1.6176323
TGCATGGATCGGATCT-1,Br2039,Visium,1,19,67,5733,9268,WM,0.8704518
TGCATGTGACCCATAG-1,Br2039,Visium,1,68,38,14321,6371,WM,2.4910119
TGCATGTGGTAATCTA-1,Br2039,Visium,1,29,81,7480,10681,WM,0.8338544
TGCCAATGGGTACTCT-1,Br2039,Visium,1,54,52,11866,7774,WM,2.2453964
TGCCACCTGGCGAAAC-1,Br2039,Visium,1,20,76,5906,10174,WM,0.62879854
TGCCAGTACGTGGAGA-1,Br2039,Visium,1,51,71,11335,9684,WM,1.6250544
TGCCATTACTAAAGAA-1,Br2039,Visium,1,21,87,6078,11281,L1,1.2654783
TGCCCGATAGTTAGAA-1,Br2039,Visium,1,72,78,15011,10398,WM,3.2380342
TGCCCGTACCGTTAAA-1,Br2039,Visium,1,45,75,10284,10084,WM,1.899976
TGCCGAAAGCGTATTC-1,Br2039,Visium,1,33,119,8171,14507,L2_3,0.70632464
TGCCGGATGTACGAGC-1,Br2039,Visium,1,62,34,13271,5966,WM,2.316527
TGCCGTGGATCGTCCT-1,Br2039,Visium,1,57,63,12388,8882,WM,1.7682412
TGCCGTGGGACCCAAT-1,Br2039,Visium,1,71,67,14839,9291,WM,2.8658357
TGCCTAAATTTAATAG-1,Br2039,Visium,1,39,127,9220,15315,WM,0.5193609
TGCCTAATTGAAGATT-1,Br2039,Visium,1,55,105,12027,13108,WM,1.2815037
TGCCTGACATCGGTCA-1,Br2039,Visium,1,16,20,5220,4536,WM,1.2714128
TGCCTGATCAAACGAT-1,Br2039,Visium,1,20,70,5907,9570,WM,0.45151705
TGCCTTGGCCAGGCAA-1,Br2039,Visium,1,52,82,11508,10792,WM,1.5138168
TGCGACACCCTAGTGC-1,Br2039,Visium,1,46,46,10466,7166,WM,1.7813078
TGCGACGGCCGAACGT-1,Br2039,Visium,1,60,32,12921,5764,WM,2.251257
TGCGAGAATATTACCC-1,Br2039,Visium,1,50,40,11168,6564,WM,1.264031
TGCGCAAAGCATTTGG-1,Br2039,Visium,1,31,67,7834,9273,WM,1.2930534
TGCGCCGTTAATAACG-1,Br2039,Visium,1,41,123,9571,14913,WM,1.3666577
TGCGCGATTAACGGAG-1,Br2039,Visium,1,27,41,7140,6655,WM,0.9912719
TGCGGACTTGACTCCG-1,Br2039,Visium,1,68,76,14311,10195,WM,2.5121708
TGCGGAGTAAAGGTGC-1,Br2039,Visium,1,22,70,6257,9571,WM,0.92793256
TGCGGTGAAATTTCAT-1,Br2039,Visium,1,12,66,4507,9164,WM,0.99949664
TGCGTAAGAACCTGAT-1,Br2039,Visium,1,43,43,9942,6863,WM,1.8977737
TGCGTACGGCTAATTG-1,Br2039,Visium,1,67,101,14129,12711,WM,2.9342852
TGCGTTTGTTGACACT-1,Br2039,Visium,1,42,76,9758,10184,WM,1.6850488
TGCTAAGTGTCTATTT-1,Br2039,Visium,1,52,90,11506,11597,WM,1.6266303
TGCTATACAAACGGAC-1,Br2039,Visium,1,5,55,3284,8054,WM,0.8097507
TGCTATGGCAAAGGGA-1,Br2039,Visium,1,70,26,14674,5164,WM,3.183519
TGCTCAAAGGATGCAC-1,Br2039,Visium,1,77,19,15902,4463,WM,3.114767
TGCTCCACAGTTCTTA-1,Br2039,Visium,1,45,95,10278,12097,WM,1.0450493
TGCTCGGCGAAACCCA-1,Br2039,Visium,1,57,61,12389,8681,WM,2.0764694
TGCTCGGTGGGTCACC-1,Br2039,Visium,1,66,72,13962,9792,WM,2.2502978
TGCTCTGCCGGTTCAC-1,Br2039,Visium,1,27,127,7118,15310,WM,1.2588818
TGCTCTTGAGAGTTTG-1,Br2039,Visium,1,64,70,13612,9590,WM,1.804159
TGCTGGTTGGACAATT-1,Br2039,Visium,1,21,41,6090,6652,WM,0.9800954
TGCTGTTGAAGAACTC-1,Br2039,Visium,1,38,66,9060,9175,WM,1.079854
TGCTTAGAGAGAATGC-1,Br2039,Visium,1,62,26,13273,5161,WM,2.608317
TGCTTCCCAAGCAGTA-1,Br2039,Visium,1,62,66,13263,9186,WM,2.5317414
TGCTTGAAACCATGCA-1,Br2039,Visium,1,9,17,3994,4231,WM,1.1311862
TGGAAACGGAGTGAAC-1,Br2039,Visium,1,6,16,3469,4129,L6,0.462696
TGGAACCACTGACACA-1,Br2039,Visium,1,24,102,6599,12792,WM,0.8346621
TGGAAGAAGGGAACGT-1,Br2039,Visium,1,39,35,9243,6056,WM,2.2105606
TGGAAGACGAACACCA-1,Br2039,Visium,1,14,46,4863,7152,WM,1.0249381
TGGAAGGATAAAGATG-1,Br2039,Visium,1,20,68,5908,9369,L1,1.0881953
TGGAATATCCTTGACC-1,Br2039,Visium,1,23,107,6423,13295,WM,0.860047
TGGACCAATCTAAGAT-1,Br2039,Visium,1,62,80,13259,10595,WM,1.9241629
TGGACCACGGCGTTGA-1,Br2039,Visium,1,7,19,3644,4432,L6,0.9049521
TGGACTGTTCGCTCAA-1,Br2039,Visium,1,37,73,8883,9879,WM,1.9076447
TGGAGAATAATCGTCC-1,Br2039,Visium,1,72,44,15020,6977,WM,3.7479196
TGGAGTGATGCGATGA-1,Br2039,Visium,1,29,41,7491,6655,WM,0.7805091
TGGATGGCATCTTGGA-1,Br2039,Visium,1,77,47,15894,7281,WM,2.4718695
TGGCAAACTAAATTAC-1,Br2039,Visium,1,50,78,11158,10388,WM,1.7868748
TGGCAACTCGCGCGCC-1,Br2039,Visium,1,22,86,6253,11181,L1,0.83825314
TGGCAAGCACAAGTCG-1,Br2039,Visium,1,66,56,13966,8182,WM,2.3580332
TGGCAATGGGACGGCG-1,Br2039,Visium,1,54,106,11852,13208,WM,2.0101843
TGGCAGATTACGATCA-1,Br2039,Visium,1,44,58,10113,8373,WM,2.3581572
TGGCAGCAGTAATAGT-1,Br2039,Visium,1,39,61,9237,8673,WM,1.7781142
TGGCCAAACTGAAGTA-1,Br2039,Visium,1,28,76,7306,10177,WM,1.043895
TGGCCGTATATTGACC-1,Br2039,Visium,1,26,38,6966,6352,WM,1.8020136
TGGCGACTGCTCCAAA-1,Br2039,Visium,1,55,47,12042,7271,WM,1.5939963
TGGCGATCAAGTTATG-1,Br2039,Visium,1,51,55,11339,8074,WM,2.1272578
TGGCTACACTCTACCT-1,Br2039,Visium,1,64,100,13604,12609,WM,1.5032437
TGGCTATGTGACATAC-1,Br2039,Visium,1,60,82,12908,10796,WM,1.9410146
TGGCTTTGGGTAGACA-1,Br2039,Visium,1,19,51,5737,7657,WM,0.80121744
TGGGAAATGCCTTTCC-1,Br2039,Visium,1,23,27,6443,5244,WM,1.218848
TGGGCAATAGTTGGGT-1,Br2039,Visium,1,46,108,10450,13406,WM,1.5098541
TGGGCACAAACAGAAC-1,Br2039,Visium,1,8,46,3812,7149,WM,1.0272591
TGGGCAGGCCACCGCA-1,Br2039,Visium,1,54,116,11849,14215,WM,1.2227429
TGGGCCACAAGAGCGC-1,Br2039,Visium,1,18,72,5556,9770,L1,0.9442375
TGGGCCCATACTAATT-1,Br2039,Visium,1,47,89,10630,11494,WM,1.6300989
TGGGCGATACAATAAG-1,Br2039,Visium,1,68,62,14314,8786,WM,2.4329906
TGGGTAAGGTTCCCGC-1,Br2039,Visium,1,13,79,4679,10473,WM,0.9702256
TGGGTGCACAAGCCAT-1,Br2039,Visium,1,69,85,14484,11101,WM,2.9126174
TGGGTGTAATAGATTT-1,Br2039,Visium,1,68,102,14304,12812,WM,2.758843
TGGGTGTTAAGTAGAA-1,Br2039,Visium,1,72,68,15013,9392,WM,3.6793075
TGGGTTTCGGGCGTAC-1,Br2039,Visium,1,71,25,14849,5064,WM,2.8379393
TGGTAGAATATATGGG-1,Br2039,Visium,1,48,100,10803,12602,WM,2.085719
TGGTATCGCATCCCAA-1,Br2039,Visium,1,8,68,3806,9363,WM,1.0251021
TGGTATCGGTCTGTAT-1,Br2039,Visium,1,7,59,3633,8457,WM,0.66536975
TGGTCCCACGCTACGG-1,Br2039,Visium,1,52,74,11510,9987,WM,2.5812433
TGGTCGATATACCTCT-1,Br2039,Visium,1,73,37,15196,6273,WM,3.8919356
TGGTCTGTTGGGCGTA-1,Br2039,Visium,1,37,29,8895,5451,WM,1.8474439
TGGTGCCCTGCCTTAC-1,Br2039,Visium,1,74,52,15368,7783,WM,3.530953
TGGTTAAGGGCGCTGG-1,Br2039,Visium,1,26,114,6946,14001,L1,2.0053077
TGGTTCAACGGGTAAT-1,Br2039,Visium,1,50,74,11159,9986,WM,1.6429073
TGGTTCGTAGCAAAGG-1,Br2039,Visium,1,23,55,6436,8062,L5,0.8566134
TGGTTTAAACGTGGGT-1,Br2039,Visium,1,24,112,6597,13799,WM,1.1336901
TGTAACTTGTCAACCT-1,Br2039,Visium,1,3,31,2940,5637,WM,1.5100203
TGTACCTACACGAGGG-1,Br2039,Visium,1,59,91,12731,11701,WM,1.3513236
TGTACGAACAAATCCG-1,Br2039,Visium,1,38,58,9062,8370,WM,2.254573
TGTACTATCGCTCGTT-1,Br2039,Visium,1,76,94,15707,12010,WM,3.4404616
TGTACTTCCGGGCATG-1,Br2039,Visium,1,70,114,14651,14020,WM,2.9091353
TGTAGCCAATTCCGTT-1,Br2039,Visium,1,71,81,14835,10700,WM,2.4871776
TGTAGCCATCCCATTC-1,Br2039,Visium,1,62,112,13251,13816,WM,2.0551682
TGTAGGAGAAATTTCC-1,Br2039,Visium,1,34,86,8355,11186,WM,1.1817573
TGTAGTGATCTATAAT-1,Br2039,Visium,1,35,33,8543,5853,WM,1.3095337
TGTATAACAGATCCTG-1,Br2039,Visium,1,29,79,7481,10480,L4,0.7478125
TGTATGGCGCAGACAG-1,Br2039,Visium,1,43,93,9929,11895,WM,1.8448678
TGTCCACGGCTCAACT-1,Br2039,Visium,1,65,101,13779,12710,WM,1.6979468
TGTCCGCAAACAATTC-1,Br2039,Visium,1,73,51,15193,7682,WM,3.7887712
TGTCCTAAGTCACCGC-1,Br2039,Visium,1,34,30,8369,5551,WM,1.7592291
TGTCGTGGGTATAGGC-1,Br2039,Visium,1,75,67,15539,9293,WM,3.5359073
TGTGACTACGCCAGTC-1,Br2039,Visium,1,21,73,6081,9872,WM,0.88408446
TGTGACTAGAGTTTGC-1,Br2039,Visium,1,68,110,14302,13617,WM,2.419292
TGTGAGACTAGCCCAA-1,Br2039,Visium,1,59,63,12738,8883,WM,1.7691331
TGTGCCGGTGCCGGAA-1,Br2039,Visium,1,53,97,11679,12302,WM,0.9255799
TGTGGACTATCTACGT-1,Br2039,Visium,1,52,126,11496,15220,WM,1.6535766
TGTGGCAAAGCGTATG-1,Br2039,Visium,1,29,87,7479,11285,WM,1.1137004
TGTGGCGGGCTTCTGG-1,Br2039,Visium,1,65,59,13790,8483,WM,2.1578484
TGTGGCTCCCACCAAC-1,Br2039,Visium,1,44,118,10097,14411,WM,1.6275895
TGTGGTAGGGTGCCTT-1,Br2039,Visium,1,53,125,11672,15120,WM,1.2857985
TGTGGTTGCTAAAGCT-1,Br2039,Visium,1,65,49,13793,7477,WM,2.087232
TGTGTAGTAGCACGTG-1,Br2039,Visium,1,58,116,12550,14216,WM,1.5555516
TGTGTCGCGAGTTGCA-1,Br2039,Visium,1,24,36,6616,6150,WM,1.3248103
TGTTAACAAAGTGACT-1,Br2039,Visium,1,71,123,14824,14927,WM,1.9687706
TGTTATTGTATGTGGC-1,Br2039,Visium,1,44,86,10106,11191,WM,1.5757636
TGTTCCGCTTCCATGA-1,Br2039,Visium,1,36,44,8716,6961,WM,1.6869884
TGTTCCGGCCTGAGCT-1,Br2039,Visium,1,70,66,14664,9190,WM,2.9744406
TGTTCGTATTGCGGTG-1,Br2039,Visium,1,49,61,10988,8677,WM,1.9446838
TGTTCTCATACTATAG-1,Br2039,Visium,1,71,127,14823,15329,WM,2.681959
TGTTCTTCCATTGACT-1,Br2039,Visium,1,33,43,8190,6859,WM,1.8019305
TGTTGCCGTCGTCCCA-1,Br2039,Visium,1,46,122,10447,14815,WM,0.86458
TGTTGTCAAGAAGTCT-1,Br2039,Visium,1,24,82,6604,10779,L6,0.5992467
TGTTTAATACTTCATC-1,Br2039,Visium,1,9,77,3979,10270,WM,1.5244621
TGTTTCGGTACTTCTC-1,Br2039,Visium,1,18,56,5560,8160,WM,0.9605812
TGTTTGAGATCGTCAG-1,Br2039,Visium,1,49,115,10974,14112,WM,1.6335182
TTAAACCGGTAGCGAC-1,Br2039,Visium,1,8,52,3810,7753,L1,0.7149781
TTAAACTCGAATTCAT-1,Br2039,Visium,1,31,95,7827,12091,WM,0.91339135
TTAAAGGCGATGCTCG-1,Br2039,Visium,1,73,49,15193,7480,WM,2.5701785
TTAAAGTAAGTCGCCA-1,Br2039,Visium,1,69,105,14479,13114,WM,2.4366229
TTAACCAACCCTCCCT-1,Br2039,Visium,1,19,55,5736,8060,L4,0.8515874
TTAACCCGAGGCGTGT-1,Br2039,Visium,1,75,123,15525,14928,WM,3.0415044
TTAACGAACAAGCAGT-1,Br2039,Visium,1,22,114,6246,13999,WM,1.5577412
TTAACTGATCGTTTGG-1,Br2039,Visium,1,69,127,14473,15328,WM,1.3659959
TTAACTTCAGGTAGGA-1,Br2039,Visium,1,46,26,10471,5153,WM,1.815747
TTAAGATACCCAGAGA-1,Br2039,Visium,1,74,26,15374,5166,WM,3.4652543
TTAAGATAGGATTGAC-1,Br2039,Visium,1,43,101,9927,12700,WM,1.6983923
TTAAGCGCCTGACCCA-1,Br2039,Visium,1,30,44,7665,6958,WM,2.072894
TTAAGGCCCGTACTTT-1,Br2039,Visium,1,59,25,12748,5059,WM,2.2462292
TTAAGTATTGTTATCC-1,Br2039,Visium,1,64,90,13607,11602,WM,2.0898805
TTAATCAGTACGTCAG-1,Br2039,Visium,1,18,76,5555,10173,L1,2.1079416
TTAATGTAGACCAGGT-1,Br2039,Visium,1,30,68,7659,9373,WM,0.83116806
TTAATTGCTTTGGGTG-1,Br2039,Visium,1,62,76,13260,10193,WM,2.0569077
TTAATTTCAGACGCGG-1,Br2039,Visium,1,17,69,5382,9468,L1,0.67799634
TTACAACTACGCATCC-1,Br2039,Visium,1,24,52,6612,7760,WM,1.7211797
TTACACGATCTGCGAC-1,Br2039,Visium,1,62,110,13251,13614,WM,1.5197732
TTACAGACCTAAATGA-1,Br2039,Visium,1,26,96,6951,12189,WM,0.8238678
TTACATCGTGGCCTGG-1,Br2039,Visium,1,20,36,5916,6148,L1,0.82254374
TTACATGCCACAACTA-1,Br2039,Visium,1,41,103,9576,12900,WM,1.559615
TTACCATTGATTACCC-1,Br2039,Visium,1,34,28,8369,5349,WM,1.8139956
TTACCCATTGCCGGGT-1,Br2039,Visium,1,17,85,5378,11078,L1,3.0200527
TTACCCTAACAGTCCT-1,Br2039,Visium,1,24,24,6619,4942,WM,0.8209836
TTACCCTAGGGATTGG-1,Br2039,Visium,1,60,58,12915,8380,WM,1.4760001
TTACGGATGGTTCGAG-1,Br2039,Visium,1,33,93,8178,11890,WM,1.4554324
TTACGTATCTATGACA-1,Br2039,Visium,1,64,116,13600,14219,WM,2.2746542
TTACTAAAGGACTTTA-1,Br2039,Visium,1,48,78,10808,10388,WM,1.479435
TTACTCCGGCCGGGAA-1,Br2039,Visium,1,34,78,8357,10381,WM,1.0143646
TTACTCTGGTACGTAC-1,Br2039,Visium,1,43,31,9945,5655,WM,2.208014
TTACTGGGATATTTCA-1,Br2039,Visium,1,44,54,10114,7970,WM,2.3351147
TTAGAAGAACATGACT-1,Br2039,Visium,1,52,64,11512,8980,WM,1.7982334
TTAGAATAAGGGTCGG-1,Br2039,Visium,1,61,45,13093,7072,WM,1.9272228
TTAGACGAGTCACCTC-1,Br2039,Visium,1,48,80,10808,10589,WM,1.1250676
TTAGAGTATTGTCGAG-1,Br2039,Visium,1,76,22,15726,4764,WM,2.8323143
TTAGAGTTTAGAAGGA-1,Br2039,Visium,1,46,86,10456,11192,WM,2.4264882
TTAGATAGGTCGATAC-1,Br2039,Visium,1,13,21,4694,4636,WM,1.3366823
TTAGCAACATGGATGT-1,Br2039,Visium,1,20,28,5918,5343,L4,0.5667634
TTAGCCATAGGGCTCG-1,Br2039,Visium,1,76,28,15724,5368,WM,2.9419646
TTAGCGAATAGATAGG-1,Br2039,Visium,1,77,95,15882,12111,WM,3.5277598
TTAGCTAATACGATCT-1,Br2039,Visium,1,22,98,6250,12389,L1,1.3544761
TTAGCTGATTTGCCGT-1,Br2039,Visium,1,38,94,9053,11993,WM,1.7050531
TTAGGATGGGAGGGTA-1,Br2039,Visium,1,47,127,10620,15318,WM,1.5114193
TTAGGTCATAACCGAC-1,Br2039,Visium,1,58,38,12570,6367,WM,2.1279047
TTAGTAAACCTGCTCT-1,Br2039,Visium,1,62,94,13256,12004,WM,1.7076038
TTAGTAGGGCGGCGGG-1,Br2039,Visium,1,34,26,8370,5148,WM,1.5247283
TTAGTTATTCGTGGCA-1,Br2039,Visium,1,47,91,10630,11695,WM,1.460305
TTATAGATGCACATTA-1,Br2039,Visium,1,5,53,3285,7852,WM,0.62419444
TTATAGGTAATTGTCT-1,Br2039,Visium,1,61,73,13086,9890,WM,1.9628539
TTATATACGCTGTCAC-1,Br2039,Visium,1,38,74,9058,9981,WM,1.5567617
TTATATTTGGCAATCC-1,Br2039,Visium,1,26,64,6959,8969,WM,1.2288574
TTATCCAATCGAACTC-1,Br2039,Visium,1,13,33,4691,5843,WM,0.9545584
TTATCCGGGATCTATA-1,Br2039,Visium,1,51,87,11331,11295,WM,2.4257886
TTATCTGTATCATAAC-1,Br2039,Visium,1,22,60,6260,8564,L2_3,0.69771934
TTATGAATGAAAGGGA-1,Br2039,Visium,1,41,63,9586,8875,WM,1.8958876
TTATGACAAACTGGAT-1,Br2039,Visium,1,27,35,7142,6051,WM,1.6444092
TTATGATCTTAACGAA-1,Br2039,Visium,1,38,82,9056,10786,WM,1.9417458
TTATGCGTCCCGGTCC-1,Br2039,Visium,1,7,45,3637,7048,L4,1.1632556
TTATTAGAGCGTGTTC-1,Br2039,Visium,1,46,70,10460,9582,WM,1.6894542
TTATTAGGGAAGCATC-1,Br2039,Visium,1,15,59,5034,8461,WM,1.407417
TTATTATCTGGAAGGC-1,Br2039,Visium,1,55,121,12023,14718,WM,1.22463
TTATTTAGGTTCCTTA-1,Br2039,Visium,1,66,126,13948,15226,WM,2.3901837
TTCAAAGTCTCTAGCC-1,Br2039,Visium,1,35,75,8532,10080,WM,1.5902758
TTCAACGACCCGACCG-1,Br2039,Visium,1,20,48,5913,7356,WM,0.5856278
TTCAATACTCTGAATC-1,Br2039,Visium,1,38,86,9055,11188,WM,1.5811962
TTCACGAAAGGATCAC-1,Br2039,Visium,1,38,54,9063,7968,WM,1.1067615
TTCACGGTCGTCACGT-1,Br2039,Visium,1,71,27,14849,5265,WM,2.8090878
TTCACTCGAGCACCTA-1,Br2039,Visium,1,55,69,12036,9485,WM,2.1855006
TTCACTTCCTAGAACG-1,Br2039,Visium,1,67,51,14142,7679,WM,2.153949
TTCAGAGTAACCTGAC-1,Br2039,Visium,1,6,22,3468,4733,WM,0.72188574
TTCAGCCCTGGTCCAC-1,Br2039,Visium,1,47,85,10631,11092,WM,1.6065593
TTCAGCTGGCGTGCCC-1,Br2039,Visium,1,55,95,12030,12102,WM,1.6816998
TTCAGTTCAAGAGGAG-1,Br2039,Visium,1,72,38,15021,6373,WM,2.565304
TTCATGGCGCAACAGG-1,Br2039,Visium,1,19,75,5731,10073,L1,1.7250259
TTCCAATCAGAGCTAG-1,Br2039,Visium,1,23,95,6426,12087,L1,1.891386
TTCCAATCTGGCTATC-1,Br2039,Visium,1,48,46,10816,7167,WM,1.9133931
TTCCACACAGATTTGA-1,Br2039,Visium,1,50,46,11167,7168,WM,2.125643
TTCCAGACGAGATTTA-1,Br2039,Visium,1,39,111,9224,13705,WM,1.0688021
TTCCAGTGGGTTTCGT-1,Br2039,Visium,1,75,47,15544,7280,WM,2.8091314
TTCCATCGACAGCGTG-1,Br2039,Visium,1,61,107,13077,13312,WM,2.1825788
TTCCCAAAGTACTGAT-1,Br2039,Visium,1,77,117,15876,14325,WM,3.0245757
TTCCGCGTGAGGCGAT-1,Br2039,Visium,1,46,64,10462,8978,WM,1.5637085
TTCCGGCCTTGAGGCT-1,Br2039,Visium,1,54,44,11868,6969,WM,1.631196
TTCCGGTATCTGTGTC-1,Br2039,Visium,1,41,115,9573,14108,WM,1.0403109
TTCCGGTTACCCACTT-1,Br2039,Visium,1,45,87,10281,11292,WM,1.5757731
TTCCTCGAGGGTGTCT-1,Br2039,Visium,1,21,49,6088,7457,WM,0.9380729
TTCCTCGGACTAACCA-1,Br2039,Visium,1,50,86,11156,11194,WM,1.3710544
TTCCTTTCTGTGTTGC-1,Br2039,Visium,1,11,25,4343,5037,WM,0.61626655
TTCGAACGAAACATGC-1,Br2039,Visium,1,74,42,15370,6776,WM,2.9174948
TTCGACAGAGCCCGTG-1,Br2039,Visium,1,52,68,11511,9383,WM,1.7532605
TTCGACGGGAAGGGCG-1,Br2039,Visium,1,24,44,6614,6955,WM,1.7133386
TTCGCACTCGCGTGCT-1,Br2039,Visium,1,25,45,6789,7056,WM,0.59542257
TTCGCACTGTACGACA-1,Br2039,Visium,1,61,59,13089,8481,WM,2.0630531
TTCGCGCGCCATACGA-1,Br2039,Visium,1,59,47,12742,7273,WM,2.11921
TTCGCTAGGAAGTTGT-1,Br2039,Visium,1,41,117,9572,14309,WM,1.2485571
TTCGGCTAGAGATGGT-1,Br2039,Visium,1,18,24,5569,4940,WM,0.99898756
TTCGGGACTAATCGCG-1,Br2039,Visium,1,36,72,8708,9778,WM,0.9196472
TTCGGGCGCTAGTCTT-1,Br2039,Visium,1,55,37,12044,6265,WM,1.8609128
TTCGGGTTGCCACGGG-1,Br2039,Visium,1,61,117,13075,14318,WM,2.0073342
TTCGGTACTGTAGAGG-1,Br2039,Visium,1,67,63,14139,8887,WM,2.302371
TTCGGTGGAGACGCCC-1,Br2039,Visium,1,47,121,10622,14715,L4,0.8990185
TTCGTAATCCCAGCGG-1,Br2039,Visium,1,12,86,4502,11177,WM,1.0666715
TTCGTACTCCAGAACG-1,Br2039,Visium,1,29,29,7494,5448,WM,1.5689634
TTCGTGCATGTTATAG-1,Br2039,Visium,1,77,61,15891,8690,WM,3.3014607
TTCGTTCAACGAAGTT-1,Br2039,Visium,1,23,105,6423,13094,WM,1.7414138
TTCTAACCGAAGCTTA-1,Br2039,Visium,1,34,90,8354,11589,WM,1.3105612
TTCTACCTCAATCGGT-1,Br2039,Visium,1,69,23,14500,4862,WM,2.5392165
TTCTACTTGCGAGGGC-1,Br2039,Visium,1,22,32,6267,5747,L1,0.83624834
TTCTAGAAAGTCTTAT-1,Br2039,Visium,1,60,46,12918,7173,WM,2.2811937
TTCTAGGCCAATTGTG-1,Br2039,Visium,1,22,44,6264,6954,WM,0.77157843
TTCTATGCCTTTCGCA-1,Br2039,Visium,1,29,121,7470,14707,L1,1.3576471
TTCTATTAAACGCAGC-1,Br2039,Visium,1,67,55,14141,8081,WM,2.1110177
TTCTGACCGGGCTCAA-1,Br2039,Visium,1,52,84,11507,10993,WM,1.7244422
TTCTGCCGCGCCTAGA-1,Br2039,Visium,1,49,69,10986,9482,WM,1.9422309
TTCTGCGGGTTAGCGG-1,Br2039,Visium,1,40,80,9407,10585,WM,1.7882206
TTCTGCTAGACTCCAA-1,Br2039,Visium,1,28,106,7299,13197,WM,0.8843764
TTCTTAGTGAACGGTG-1,Br2039,Visium,1,18,34,5566,5946,L1,0.75277805
TTCTTAGTGGCTCAGA-1,Br2039,Visium,1,17,61,5384,8663,L1,1.7402505
TTCTTATCCGCTGGGT-1,Br2039,Visium,1,49,101,10977,12703,WM,1.7212584
TTCTTGAGCCGCGCTA-1,Br2039,Visium,1,47,41,10643,6664,WM,1.8167398
TTCTTGCTAGCATCTC-1,Br2039,Visium,1,40,110,9399,13604,WM,1.3716326
TTCTTGGACGATCTGC-1,Br2039,Visium,1,52,32,11520,5760,WM,2.3712387
TTCTTGGAGTAATGAG-1,Br2039,Visium,1,21,79,6080,10476,L4,0.51153785
TTCTTGTAACCTAATG-1,Br2039,Visium,1,23,35,6441,6049,WM,0.9887401
TTCTTTGGTCGCGACG-1,Br2039,Visium,1,24,104,6599,12993,L1,1.9083092
TTGAAACCCTCATTCC-1,Br2039,Visium,1,68,120,14300,14623,WM,1.9852663
TTGAACGACGTGCTGA-1,Br2039,Visium,1,60,88,12907,11399,WM,1.2986593
TTGAAGAATTCCCAGG-1,Br2039,Visium,1,32,50,8014,7563,WM,1.181168
TTGAAGTGCATCTACA-1,Br2039,Visium,1,77,127,15874,15332,WM,2.6434064
TTGAATATGGACTTTC-1,Br2039,Visium,1,34,76,8357,10180,WM,1.2440746
TTGAATTCACGTGAGG-1,Br2039,Visium,1,39,97,9227,12296,WM,1.3087425
TTGACAGGAGCTCCCG-1,Br2039,Visium,1,47,99,10628,12501,WM,1.5346136
TTGACATGAACGTGGA-1,Br2039,Visium,1,44,32,10120,5756,WM,1.9987619
TTGACCAGGAACAACT-1,Br2039,Visium,1,64,80,13609,10596,WM,2.3705802
TTGACCATGTTCTCCG-1,Br2039,Visium,1,24,78,6605,10377,L2_3,0.35795048
TTGACCGTGTTAATGA-1,Br2039,Visium,1,50,34,11170,5960,WM,2.205761
TTGACGATTCAGCACG-1,Br2039,Visium,1,9,51,3986,7653,WM,0.7676518
TTGACGCTCCATGAGC-1,Br2039,Visium,1,41,101,9576,12699,WM,1.6273353
TTGACTACCATATGGT-1,Br2039,Visium,1,43,41,9942,6662,WM,2.0849695
TTGACTATTGTCCGGC-1,Br2039,Visium,1,46,104,10451,13003,WM,1.8661197
TTGAGAAGTTTAGCAT-1,Br2039,Visium,1,55,87,12032,11296,WM,1.8449793
TTGAGAGTACTGCTAA-1,Br2039,Visium,1,44,38,10118,6360,WM,2.3086238
TTGAGCAGCCCACGGT-1,Br2039,Visium,1,44,116,10098,14210,WM,1.3347771
TTGAGCGCCACGTGAT-1,Br2039,Visium,1,38,118,9047,14409,WM,0.848475
TTGAGTCCCGCTGCTG-1,Br2039,Visium,1,39,119,9222,14510,WM,0.9002617
TTGATAGTCAATACAT-1,Br2039,Visium,1,27,115,7121,14102,WM,0.48082104
TTGATCTAACTTTGTC-1,Br2039,Visium,1,29,47,7489,7259,WM,1.24118
TTGATGCCGCTCGTCG-1,Br2039,Visium,1,70,34,14672,5969,WM,3.217205
TTGATGTGTAGTCCCG-1,Br2039,Visium,1,24,90,6602,11585,WM,0.9139817
TTGATTAGCTGTTTCT-1,Br2039,Visium,1,48,34,10819,5959,WM,1.2951815
TTGATTATGCAGATGA-1,Br2039,Visium,1,27,33,7142,5849,WM,1.6084692
TTGCAAGAAGACTCCT-1,Br2039,Visium,1,70,68,14663,9391,WM,2.7455194
TTGCACAATTCAGAAA-1,Br2039,Visium,1,43,57,9938,8272,WM,1.9140052
TTGCACGGAGCAGCAC-1,Br2039,Visium,1,21,59,6085,8463,WM,0.55471176
TTGCATGCTGATCACG-1,Br2039,Visium,1,41,35,9593,6057,WM,1.2583745
TTGCCAAGCAGAACCC-1,Br2039,Visium,1,44,114,10098,14009,WM,1.7471752
TTGCCATAGCCCGCTC-1,Br2039,Visium,1,54,24,11873,4956,WM,2.438871
TTGCCCTGATCACGGG-1,Br2039,Visium,1,36,34,8718,5954,WM,0.76647425
TTGCCGCTTTCTAGTA-1,Br2039,Visium,1,62,78,13260,10394,WM,1.6248604
TTGCCTAATCCAAAGT-1,Br2039,Visium,1,69,21,14500,4661,WM,2.8257625
TTGCCTTCTCGCCGGG-1,Br2039,Visium,1,68,104,14304,13013,WM,2.6495748
TTGCGCACAACCACGT-1,Br2039,Visium,1,76,106,15704,13218,WM,3.5618553
TTGCGCTTGATCAATA-1,Br2039,Visium,1,69,101,14480,12712,WM,2.8794003
TTGCGGAAAGCTGCCC-1,Br2039,Visium,1,76,42,15721,6777,WM,3.2340117
TTGCGGCATCAGAAAG-1,Br2039,Visium,1,53,45,11692,7069,WM,2.14244
TTGCGTCGGCCAACCG-1,Br2039,Visium,1,51,41,11343,6665,WM,1.9202874
TTGCGTGAACGCTTAG-1,Br2039,Visium,1,14,96,4850,12184,WM,0.9163166
TTGCGTGTGTAGGCAT-1,Br2039,Visium,1,69,83,14484,10900,WM,2.3330433
TTGCTAGCTACCAATC-1,Br2039,Visium,1,3,29,2941,5436,L1,0.75826776
TTGCTCATAGTACGTG-1,Br2039,Visium,1,67,107,14128,13315,WM,2.6201377
TTGCTCCCATACCGGA-1,Br2039,Visium,1,22,72,6257,9772,WM,1.1362584
TTGCTGAAGGAACCAC-1,Br2039,Visium,1,19,57,5735,8261,WM,1.182445
TTGCTGATCATGTTCG-1,Br2039,Visium,1,33,57,8187,8267,WM,1.378246
TTGGAAGAATACAGTC-1,Br2039,Visium,1,50,24,11172,4954,WM,2.027958
TTGGACATGTGGCTTA-1,Br2039,Visium,1,41,29,9595,5453,WM,1.9749632
TTGGACCATCTGGCAA-1,Br2039,Visium,1,51,105,11327,13106,WM,1.6207935
TTGGACCTATAACAGT-1,Br2039,Visium,1,56,86,12207,11196,WM,1.3421913
TTGGAGTCTCCCTTCT-1,Br2039,Visium,1,8,44,3812,6948,WM,0.7101937
TTGGATATCGTCTACG-1,Br2039,Visium,1,48,52,10815,7771,WM,1.6489861
TTGGATTGGGTACCAC-1,Br2039,Visium,1,17,55,5386,8059,L1,2.043016
TTGGCCAAATTGTATC-1,Br2039,Visium,1,74,86,15359,11204,WM,3.9461424
TTGGCCATCTTGCGCT-1,Br2039,Visium,1,17,21,5394,4637,L4,0.9389813
TTGGCCTAGAATTTCG-1,Br2039,Visium,1,16,82,5204,10776,WM,1.1562003
TTGGCGATCCGAATAT-1,Br2039,Visium,1,35,121,8521,14709,L2_3,0.80811316
TTGGCTCAATATGTGT-1,Br2039,Visium,1,65,113,13776,13918,WM,2.7935677
TTGGCTCGCATGAGAC-1,Br2039,Visium,1,23,37,6441,6250,WM,1.0415002
TTGGGAAGACGAGCCG-1,Br2039,Visium,1,68,64,14314,8988,WM,3.5666165
TTGGGACACTGCCCGC-1,Br2039,Visium,1,28,70,7308,9574,L2_3,1.0310698
TTGGGACGTAAGAGTT-1,Br2039,Visium,1,51,109,11326,13509,WM,1.8447393
TTGGGCGGCGGTTGCC-1,Br2039,Visium,1,30,76,7657,10178,WM,1.1466596
TTGGTATGGCTTGTGT-1,Br2039,Visium,1,33,117,8171,14306,WM,0.84276056
TTGGTCACACTCGTAA-1,Br2039,Visium,1,48,48,10816,7368,WM,1.9754148
TTGGTTCGCTCAAAGG-1,Br2039,Visium,1,39,125,9220,15114,WM,0.5176635
TTGGTTGCGGTGCGCG-1,Br2039,Visium,1,53,23,11698,4855,WM,2.1984553
TTGTAAGGACCTAAGT-1,Br2039,Visium,1,46,32,10470,5757,WM,1.8650601
TTGTAAGGCCAGTTGG-1,Br2039,Visium,1,27,81,7130,10680,WM,1.6167066
TTGTAATCCGTACTCG-1,Br2039,Visium,1,35,55,8538,8067,WM,1.8972282
TTGTCGTTCAGTTACC-1,Br2039,Visium,1,22,58,6260,8363,L1,0.82488054
TTGTCTCGGCAAGATG-1,Br2039,Visium,1,75,41,15546,6676,WM,3.5199227
TTGTGAACCTAATCCG-1,Br2039,Visium,1,56,90,12206,11599,WM,1.84215
TTGTGATCTGTTCAGT-1,Br2039,Visium,1,69,111,14477,13718,WM,2.3592987
TTGTGCAGCCACGTCA-1,Br2039,Visium,1,60,74,12911,9990,WM,1.7029427
TTGTGGCCCTGACAGT-1,Br2039,Visium,1,18,60,5559,8563,L1,0.9949113
TTGTGGTAGGAGGGAT-1,Br2039,Visium,1,50,28,11171,5357,WM,1.4897306
TTGTGGTGGTACTAAG-1,Br2039,Visium,1,63,95,13430,12105,WM,2.1186545
TTGTGTATGCCACCAA-1,Br2039,Visium,1,56,60,12214,8580,WM,1.20745
TTGTGTTTCCCGAAAG-1,Br2039,Visium,1,51,59,11338,8477,WM,1.6323979
TTGTTAGCAAATTCGA-1,Br2039,Visium,1,22,42,6265,6753,WM,0.9939455
TTGTTCAGTGTGCTAC-1,Br2039,Visium,1,24,64,6609,8968,L2_3,0.6392634
TTGTTGGCAATGACTG-1,Br2039,Visium,1,76,30,15724,5569,WM,2.8955886
TTGTTGTGTGTCAAGA-1,Br2039,Visium,1,31,77,7832,10279,WM,1.0273623
TTGTTTCACATCCAGG-1,Br2039,Visium,1,58,42,12569,6769,WM,2.4055202
TTGTTTCATTAGTCTA-1,Br2039,Visium,1,60,30,12922,5562,WM,2.8329546
TTGTTTCCATACAACT-1,Br2039,Visium,1,45,27,10296,5254,WM,1.3992653
TTGTTTGTATTACACG-1,Br2039,Visium,1,73,41,15195,6675,WM,3.0075505
