========================================
Job ID: 3826066
Node: node01.hgcc.emory.edu
Started: Thu Jul 23 14:39:19 EDT 2026
Working directory: /beegfs/labs/hulab/projects/mjabin/GeneBridge
Environment: /beegfs/labs/hulab/projects/mjabin/conda_envs/genebridge_scanpy
========================================

Rscript:
/beegfs/labs/hulab/projects/mjabin/conda_envs/genebridge_scanpy/bin/Rscript
Rscript (R) version 4.5.3 (2026-03-11)

========================================
Starting Huuki SCE -> H5AD full all-genes conversion
========================================
============================================================
Huuki SCE/RDS -> H5AD chunks, all genes
Manual genes x cells -> cells x genes conversion
============================================================
PROJECT_ROOT:     /beegfs/labs/hulab/projects/mjabin/GeneBridge 
MODE:             full 
CELLS_PER_CHUNK:  200 
MAX_CELLS:        0 
SE_RDS:           /beegfs/labs/hulab/projects/mjabin/GeneBridge/data/processed/snrnaseq/sce_DLPFC_annotated/se.rds 
ASSAYS_H5:        /beegfs/labs/hulab/projects/mjabin/GeneBridge/data/processed/snrnaseq/sce_DLPFC_annotated/assays.h5 
OUT_DIR:          /beegfs/labs/hulab/projects/mjabin/GeneBridge/data/processed/snrnaseq/sce_DLPFC_annotated/huuki_h5ad_chunks_allgenes_full_maxcells0_chunk200 
MANIFEST:         /beegfs/labs/hulab/projects/mjabin/GeneBridge/data/processed/snrnaseq/sce_DLPFC_annotated/huuki_h5ad_chunks_allgenes_full_maxcells0_chunk200/chunk_manifest.csv 
LOG_FILE:         /beegfs/labs/hulab/projects/mjabin/GeneBridge/data/processed/snrnaseq/sce_DLPFC_annotated/huuki_h5ad_chunks_allgenes_full_maxcells0_chunk200/chunk_conversion_log.txt 

Input files found.
se.rds size GB:  0.13 
assays.h5 size GB:  3.923 

Working directory:  /beegfs/labs/hulab/projects/mjabin/GeneBridge/data/processed/snrnaseq/sce_DLPFC_annotated 

Required packages loaded.
anndataR version:  1.0.2 

Reading Huuki SCE...

SCE summary:
class: SingleCellExperiment 
dim: 36601 77604 
metadata(3): Samples cell_type_colors cell_type_colors_broad
assays(2): counts logcounts
rownames(36601): MIR1302-2HG FAM138A ... AC007325.4 AC007325.2
rowData names(7): source type ... gene_type binomial_deviance
colnames(77604): 1_AAACCCAAGTTCTCTT-1 1_AAACCCACAAGGTCTT-1 ... 19_TTTGTTGTCTCATTGT-1 19_TTTGTTGTCTTAAGGC-1
colData names(32): Sample Barcode ... cellType_layer layer_annotation
reducedDimNames(4): GLMPCA_approx TSNE UMAP HARMONY
mainExpName: NULL
altExpNames(0):

Original dimensions [genes x cells]:
[1] 36601 77604

Assays:
[1] "counts"    "logcounts"

AnnData X assay:  counts 
AnnData layers:  logcounts 

Gene symbol column:  gene_name 
Fraction valid:  1 
Using gene symbols as gene names.

Final gene count:  36601 
Final cell count:  77604 

Selected cells:  77604 
All genes kept:  36601 
Cells per chunk:  200 
Number of chunks:  389 

------------------------------------------------------------
Writing chunk  1 / 389 
Cells:  200 
Genes:  36601 
File:  /beegfs/labs/hulab/projects/mjabin/GeneBridge/data/processed/snrnaseq/sce_DLPFC_annotated/huuki_h5ad_chunks_allgenes_full_maxcells0_chunk200/huuki_allgenes_chunk_0001.h5ad 
------------------------------------------------------------
SCE dimensions [genes x cells]:  36601  x  200 
Reading and transposing  counts ...
AnnData X dimensions [cells x genes]:  200  x  36601 
Reading and transposing layer:  logcounts 
Creating AnnData object...
AnnData dimensions [cells x genes]:  200  x  36601 
Writing H5AD...
Chunk completed successfully.
Chunk size MB:  127.37 

------------------------------------------------------------
Writing chunk  2 / 389 
Cells:  200 
Genes:  36601 
File:  /beegfs/labs/hulab/projects/mjabin/GeneBridge/data/processed/snrnaseq/sce_DLPFC_annotated/huuki_h5ad_chunks_allgenes_full_maxcells0_chunk200/huuki_allgenes_chunk_0002.h5ad 
------------------------------------------------------------
SCE dimensions [genes x cells]:  36601  x  200 
Reading and transposing  counts ...
AnnData X dimensions [cells x genes]:  200  x  36601 
Reading and transposing layer:  logcounts 
Creating AnnData object...
AnnData dimensions [cells x genes]:  200  x  36601 
Writing H5AD...
Chunk completed successfully.
Chunk size MB:  127.37 

------------------------------------------------------------
Writing chunk  3 / 389 
Cells:  200 
Genes:  36601 
File:  /beegfs/labs/hulab/projects/mjabin/GeneBridge/data/processed/snrnaseq/sce_DLPFC_annotated/huuki_h5ad_chunks_allgenes_full_maxcells0_chunk200/huuki_allgenes_chunk_0003.h5ad 
------------------------------------------------------------
SCE dimensions [genes x cells]:  36601  x  200 
Reading and transposing  counts ...
AnnData X dimensions [cells x genes]:  200  x  36601 
Reading and transposing layer:  logcounts 
Creating AnnData object...
AnnData dimensions [cells x genes]:  200  x  36601 
Writing H5AD...
Chunk completed successfully.
Chunk size MB:  127.37 

------------------------------------------------------------
Writing chunk  4 / 389 
Cells:  200 
Genes:  36601 
File:  /beegfs/labs/hulab/projects/mjabin/GeneBridge/data/processed/snrnaseq/sce_DLPFC_annotated/huuki_h5ad_chunks_allgenes_full_maxcells0_chunk200/huuki_allgenes_chunk_0004.h5ad 
------------------------------------------------------------
SCE dimensions [genes x cells]:  36601  x  200 
Reading and transposing  counts ...
AnnData X dimensions [cells x genes]:  200  x  36601 
Reading and transposing layer:  logcounts 
Creating AnnData object...
AnnData dimensions [cells x genes]:  200  x  36601 
Writing H5AD...
Chunk completed successfully.
Chunk size MB:  127.37 

------------------------------------------------------------
Writing chunk  5 / 389 
Cells:  200 
Genes:  36601 
File:  /beegfs/labs/hulab/projects/mjabin/GeneBridge/data/processed/snrnaseq/sce_DLPFC_annotated/huuki_h5ad_chunks_allgenes_full_maxcells0_chunk200/huuki_allgenes_chunk_0005.h5ad 
------------------------------------------------------------
SCE dimensions [genes x cells]:  36601  x  200 
Reading and transposing  counts ...
AnnData X dimensions [cells x genes]:  200  x  36601 
Reading and transposing layer:  logcounts 
Creating AnnData object...
AnnData dimensions [cells x genes]:  200  x  36601 
Writing H5AD...
Chunk completed successfully.
Chunk size MB:  127.37 

------------------------------------------------------------
Writing chunk  6 / 389 
Cells:  200 
Genes:  36601 
File:  /beegfs/labs/hulab/projects/mjabin/GeneBridge/data/processed/snrnaseq/sce_DLPFC_annotated/huuki_h5ad_chunks_allgenes_full_maxcells0_chunk200/huuki_allgenes_chunk_0006.h5ad 
------------------------------------------------------------
SCE dimensions [genes x cells]:  36601  x  200 
Reading and transposing  counts ...
AnnData X dimensions [cells x genes]:  200  x  36601 
Reading and transposing layer:  logcounts 
Creating AnnData object...
AnnData dimensions [cells x genes]:  200  x  36601 
Writing H5AD...
Chunk completed successfully.
Chunk size MB:  127.37 

------------------------------------------------------------
Writing chunk  7 / 389 
Cells:  200 
Genes:  36601 
File:  /beegfs/labs/hulab/projects/mjabin/GeneBridge/data/processed/snrnaseq/sce_DLPFC_annotated/huuki_h5ad_chunks_allgenes_full_maxcells0_chunk200/huuki_allgenes_chunk_0007.h5ad 
------------------------------------------------------------
SCE dimensions [genes x cells]:  36601  x  200 
Reading and transposing  counts ...
AnnData X dimensions [cells x genes]:  200  x  36601 
Reading and transposing layer:  logcounts 
Creating AnnData object...
AnnData dimensions [cells x genes]:  200  x  36601 
Writing H5AD...
Chunk completed successfully.
Chunk size MB:  127.37 

------------------------------------------------------------
Writing chunk  8 / 389 
Cells:  200 
Genes:  36601 
File:  /beegfs/labs/hulab/projects/mjabin/GeneBridge/data/processed/snrnaseq/sce_DLPFC_annotated/huuki_h5ad_chunks_allgenes_full_maxcells0_chunk200/huuki_allgenes_chunk_0008.h5ad 
------------------------------------------------------------
SCE dimensions [genes x cells]:  36601  x  200 
Reading and transposing  counts ...
AnnData X dimensions [cells x genes]:  200  x  36601 
Reading and transposing layer:  logcounts 
Creating AnnData object...
AnnData dimensions [cells x genes]:  200  x  36601 
Writing H5AD...
Chunk completed successfully.
Chunk size MB:  127.37 

------------------------------------------------------------
Writing chunk  9 / 389 
Cells:  200 
Genes:  36601 
File:  /beegfs/labs/hulab/projects/mjabin/GeneBridge/data/processed/snrnaseq/sce_DLPFC_annotated/huuki_h5ad_chunks_allgenes_full_maxcells0_chunk200/huuki_allgenes_chunk_0009.h5ad 
------------------------------------------------------------
SCE dimensions [genes x cells]:  36601  x  200 
Reading and transposing  counts ...
AnnData X dimensions [cells x genes]:  200  x  36601 
Reading and transposing layer:  logcounts 
Creating AnnData object...
AnnData dimensions [cells x genes]:  200  x  36601 
Writing H5AD...
Chunk completed successfully.
Chunk size MB:  127.37 

------------------------------------------------------------
Writing chunk  10 / 389 
Cells:  200 
Genes:  36601 
File:  /beegfs/labs/hulab/projects/mjabin/GeneBridge/data/processed/snrnaseq/sce_DLPFC_annotated/huuki_h5ad_chunks_allgenes_full_maxcells0_chunk200/huuki_allgenes_chunk_0010.h5ad 
------------------------------------------------------------
SCE dimensions [genes x cells]:  36601  x  200 
Reading and transposing  counts ...
AnnData X dimensions [cells x genes]:  200  x  36601 
Reading and transposing layer:  logcounts 
Creating AnnData object...
AnnData dimensions [cells x genes]:  200  x  36601 
Writing H5AD...
Chunk completed successfully.
Chunk size MB:  127.37 

------------------------------------------------------------
Writing chunk  11 / 389 
Cells:  200 
Genes:  36601 
File:  /beegfs/labs/hulab/projects/mjabin/GeneBridge/data/processed/snrnaseq/sce_DLPFC_annotated/huuki_h5ad_chunks_allgenes_full_maxcells0_chunk200/huuki_allgenes_chunk_0011.h5ad 
------------------------------------------------------------
SCE dimensions [genes x cells]:  36601  x  200 
Reading and transposing  counts ...
AnnData X dimensions [cells x genes]:  200  x  36601 
Reading and transposing layer:  logcounts 
Creating AnnData object...
AnnData dimensions [cells x genes]:  200  x  36601 
Writing H5AD...
Chunk completed successfully.
Chunk size MB:  127.37 

------------------------------------------------------------
Writing chunk  12 / 389 
Cells:  200 
Genes:  36601 
File:  /beegfs/labs/hulab/projects/mjabin/GeneBridge/data/processed/snrnaseq/sce_DLPFC_annotated/huuki_h5ad_chunks_allgenes_full_maxcells0_chunk200/huuki_allgenes_chunk_0012.h5ad 
------------------------------------------------------------
SCE dimensions [genes x cells]:  36601  x  200 
Reading and transposing  counts ...
AnnData X dimensions [cells x genes]:  200  x  36601 
Reading and transposing layer:  logcounts 
Creating AnnData object...
AnnData dimensions [cells x genes]:  200  x  36601 
Writing H5AD...
Chunk completed successfully.
Chunk size MB:  127.37 

------------------------------------------------------------
Writing chunk  13 / 389 
Cells:  200 
Genes:  36601 
File:  /beegfs/labs/hulab/projects/mjabin/GeneBridge/data/processed/snrnaseq/sce_DLPFC_annotated/huuki_h5ad_chunks_allgenes_full_maxcells0_chunk200/huuki_allgenes_chunk_0013.h5ad 
------------------------------------------------------------
SCE dimensions [genes x cells]:  36601  x  200 
Reading and transposing  counts ...
AnnData X dimensions [cells x genes]:  200  x  36601 
Reading and transposing layer:  logcounts 
Creating AnnData object...
AnnData dimensions [cells x genes]:  200  x  36601 
Writing H5AD...
Chunk completed successfully.
Chunk size MB:  127.37 

------------------------------------------------------------
Writing chunk  14 / 389 
Cells:  200 
Genes:  36601 
File:  /beegfs/labs/hulab/projects/mjabin/GeneBridge/data/processed/snrnaseq/sce_DLPFC_annotated/huuki_h5ad_chunks_allgenes_full_maxcells0_chunk200/huuki_allgenes_chunk_0014.h5ad 
------------------------------------------------------------
SCE dimensions [genes x cells]:  36601  x  200 
Reading and transposing  counts ...
AnnData X dimensions [cells x genes]:  200  x  36601 
Reading and transposing layer:  logcounts 
Creating AnnData object...
AnnData dimensions [cells x genes]:  200  x  36601 
Writing H5AD...
Chunk completed successfully.
Chunk size MB:  127.37 

------------------------------------------------------------
Writing chunk  15 / 389 
Cells:  200 
Genes:  36601 
File:  /beegfs/labs/hulab/projects/mjabin/GeneBridge/data/processed/snrnaseq/sce_DLPFC_annotated/huuki_h5ad_chunks_allgenes_full_maxcells0_chunk200/huuki_allgenes_chunk_0015.h5ad 
------------------------------------------------------------
SCE dimensions [genes x cells]:  36601  x  200 
Reading and transposing  counts ...
AnnData X dimensions [cells x genes]:  200  x  36601 
Reading and transposing layer:  logcounts 
Creating AnnData object...
AnnData dimensions [cells x genes]:  200  x  36601 
Writing H5AD...
Chunk completed successfully.
Chunk size MB:  127.37 

------------------------------------------------------------
Writing chunk  16 / 389 
Cells:  200 
Genes:  36601 
File:  /beegfs/labs/hulab/projects/mjabin/GeneBridge/data/processed/snrnaseq/sce_DLPFC_annotated/huuki_h5ad_chunks_allgenes_full_maxcells0_chunk200/huuki_allgenes_chunk_0016.h5ad 
------------------------------------------------------------
SCE dimensions [genes x cells]:  36601  x  200 
Reading and transposing  counts ...
AnnData X dimensions [cells x genes]:  200  x  36601 
Reading and transposing layer:  logcounts 
Creating AnnData object...
AnnData dimensions [cells x genes]:  200  x  36601 
Writing H5AD...
Chunk completed successfully.
Chunk size MB:  127.37 

------------------------------------------------------------
Writing chunk  17 / 389 
Cells:  200 
Genes:  36601 
File:  /beegfs/labs/hulab/projects/mjabin/GeneBridge/data/processed/snrnaseq/sce_DLPFC_annotated/huuki_h5ad_chunks_allgenes_full_maxcells0_chunk200/huuki_allgenes_chunk_0017.h5ad 
------------------------------------------------------------
SCE dimensions [genes x cells]:  36601  x  200 
Reading and transposing  counts ...
AnnData X dimensions [cells x genes]:  200  x  36601 
Reading and transposing layer:  logcounts 
Creating AnnData object...
AnnData dimensions [cells x genes]:  200  x  36601 
Writing H5AD...
Chunk completed successfully.
Chunk size MB:  127.37 

------------------------------------------------------------
Writing chunk  18 / 389 
Cells:  200 
Genes:  36601 
File:  /beegfs/labs/hulab/projects/mjabin/GeneBridge/data/processed/snrnaseq/sce_DLPFC_annotated/huuki_h5ad_chunks_allgenes_full_maxcells0_chunk200/huuki_allgenes_chunk_0018.h5ad 
------------------------------------------------------------
SCE dimensions [genes x cells]:  36601  x  200 
Reading and transposing  counts ...
AnnData X dimensions [cells x genes]:  200  x  36601 
Reading and transposing layer:  logcounts 
Creating AnnData object...
AnnData dimensions [cells x genes]:  200  x  36601 
Writing H5AD...
Chunk completed successfully.
Chunk size MB:  127.37 

------------------------------------------------------------
Writing chunk  19 / 389 
Cells:  200 
Genes:  36601 
File:  /beegfs/labs/hulab/projects/mjabin/GeneBridge/data/processed/snrnaseq/sce_DLPFC_annotated/huuki_h5ad_chunks_allgenes_full_maxcells0_chunk200/huuki_allgenes_chunk_0019.h5ad 
------------------------------------------------------------
SCE dimensions [genes x cells]:  36601  x  200 
Reading and transposing  counts ...
AnnData X dimensions [cells x genes]:  200  x  36601 
Reading and transposing layer:  logcounts 
Creating AnnData object...
AnnData dimensions [cells x genes]:  200  x  36601 
Writing H5AD...
Chunk completed successfully.
Chunk size MB:  127.37 

------------------------------------------------------------
Writing chunk  20 / 389 
Cells:  200 
Genes:  36601 
File:  /beegfs/labs/hulab/projects/mjabin/GeneBridge/data/processed/snrnaseq/sce_DLPFC_annotated/huuki_h5ad_chunks_allgenes_full_maxcells0_chunk200/huuki_allgenes_chunk_0020.h5ad 
------------------------------------------------------------
SCE dimensions [genes x cells]:  36601  x  200 
Reading and transposing  counts ...
AnnData X dimensions [cells x genes]:  200  x  36601 
Reading and transposing layer:  logcounts 
Creating AnnData object...
AnnData dimensions [cells x genes]:  200  x  36601 
Writing H5AD...
Chunk completed successfully.
Chunk size MB:  127.37 

------------------------------------------------------------
Writing chunk  21 / 389 
Cells:  200 
Genes:  36601 
File:  /beegfs/labs/hulab/projects/mjabin/GeneBridge/data/processed/snrnaseq/sce_DLPFC_annotated/huuki_h5ad_chunks_allgenes_full_maxcells0_chunk200/huuki_allgenes_chunk_0021.h5ad 
------------------------------------------------------------
SCE dimensions [genes x cells]:  36601  x  200 
Reading and transposing  counts ...
AnnData X dimensions [cells x genes]:  200  x  36601 
Reading and transposing layer:  logcounts 
Creating AnnData object...
AnnData dimensions [cells x genes]:  200  x  36601 
Writing H5AD...
Chunk completed successfully.
Chunk size MB:  127.37 

------------------------------------------------------------
Writing chunk  22 / 389 
Cells:  200 
Genes:  36601 
File:  /beegfs/labs/hulab/projects/mjabin/GeneBridge/data/processed/snrnaseq/sce_DLPFC_annotated/huuki_h5ad_chunks_allgenes_full_maxcells0_chunk200/huuki_allgenes_chunk_0022.h5ad 
------------------------------------------------------------
SCE dimensions [genes x cells]:  36601  x  200 
Reading and transposing  counts ...
AnnData X dimensions [cells x genes]:  200  x  36601 
Reading and transposing layer:  logcounts 
Creating AnnData object...
AnnData dimensions [cells x genes]:  200  x  36601 
Writing H5AD...
Chunk completed successfully.
Chunk size MB:  127.37 

------------------------------------------------------------
Writing chunk  23 / 389 
Cells:  200 
Genes:  36601 
File:  /beegfs/labs/hulab/projects/mjabin/GeneBridge/data/processed/snrnaseq/sce_DLPFC_annotated/huuki_h5ad_chunks_allgenes_full_maxcells0_chunk200/huuki_allgenes_chunk_0023.h5ad 
------------------------------------------------------------
SCE dimensions [genes x cells]:  36601  x  200 
Reading and transposing  counts ...
AnnData X dimensions [cells x genes]:  200  x  36601 
Reading and transposing layer:  logcounts 
Creating AnnData object...
AnnData dimensions [cells x genes]:  200  x  36601 
Writing H5AD...
Chunk completed successfully.
Chunk size MB:  127.37 

------------------------------------------------------------
Writing chunk  24 / 389 
Cells:  200 
Genes:  36601 
File:  /beegfs/labs/hulab/projects/mjabin/GeneBridge/data/processed/snrnaseq/sce_DLPFC_annotated/huuki_h5ad_chunks_allgenes_full_maxcells0_chunk200/huuki_allgenes_chunk_0024.h5ad 
------------------------------------------------------------
SCE dimensions [genes x cells]:  36601  x  200 
Reading and transposing  counts ...
AnnData X dimensions [cells x genes]:  200  x  36601 
Reading and transposing layer:  logcounts 
Creating AnnData object...
AnnData dimensions [cells x genes]:  200  x  36601 
Writing H5AD...
Chunk completed successfully.
Chunk size MB:  127.37 

------------------------------------------------------------
Writing chunk  25 / 389 
Cells:  200 
Genes:  36601 
File:  /beegfs/labs/hulab/projects/mjabin/GeneBridge/data/processed/snrnaseq/sce_DLPFC_annotated/huuki_h5ad_chunks_allgenes_full_maxcells0_chunk200/huuki_allgenes_chunk_0025.h5ad 
------------------------------------------------------------
SCE dimensions [genes x cells]:  36601  x  200 
Reading and transposing  counts ...
AnnData X dimensions [cells x genes]:  200  x  36601 
Reading and transposing layer:  logcounts 
Creating AnnData object...
AnnData dimensions [cells x genes]:  200  x  36601 
Writing H5AD...
Chunk completed successfully.
Chunk size MB:  127.37 

------------------------------------------------------------
Writing chunk  26 / 389 
Cells:  200 
Genes:  36601 
File:  /beegfs/labs/hulab/projects/mjabin/GeneBridge/data/processed/snrnaseq/sce_DLPFC_annotated/huuki_h5ad_chunks_allgenes_full_maxcells0_chunk200/huuki_allgenes_chunk_0026.h5ad 
------------------------------------------------------------
SCE dimensions [genes x cells]:  36601  x  200 
Reading and transposing  counts ...
AnnData X dimensions [cells x genes]:  200  x  36601 
Reading and transposing layer:  logcounts 
Creating AnnData object...
AnnData dimensions [cells x genes]:  200  x  36601 
Writing H5AD...
Chunk completed successfully.
Chunk size MB:  127.37 

------------------------------------------------------------
Writing chunk  27 / 389 
Cells:  200 
Genes:  36601 
File:  /beegfs/labs/hulab/projects/mjabin/GeneBridge/data/processed/snrnaseq/sce_DLPFC_annotated/huuki_h5ad_chunks_allgenes_full_maxcells0_chunk200/huuki_allgenes_chunk_0027.h5ad 
------------------------------------------------------------
SCE dimensions [genes x cells]:  36601  x  200 
Reading and transposing  counts ...
AnnData X dimensions [cells x genes]:  200  x  36601 
Reading and transposing layer:  logcounts 
Creating AnnData object...
AnnData dimensions [cells x genes]:  200  x  36601 
Writing H5AD...
Chunk completed successfully.
Chunk size MB:  127.37 

------------------------------------------------------------
Writing chunk  28 / 389 
Cells:  200 
Genes:  36601 
File:  /beegfs/labs/hulab/projects/mjabin/GeneBridge/data/processed/snrnaseq/sce_DLPFC_annotated/huuki_h5ad_chunks_allgenes_full_maxcells0_chunk200/huuki_allgenes_chunk_0028.h5ad 
------------------------------------------------------------
SCE dimensions [genes x cells]:  36601  x  200 
Reading and transposing  counts ...
AnnData X dimensions [cells x genes]:  200  x  36601 
Reading and transposing layer:  logcounts 
Creating AnnData object...
AnnData dimensions [cells x genes]:  200  x  36601 
Writing H5AD...
Chunk completed successfully.
Chunk size MB:  127.37 

------------------------------------------------------------
Writing chunk  29 / 389 
Cells:  200 
Genes:  36601 
File:  /beegfs/labs/hulab/projects/mjabin/GeneBridge/data/processed/snrnaseq/sce_DLPFC_annotated/huuki_h5ad_chunks_allgenes_full_maxcells0_chunk200/huuki_allgenes_chunk_0029.h5ad 
------------------------------------------------------------
SCE dimensions [genes x cells]:  36601  x  200 
Reading and transposing  counts ...
AnnData X dimensions [cells x genes]:  200  x  36601 
Reading and transposing layer:  logcounts 
Creating AnnData object...
AnnData dimensions [cells x genes]:  200  x  36601 
Writing H5AD...
Chunk completed successfully.
Chunk size MB:  127.37 

------------------------------------------------------------
Writing chunk  30 / 389 
Cells:  200 
Genes:  36601 
File:  /beegfs/labs/hulab/projects/mjabin/GeneBridge/data/processed/snrnaseq/sce_DLPFC_annotated/huuki_h5ad_chunks_allgenes_full_maxcells0_chunk200/huuki_allgenes_chunk_0030.h5ad 
------------------------------------------------------------
SCE dimensions [genes x cells]:  36601  x  200 
Reading and transposing  counts ...
AnnData X dimensions [cells x genes]:  200  x  36601 
Reading and transposing layer:  logcounts 
Creating AnnData object...
AnnData dimensions [cells x genes]:  200  x  36601 
Writing H5AD...
Chunk completed successfully.
Chunk size MB:  127.37 

------------------------------------------------------------
Writing chunk  31 / 389 
Cells:  200 
Genes:  36601 
File:  /beegfs/labs/hulab/projects/mjabin/GeneBridge/data/processed/snrnaseq/sce_DLPFC_annotated/huuki_h5ad_chunks_allgenes_full_maxcells0_chunk200/huuki_allgenes_chunk_0031.h5ad 
------------------------------------------------------------
SCE dimensions [genes x cells]:  36601  x  200 
Reading and transposing  counts ...
AnnData X dimensions [cells x genes]:  200  x  36601 
Reading and transposing layer:  logcounts 
Creating AnnData object...
AnnData dimensions [cells x genes]:  200  x  36601 
Writing H5AD...
Chunk completed successfully.
Chunk size MB:  127.37 

------------------------------------------------------------
Writing chunk  32 / 389 
Cells:  200 
Genes:  36601 
File:  /beegfs/labs/hulab/projects/mjabin/GeneBridge/data/processed/snrnaseq/sce_DLPFC_annotated/huuki_h5ad_chunks_allgenes_full_maxcells0_chunk200/huuki_allgenes_chunk_0032.h5ad 
------------------------------------------------------------
SCE dimensions [genes x cells]:  36601  x  200 
Reading and transposing  counts ...
AnnData X dimensions [cells x genes]:  200  x  36601 
Reading and transposing layer:  logcounts 
Creating AnnData object...
AnnData dimensions [cells x genes]:  200  x  36601 
Writing H5AD...
Chunk completed successfully.
Chunk size MB:  127.37 

------------------------------------------------------------
Writing chunk  33 / 389 
Cells:  200 
Genes:  36601 
File:  /beegfs/labs/hulab/projects/mjabin/GeneBridge/data/processed/snrnaseq/sce_DLPFC_annotated/huuki_h5ad_chunks_allgenes_full_maxcells0_chunk200/huuki_allgenes_chunk_0033.h5ad 
------------------------------------------------------------
SCE dimensions [genes x cells]:  36601  x  200 
Reading and transposing  counts ...
AnnData X dimensions [cells x genes]:  200  x  36601 
Reading and transposing layer:  logcounts 
Creating AnnData object...
AnnData dimensions [cells x genes]:  200  x  36601 
Writing H5AD...
Chunk completed successfully.
Chunk size MB:  127.37 

------------------------------------------------------------
Writing chunk  34 / 389 
Cells:  200 
Genes:  36601 
File:  /beegfs/labs/hulab/projects/mjabin/GeneBridge/data/processed/snrnaseq/sce_DLPFC_annotated/huuki_h5ad_chunks_allgenes_full_maxcells0_chunk200/huuki_allgenes_chunk_0034.h5ad 
------------------------------------------------------------
SCE dimensions [genes x cells]:  36601  x  200 
Reading and transposing  counts ...
AnnData X dimensions [cells x genes]:  200  x  36601 
Reading and transposing layer:  logcounts 
Creating AnnData object...
AnnData dimensions [cells x genes]:  200  x  36601 
Writing H5AD...
Chunk completed successfully.
Chunk size MB:  127.37 

------------------------------------------------------------
Writing chunk  35 / 389 
Cells:  200 
Genes:  36601 
File:  /beegfs/labs/hulab/projects/mjabin/GeneBridge/data/processed/snrnaseq/sce_DLPFC_annotated/huuki_h5ad_chunks_allgenes_full_maxcells0_chunk200/huuki_allgenes_chunk_0035.h5ad 
------------------------------------------------------------
SCE dimensions [genes x cells]:  36601  x  200 
Reading and transposing  counts ...
AnnData X dimensions [cells x genes]:  200  x  36601 
Reading and transposing layer:  logcounts 
Creating AnnData object...
AnnData dimensions [cells x genes]:  200  x  36601 
Writing H5AD...
Chunk completed successfully.
Chunk size MB:  127.37 

------------------------------------------------------------
Writing chunk  36 / 389 
Cells:  200 
Genes:  36601 
File:  /beegfs/labs/hulab/projects/mjabin/GeneBridge/data/processed/snrnaseq/sce_DLPFC_annotated/huuki_h5ad_chunks_allgenes_full_maxcells0_chunk200/huuki_allgenes_chunk_0036.h5ad 
------------------------------------------------------------
SCE dimensions [genes x cells]:  36601  x  200 
Reading and transposing  counts ...
AnnData X dimensions [cells x genes]:  200  x  36601 
Reading and transposing layer:  logcounts 
Creating AnnData object...
AnnData dimensions [cells x genes]:  200  x  36601 
Writing H5AD...
Chunk completed successfully.
Chunk size MB:  127.37 

------------------------------------------------------------
Writing chunk  37 / 389 
Cells:  200 
Genes:  36601 
File:  /beegfs/labs/hulab/projects/mjabin/GeneBridge/data/processed/snrnaseq/sce_DLPFC_annotated/huuki_h5ad_chunks_allgenes_full_maxcells0_chunk200/huuki_allgenes_chunk_0037.h5ad 
------------------------------------------------------------
SCE dimensions [genes x cells]:  36601  x  200 
Reading and transposing  counts ...
AnnData X dimensions [cells x genes]:  200  x  36601 
Reading and transposing layer:  logcounts 
Creating AnnData object...
AnnData dimensions [cells x genes]:  200  x  36601 
Writing H5AD...
Chunk completed successfully.
Chunk size MB:  127.37 

------------------------------------------------------------
Writing chunk  38 / 389 
Cells:  200 
Genes:  36601 
File:  /beegfs/labs/hulab/projects/mjabin/GeneBridge/data/processed/snrnaseq/sce_DLPFC_annotated/huuki_h5ad_chunks_allgenes_full_maxcells0_chunk200/huuki_allgenes_chunk_0038.h5ad 
------------------------------------------------------------
SCE dimensions [genes x cells]:  36601  x  200 
Reading and transposing  counts ...
AnnData X dimensions [cells x genes]:  200  x  36601 
Reading and transposing layer:  logcounts 
Creating AnnData object...
AnnData dimensions [cells x genes]:  200  x  36601 
Writing H5AD...
Chunk completed successfully.
Chunk size MB:  127.37 

------------------------------------------------------------
Writing chunk  39 / 389 
Cells:  200 
Genes:  36601 
File:  /beegfs/labs/hulab/projects/mjabin/GeneBridge/data/processed/snrnaseq/sce_DLPFC_annotated/huuki_h5ad_chunks_allgenes_full_maxcells0_chunk200/huuki_allgenes_chunk_0039.h5ad 
------------------------------------------------------------
SCE dimensions [genes x cells]:  36601  x  200 
Reading and transposing  counts ...
AnnData X dimensions [cells x genes]:  200  x  36601 
Reading and transposing layer:  logcounts 
Creating AnnData object...
AnnData dimensions [cells x genes]:  200  x  36601 
Writing H5AD...
Chunk completed successfully.
Chunk size MB:  127.37 

------------------------------------------------------------
Writing chunk  40 / 389 
Cells:  200 
Genes:  36601 
File:  /beegfs/labs/hulab/projects/mjabin/GeneBridge/data/processed/snrnaseq/sce_DLPFC_annotated/huuki_h5ad_chunks_allgenes_full_maxcells0_chunk200/huuki_allgenes_chunk_0040.h5ad 
------------------------------------------------------------
SCE dimensions [genes x cells]:  36601  x  200 
Reading and transposing  counts ...
AnnData X dimensions [cells x genes]:  200  x  36601 
Reading and transposing layer:  logcounts 
Creating AnnData object...
AnnData dimensions [cells x genes]:  200  x  36601 
Writing H5AD...
Chunk completed successfully.
Chunk size MB:  127.37 

------------------------------------------------------------
Writing chunk  41 / 389 
Cells:  200 
Genes:  36601 
File:  /beegfs/labs/hulab/projects/mjabin/GeneBridge/data/processed/snrnaseq/sce_DLPFC_annotated/huuki_h5ad_chunks_allgenes_full_maxcells0_chunk200/huuki_allgenes_chunk_0041.h5ad 
------------------------------------------------------------
SCE dimensions [genes x cells]:  36601  x  200 
Reading and transposing  counts ...
AnnData X dimensions [cells x genes]:  200  x  36601 
Reading and transposing layer:  logcounts 
Creating AnnData object...
AnnData dimensions [cells x genes]:  200  x  36601 
Writing H5AD...
Chunk completed successfully.
Chunk size MB:  127.37 

------------------------------------------------------------
Writing chunk  42 / 389 
Cells:  200 
Genes:  36601 
File:  /beegfs/labs/hulab/projects/mjabin/GeneBridge/data/processed/snrnaseq/sce_DLPFC_annotated/huuki_h5ad_chunks_allgenes_full_maxcells0_chunk200/huuki_allgenes_chunk_0042.h5ad 
------------------------------------------------------------
SCE dimensions [genes x cells]:  36601  x  200 
Reading and transposing  counts ...
AnnData X dimensions [cells x genes]:  200  x  36601 
Reading and transposing layer:  logcounts 
Creating AnnData object...
AnnData dimensions [cells x genes]:  200  x  36601 
Writing H5AD...
Chunk completed successfully.
Chunk size MB:  127.37 

------------------------------------------------------------
Writing chunk  43 / 389 
Cells:  200 
Genes:  36601 
File:  /beegfs/labs/hulab/projects/mjabin/GeneBridge/data/processed/snrnaseq/sce_DLPFC_annotated/huuki_h5ad_chunks_allgenes_full_maxcells0_chunk200/huuki_allgenes_chunk_0043.h5ad 
------------------------------------------------------------
SCE dimensions [genes x cells]:  36601  x  200 
Reading and transposing  counts ...
AnnData X dimensions [cells x genes]:  200  x  36601 
Reading and transposing layer:  logcounts 
Creating AnnData object...
AnnData dimensions [cells x genes]:  200  x  36601 
Writing H5AD...
Chunk completed successfully.
Chunk size MB:  127.37 

------------------------------------------------------------
Writing chunk  44 / 389 
Cells:  200 
Genes:  36601 
File:  /beegfs/labs/hulab/projects/mjabin/GeneBridge/data/processed/snrnaseq/sce_DLPFC_annotated/huuki_h5ad_chunks_allgenes_full_maxcells0_chunk200/huuki_allgenes_chunk_0044.h5ad 
------------------------------------------------------------
SCE dimensions [genes x cells]:  36601  x  200 
Reading and transposing  counts ...
AnnData X dimensions [cells x genes]:  200  x  36601 
Reading and transposing layer:  logcounts 
Creating AnnData object...
AnnData dimensions [cells x genes]:  200  x  36601 
Writing H5AD...
Chunk completed successfully.
Chunk size MB:  127.37 

------------------------------------------------------------
Writing chunk  45 / 389 
Cells:  200 
Genes:  36601 
File:  /beegfs/labs/hulab/projects/mjabin/GeneBridge/data/processed/snrnaseq/sce_DLPFC_annotated/huuki_h5ad_chunks_allgenes_full_maxcells0_chunk200/huuki_allgenes_chunk_0045.h5ad 
------------------------------------------------------------
SCE dimensions [genes x cells]:  36601  x  200 
Reading and transposing  counts ...
AnnData X dimensions [cells x genes]:  200  x  36601 
Reading and transposing layer:  logcounts 
Creating AnnData object...
AnnData dimensions [cells x genes]:  200  x  36601 
Writing H5AD...
Chunk completed successfully.
Chunk size MB:  127.37 

------------------------------------------------------------
Writing chunk  46 / 389 
Cells:  200 
Genes:  36601 
File:  /beegfs/labs/hulab/projects/mjabin/GeneBridge/data/processed/snrnaseq/sce_DLPFC_annotated/huuki_h5ad_chunks_allgenes_full_maxcells0_chunk200/huuki_allgenes_chunk_0046.h5ad 
------------------------------------------------------------
SCE dimensions [genes x cells]:  36601  x  200 
Reading and transposing  counts ...
AnnData X dimensions [cells x genes]:  200  x  36601 
Reading and transposing layer:  logcounts 
Creating AnnData object...
AnnData dimensions [cells x genes]:  200  x  36601 
Writing H5AD...
Chunk completed successfully.
Chunk size MB:  127.37 

------------------------------------------------------------
Writing chunk  47 / 389 
Cells:  200 
Genes:  36601 
File:  /beegfs/labs/hulab/projects/mjabin/GeneBridge/data/processed/snrnaseq/sce_DLPFC_annotated/huuki_h5ad_chunks_allgenes_full_maxcells0_chunk200/huuki_allgenes_chunk_0047.h5ad 
------------------------------------------------------------
SCE dimensions [genes x cells]:  36601  x  200 
Reading and transposing  counts ...
AnnData X dimensions [cells x genes]:  200  x  36601 
Reading and transposing layer:  logcounts 
Creating AnnData object...
AnnData dimensions [cells x genes]:  200  x  36601 
Writing H5AD...
Chunk completed successfully.
Chunk size MB:  127.37 

------------------------------------------------------------
Writing chunk  48 / 389 
Cells:  200 
Genes:  36601 
File:  /beegfs/labs/hulab/projects/mjabin/GeneBridge/data/processed/snrnaseq/sce_DLPFC_annotated/huuki_h5ad_chunks_allgenes_full_maxcells0_chunk200/huuki_allgenes_chunk_0048.h5ad 
------------------------------------------------------------
SCE dimensions [genes x cells]:  36601  x  200 
Reading and transposing  counts ...
AnnData X dimensions [cells x genes]:  200  x  36601 
Reading and transposing layer:  logcounts 
Creating AnnData object...
AnnData dimensions [cells x genes]:  200  x  36601 
Writing H5AD...
Chunk completed successfully.
Chunk size MB:  127.37 

------------------------------------------------------------
Writing chunk  49 / 389 
Cells:  200 
Genes:  36601 
File:  /beegfs/labs/hulab/projects/mjabin/GeneBridge/data/processed/snrnaseq/sce_DLPFC_annotated/huuki_h5ad_chunks_allgenes_full_maxcells0_chunk200/huuki_allgenes_chunk_0049.h5ad 
------------------------------------------------------------
SCE dimensions [genes x cells]:  36601  x  200 
Reading and transposing  counts ...
AnnData X dimensions [cells x genes]:  200  x  36601 
Reading and transposing layer:  logcounts 
Creating AnnData object...
AnnData dimensions [cells x genes]:  200  x  36601 
Writing H5AD...
Chunk completed successfully.
Chunk size MB:  127.37 

------------------------------------------------------------
Writing chunk  50 / 389 
Cells:  200 
Genes:  36601 
File:  /beegfs/labs/hulab/projects/mjabin/GeneBridge/data/processed/snrnaseq/sce_DLPFC_annotated/huuki_h5ad_chunks_allgenes_full_maxcells0_chunk200/huuki_allgenes_chunk_0050.h5ad 
------------------------------------------------------------
SCE dimensions [genes x cells]:  36601  x  200 
Reading and transposing  counts ...
AnnData X dimensions [cells x genes]:  200  x  36601 
Reading and transposing layer:  logcounts 
Creating AnnData object...
AnnData dimensions [cells x genes]:  200  x  36601 
Writing H5AD...
Chunk completed successfully.
Chunk size MB:  127.37 

------------------------------------------------------------
Writing chunk  51 / 389 
Cells:  200 
Genes:  36601 
File:  /beegfs/labs/hulab/projects/mjabin/GeneBridge/data/processed/snrnaseq/sce_DLPFC_annotated/huuki_h5ad_chunks_allgenes_full_maxcells0_chunk200/huuki_allgenes_chunk_0051.h5ad 
------------------------------------------------------------
SCE dimensions [genes x cells]:  36601  x  200 
Reading and transposing  counts ...
AnnData X dimensions [cells x genes]:  200  x  36601 
Reading and transposing layer:  logcounts 
Creating AnnData object...
AnnData dimensions [cells x genes]:  200  x  36601 
Writing H5AD...
Chunk completed successfully.
Chunk size MB:  127.37 

------------------------------------------------------------
Writing chunk  52 / 389 
Cells:  200 
Genes:  36601 
File:  /beegfs/labs/hulab/projects/mjabin/GeneBridge/data/processed/snrnaseq/sce_DLPFC_annotated/huuki_h5ad_chunks_allgenes_full_maxcells0_chunk200/huuki_allgenes_chunk_0052.h5ad 
------------------------------------------------------------
SCE dimensions [genes x cells]:  36601  x  200 
Reading and transposing  counts ...
AnnData X dimensions [cells x genes]:  200  x  36601 
Reading and transposing layer:  logcounts 
Creating AnnData object...
AnnData dimensions [cells x genes]:  200  x  36601 
Writing H5AD...
Chunk completed successfully.
Chunk size MB:  127.37 

------------------------------------------------------------
Writing chunk  53 / 389 
Cells:  200 
Genes:  36601 
File:  /beegfs/labs/hulab/projects/mjabin/GeneBridge/data/processed/snrnaseq/sce_DLPFC_annotated/huuki_h5ad_chunks_allgenes_full_maxcells0_chunk200/huuki_allgenes_chunk_0053.h5ad 
------------------------------------------------------------
SCE dimensions [genes x cells]:  36601  x  200 
Reading and transposing  counts ...
AnnData X dimensions [cells x genes]:  200  x  36601 
Reading and transposing layer:  logcounts 
Creating AnnData object...
AnnData dimensions [cells x genes]:  200  x  36601 
Writing H5AD...
Chunk completed successfully.
Chunk size MB:  127.37 

------------------------------------------------------------
Writing chunk  54 / 389 
Cells:  200 
Genes:  36601 
File:  /beegfs/labs/hulab/projects/mjabin/GeneBridge/data/processed/snrnaseq/sce_DLPFC_annotated/huuki_h5ad_chunks_allgenes_full_maxcells0_chunk200/huuki_allgenes_chunk_0054.h5ad 
------------------------------------------------------------
SCE dimensions [genes x cells]:  36601  x  200 
Reading and transposing  counts ...
AnnData X dimensions [cells x genes]:  200  x  36601 
Reading and transposing layer:  logcounts 
Creating AnnData object...
AnnData dimensions [cells x genes]:  200  x  36601 
Writing H5AD...
Chunk completed successfully.
Chunk size MB:  127.37 

------------------------------------------------------------
Writing chunk  55 / 389 
Cells:  200 
Genes:  36601 
File:  /beegfs/labs/hulab/projects/mjabin/GeneBridge/data/processed/snrnaseq/sce_DLPFC_annotated/huuki_h5ad_chunks_allgenes_full_maxcells0_chunk200/huuki_allgenes_chunk_0055.h5ad 
------------------------------------------------------------
SCE dimensions [genes x cells]:  36601  x  200 
Reading and transposing  counts ...
AnnData X dimensions [cells x genes]:  200  x  36601 
Reading and transposing layer:  logcounts 
Creating AnnData object...
AnnData dimensions [cells x genes]:  200  x  36601 
Writing H5AD...
Chunk completed successfully.
Chunk size MB:  127.37 

------------------------------------------------------------
Writing chunk  56 / 389 
Cells:  200 
Genes:  36601 
File:  /beegfs/labs/hulab/projects/mjabin/GeneBridge/data/processed/snrnaseq/sce_DLPFC_annotated/huuki_h5ad_chunks_allgenes_full_maxcells0_chunk200/huuki_allgenes_chunk_0056.h5ad 
------------------------------------------------------------
SCE dimensions [genes x cells]:  36601  x  200 
Reading and transposing  counts ...
AnnData X dimensions [cells x genes]:  200  x  36601 
Reading and transposing layer:  logcounts 
Creating AnnData object...
AnnData dimensions [cells x genes]:  200  x  36601 
Writing H5AD...
Chunk completed successfully.
Chunk size MB:  127.37 

------------------------------------------------------------
Writing chunk  57 / 389 
Cells:  200 
Genes:  36601 
File:  /beegfs/labs/hulab/projects/mjabin/GeneBridge/data/processed/snrnaseq/sce_DLPFC_annotated/huuki_h5ad_chunks_allgenes_full_maxcells0_chunk200/huuki_allgenes_chunk_0057.h5ad 
------------------------------------------------------------
SCE dimensions [genes x cells]:  36601  x  200 
Reading and transposing  counts ...
AnnData X dimensions [cells x genes]:  200  x  36601 
Reading and transposing layer:  logcounts 
Creating AnnData object...
AnnData dimensions [cells x genes]:  200  x  36601 
Writing H5AD...
Chunk completed successfully.
Chunk size MB:  127.37 

------------------------------------------------------------
Writing chunk  58 / 389 
Cells:  200 
Genes:  36601 
File:  /beegfs/labs/hulab/projects/mjabin/GeneBridge/data/processed/snrnaseq/sce_DLPFC_annotated/huuki_h5ad_chunks_allgenes_full_maxcells0_chunk200/huuki_allgenes_chunk_0058.h5ad 
------------------------------------------------------------
SCE dimensions [genes x cells]:  36601  x  200 
Reading and transposing  counts ...
AnnData X dimensions [cells x genes]:  200  x  36601 
Reading and transposing layer:  logcounts 
Creating AnnData object...
AnnData dimensions [cells x genes]:  200  x  36601 
Writing H5AD...
Chunk completed successfully.
Chunk size MB:  127.37 

------------------------------------------------------------
Writing chunk  59 / 389 
Cells:  200 
Genes:  36601 
File:  /beegfs/labs/hulab/projects/mjabin/GeneBridge/data/processed/snrnaseq/sce_DLPFC_annotated/huuki_h5ad_chunks_allgenes_full_maxcells0_chunk200/huuki_allgenes_chunk_0059.h5ad 
------------------------------------------------------------
SCE dimensions [genes x cells]:  36601  x  200 
Reading and transposing  counts ...
AnnData X dimensions [cells x genes]:  200  x  36601 
Reading and transposing layer:  logcounts 
Creating AnnData object...
AnnData dimensions [cells x genes]:  200  x  36601 
Writing H5AD...
Chunk completed successfully.
Chunk size MB:  127.37 

------------------------------------------------------------
Writing chunk  60 / 389 
Cells:  200 
Genes:  36601 
File:  /beegfs/labs/hulab/projects/mjabin/GeneBridge/data/processed/snrnaseq/sce_DLPFC_annotated/huuki_h5ad_chunks_allgenes_full_maxcells0_chunk200/huuki_allgenes_chunk_0060.h5ad 
------------------------------------------------------------
SCE dimensions [genes x cells]:  36601  x  200 
Reading and transposing  counts ...
AnnData X dimensions [cells x genes]:  200  x  36601 
Reading and transposing layer:  logcounts 
Creating AnnData object...
AnnData dimensions [cells x genes]:  200  x  36601 
Writing H5AD...
Chunk completed successfully.
Chunk size MB:  127.37 

------------------------------------------------------------
Writing chunk  61 / 389 
Cells:  200 
Genes:  36601 
File:  /beegfs/labs/hulab/projects/mjabin/GeneBridge/data/processed/snrnaseq/sce_DLPFC_annotated/huuki_h5ad_chunks_allgenes_full_maxcells0_chunk200/huuki_allgenes_chunk_0061.h5ad 
------------------------------------------------------------
SCE dimensions [genes x cells]:  36601  x  200 
Reading and transposing  counts ...
AnnData X dimensions [cells x genes]:  200  x  36601 
Reading and transposing layer:  logcounts 
Creating AnnData object...
AnnData dimensions [cells x genes]:  200  x  36601 
Writing H5AD...
Chunk completed successfully.
Chunk size MB:  127.37 

------------------------------------------------------------
Writing chunk  62 / 389 
Cells:  200 
Genes:  36601 
File:  /beegfs/labs/hulab/projects/mjabin/GeneBridge/data/processed/snrnaseq/sce_DLPFC_annotated/huuki_h5ad_chunks_allgenes_full_maxcells0_chunk200/huuki_allgenes_chunk_0062.h5ad 
------------------------------------------------------------
SCE dimensions [genes x cells]:  36601  x  200 
Reading and transposing  counts ...
AnnData X dimensions [cells x genes]:  200  x  36601 
Reading and transposing layer:  logcounts 
Creating AnnData object...
AnnData dimensions [cells x genes]:  200  x  36601 
Writing H5AD...
Chunk completed successfully.
Chunk size MB:  127.37 

------------------------------------------------------------
Writing chunk  63 / 389 
Cells:  200 
Genes:  36601 
File:  /beegfs/labs/hulab/projects/mjabin/GeneBridge/data/processed/snrnaseq/sce_DLPFC_annotated/huuki_h5ad_chunks_allgenes_full_maxcells0_chunk200/huuki_allgenes_chunk_0063.h5ad 
------------------------------------------------------------
SCE dimensions [genes x cells]:  36601  x  200 
Reading and transposing  counts ...
AnnData X dimensions [cells x genes]:  200  x  36601 
Reading and transposing layer:  logcounts 
Creating AnnData object...
AnnData dimensions [cells x genes]:  200  x  36601 
Writing H5AD...
Chunk completed successfully.
Chunk size MB:  127.37 

------------------------------------------------------------
Writing chunk  64 / 389 
Cells:  200 
Genes:  36601 
File:  /beegfs/labs/hulab/projects/mjabin/GeneBridge/data/processed/snrnaseq/sce_DLPFC_annotated/huuki_h5ad_chunks_allgenes_full_maxcells0_chunk200/huuki_allgenes_chunk_0064.h5ad 
------------------------------------------------------------
SCE dimensions [genes x cells]:  36601  x  200 
Reading and transposing  counts ...
AnnData X dimensions [cells x genes]:  200  x  36601 
Reading and transposing layer:  logcounts 
Creating AnnData object...
AnnData dimensions [cells x genes]:  200  x  36601 
Writing H5AD...
Chunk completed successfully.
Chunk size MB:  127.37 

------------------------------------------------------------
Writing chunk  65 / 389 
Cells:  200 
Genes:  36601 
File:  /beegfs/labs/hulab/projects/mjabin/GeneBridge/data/processed/snrnaseq/sce_DLPFC_annotated/huuki_h5ad_chunks_allgenes_full_maxcells0_chunk200/huuki_allgenes_chunk_0065.h5ad 
------------------------------------------------------------
SCE dimensions [genes x cells]:  36601  x  200 
Reading and transposing  counts ...
AnnData X dimensions [cells x genes]:  200  x  36601 
Reading and transposing layer:  logcounts 
Creating AnnData object...
AnnData dimensions [cells x genes]:  200  x  36601 
Writing H5AD...
Chunk completed successfully.
Chunk size MB:  127.37 

------------------------------------------------------------
Writing chunk  66 / 389 
Cells:  200 
Genes:  36601 
File:  /beegfs/labs/hulab/projects/mjabin/GeneBridge/data/processed/snrnaseq/sce_DLPFC_annotated/huuki_h5ad_chunks_allgenes_full_maxcells0_chunk200/huuki_allgenes_chunk_0066.h5ad 
------------------------------------------------------------
SCE dimensions [genes x cells]:  36601  x  200 
Reading and transposing  counts ...
AnnData X dimensions [cells x genes]:  200  x  36601 
Reading and transposing layer:  logcounts 
Creating AnnData object...
AnnData dimensions [cells x genes]:  200  x  36601 
Writing H5AD...
Chunk completed successfully.
Chunk size MB:  127.37 

------------------------------------------------------------
Writing chunk  67 / 389 
Cells:  200 
Genes:  36601 
File:  /beegfs/labs/hulab/projects/mjabin/GeneBridge/data/processed/snrnaseq/sce_DLPFC_annotated/huuki_h5ad_chunks_allgenes_full_maxcells0_chunk200/huuki_allgenes_chunk_0067.h5ad 
------------------------------------------------------------
SCE dimensions [genes x cells]:  36601  x  200 
Reading and transposing  counts ...
AnnData X dimensions [cells x genes]:  200  x  36601 
Reading and transposing layer:  logcounts 
Creating AnnData object...
AnnData dimensions [cells x genes]:  200  x  36601 
Writing H5AD...
Chunk completed successfully.
Chunk size MB:  127.38 

------------------------------------------------------------
Writing chunk  68 / 389 
Cells:  200 
Genes:  36601 
File:  /beegfs/labs/hulab/projects/mjabin/GeneBridge/data/processed/snrnaseq/sce_DLPFC_annotated/huuki_h5ad_chunks_allgenes_full_maxcells0_chunk200/huuki_allgenes_chunk_0068.h5ad 
------------------------------------------------------------
SCE dimensions [genes x cells]:  36601  x  200 
Reading and transposing  counts ...
AnnData X dimensions [cells x genes]:  200  x  36601 
Reading and transposing layer:  logcounts 
Creating AnnData object...
AnnData dimensions [cells x genes]:  200  x  36601 
Writing H5AD...
Chunk completed successfully.
Chunk size MB:  127.38 

------------------------------------------------------------
Writing chunk  69 / 389 
Cells:  200 
Genes:  36601 
File:  /beegfs/labs/hulab/projects/mjabin/GeneBridge/data/processed/snrnaseq/sce_DLPFC_annotated/huuki_h5ad_chunks_allgenes_full_maxcells0_chunk200/huuki_allgenes_chunk_0069.h5ad 
------------------------------------------------------------
SCE dimensions [genes x cells]:  36601  x  200 
Reading and transposing  counts ...
AnnData X dimensions [cells x genes]:  200  x  36601 
Reading and transposing layer:  logcounts 
Creating AnnData object...
AnnData dimensions [cells x genes]:  200  x  36601 
Writing H5AD...
Chunk completed successfully.
Chunk size MB:  127.38 

------------------------------------------------------------
Writing chunk  70 / 389 
Cells:  200 
Genes:  36601 
File:  /beegfs/labs/hulab/projects/mjabin/GeneBridge/data/processed/snrnaseq/sce_DLPFC_annotated/huuki_h5ad_chunks_allgenes_full_maxcells0_chunk200/huuki_allgenes_chunk_0070.h5ad 
------------------------------------------------------------
SCE dimensions [genes x cells]:  36601  x  200 
Reading and transposing  counts ...
AnnData X dimensions [cells x genes]:  200  x  36601 
Reading and transposing layer:  logcounts 
Creating AnnData object...
AnnData dimensions [cells x genes]:  200  x  36601 
Writing H5AD...
Chunk completed successfully.
Chunk size MB:  127.38 

------------------------------------------------------------
Writing chunk  71 / 389 
Cells:  200 
Genes:  36601 
File:  /beegfs/labs/hulab/projects/mjabin/GeneBridge/data/processed/snrnaseq/sce_DLPFC_annotated/huuki_h5ad_chunks_allgenes_full_maxcells0_chunk200/huuki_allgenes_chunk_0071.h5ad 
------------------------------------------------------------
SCE dimensions [genes x cells]:  36601  x  200 
Reading and transposing  counts ...
AnnData X dimensions [cells x genes]:  200  x  36601 
Reading and transposing layer:  logcounts 
Creating AnnData object...
AnnData dimensions [cells x genes]:  200  x  36601 
Writing H5AD...
Chunk completed successfully.
Chunk size MB:  127.38 

------------------------------------------------------------
Writing chunk  72 / 389 
Cells:  200 
Genes:  36601 
File:  /beegfs/labs/hulab/projects/mjabin/GeneBridge/data/processed/snrnaseq/sce_DLPFC_annotated/huuki_h5ad_chunks_allgenes_full_maxcells0_chunk200/huuki_allgenes_chunk_0072.h5ad 
------------------------------------------------------------
SCE dimensions [genes x cells]:  36601  x  200 
Reading and transposing  counts ...
AnnData X dimensions [cells x genes]:  200  x  36601 
Reading and transposing layer:  logcounts 
Creating AnnData object...
AnnData dimensions [cells x genes]:  200  x  36601 
Writing H5AD...
Chunk completed successfully.
Chunk size MB:  127.38 

------------------------------------------------------------
Writing chunk  73 / 389 
Cells:  200 
Genes:  36601 
File:  /beegfs/labs/hulab/projects/mjabin/GeneBridge/data/processed/snrnaseq/sce_DLPFC_annotated/huuki_h5ad_chunks_allgenes_full_maxcells0_chunk200/huuki_allgenes_chunk_0073.h5ad 
------------------------------------------------------------
SCE dimensions [genes x cells]:  36601  x  200 
Reading and transposing  counts ...
AnnData X dimensions [cells x genes]:  200  x  36601 
Reading and transposing layer:  logcounts 
Creating AnnData object...
AnnData dimensions [cells x genes]:  200  x  36601 
Writing H5AD...
Chunk completed successfully.
Chunk size MB:  127.38 

------------------------------------------------------------
Writing chunk  74 / 389 
Cells:  200 
Genes:  36601 
File:  /beegfs/labs/hulab/projects/mjabin/GeneBridge/data/processed/snrnaseq/sce_DLPFC_annotated/huuki_h5ad_chunks_allgenes_full_maxcells0_chunk200/huuki_allgenes_chunk_0074.h5ad 
------------------------------------------------------------
SCE dimensions [genes x cells]:  36601  x  200 
Reading and transposing  counts ...
AnnData X dimensions [cells x genes]:  200  x  36601 
Reading and transposing layer:  logcounts 
Creating AnnData object...
AnnData dimensions [cells x genes]:  200  x  36601 
Writing H5AD...
Chunk completed successfully.
Chunk size MB:  127.38 

------------------------------------------------------------
Writing chunk  75 / 389 
Cells:  200 
Genes:  36601 
File:  /beegfs/labs/hulab/projects/mjabin/GeneBridge/data/processed/snrnaseq/sce_DLPFC_annotated/huuki_h5ad_chunks_allgenes_full_maxcells0_chunk200/huuki_allgenes_chunk_0075.h5ad 
------------------------------------------------------------
SCE dimensions [genes x cells]:  36601  x  200 
Reading and transposing  counts ...
AnnData X dimensions [cells x genes]:  200  x  36601 
Reading and transposing layer:  logcounts 
Creating AnnData object...
AnnData dimensions [cells x genes]:  200  x  36601 
Writing H5AD...
Chunk completed successfully.
Chunk size MB:  127.38 

------------------------------------------------------------
Writing chunk  76 / 389 
Cells:  200 
Genes:  36601 
File:  /beegfs/labs/hulab/projects/mjabin/GeneBridge/data/processed/snrnaseq/sce_DLPFC_annotated/huuki_h5ad_chunks_allgenes_full_maxcells0_chunk200/huuki_allgenes_chunk_0076.h5ad 
------------------------------------------------------------
SCE dimensions [genes x cells]:  36601  x  200 
Reading and transposing  counts ...
AnnData X dimensions [cells x genes]:  200  x  36601 
Reading and transposing layer:  logcounts 
Creating AnnData object...
AnnData dimensions [cells x genes]:  200  x  36601 
Writing H5AD...
Chunk completed successfully.
Chunk size MB:  127.38 

------------------------------------------------------------
Writing chunk  77 / 389 
Cells:  200 
Genes:  36601 
File:  /beegfs/labs/hulab/projects/mjabin/GeneBridge/data/processed/snrnaseq/sce_DLPFC_annotated/huuki_h5ad_chunks_allgenes_full_maxcells0_chunk200/huuki_allgenes_chunk_0077.h5ad 
------------------------------------------------------------
SCE dimensions [genes x cells]:  36601  x  200 
Reading and transposing  counts ...
AnnData X dimensions [cells x genes]:  200  x  36601 
Reading and transposing layer:  logcounts 
Creating AnnData object...
AnnData dimensions [cells x genes]:  200  x  36601 
Writing H5AD...
Chunk completed successfully.
Chunk size MB:  127.38 

------------------------------------------------------------
Writing chunk  78 / 389 
Cells:  200 
Genes:  36601 
File:  /beegfs/labs/hulab/projects/mjabin/GeneBridge/data/processed/snrnaseq/sce_DLPFC_annotated/huuki_h5ad_chunks_allgenes_full_maxcells0_chunk200/huuki_allgenes_chunk_0078.h5ad 
------------------------------------------------------------
SCE dimensions [genes x cells]:  36601  x  200 
Reading and transposing  counts ...
AnnData X dimensions [cells x genes]:  200  x  36601 
Reading and transposing layer:  logcounts 
Creating AnnData object...
AnnData dimensions [cells x genes]:  200  x  36601 
Writing H5AD...
Chunk completed successfully.
Chunk size MB:  127.38 

------------------------------------------------------------
Writing chunk  79 / 389 
Cells:  200 
Genes:  36601 
File:  /beegfs/labs/hulab/projects/mjabin/GeneBridge/data/processed/snrnaseq/sce_DLPFC_annotated/huuki_h5ad_chunks_allgenes_full_maxcells0_chunk200/huuki_allgenes_chunk_0079.h5ad 
------------------------------------------------------------
SCE dimensions [genes x cells]:  36601  x  200 
Reading and transposing  counts ...
AnnData X dimensions [cells x genes]:  200  x  36601 
Reading and transposing layer:  logcounts 
Creating AnnData object...
AnnData dimensions [cells x genes]:  200  x  36601 
Writing H5AD...
Chunk completed successfully.
Chunk size MB:  127.38 

------------------------------------------------------------
Writing chunk  80 / 389 
Cells:  200 
Genes:  36601 
File:  /beegfs/labs/hulab/projects/mjabin/GeneBridge/data/processed/snrnaseq/sce_DLPFC_annotated/huuki_h5ad_chunks_allgenes_full_maxcells0_chunk200/huuki_allgenes_chunk_0080.h5ad 
------------------------------------------------------------
SCE dimensions [genes x cells]:  36601  x  200 
Reading and transposing  counts ...
AnnData X dimensions [cells x genes]:  200  x  36601 
Reading and transposing layer:  logcounts 
Creating AnnData object...
AnnData dimensions [cells x genes]:  200  x  36601 
Writing H5AD...
Chunk completed successfully.
Chunk size MB:  127.38 

------------------------------------------------------------
Writing chunk  81 / 389 
Cells:  200 
Genes:  36601 
File:  /beegfs/labs/hulab/projects/mjabin/GeneBridge/data/processed/snrnaseq/sce_DLPFC_annotated/huuki_h5ad_chunks_allgenes_full_maxcells0_chunk200/huuki_allgenes_chunk_0081.h5ad 
------------------------------------------------------------
SCE dimensions [genes x cells]:  36601  x  200 
Reading and transposing  counts ...
AnnData X dimensions [cells x genes]:  200  x  36601 
Reading and transposing layer:  logcounts 
Creating AnnData object...
AnnData dimensions [cells x genes]:  200  x  36601 
Writing H5AD...
Chunk completed successfully.
Chunk size MB:  127.38 

------------------------------------------------------------
Writing chunk  82 / 389 
Cells:  200 
Genes:  36601 
File:  /beegfs/labs/hulab/projects/mjabin/GeneBridge/data/processed/snrnaseq/sce_DLPFC_annotated/huuki_h5ad_chunks_allgenes_full_maxcells0_chunk200/huuki_allgenes_chunk_0082.h5ad 
------------------------------------------------------------
SCE dimensions [genes x cells]:  36601  x  200 
Reading and transposing  counts ...
AnnData X dimensions [cells x genes]:  200  x  36601 
Reading and transposing layer:  logcounts 
Creating AnnData object...
AnnData dimensions [cells x genes]:  200  x  36601 
Writing H5AD...
Chunk completed successfully.
Chunk size MB:  127.38 

------------------------------------------------------------
Writing chunk  83 / 389 
Cells:  200 
Genes:  36601 
File:  /beegfs/labs/hulab/projects/mjabin/GeneBridge/data/processed/snrnaseq/sce_DLPFC_annotated/huuki_h5ad_chunks_allgenes_full_maxcells0_chunk200/huuki_allgenes_chunk_0083.h5ad 
------------------------------------------------------------
SCE dimensions [genes x cells]:  36601  x  200 
Reading and transposing  counts ...
AnnData X dimensions [cells x genes]:  200  x  36601 
Reading and transposing layer:  logcounts 
Creating AnnData object...
AnnData dimensions [cells x genes]:  200  x  36601 
Writing H5AD...
Chunk completed successfully.
Chunk size MB:  127.38 

------------------------------------------------------------
Writing chunk  84 / 389 
Cells:  200 
Genes:  36601 
File:  /beegfs/labs/hulab/projects/mjabin/GeneBridge/data/processed/snrnaseq/sce_DLPFC_annotated/huuki_h5ad_chunks_allgenes_full_maxcells0_chunk200/huuki_allgenes_chunk_0084.h5ad 
------------------------------------------------------------
SCE dimensions [genes x cells]:  36601  x  200 
Reading and transposing  counts ...
AnnData X dimensions [cells x genes]:  200  x  36601 
Reading and transposing layer:  logcounts 
Creating AnnData object...
AnnData dimensions [cells x genes]:  200  x  36601 
Writing H5AD...
Chunk completed successfully.
Chunk size MB:  127.38 

------------------------------------------------------------
Writing chunk  85 / 389 
Cells:  200 
Genes:  36601 
File:  /beegfs/labs/hulab/projects/mjabin/GeneBridge/data/processed/snrnaseq/sce_DLPFC_annotated/huuki_h5ad_chunks_allgenes_full_maxcells0_chunk200/huuki_allgenes_chunk_0085.h5ad 
------------------------------------------------------------
SCE dimensions [genes x cells]:  36601  x  200 
Reading and transposing  counts ...
AnnData X dimensions [cells x genes]:  200  x  36601 
Reading and transposing layer:  logcounts 
Creating AnnData object...
AnnData dimensions [cells x genes]:  200  x  36601 
Writing H5AD...
Chunk completed successfully.
Chunk size MB:  127.38 

------------------------------------------------------------
Writing chunk  86 / 389 
Cells:  200 
Genes:  36601 
File:  /beegfs/labs/hulab/projects/mjabin/GeneBridge/data/processed/snrnaseq/sce_DLPFC_annotated/huuki_h5ad_chunks_allgenes_full_maxcells0_chunk200/huuki_allgenes_chunk_0086.h5ad 
------------------------------------------------------------
SCE dimensions [genes x cells]:  36601  x  200 
Reading and transposing  counts ...
AnnData X dimensions [cells x genes]:  200  x  36601 
Reading and transposing layer:  logcounts 
Creating AnnData object...
AnnData dimensions [cells x genes]:  200  x  36601 
Writing H5AD...
Chunk completed successfully.
Chunk size MB:  127.38 

------------------------------------------------------------
Writing chunk  87 / 389 
Cells:  200 
Genes:  36601 
File:  /beegfs/labs/hulab/projects/mjabin/GeneBridge/data/processed/snrnaseq/sce_DLPFC_annotated/huuki_h5ad_chunks_allgenes_full_maxcells0_chunk200/huuki_allgenes_chunk_0087.h5ad 
------------------------------------------------------------
SCE dimensions [genes x cells]:  36601  x  200 
Reading and transposing  counts ...
AnnData X dimensions [cells x genes]:  200  x  36601 
Reading and transposing layer:  logcounts 
Creating AnnData object...
AnnData dimensions [cells x genes]:  200  x  36601 
Writing H5AD...
Chunk completed successfully.
Chunk size MB:  127.38 

------------------------------------------------------------
Writing chunk  88 / 389 
Cells:  200 
Genes:  36601 
File:  /beegfs/labs/hulab/projects/mjabin/GeneBridge/data/processed/snrnaseq/sce_DLPFC_annotated/huuki_h5ad_chunks_allgenes_full_maxcells0_chunk200/huuki_allgenes_chunk_0088.h5ad 
------------------------------------------------------------
SCE dimensions [genes x cells]:  36601  x  200 
Reading and transposing  counts ...
AnnData X dimensions [cells x genes]:  200  x  36601 
Reading and transposing layer:  logcounts 
Creating AnnData object...
AnnData dimensions [cells x genes]:  200  x  36601 
Writing H5AD...
Chunk completed successfully.
Chunk size MB:  127.38 

------------------------------------------------------------
Writing chunk  89 / 389 
Cells:  200 
Genes:  36601 
File:  /beegfs/labs/hulab/projects/mjabin/GeneBridge/data/processed/snrnaseq/sce_DLPFC_annotated/huuki_h5ad_chunks_allgenes_full_maxcells0_chunk200/huuki_allgenes_chunk_0089.h5ad 
------------------------------------------------------------
SCE dimensions [genes x cells]:  36601  x  200 
Reading and transposing  counts ...
AnnData X dimensions [cells x genes]:  200  x  36601 
Reading and transposing layer:  logcounts 
Creating AnnData object...
AnnData dimensions [cells x genes]:  200  x  36601 
Writing H5AD...
Chunk completed successfully.
Chunk size MB:  127.38 

------------------------------------------------------------
Writing chunk  90 / 389 
Cells:  200 
Genes:  36601 
File:  /beegfs/labs/hulab/projects/mjabin/GeneBridge/data/processed/snrnaseq/sce_DLPFC_annotated/huuki_h5ad_chunks_allgenes_full_maxcells0_chunk200/huuki_allgenes_chunk_0090.h5ad 
------------------------------------------------------------
SCE dimensions [genes x cells]:  36601  x  200 
Reading and transposing  counts ...
AnnData X dimensions [cells x genes]:  200  x  36601 
Reading and transposing layer:  logcounts 
Creating AnnData object...
AnnData dimensions [cells x genes]:  200  x  36601 
Writing H5AD...
Chunk completed successfully.
Chunk size MB:  127.37 

------------------------------------------------------------
Writing chunk  91 / 389 
Cells:  200 
Genes:  36601 
File:  /beegfs/labs/hulab/projects/mjabin/GeneBridge/data/processed/snrnaseq/sce_DLPFC_annotated/huuki_h5ad_chunks_allgenes_full_maxcells0_chunk200/huuki_allgenes_chunk_0091.h5ad 
------------------------------------------------------------
SCE dimensions [genes x cells]:  36601  x  200 
Reading and transposing  counts ...
AnnData X dimensions [cells x genes]:  200  x  36601 
Reading and transposing layer:  logcounts 
Creating AnnData object...
AnnData dimensions [cells x genes]:  200  x  36601 
Writing H5AD...
Chunk completed successfully.
Chunk size MB:  127.37 

------------------------------------------------------------
Writing chunk  92 / 389 
Cells:  200 
Genes:  36601 
File:  /beegfs/labs/hulab/projects/mjabin/GeneBridge/data/processed/snrnaseq/sce_DLPFC_annotated/huuki_h5ad_chunks_allgenes_full_maxcells0_chunk200/huuki_allgenes_chunk_0092.h5ad 
------------------------------------------------------------
SCE dimensions [genes x cells]:  36601  x  200 
Reading and transposing  counts ...
AnnData X dimensions [cells x genes]:  200  x  36601 
Reading and transposing layer:  logcounts 
Creating AnnData object...
AnnData dimensions [cells x genes]:  200  x  36601 
Writing H5AD...
Chunk completed successfully.
Chunk size MB:  127.37 

------------------------------------------------------------
Writing chunk  93 / 389 
Cells:  200 
Genes:  36601 
File:  /beegfs/labs/hulab/projects/mjabin/GeneBridge/data/processed/snrnaseq/sce_DLPFC_annotated/huuki_h5ad_chunks_allgenes_full_maxcells0_chunk200/huuki_allgenes_chunk_0093.h5ad 
------------------------------------------------------------
SCE dimensions [genes x cells]:  36601  x  200 
Reading and transposing  counts ...
AnnData X dimensions [cells x genes]:  200  x  36601 
Reading and transposing layer:  logcounts 
Creating AnnData object...
AnnData dimensions [cells x genes]:  200  x  36601 
Writing H5AD...
Chunk completed successfully.
Chunk size MB:  127.37 

------------------------------------------------------------
Writing chunk  94 / 389 
Cells:  200 
Genes:  36601 
File:  /beegfs/labs/hulab/projects/mjabin/GeneBridge/data/processed/snrnaseq/sce_DLPFC_annotated/huuki_h5ad_chunks_allgenes_full_maxcells0_chunk200/huuki_allgenes_chunk_0094.h5ad 
------------------------------------------------------------
SCE dimensions [genes x cells]:  36601  x  200 
Reading and transposing  counts ...
AnnData X dimensions [cells x genes]:  200  x  36601 
Reading and transposing layer:  logcounts 
Creating AnnData object...
AnnData dimensions [cells x genes]:  200  x  36601 
Writing H5AD...
Chunk completed successfully.
Chunk size MB:  127.37 

------------------------------------------------------------
Writing chunk  95 / 389 
Cells:  200 
Genes:  36601 
File:  /beegfs/labs/hulab/projects/mjabin/GeneBridge/data/processed/snrnaseq/sce_DLPFC_annotated/huuki_h5ad_chunks_allgenes_full_maxcells0_chunk200/huuki_allgenes_chunk_0095.h5ad 
------------------------------------------------------------
SCE dimensions [genes x cells]:  36601  x  200 
Reading and transposing  counts ...
AnnData X dimensions [cells x genes]:  200  x  36601 
Reading and transposing layer:  logcounts 
Creating AnnData object...
AnnData dimensions [cells x genes]:  200  x  36601 
Writing H5AD...
Chunk completed successfully.
Chunk size MB:  127.37 

------------------------------------------------------------
Writing chunk  96 / 389 
Cells:  200 
Genes:  36601 
File:  /beegfs/labs/hulab/projects/mjabin/GeneBridge/data/processed/snrnaseq/sce_DLPFC_annotated/huuki_h5ad_chunks_allgenes_full_maxcells0_chunk200/huuki_allgenes_chunk_0096.h5ad 
------------------------------------------------------------
SCE dimensions [genes x cells]:  36601  x  200 
Reading and transposing  counts ...
AnnData X dimensions [cells x genes]:  200  x  36601 
Reading and transposing layer:  logcounts 
Creating AnnData object...
AnnData dimensions [cells x genes]:  200  x  36601 
Writing H5AD...
Chunk completed successfully.
Chunk size MB:  127.37 

------------------------------------------------------------
Writing chunk  97 / 389 
Cells:  200 
Genes:  36601 
File:  /beegfs/labs/hulab/projects/mjabin/GeneBridge/data/processed/snrnaseq/sce_DLPFC_annotated/huuki_h5ad_chunks_allgenes_full_maxcells0_chunk200/huuki_allgenes_chunk_0097.h5ad 
------------------------------------------------------------
SCE dimensions [genes x cells]:  36601  x  200 
Reading and transposing  counts ...
AnnData X dimensions [cells x genes]:  200  x  36601 
Reading and transposing layer:  logcounts 
Creating AnnData object...
AnnData dimensions [cells x genes]:  200  x  36601 
Writing H5AD...
Chunk completed successfully.
Chunk size MB:  127.37 

------------------------------------------------------------
Writing chunk  98 / 389 
Cells:  200 
Genes:  36601 
File:  /beegfs/labs/hulab/projects/mjabin/GeneBridge/data/processed/snrnaseq/sce_DLPFC_annotated/huuki_h5ad_chunks_allgenes_full_maxcells0_chunk200/huuki_allgenes_chunk_0098.h5ad 
------------------------------------------------------------
SCE dimensions [genes x cells]:  36601  x  200 
Reading and transposing  counts ...
AnnData X dimensions [cells x genes]:  200  x  36601 
Reading and transposing layer:  logcounts 
Creating AnnData object...
AnnData dimensions [cells x genes]:  200  x  36601 
Writing H5AD...
Chunk completed successfully.
Chunk size MB:  127.37 

------------------------------------------------------------
Writing chunk  99 / 389 
Cells:  200 
Genes:  36601 
File:  /beegfs/labs/hulab/projects/mjabin/GeneBridge/data/processed/snrnaseq/sce_DLPFC_annotated/huuki_h5ad_chunks_allgenes_full_maxcells0_chunk200/huuki_allgenes_chunk_0099.h5ad 
------------------------------------------------------------
SCE dimensions [genes x cells]:  36601  x  200 
Reading and transposing  counts ...
AnnData X dimensions [cells x genes]:  200  x  36601 
Reading and transposing layer:  logcounts 
Creating AnnData object...
AnnData dimensions [cells x genes]:  200  x  36601 
Writing H5AD...
Chunk completed successfully.
Chunk size MB:  127.37 

------------------------------------------------------------
Writing chunk  100 / 389 
Cells:  200 
Genes:  36601 
File:  /beegfs/labs/hulab/projects/mjabin/GeneBridge/data/processed/snrnaseq/sce_DLPFC_annotated/huuki_h5ad_chunks_allgenes_full_maxcells0_chunk200/huuki_allgenes_chunk_0100.h5ad 
------------------------------------------------------------
SCE dimensions [genes x cells]:  36601  x  200 
Reading and transposing  counts ...
AnnData X dimensions [cells x genes]:  200  x  36601 
Reading and transposing layer:  logcounts 
Creating AnnData object...
AnnData dimensions [cells x genes]:  200  x  36601 
Writing H5AD...
Chunk completed successfully.
Chunk size MB:  127.37 

------------------------------------------------------------
Writing chunk  101 / 389 
Cells:  200 
Genes:  36601 
File:  /beegfs/labs/hulab/projects/mjabin/GeneBridge/data/processed/snrnaseq/sce_DLPFC_annotated/huuki_h5ad_chunks_allgenes_full_maxcells0_chunk200/huuki_allgenes_chunk_0101.h5ad 
------------------------------------------------------------
SCE dimensions [genes x cells]:  36601  x  200 
Reading and transposing  counts ...
AnnData X dimensions [cells x genes]:  200  x  36601 
Reading and transposing layer:  logcounts 
Creating AnnData object...
AnnData dimensions [cells x genes]:  200  x  36601 
Writing H5AD...
Chunk completed successfully.
Chunk size MB:  127.37 

------------------------------------------------------------
Writing chunk  102 / 389 
Cells:  200 
Genes:  36601 
File:  /beegfs/labs/hulab/projects/mjabin/GeneBridge/data/processed/snrnaseq/sce_DLPFC_annotated/huuki_h5ad_chunks_allgenes_full_maxcells0_chunk200/huuki_allgenes_chunk_0102.h5ad 
------------------------------------------------------------
SCE dimensions [genes x cells]:  36601  x  200 
Reading and transposing  counts ...
AnnData X dimensions [cells x genes]:  200  x  36601 
Reading and transposing layer:  logcounts 
Creating AnnData object...
AnnData dimensions [cells x genes]:  200  x  36601 
Writing H5AD...
Chunk completed successfully.
Chunk size MB:  127.37 

------------------------------------------------------------
Writing chunk  103 / 389 
Cells:  200 
Genes:  36601 
File:  /beegfs/labs/hulab/projects/mjabin/GeneBridge/data/processed/snrnaseq/sce_DLPFC_annotated/huuki_h5ad_chunks_allgenes_full_maxcells0_chunk200/huuki_allgenes_chunk_0103.h5ad 
------------------------------------------------------------
SCE dimensions [genes x cells]:  36601  x  200 
Reading and transposing  counts ...
AnnData X dimensions [cells x genes]:  200  x  36601 
Reading and transposing layer:  logcounts 
Creating AnnData object...
AnnData dimensions [cells x genes]:  200  x  36601 
Writing H5AD...
Chunk completed successfully.
Chunk size MB:  127.37 

------------------------------------------------------------
Writing chunk  104 / 389 
Cells:  200 
Genes:  36601 
File:  /beegfs/labs/hulab/projects/mjabin/GeneBridge/data/processed/snrnaseq/sce_DLPFC_annotated/huuki_h5ad_chunks_allgenes_full_maxcells0_chunk200/huuki_allgenes_chunk_0104.h5ad 
------------------------------------------------------------
SCE dimensions [genes x cells]:  36601  x  200 
Reading and transposing  counts ...
AnnData X dimensions [cells x genes]:  200  x  36601 
Reading and transposing layer:  logcounts 
Creating AnnData object...
AnnData dimensions [cells x genes]:  200  x  36601 
Writing H5AD...
Chunk completed successfully.
Chunk size MB:  127.37 

------------------------------------------------------------
Writing chunk  105 / 389 
Cells:  200 
Genes:  36601 
File:  /beegfs/labs/hulab/projects/mjabin/GeneBridge/data/processed/snrnaseq/sce_DLPFC_annotated/huuki_h5ad_chunks_allgenes_full_maxcells0_chunk200/huuki_allgenes_chunk_0105.h5ad 
------------------------------------------------------------
SCE dimensions [genes x cells]:  36601  x  200 
Reading and transposing  counts ...
AnnData X dimensions [cells x genes]:  200  x  36601 
Reading and transposing layer:  logcounts 
Creating AnnData object...
AnnData dimensions [cells x genes]:  200  x  36601 
Writing H5AD...
Chunk completed successfully.
Chunk size MB:  127.37 

------------------------------------------------------------
Writing chunk  106 / 389 
Cells:  200 
Genes:  36601 
File:  /beegfs/labs/hulab/projects/mjabin/GeneBridge/data/processed/snrnaseq/sce_DLPFC_annotated/huuki_h5ad_chunks_allgenes_full_maxcells0_chunk200/huuki_allgenes_chunk_0106.h5ad 
------------------------------------------------------------
SCE dimensions [genes x cells]:  36601  x  200 
Reading and transposing  counts ...
AnnData X dimensions [cells x genes]:  200  x  36601 
Reading and transposing layer:  logcounts 
Creating AnnData object...
AnnData dimensions [cells x genes]:  200  x  36601 
Writing H5AD...
Chunk completed successfully.
Chunk size MB:  127.37 

------------------------------------------------------------
Writing chunk  107 / 389 
Cells:  200 
Genes:  36601 
File:  /beegfs/labs/hulab/projects/mjabin/GeneBridge/data/processed/snrnaseq/sce_DLPFC_annotated/huuki_h5ad_chunks_allgenes_full_maxcells0_chunk200/huuki_allgenes_chunk_0107.h5ad 
------------------------------------------------------------
SCE dimensions [genes x cells]:  36601  x  200 
Reading and transposing  counts ...
AnnData X dimensions [cells x genes]:  200  x  36601 
Reading and transposing layer:  logcounts 
Creating AnnData object...
AnnData dimensions [cells x genes]:  200  x  36601 
Writing H5AD...
Chunk completed successfully.
Chunk size MB:  127.37 

------------------------------------------------------------
Writing chunk  108 / 389 
Cells:  200 
Genes:  36601 
File:  /beegfs/labs/hulab/projects/mjabin/GeneBridge/data/processed/snrnaseq/sce_DLPFC_annotated/huuki_h5ad_chunks_allgenes_full_maxcells0_chunk200/huuki_allgenes_chunk_0108.h5ad 
------------------------------------------------------------
SCE dimensions [genes x cells]:  36601  x  200 
Reading and transposing  counts ...
AnnData X dimensions [cells x genes]:  200  x  36601 
Reading and transposing layer:  logcounts 
Creating AnnData object...
AnnData dimensions [cells x genes]:  200  x  36601 
Writing H5AD...
Chunk completed successfully.
Chunk size MB:  127.37 

------------------------------------------------------------
Writing chunk  109 / 389 
Cells:  200 
Genes:  36601 
File:  /beegfs/labs/hulab/projects/mjabin/GeneBridge/data/processed/snrnaseq/sce_DLPFC_annotated/huuki_h5ad_chunks_allgenes_full_maxcells0_chunk200/huuki_allgenes_chunk_0109.h5ad 
------------------------------------------------------------
SCE dimensions [genes x cells]:  36601  x  200 
Reading and transposing  counts ...
AnnData X dimensions [cells x genes]:  200  x  36601 
Reading and transposing layer:  logcounts 
Creating AnnData object...
AnnData dimensions [cells x genes]:  200  x  36601 
Writing H5AD...
Chunk completed successfully.
Chunk size MB:  127.37 

------------------------------------------------------------
Writing chunk  110 / 389 
Cells:  200 
Genes:  36601 
File:  /beegfs/labs/hulab/projects/mjabin/GeneBridge/data/processed/snrnaseq/sce_DLPFC_annotated/huuki_h5ad_chunks_allgenes_full_maxcells0_chunk200/huuki_allgenes_chunk_0110.h5ad 
------------------------------------------------------------
SCE dimensions [genes x cells]:  36601  x  200 
Reading and transposing  counts ...
AnnData X dimensions [cells x genes]:  200  x  36601 
Reading and transposing layer:  logcounts 
Creating AnnData object...
AnnData dimensions [cells x genes]:  200  x  36601 
Writing H5AD...
Chunk completed successfully.
Chunk size MB:  127.37 

------------------------------------------------------------
Writing chunk  111 / 389 
Cells:  200 
Genes:  36601 
File:  /beegfs/labs/hulab/projects/mjabin/GeneBridge/data/processed/snrnaseq/sce_DLPFC_annotated/huuki_h5ad_chunks_allgenes_full_maxcells0_chunk200/huuki_allgenes_chunk_0111.h5ad 
------------------------------------------------------------
SCE dimensions [genes x cells]:  36601  x  200 
Reading and transposing  counts ...
AnnData X dimensions [cells x genes]:  200  x  36601 
Reading and transposing layer:  logcounts 
Creating AnnData object...
AnnData dimensions [cells x genes]:  200  x  36601 
Writing H5AD...
Chunk completed successfully.
Chunk size MB:  127.37 

------------------------------------------------------------
Writing chunk  112 / 389 
Cells:  200 
Genes:  36601 
File:  /beegfs/labs/hulab/projects/mjabin/GeneBridge/data/processed/snrnaseq/sce_DLPFC_annotated/huuki_h5ad_chunks_allgenes_full_maxcells0_chunk200/huuki_allgenes_chunk_0112.h5ad 
------------------------------------------------------------
SCE dimensions [genes x cells]:  36601  x  200 
Reading and transposing  counts ...
AnnData X dimensions [cells x genes]:  200  x  36601 
Reading and transposing layer:  logcounts 
Creating AnnData object...
AnnData dimensions [cells x genes]:  200  x  36601 
Writing H5AD...
Chunk completed successfully.
Chunk size MB:  127.38 

------------------------------------------------------------
Writing chunk  113 / 389 
Cells:  200 
Genes:  36601 
File:  /beegfs/labs/hulab/projects/mjabin/GeneBridge/data/processed/snrnaseq/sce_DLPFC_annotated/huuki_h5ad_chunks_allgenes_full_maxcells0_chunk200/huuki_allgenes_chunk_0113.h5ad 
------------------------------------------------------------
SCE dimensions [genes x cells]:  36601  x  200 
Reading and transposing  counts ...
AnnData X dimensions [cells x genes]:  200  x  36601 
Reading and transposing layer:  logcounts 
Creating AnnData object...
AnnData dimensions [cells x genes]:  200  x  36601 
Writing H5AD...
Chunk completed successfully.
Chunk size MB:  127.38 

------------------------------------------------------------
Writing chunk  114 / 389 
Cells:  200 
Genes:  36601 
File:  /beegfs/labs/hulab/projects/mjabin/GeneBridge/data/processed/snrnaseq/sce_DLPFC_annotated/huuki_h5ad_chunks_allgenes_full_maxcells0_chunk200/huuki_allgenes_chunk_0114.h5ad 
------------------------------------------------------------
SCE dimensions [genes x cells]:  36601  x  200 
Reading and transposing  counts ...
AnnData X dimensions [cells x genes]:  200  x  36601 
Reading and transposing layer:  logcounts 
Creating AnnData object...
AnnData dimensions [cells x genes]:  200  x  36601 
Writing H5AD...
Chunk completed successfully.
Chunk size MB:  127.38 

------------------------------------------------------------
Writing chunk  115 / 389 
Cells:  200 
Genes:  36601 
File:  /beegfs/labs/hulab/projects/mjabin/GeneBridge/data/processed/snrnaseq/sce_DLPFC_annotated/huuki_h5ad_chunks_allgenes_full_maxcells0_chunk200/huuki_allgenes_chunk_0115.h5ad 
------------------------------------------------------------
SCE dimensions [genes x cells]:  36601  x  200 
Reading and transposing  counts ...
AnnData X dimensions [cells x genes]:  200  x  36601 
Reading and transposing layer:  logcounts 
Creating AnnData object...
AnnData dimensions [cells x genes]:  200  x  36601 
Writing H5AD...
Chunk completed successfully.
Chunk size MB:  127.38 

------------------------------------------------------------
Writing chunk  116 / 389 
Cells:  200 
Genes:  36601 
File:  /beegfs/labs/hulab/projects/mjabin/GeneBridge/data/processed/snrnaseq/sce_DLPFC_annotated/huuki_h5ad_chunks_allgenes_full_maxcells0_chunk200/huuki_allgenes_chunk_0116.h5ad 
------------------------------------------------------------
SCE dimensions [genes x cells]:  36601  x  200 
Reading and transposing  counts ...
AnnData X dimensions [cells x genes]:  200  x  36601 
Reading and transposing layer:  logcounts 
Creating AnnData object...
AnnData dimensions [cells x genes]:  200  x  36601 
Writing H5AD...
Chunk completed successfully.
Chunk size MB:  127.38 

------------------------------------------------------------
Writing chunk  117 / 389 
Cells:  200 
Genes:  36601 
File:  /beegfs/labs/hulab/projects/mjabin/GeneBridge/data/processed/snrnaseq/sce_DLPFC_annotated/huuki_h5ad_chunks_allgenes_full_maxcells0_chunk200/huuki_allgenes_chunk_0117.h5ad 
------------------------------------------------------------
SCE dimensions [genes x cells]:  36601  x  200 
Reading and transposing  counts ...
AnnData X dimensions [cells x genes]:  200  x  36601 
Reading and transposing layer:  logcounts 
Creating AnnData object...
AnnData dimensions [cells x genes]:  200  x  36601 
Writing H5AD...
Chunk completed successfully.
Chunk size MB:  127.38 

------------------------------------------------------------
Writing chunk  118 / 389 
Cells:  200 
Genes:  36601 
File:  /beegfs/labs/hulab/projects/mjabin/GeneBridge/data/processed/snrnaseq/sce_DLPFC_annotated/huuki_h5ad_chunks_allgenes_full_maxcells0_chunk200/huuki_allgenes_chunk_0118.h5ad 
------------------------------------------------------------
SCE dimensions [genes x cells]:  36601  x  200 
Reading and transposing  counts ...
AnnData X dimensions [cells x genes]:  200  x  36601 
Reading and transposing layer:  logcounts 
Creating AnnData object...
AnnData dimensions [cells x genes]:  200  x  36601 
Writing H5AD...
Chunk completed successfully.
Chunk size MB:  127.38 

------------------------------------------------------------
Writing chunk  119 / 389 
Cells:  200 
Genes:  36601 
File:  /beegfs/labs/hulab/projects/mjabin/GeneBridge/data/processed/snrnaseq/sce_DLPFC_annotated/huuki_h5ad_chunks_allgenes_full_maxcells0_chunk200/huuki_allgenes_chunk_0119.h5ad 
------------------------------------------------------------
SCE dimensions [genes x cells]:  36601  x  200 
Reading and transposing  counts ...
AnnData X dimensions [cells x genes]:  200  x  36601 
Reading and transposing layer:  logcounts 
Creating AnnData object...
AnnData dimensions [cells x genes]:  200  x  36601 
Writing H5AD...
Chunk completed successfully.
Chunk size MB:  127.38 

------------------------------------------------------------
Writing chunk  120 / 389 
Cells:  200 
Genes:  36601 
File:  /beegfs/labs/hulab/projects/mjabin/GeneBridge/data/processed/snrnaseq/sce_DLPFC_annotated/huuki_h5ad_chunks_allgenes_full_maxcells0_chunk200/huuki_allgenes_chunk_0120.h5ad 
------------------------------------------------------------
SCE dimensions [genes x cells]:  36601  x  200 
Reading and transposing  counts ...
AnnData X dimensions [cells x genes]:  200  x  36601 
Reading and transposing layer:  logcounts 
Creating AnnData object...
AnnData dimensions [cells x genes]:  200  x  36601 
Writing H5AD...
Chunk completed successfully.
Chunk size MB:  127.38 

------------------------------------------------------------
Writing chunk  121 / 389 
Cells:  200 
Genes:  36601 
File:  /beegfs/labs/hulab/projects/mjabin/GeneBridge/data/processed/snrnaseq/sce_DLPFC_annotated/huuki_h5ad_chunks_allgenes_full_maxcells0_chunk200/huuki_allgenes_chunk_0121.h5ad 
------------------------------------------------------------
SCE dimensions [genes x cells]:  36601  x  200 
Reading and transposing  counts ...
AnnData X dimensions [cells x genes]:  200  x  36601 
Reading and transposing layer:  logcounts 
Creating AnnData object...
AnnData dimensions [cells x genes]:  200  x  36601 
Writing H5AD...
Chunk completed successfully.
Chunk size MB:  127.38 

------------------------------------------------------------
Writing chunk  122 / 389 
Cells:  200 
Genes:  36601 
File:  /beegfs/labs/hulab/projects/mjabin/GeneBridge/data/processed/snrnaseq/sce_DLPFC_annotated/huuki_h5ad_chunks_allgenes_full_maxcells0_chunk200/huuki_allgenes_chunk_0122.h5ad 
------------------------------------------------------------
SCE dimensions [genes x cells]:  36601  x  200 
Reading and transposing  counts ...
AnnData X dimensions [cells x genes]:  200  x  36601 
Reading and transposing layer:  logcounts 
Creating AnnData object...
AnnData dimensions [cells x genes]:  200  x  36601 
Writing H5AD...
Chunk completed successfully.
Chunk size MB:  127.38 

------------------------------------------------------------
Writing chunk  123 / 389 
Cells:  200 
Genes:  36601 
File:  /beegfs/labs/hulab/projects/mjabin/GeneBridge/data/processed/snrnaseq/sce_DLPFC_annotated/huuki_h5ad_chunks_allgenes_full_maxcells0_chunk200/huuki_allgenes_chunk_0123.h5ad 
------------------------------------------------------------
SCE dimensions [genes x cells]:  36601  x  200 
Reading and transposing  counts ...
AnnData X dimensions [cells x genes]:  200  x  36601 
Reading and transposing layer:  logcounts 
Creating AnnData object...
AnnData dimensions [cells x genes]:  200  x  36601 
Writing H5AD...
Chunk completed successfully.
Chunk size MB:  127.38 

------------------------------------------------------------
Writing chunk  124 / 389 
Cells:  200 
Genes:  36601 
File:  /beegfs/labs/hulab/projects/mjabin/GeneBridge/data/processed/snrnaseq/sce_DLPFC_annotated/huuki_h5ad_chunks_allgenes_full_maxcells0_chunk200/huuki_allgenes_chunk_0124.h5ad 
------------------------------------------------------------
SCE dimensions [genes x cells]:  36601  x  200 
Reading and transposing  counts ...
AnnData X dimensions [cells x genes]:  200  x  36601 
Reading and transposing layer:  logcounts 
Creating AnnData object...
AnnData dimensions [cells x genes]:  200  x  36601 
Writing H5AD...
Chunk completed successfully.
Chunk size MB:  127.38 

------------------------------------------------------------
Writing chunk  125 / 389 
Cells:  200 
Genes:  36601 
File:  /beegfs/labs/hulab/projects/mjabin/GeneBridge/data/processed/snrnaseq/sce_DLPFC_annotated/huuki_h5ad_chunks_allgenes_full_maxcells0_chunk200/huuki_allgenes_chunk_0125.h5ad 
------------------------------------------------------------
SCE dimensions [genes x cells]:  36601  x  200 
Reading and transposing  counts ...
AnnData X dimensions [cells x genes]:  200  x  36601 
Reading and transposing layer:  logcounts 
Creating AnnData object...
AnnData dimensions [cells x genes]:  200  x  36601 
Writing H5AD...
Chunk completed successfully.
Chunk size MB:  127.38 

------------------------------------------------------------
Writing chunk  126 / 389 
Cells:  200 
Genes:  36601 
File:  /beegfs/labs/hulab/projects/mjabin/GeneBridge/data/processed/snrnaseq/sce_DLPFC_annotated/huuki_h5ad_chunks_allgenes_full_maxcells0_chunk200/huuki_allgenes_chunk_0126.h5ad 
------------------------------------------------------------
SCE dimensions [genes x cells]:  36601  x  200 
Reading and transposing  counts ...
AnnData X dimensions [cells x genes]:  200  x  36601 
Reading and transposing layer:  logcounts 
Creating AnnData object...
AnnData dimensions [cells x genes]:  200  x  36601 
Writing H5AD...
Chunk completed successfully.
Chunk size MB:  127.38 

------------------------------------------------------------
Writing chunk  127 / 389 
Cells:  200 
Genes:  36601 
File:  /beegfs/labs/hulab/projects/mjabin/GeneBridge/data/processed/snrnaseq/sce_DLPFC_annotated/huuki_h5ad_chunks_allgenes_full_maxcells0_chunk200/huuki_allgenes_chunk_0127.h5ad 
------------------------------------------------------------
SCE dimensions [genes x cells]:  36601  x  200 
Reading and transposing  counts ...
AnnData X dimensions [cells x genes]:  200  x  36601 
Reading and transposing layer:  logcounts 
Creating AnnData object...
AnnData dimensions [cells x genes]:  200  x  36601 
Writing H5AD...
Chunk completed successfully.
Chunk size MB:  127.37 

------------------------------------------------------------
Writing chunk  128 / 389 
Cells:  200 
Genes:  36601 
File:  /beegfs/labs/hulab/projects/mjabin/GeneBridge/data/processed/snrnaseq/sce_DLPFC_annotated/huuki_h5ad_chunks_allgenes_full_maxcells0_chunk200/huuki_allgenes_chunk_0128.h5ad 
------------------------------------------------------------
SCE dimensions [genes x cells]:  36601  x  200 
Reading and transposing  counts ...
AnnData X dimensions [cells x genes]:  200  x  36601 
Reading and transposing layer:  logcounts 
Creating AnnData object...
AnnData dimensions [cells x genes]:  200  x  36601 
Writing H5AD...
Chunk completed successfully.
Chunk size MB:  127.37 

------------------------------------------------------------
Writing chunk  129 / 389 
Cells:  200 
Genes:  36601 
File:  /beegfs/labs/hulab/projects/mjabin/GeneBridge/data/processed/snrnaseq/sce_DLPFC_annotated/huuki_h5ad_chunks_allgenes_full_maxcells0_chunk200/huuki_allgenes_chunk_0129.h5ad 
------------------------------------------------------------
SCE dimensions [genes x cells]:  36601  x  200 
Reading and transposing  counts ...
AnnData X dimensions [cells x genes]:  200  x  36601 
Reading and transposing layer:  logcounts 
Creating AnnData object...
AnnData dimensions [cells x genes]:  200  x  36601 
Writing H5AD...
Chunk completed successfully.
Chunk size MB:  127.37 

------------------------------------------------------------
Writing chunk  130 / 389 
Cells:  200 
Genes:  36601 
File:  /beegfs/labs/hulab/projects/mjabin/GeneBridge/data/processed/snrnaseq/sce_DLPFC_annotated/huuki_h5ad_chunks_allgenes_full_maxcells0_chunk200/huuki_allgenes_chunk_0130.h5ad 
------------------------------------------------------------
SCE dimensions [genes x cells]:  36601  x  200 
Reading and transposing  counts ...
AnnData X dimensions [cells x genes]:  200  x  36601 
Reading and transposing layer:  logcounts 
Creating AnnData object...
AnnData dimensions [cells x genes]:  200  x  36601 
Writing H5AD...
Chunk completed successfully.
Chunk size MB:  127.37 

------------------------------------------------------------
Writing chunk  131 / 389 
Cells:  200 
Genes:  36601 
File:  /beegfs/labs/hulab/projects/mjabin/GeneBridge/data/processed/snrnaseq/sce_DLPFC_annotated/huuki_h5ad_chunks_allgenes_full_maxcells0_chunk200/huuki_allgenes_chunk_0131.h5ad 
------------------------------------------------------------
SCE dimensions [genes x cells]:  36601  x  200 
Reading and transposing  counts ...
AnnData X dimensions [cells x genes]:  200  x  36601 
Reading and transposing layer:  logcounts 
Creating AnnData object...
AnnData dimensions [cells x genes]:  200  x  36601 
Writing H5AD...
Chunk completed successfully.
Chunk size MB:  127.37 

------------------------------------------------------------
Writing chunk  132 / 389 
Cells:  200 
Genes:  36601 
File:  /beegfs/labs/hulab/projects/mjabin/GeneBridge/data/processed/snrnaseq/sce_DLPFC_annotated/huuki_h5ad_chunks_allgenes_full_maxcells0_chunk200/huuki_allgenes_chunk_0132.h5ad 
------------------------------------------------------------
SCE dimensions [genes x cells]:  36601  x  200 
Reading and transposing  counts ...
AnnData X dimensions [cells x genes]:  200  x  36601 
Reading and transposing layer:  logcounts 
Creating AnnData object...
AnnData dimensions [cells x genes]:  200  x  36601 
Writing H5AD...
Chunk completed successfully.
Chunk size MB:  127.37 

------------------------------------------------------------
Writing chunk  133 / 389 
Cells:  200 
Genes:  36601 
File:  /beegfs/labs/hulab/projects/mjabin/GeneBridge/data/processed/snrnaseq/sce_DLPFC_annotated/huuki_h5ad_chunks_allgenes_full_maxcells0_chunk200/huuki_allgenes_chunk_0133.h5ad 
------------------------------------------------------------
SCE dimensions [genes x cells]:  36601  x  200 
Reading and transposing  counts ...
AnnData X dimensions [cells x genes]:  200  x  36601 
Reading and transposing layer:  logcounts 
Creating AnnData object...
AnnData dimensions [cells x genes]:  200  x  36601 
Writing H5AD...
Chunk completed successfully.
Chunk size MB:  127.37 

------------------------------------------------------------
Writing chunk  134 / 389 
Cells:  200 
Genes:  36601 
File:  /beegfs/labs/hulab/projects/mjabin/GeneBridge/data/processed/snrnaseq/sce_DLPFC_annotated/huuki_h5ad_chunks_allgenes_full_maxcells0_chunk200/huuki_allgenes_chunk_0134.h5ad 
------------------------------------------------------------
SCE dimensions [genes x cells]:  36601  x  200 
Reading and transposing  counts ...
AnnData X dimensions [cells x genes]:  200  x  36601 
Reading and transposing layer:  logcounts 
Creating AnnData object...
AnnData dimensions [cells x genes]:  200  x  36601 
Writing H5AD...
Chunk completed successfully.
Chunk size MB:  127.37 

------------------------------------------------------------
Writing chunk  135 / 389 
Cells:  200 
Genes:  36601 
File:  /beegfs/labs/hulab/projects/mjabin/GeneBridge/data/processed/snrnaseq/sce_DLPFC_annotated/huuki_h5ad_chunks_allgenes_full_maxcells0_chunk200/huuki_allgenes_chunk_0135.h5ad 
------------------------------------------------------------
SCE dimensions [genes x cells]:  36601  x  200 
Reading and transposing  counts ...
AnnData X dimensions [cells x genes]:  200  x  36601 
Reading and transposing layer:  logcounts 
Creating AnnData object...
AnnData dimensions [cells x genes]:  200  x  36601 
Writing H5AD...
Chunk completed successfully.
Chunk size MB:  127.37 

------------------------------------------------------------
Writing chunk  136 / 389 
Cells:  200 
Genes:  36601 
File:  /beegfs/labs/hulab/projects/mjabin/GeneBridge/data/processed/snrnaseq/sce_DLPFC_annotated/huuki_h5ad_chunks_allgenes_full_maxcells0_chunk200/huuki_allgenes_chunk_0136.h5ad 
------------------------------------------------------------
SCE dimensions [genes x cells]:  36601  x  200 
Reading and transposing  counts ...
AnnData X dimensions [cells x genes]:  200  x  36601 
Reading and transposing layer:  logcounts 
Creating AnnData object...
AnnData dimensions [cells x genes]:  200  x  36601 
Writing H5AD...
Chunk completed successfully.
Chunk size MB:  127.37 

------------------------------------------------------------
Writing chunk  137 / 389 
Cells:  200 
Genes:  36601 
File:  /beegfs/labs/hulab/projects/mjabin/GeneBridge/data/processed/snrnaseq/sce_DLPFC_annotated/huuki_h5ad_chunks_allgenes_full_maxcells0_chunk200/huuki_allgenes_chunk_0137.h5ad 
------------------------------------------------------------
SCE dimensions [genes x cells]:  36601  x  200 
Reading and transposing  counts ...
AnnData X dimensions [cells x genes]:  200  x  36601 
Reading and transposing layer:  logcounts 
Creating AnnData object...
AnnData dimensions [cells x genes]:  200  x  36601 
Writing H5AD...
Chunk completed successfully.
Chunk size MB:  127.37 

------------------------------------------------------------
Writing chunk  138 / 389 
Cells:  200 
Genes:  36601 
File:  /beegfs/labs/hulab/projects/mjabin/GeneBridge/data/processed/snrnaseq/sce_DLPFC_annotated/huuki_h5ad_chunks_allgenes_full_maxcells0_chunk200/huuki_allgenes_chunk_0138.h5ad 
------------------------------------------------------------
SCE dimensions [genes x cells]:  36601  x  200 
Reading and transposing  counts ...
AnnData X dimensions [cells x genes]:  200  x  36601 
Reading and transposing layer:  logcounts 
Creating AnnData object...
AnnData dimensions [cells x genes]:  200  x  36601 
Writing H5AD...
Chunk completed successfully.
Chunk size MB:  127.37 

------------------------------------------------------------
Writing chunk  139 / 389 
Cells:  200 
Genes:  36601 
File:  /beegfs/labs/hulab/projects/mjabin/GeneBridge/data/processed/snrnaseq/sce_DLPFC_annotated/huuki_h5ad_chunks_allgenes_full_maxcells0_chunk200/huuki_allgenes_chunk_0139.h5ad 
------------------------------------------------------------
SCE dimensions [genes x cells]:  36601  x  200 
Reading and transposing  counts ...
AnnData X dimensions [cells x genes]:  200  x  36601 
Reading and transposing layer:  logcounts 
Creating AnnData object...
AnnData dimensions [cells x genes]:  200  x  36601 
Writing H5AD...
Chunk completed successfully.
Chunk size MB:  127.37 

------------------------------------------------------------
Writing chunk  140 / 389 
Cells:  200 
Genes:  36601 
File:  /beegfs/labs/hulab/projects/mjabin/GeneBridge/data/processed/snrnaseq/sce_DLPFC_annotated/huuki_h5ad_chunks_allgenes_full_maxcells0_chunk200/huuki_allgenes_chunk_0140.h5ad 
------------------------------------------------------------
SCE dimensions [genes x cells]:  36601  x  200 
Reading and transposing  counts ...
AnnData X dimensions [cells x genes]:  200  x  36601 
Reading and transposing layer:  logcounts 
Creating AnnData object...
AnnData dimensions [cells x genes]:  200  x  36601 
Writing H5AD...
Chunk completed successfully.
Chunk size MB:  127.38 

------------------------------------------------------------
Writing chunk  141 / 389 
Cells:  200 
Genes:  36601 
File:  /beegfs/labs/hulab/projects/mjabin/GeneBridge/data/processed/snrnaseq/sce_DLPFC_annotated/huuki_h5ad_chunks_allgenes_full_maxcells0_chunk200/huuki_allgenes_chunk_0141.h5ad 
------------------------------------------------------------
SCE dimensions [genes x cells]:  36601  x  200 
Reading and transposing  counts ...
AnnData X dimensions [cells x genes]:  200  x  36601 
Reading and transposing layer:  logcounts 
Creating AnnData object...
AnnData dimensions [cells x genes]:  200  x  36601 
Writing H5AD...
Chunk completed successfully.
Chunk size MB:  127.38 

------------------------------------------------------------
Writing chunk  142 / 389 
Cells:  200 
Genes:  36601 
File:  /beegfs/labs/hulab/projects/mjabin/GeneBridge/data/processed/snrnaseq/sce_DLPFC_annotated/huuki_h5ad_chunks_allgenes_full_maxcells0_chunk200/huuki_allgenes_chunk_0142.h5ad 
------------------------------------------------------------
SCE dimensions [genes x cells]:  36601  x  200 
Reading and transposing  counts ...
AnnData X dimensions [cells x genes]:  200  x  36601 
Reading and transposing layer:  logcounts 
Creating AnnData object...
AnnData dimensions [cells x genes]:  200  x  36601 
Writing H5AD...
Chunk completed successfully.
Chunk size MB:  127.38 

------------------------------------------------------------
Writing chunk  143 / 389 
Cells:  200 
Genes:  36601 
File:  /beegfs/labs/hulab/projects/mjabin/GeneBridge/data/processed/snrnaseq/sce_DLPFC_annotated/huuki_h5ad_chunks_allgenes_full_maxcells0_chunk200/huuki_allgenes_chunk_0143.h5ad 
------------------------------------------------------------
SCE dimensions [genes x cells]:  36601  x  200 
Reading and transposing  counts ...
AnnData X dimensions [cells x genes]:  200  x  36601 
Reading and transposing layer:  logcounts 
Creating AnnData object...
AnnData dimensions [cells x genes]:  200  x  36601 
Writing H5AD...
Chunk completed successfully.
Chunk size MB:  127.38 

------------------------------------------------------------
Writing chunk  144 / 389 
Cells:  200 
Genes:  36601 
File:  /beegfs/labs/hulab/projects/mjabin/GeneBridge/data/processed/snrnaseq/sce_DLPFC_annotated/huuki_h5ad_chunks_allgenes_full_maxcells0_chunk200/huuki_allgenes_chunk_0144.h5ad 
------------------------------------------------------------
SCE dimensions [genes x cells]:  36601  x  200 
Reading and transposing  counts ...
AnnData X dimensions [cells x genes]:  200  x  36601 
Reading and transposing layer:  logcounts 
Creating AnnData object...
AnnData dimensions [cells x genes]:  200  x  36601 
Writing H5AD...
Chunk completed successfully.
Chunk size MB:  127.38 

------------------------------------------------------------
Writing chunk  145 / 389 
Cells:  200 
Genes:  36601 
File:  /beegfs/labs/hulab/projects/mjabin/GeneBridge/data/processed/snrnaseq/sce_DLPFC_annotated/huuki_h5ad_chunks_allgenes_full_maxcells0_chunk200/huuki_allgenes_chunk_0145.h5ad 
------------------------------------------------------------
SCE dimensions [genes x cells]:  36601  x  200 
Reading and transposing  counts ...
AnnData X dimensions [cells x genes]:  200  x  36601 
Reading and transposing layer:  logcounts 
Creating AnnData object...
AnnData dimensions [cells x genes]:  200  x  36601 
Writing H5AD...
Chunk completed successfully.
Chunk size MB:  127.38 

------------------------------------------------------------
Writing chunk  146 / 389 
Cells:  200 
Genes:  36601 
File:  /beegfs/labs/hulab/projects/mjabin/GeneBridge/data/processed/snrnaseq/sce_DLPFC_annotated/huuki_h5ad_chunks_allgenes_full_maxcells0_chunk200/huuki_allgenes_chunk_0146.h5ad 
------------------------------------------------------------
SCE dimensions [genes x cells]:  36601  x  200 
Reading and transposing  counts ...
AnnData X dimensions [cells x genes]:  200  x  36601 
Reading and transposing layer:  logcounts 
Creating AnnData object...
AnnData dimensions [cells x genes]:  200  x  36601 
Writing H5AD...
Chunk completed successfully.
Chunk size MB:  127.38 

------------------------------------------------------------
Writing chunk  147 / 389 
Cells:  200 
Genes:  36601 
File:  /beegfs/labs/hulab/projects/mjabin/GeneBridge/data/processed/snrnaseq/sce_DLPFC_annotated/huuki_h5ad_chunks_allgenes_full_maxcells0_chunk200/huuki_allgenes_chunk_0147.h5ad 
------------------------------------------------------------
SCE dimensions [genes x cells]:  36601  x  200 
Reading and transposing  counts ...
AnnData X dimensions [cells x genes]:  200  x  36601 
Reading and transposing layer:  logcounts 
Creating AnnData object...
AnnData dimensions [cells x genes]:  200  x  36601 
Writing H5AD...
Chunk completed successfully.
Chunk size MB:  127.38 

------------------------------------------------------------
Writing chunk  148 / 389 
Cells:  200 
Genes:  36601 
File:  /beegfs/labs/hulab/projects/mjabin/GeneBridge/data/processed/snrnaseq/sce_DLPFC_annotated/huuki_h5ad_chunks_allgenes_full_maxcells0_chunk200/huuki_allgenes_chunk_0148.h5ad 
------------------------------------------------------------
SCE dimensions [genes x cells]:  36601  x  200 
Reading and transposing  counts ...
AnnData X dimensions [cells x genes]:  200  x  36601 
Reading and transposing layer:  logcounts 
Creating AnnData object...
AnnData dimensions [cells x genes]:  200  x  36601 
Writing H5AD...
Chunk completed successfully.
Chunk size MB:  127.38 

------------------------------------------------------------
Writing chunk  149 / 389 
Cells:  200 
Genes:  36601 
File:  /beegfs/labs/hulab/projects/mjabin/GeneBridge/data/processed/snrnaseq/sce_DLPFC_annotated/huuki_h5ad_chunks_allgenes_full_maxcells0_chunk200/huuki_allgenes_chunk_0149.h5ad 
------------------------------------------------------------
SCE dimensions [genes x cells]:  36601  x  200 
Reading and transposing  counts ...
AnnData X dimensions [cells x genes]:  200  x  36601 
Reading and transposing layer:  logcounts 
Creating AnnData object...
AnnData dimensions [cells x genes]:  200  x  36601 
Writing H5AD...
Chunk completed successfully.
Chunk size MB:  127.38 

------------------------------------------------------------
Writing chunk  150 / 389 
Cells:  200 
Genes:  36601 
File:  /beegfs/labs/hulab/projects/mjabin/GeneBridge/data/processed/snrnaseq/sce_DLPFC_annotated/huuki_h5ad_chunks_allgenes_full_maxcells0_chunk200/huuki_allgenes_chunk_0150.h5ad 
------------------------------------------------------------
SCE dimensions [genes x cells]:  36601  x  200 
Reading and transposing  counts ...
AnnData X dimensions [cells x genes]:  200  x  36601 
Reading and transposing layer:  logcounts 
Creating AnnData object...
AnnData dimensions [cells x genes]:  200  x  36601 
Writing H5AD...
Chunk completed successfully.
Chunk size MB:  127.38 

------------------------------------------------------------
Writing chunk  151 / 389 
Cells:  200 
Genes:  36601 
File:  /beegfs/labs/hulab/projects/mjabin/GeneBridge/data/processed/snrnaseq/sce_DLPFC_annotated/huuki_h5ad_chunks_allgenes_full_maxcells0_chunk200/huuki_allgenes_chunk_0151.h5ad 
------------------------------------------------------------
SCE dimensions [genes x cells]:  36601  x  200 
Reading and transposing  counts ...
AnnData X dimensions [cells x genes]:  200  x  36601 
Reading and transposing layer:  logcounts 
Creating AnnData object...
AnnData dimensions [cells x genes]:  200  x  36601 
Writing H5AD...
Chunk completed successfully.
Chunk size MB:  127.38 

------------------------------------------------------------
Writing chunk  152 / 389 
Cells:  200 
Genes:  36601 
File:  /beegfs/labs/hulab/projects/mjabin/GeneBridge/data/processed/snrnaseq/sce_DLPFC_annotated/huuki_h5ad_chunks_allgenes_full_maxcells0_chunk200/huuki_allgenes_chunk_0152.h5ad 
------------------------------------------------------------
SCE dimensions [genes x cells]:  36601  x  200 
Reading and transposing  counts ...
AnnData X dimensions [cells x genes]:  200  x  36601 
Reading and transposing layer:  logcounts 
Creating AnnData object...
AnnData dimensions [cells x genes]:  200  x  36601 
Writing H5AD...
Chunk completed successfully.
Chunk size MB:  127.38 

------------------------------------------------------------
Writing chunk  153 / 389 
Cells:  200 
Genes:  36601 
File:  /beegfs/labs/hulab/projects/mjabin/GeneBridge/data/processed/snrnaseq/sce_DLPFC_annotated/huuki_h5ad_chunks_allgenes_full_maxcells0_chunk200/huuki_allgenes_chunk_0153.h5ad 
------------------------------------------------------------
SCE dimensions [genes x cells]:  36601  x  200 
Reading and transposing  counts ...
AnnData X dimensions [cells x genes]:  200  x  36601 
Reading and transposing layer:  logcounts 
Creating AnnData object...
AnnData dimensions [cells x genes]:  200  x  36601 
Writing H5AD...
Chunk completed successfully.
Chunk size MB:  127.38 

------------------------------------------------------------
Writing chunk  154 / 389 
Cells:  200 
Genes:  36601 
File:  /beegfs/labs/hulab/projects/mjabin/GeneBridge/data/processed/snrnaseq/sce_DLPFC_annotated/huuki_h5ad_chunks_allgenes_full_maxcells0_chunk200/huuki_allgenes_chunk_0154.h5ad 
------------------------------------------------------------
SCE dimensions [genes x cells]:  36601  x  200 
Reading and transposing  counts ...
AnnData X dimensions [cells x genes]:  200  x  36601 
Reading and transposing layer:  logcounts 
Creating AnnData object...
AnnData dimensions [cells x genes]:  200  x  36601 
Writing H5AD...
Chunk completed successfully.
Chunk size MB:  127.38 

------------------------------------------------------------
Writing chunk  155 / 389 
Cells:  200 
Genes:  36601 
File:  /beegfs/labs/hulab/projects/mjabin/GeneBridge/data/processed/snrnaseq/sce_DLPFC_annotated/huuki_h5ad_chunks_allgenes_full_maxcells0_chunk200/huuki_allgenes_chunk_0155.h5ad 
------------------------------------------------------------
SCE dimensions [genes x cells]:  36601  x  200 
Reading and transposing  counts ...
AnnData X dimensions [cells x genes]:  200  x  36601 
Reading and transposing layer:  logcounts 
Creating AnnData object...
AnnData dimensions [cells x genes]:  200  x  36601 
Writing H5AD...
Chunk completed successfully.
Chunk size MB:  127.38 

------------------------------------------------------------
Writing chunk  156 / 389 
Cells:  200 
Genes:  36601 
File:  /beegfs/labs/hulab/projects/mjabin/GeneBridge/data/processed/snrnaseq/sce_DLPFC_annotated/huuki_h5ad_chunks_allgenes_full_maxcells0_chunk200/huuki_allgenes_chunk_0156.h5ad 
------------------------------------------------------------
SCE dimensions [genes x cells]:  36601  x  200 
Reading and transposing  counts ...
AnnData X dimensions [cells x genes]:  200  x  36601 
Reading and transposing layer:  logcounts 
Creating AnnData object...
AnnData dimensions [cells x genes]:  200  x  36601 
Writing H5AD...
Chunk completed successfully.
Chunk size MB:  127.38 

------------------------------------------------------------
Writing chunk  157 / 389 
Cells:  200 
Genes:  36601 
File:  /beegfs/labs/hulab/projects/mjabin/GeneBridge/data/processed/snrnaseq/sce_DLPFC_annotated/huuki_h5ad_chunks_allgenes_full_maxcells0_chunk200/huuki_allgenes_chunk_0157.h5ad 
------------------------------------------------------------
SCE dimensions [genes x cells]:  36601  x  200 
Reading and transposing  counts ...
AnnData X dimensions [cells x genes]:  200  x  36601 
Reading and transposing layer:  logcounts 
Creating AnnData object...
AnnData dimensions [cells x genes]:  200  x  36601 
Writing H5AD...
Chunk completed successfully.
Chunk size MB:  127.38 

------------------------------------------------------------
Writing chunk  158 / 389 
Cells:  200 
Genes:  36601 
File:  /beegfs/labs/hulab/projects/mjabin/GeneBridge/data/processed/snrnaseq/sce_DLPFC_annotated/huuki_h5ad_chunks_allgenes_full_maxcells0_chunk200/huuki_allgenes_chunk_0158.h5ad 
------------------------------------------------------------
SCE dimensions [genes x cells]:  36601  x  200 
Reading and transposing  counts ...
AnnData X dimensions [cells x genes]:  200  x  36601 
Reading and transposing layer:  logcounts 
Creating AnnData object...
AnnData dimensions [cells x genes]:  200  x  36601 
Writing H5AD...
Chunk completed successfully.
Chunk size MB:  127.38 

------------------------------------------------------------
Writing chunk  159 / 389 
Cells:  200 
Genes:  36601 
File:  /beegfs/labs/hulab/projects/mjabin/GeneBridge/data/processed/snrnaseq/sce_DLPFC_annotated/huuki_h5ad_chunks_allgenes_full_maxcells0_chunk200/huuki_allgenes_chunk_0159.h5ad 
------------------------------------------------------------
SCE dimensions [genes x cells]:  36601  x  200 
Reading and transposing  counts ...
AnnData X dimensions [cells x genes]:  200  x  36601 
Reading and transposing layer:  logcounts 
Creating AnnData object...
AnnData dimensions [cells x genes]:  200  x  36601 
Writing H5AD...
Chunk completed successfully.
Chunk size MB:  127.38 

------------------------------------------------------------
Writing chunk  160 / 389 
Cells:  200 
Genes:  36601 
File:  /beegfs/labs/hulab/projects/mjabin/GeneBridge/data/processed/snrnaseq/sce_DLPFC_annotated/huuki_h5ad_chunks_allgenes_full_maxcells0_chunk200/huuki_allgenes_chunk_0160.h5ad 
------------------------------------------------------------
SCE dimensions [genes x cells]:  36601  x  200 
Reading and transposing  counts ...
AnnData X dimensions [cells x genes]:  200  x  36601 
Reading and transposing layer:  logcounts 
Creating AnnData object...
AnnData dimensions [cells x genes]:  200  x  36601 
Writing H5AD...
Chunk completed successfully.
Chunk size MB:  127.38 

------------------------------------------------------------
Writing chunk  161 / 389 
Cells:  200 
Genes:  36601 
File:  /beegfs/labs/hulab/projects/mjabin/GeneBridge/data/processed/snrnaseq/sce_DLPFC_annotated/huuki_h5ad_chunks_allgenes_full_maxcells0_chunk200/huuki_allgenes_chunk_0161.h5ad 
------------------------------------------------------------
SCE dimensions [genes x cells]:  36601  x  200 
Reading and transposing  counts ...
AnnData X dimensions [cells x genes]:  200  x  36601 
Reading and transposing layer:  logcounts 
Creating AnnData object...
AnnData dimensions [cells x genes]:  200  x  36601 
Writing H5AD...
Chunk completed successfully.
Chunk size MB:  127.38 

------------------------------------------------------------
Writing chunk  162 / 389 
Cells:  200 
Genes:  36601 
File:  /beegfs/labs/hulab/projects/mjabin/GeneBridge/data/processed/snrnaseq/sce_DLPFC_annotated/huuki_h5ad_chunks_allgenes_full_maxcells0_chunk200/huuki_allgenes_chunk_0162.h5ad 
------------------------------------------------------------
SCE dimensions [genes x cells]:  36601  x  200 
Reading and transposing  counts ...
AnnData X dimensions [cells x genes]:  200  x  36601 
Reading and transposing layer:  logcounts 
Creating AnnData object...
AnnData dimensions [cells x genes]:  200  x  36601 
Writing H5AD...
Chunk completed successfully.
Chunk size MB:  127.38 

------------------------------------------------------------
Writing chunk  163 / 389 
Cells:  200 
Genes:  36601 
File:  /beegfs/labs/hulab/projects/mjabin/GeneBridge/data/processed/snrnaseq/sce_DLPFC_annotated/huuki_h5ad_chunks_allgenes_full_maxcells0_chunk200/huuki_allgenes_chunk_0163.h5ad 
------------------------------------------------------------
SCE dimensions [genes x cells]:  36601  x  200 
Reading and transposing  counts ...
AnnData X dimensions [cells x genes]:  200  x  36601 
Reading and transposing layer:  logcounts 
Creating AnnData object...
AnnData dimensions [cells x genes]:  200  x  36601 
Writing H5AD...
Chunk completed successfully.
Chunk size MB:  127.38 

------------------------------------------------------------
Writing chunk  164 / 389 
Cells:  200 
Genes:  36601 
File:  /beegfs/labs/hulab/projects/mjabin/GeneBridge/data/processed/snrnaseq/sce_DLPFC_annotated/huuki_h5ad_chunks_allgenes_full_maxcells0_chunk200/huuki_allgenes_chunk_0164.h5ad 
------------------------------------------------------------
SCE dimensions [genes x cells]:  36601  x  200 
Reading and transposing  counts ...
AnnData X dimensions [cells x genes]:  200  x  36601 
Reading and transposing layer:  logcounts 
Creating AnnData object...
AnnData dimensions [cells x genes]:  200  x  36601 
Writing H5AD...
Chunk completed successfully.
Chunk size MB:  127.38 

------------------------------------------------------------
Writing chunk  165 / 389 
Cells:  200 
Genes:  36601 
File:  /beegfs/labs/hulab/projects/mjabin/GeneBridge/data/processed/snrnaseq/sce_DLPFC_annotated/huuki_h5ad_chunks_allgenes_full_maxcells0_chunk200/huuki_allgenes_chunk_0165.h5ad 
------------------------------------------------------------
SCE dimensions [genes x cells]:  36601  x  200 
Reading and transposing  counts ...
AnnData X dimensions [cells x genes]:  200  x  36601 
Reading and transposing layer:  logcounts 
Creating AnnData object...
AnnData dimensions [cells x genes]:  200  x  36601 
Writing H5AD...
Chunk completed successfully.
Chunk size MB:  127.38 

------------------------------------------------------------
Writing chunk  166 / 389 
Cells:  200 
Genes:  36601 
File:  /beegfs/labs/hulab/projects/mjabin/GeneBridge/data/processed/snrnaseq/sce_DLPFC_annotated/huuki_h5ad_chunks_allgenes_full_maxcells0_chunk200/huuki_allgenes_chunk_0166.h5ad 
------------------------------------------------------------
SCE dimensions [genes x cells]:  36601  x  200 
Reading and transposing  counts ...
AnnData X dimensions [cells x genes]:  200  x  36601 
Reading and transposing layer:  logcounts 
Creating AnnData object...
AnnData dimensions [cells x genes]:  200  x  36601 
Writing H5AD...
Chunk completed successfully.
Chunk size MB:  127.38 

------------------------------------------------------------
Writing chunk  167 / 389 
Cells:  200 
Genes:  36601 
File:  /beegfs/labs/hulab/projects/mjabin/GeneBridge/data/processed/snrnaseq/sce_DLPFC_annotated/huuki_h5ad_chunks_allgenes_full_maxcells0_chunk200/huuki_allgenes_chunk_0167.h5ad 
------------------------------------------------------------
SCE dimensions [genes x cells]:  36601  x  200 
Reading and transposing  counts ...
AnnData X dimensions [cells x genes]:  200  x  36601 
Reading and transposing layer:  logcounts 
Creating AnnData object...
AnnData dimensions [cells x genes]:  200  x  36601 
Writing H5AD...
Chunk completed successfully.
Chunk size MB:  127.38 

------------------------------------------------------------
Writing chunk  168 / 389 
Cells:  200 
Genes:  36601 
File:  /beegfs/labs/hulab/projects/mjabin/GeneBridge/data/processed/snrnaseq/sce_DLPFC_annotated/huuki_h5ad_chunks_allgenes_full_maxcells0_chunk200/huuki_allgenes_chunk_0168.h5ad 
------------------------------------------------------------
SCE dimensions [genes x cells]:  36601  x  200 
Reading and transposing  counts ...
AnnData X dimensions [cells x genes]:  200  x  36601 
Reading and transposing layer:  logcounts 
Creating AnnData object...
AnnData dimensions [cells x genes]:  200  x  36601 
Writing H5AD...
Chunk completed successfully.
Chunk size MB:  127.38 

------------------------------------------------------------
Writing chunk  169 / 389 
Cells:  200 
Genes:  36601 
File:  /beegfs/labs/hulab/projects/mjabin/GeneBridge/data/processed/snrnaseq/sce_DLPFC_annotated/huuki_h5ad_chunks_allgenes_full_maxcells0_chunk200/huuki_allgenes_chunk_0169.h5ad 
------------------------------------------------------------
SCE dimensions [genes x cells]:  36601  x  200 
Reading and transposing  counts ...
AnnData X dimensions [cells x genes]:  200  x  36601 
Reading and transposing layer:  logcounts 
Creating AnnData object...
AnnData dimensions [cells x genes]:  200  x  36601 
Writing H5AD...
Chunk completed successfully.
Chunk size MB:  127.38 

------------------------------------------------------------
Writing chunk  170 / 389 
Cells:  200 
Genes:  36601 
File:  /beegfs/labs/hulab/projects/mjabin/GeneBridge/data/processed/snrnaseq/sce_DLPFC_annotated/huuki_h5ad_chunks_allgenes_full_maxcells0_chunk200/huuki_allgenes_chunk_0170.h5ad 
------------------------------------------------------------
SCE dimensions [genes x cells]:  36601  x  200 
Reading and transposing  counts ...
AnnData X dimensions [cells x genes]:  200  x  36601 
Reading and transposing layer:  logcounts 
Creating AnnData object...
AnnData dimensions [cells x genes]:  200  x  36601 
Writing H5AD...
Chunk completed successfully.
Chunk size MB:  127.38 

------------------------------------------------------------
Writing chunk  171 / 389 
Cells:  200 
Genes:  36601 
File:  /beegfs/labs/hulab/projects/mjabin/GeneBridge/data/processed/snrnaseq/sce_DLPFC_annotated/huuki_h5ad_chunks_allgenes_full_maxcells0_chunk200/huuki_allgenes_chunk_0171.h5ad 
------------------------------------------------------------
SCE dimensions [genes x cells]:  36601  x  200 
Reading and transposing  counts ...
AnnData X dimensions [cells x genes]:  200  x  36601 
Reading and transposing layer:  logcounts 
Creating AnnData object...
AnnData dimensions [cells x genes]:  200  x  36601 
Writing H5AD...
Chunk completed successfully.
Chunk size MB:  127.37 

------------------------------------------------------------
Writing chunk  172 / 389 
Cells:  200 
Genes:  36601 
File:  /beegfs/labs/hulab/projects/mjabin/GeneBridge/data/processed/snrnaseq/sce_DLPFC_annotated/huuki_h5ad_chunks_allgenes_full_maxcells0_chunk200/huuki_allgenes_chunk_0172.h5ad 
------------------------------------------------------------
SCE dimensions [genes x cells]:  36601  x  200 
Reading and transposing  counts ...
AnnData X dimensions [cells x genes]:  200  x  36601 
Reading and transposing layer:  logcounts 
Creating AnnData object...
AnnData dimensions [cells x genes]:  200  x  36601 
Writing H5AD...
Chunk completed successfully.
Chunk size MB:  127.37 

------------------------------------------------------------
Writing chunk  173 / 389 
Cells:  200 
Genes:  36601 
File:  /beegfs/labs/hulab/projects/mjabin/GeneBridge/data/processed/snrnaseq/sce_DLPFC_annotated/huuki_h5ad_chunks_allgenes_full_maxcells0_chunk200/huuki_allgenes_chunk_0173.h5ad 
------------------------------------------------------------
SCE dimensions [genes x cells]:  36601  x  200 
Reading and transposing  counts ...
AnnData X dimensions [cells x genes]:  200  x  36601 
Reading and transposing layer:  logcounts 
Creating AnnData object...
AnnData dimensions [cells x genes]:  200  x  36601 
Writing H5AD...
Chunk completed successfully.
Chunk size MB:  127.37 

------------------------------------------------------------
Writing chunk  174 / 389 
Cells:  200 
Genes:  36601 
File:  /beegfs/labs/hulab/projects/mjabin/GeneBridge/data/processed/snrnaseq/sce_DLPFC_annotated/huuki_h5ad_chunks_allgenes_full_maxcells0_chunk200/huuki_allgenes_chunk_0174.h5ad 
------------------------------------------------------------
SCE dimensions [genes x cells]:  36601  x  200 
Reading and transposing  counts ...
AnnData X dimensions [cells x genes]:  200  x  36601 
Reading and transposing layer:  logcounts 
Creating AnnData object...
AnnData dimensions [cells x genes]:  200  x  36601 
Writing H5AD...
Chunk completed successfully.
Chunk size MB:  127.37 

------------------------------------------------------------
Writing chunk  175 / 389 
Cells:  200 
Genes:  36601 
File:  /beegfs/labs/hulab/projects/mjabin/GeneBridge/data/processed/snrnaseq/sce_DLPFC_annotated/huuki_h5ad_chunks_allgenes_full_maxcells0_chunk200/huuki_allgenes_chunk_0175.h5ad 
------------------------------------------------------------
SCE dimensions [genes x cells]:  36601  x  200 
Reading and transposing  counts ...
AnnData X dimensions [cells x genes]:  200  x  36601 
Reading and transposing layer:  logcounts 
Creating AnnData object...
AnnData dimensions [cells x genes]:  200  x  36601 
Writing H5AD...
Chunk completed successfully.
Chunk size MB:  127.37 

------------------------------------------------------------
Writing chunk  176 / 389 
Cells:  200 
Genes:  36601 
File:  /beegfs/labs/hulab/projects/mjabin/GeneBridge/data/processed/snrnaseq/sce_DLPFC_annotated/huuki_h5ad_chunks_allgenes_full_maxcells0_chunk200/huuki_allgenes_chunk_0176.h5ad 
------------------------------------------------------------
SCE dimensions [genes x cells]:  36601  x  200 
Reading and transposing  counts ...
AnnData X dimensions [cells x genes]:  200  x  36601 
Reading and transposing layer:  logcounts 
Creating AnnData object...
AnnData dimensions [cells x genes]:  200  x  36601 
Writing H5AD...
Chunk completed successfully.
Chunk size MB:  127.37 

------------------------------------------------------------
Writing chunk  177 / 389 
Cells:  200 
Genes:  36601 
File:  /beegfs/labs/hulab/projects/mjabin/GeneBridge/data/processed/snrnaseq/sce_DLPFC_annotated/huuki_h5ad_chunks_allgenes_full_maxcells0_chunk200/huuki_allgenes_chunk_0177.h5ad 
------------------------------------------------------------
SCE dimensions [genes x cells]:  36601  x  200 
Reading and transposing  counts ...
AnnData X dimensions [cells x genes]:  200  x  36601 
Reading and transposing layer:  logcounts 
Creating AnnData object...
AnnData dimensions [cells x genes]:  200  x  36601 
Writing H5AD...
Chunk completed successfully.
Chunk size MB:  127.37 

------------------------------------------------------------
Writing chunk  178 / 389 
Cells:  200 
Genes:  36601 
File:  /beegfs/labs/hulab/projects/mjabin/GeneBridge/data/processed/snrnaseq/sce_DLPFC_annotated/huuki_h5ad_chunks_allgenes_full_maxcells0_chunk200/huuki_allgenes_chunk_0178.h5ad 
------------------------------------------------------------
SCE dimensions [genes x cells]:  36601  x  200 
Reading and transposing  counts ...
AnnData X dimensions [cells x genes]:  200  x  36601 
Reading and transposing layer:  logcounts 
Creating AnnData object...
AnnData dimensions [cells x genes]:  200  x  36601 
Writing H5AD...
Chunk completed successfully.
Chunk size MB:  127.37 

------------------------------------------------------------
Writing chunk  179 / 389 
Cells:  200 
Genes:  36601 
File:  /beegfs/labs/hulab/projects/mjabin/GeneBridge/data/processed/snrnaseq/sce_DLPFC_annotated/huuki_h5ad_chunks_allgenes_full_maxcells0_chunk200/huuki_allgenes_chunk_0179.h5ad 
------------------------------------------------------------
SCE dimensions [genes x cells]:  36601  x  200 
Reading and transposing  counts ...
AnnData X dimensions [cells x genes]:  200  x  36601 
Reading and transposing layer:  logcounts 
Creating AnnData object...
AnnData dimensions [cells x genes]:  200  x  36601 
Writing H5AD...
Chunk completed successfully.
Chunk size MB:  127.37 

------------------------------------------------------------
Writing chunk  180 / 389 
Cells:  200 
Genes:  36601 
File:  /beegfs/labs/hulab/projects/mjabin/GeneBridge/data/processed/snrnaseq/sce_DLPFC_annotated/huuki_h5ad_chunks_allgenes_full_maxcells0_chunk200/huuki_allgenes_chunk_0180.h5ad 
------------------------------------------------------------
SCE dimensions [genes x cells]:  36601  x  200 
Reading and transposing  counts ...
AnnData X dimensions [cells x genes]:  200  x  36601 
Reading and transposing layer:  logcounts 
Creating AnnData object...
AnnData dimensions [cells x genes]:  200  x  36601 
Writing H5AD...
Chunk completed successfully.
Chunk size MB:  127.37 

------------------------------------------------------------
Writing chunk  181 / 389 
Cells:  200 
Genes:  36601 
File:  /beegfs/labs/hulab/projects/mjabin/GeneBridge/data/processed/snrnaseq/sce_DLPFC_annotated/huuki_h5ad_chunks_allgenes_full_maxcells0_chunk200/huuki_allgenes_chunk_0181.h5ad 
------------------------------------------------------------
SCE dimensions [genes x cells]:  36601  x  200 
Reading and transposing  counts ...
AnnData X dimensions [cells x genes]:  200  x  36601 
Reading and transposing layer:  logcounts 
Creating AnnData object...
AnnData dimensions [cells x genes]:  200  x  36601 
Writing H5AD...
Chunk completed successfully.
Chunk size MB:  127.37 

------------------------------------------------------------
Writing chunk  182 / 389 
Cells:  200 
Genes:  36601 
File:  /beegfs/labs/hulab/projects/mjabin/GeneBridge/data/processed/snrnaseq/sce_DLPFC_annotated/huuki_h5ad_chunks_allgenes_full_maxcells0_chunk200/huuki_allgenes_chunk_0182.h5ad 
------------------------------------------------------------
SCE dimensions [genes x cells]:  36601  x  200 
Reading and transposing  counts ...
AnnData X dimensions [cells x genes]:  200  x  36601 
Reading and transposing layer:  logcounts 
Creating AnnData object...
AnnData dimensions [cells x genes]:  200  x  36601 
Writing H5AD...
Chunk completed successfully.
Chunk size MB:  127.37 

------------------------------------------------------------
Writing chunk  183 / 389 
Cells:  200 
Genes:  36601 
File:  /beegfs/labs/hulab/projects/mjabin/GeneBridge/data/processed/snrnaseq/sce_DLPFC_annotated/huuki_h5ad_chunks_allgenes_full_maxcells0_chunk200/huuki_allgenes_chunk_0183.h5ad 
------------------------------------------------------------
SCE dimensions [genes x cells]:  36601  x  200 
Reading and transposing  counts ...
AnnData X dimensions [cells x genes]:  200  x  36601 
Reading and transposing layer:  logcounts 
Creating AnnData object...
AnnData dimensions [cells x genes]:  200  x  36601 
Writing H5AD...
Chunk completed successfully.
Chunk size MB:  127.37 

------------------------------------------------------------
Writing chunk  184 / 389 
Cells:  200 
Genes:  36601 
File:  /beegfs/labs/hulab/projects/mjabin/GeneBridge/data/processed/snrnaseq/sce_DLPFC_annotated/huuki_h5ad_chunks_allgenes_full_maxcells0_chunk200/huuki_allgenes_chunk_0184.h5ad 
------------------------------------------------------------
SCE dimensions [genes x cells]:  36601  x  200 
Reading and transposing  counts ...
AnnData X dimensions [cells x genes]:  200  x  36601 
Reading and transposing layer:  logcounts 
Creating AnnData object...
AnnData dimensions [cells x genes]:  200  x  36601 
Writing H5AD...
Chunk completed successfully.
Chunk size MB:  127.37 

------------------------------------------------------------
Writing chunk  185 / 389 
Cells:  200 
Genes:  36601 
File:  /beegfs/labs/hulab/projects/mjabin/GeneBridge/data/processed/snrnaseq/sce_DLPFC_annotated/huuki_h5ad_chunks_allgenes_full_maxcells0_chunk200/huuki_allgenes_chunk_0185.h5ad 
------------------------------------------------------------
SCE dimensions [genes x cells]:  36601  x  200 
Reading and transposing  counts ...
AnnData X dimensions [cells x genes]:  200  x  36601 
Reading and transposing layer:  logcounts 
Creating AnnData object...
AnnData dimensions [cells x genes]:  200  x  36601 
Writing H5AD...
Chunk completed successfully.
Chunk size MB:  127.37 

------------------------------------------------------------
Writing chunk  186 / 389 
Cells:  200 
Genes:  36601 
File:  /beegfs/labs/hulab/projects/mjabin/GeneBridge/data/processed/snrnaseq/sce_DLPFC_annotated/huuki_h5ad_chunks_allgenes_full_maxcells0_chunk200/huuki_allgenes_chunk_0186.h5ad 
------------------------------------------------------------
SCE dimensions [genes x cells]:  36601  x  200 
Reading and transposing  counts ...
AnnData X dimensions [cells x genes]:  200  x  36601 
Reading and transposing layer:  logcounts 
Creating AnnData object...
AnnData dimensions [cells x genes]:  200  x  36601 
Writing H5AD...
Chunk completed successfully.
Chunk size MB:  127.37 

------------------------------------------------------------
Writing chunk  187 / 389 
Cells:  200 
Genes:  36601 
File:  /beegfs/labs/hulab/projects/mjabin/GeneBridge/data/processed/snrnaseq/sce_DLPFC_annotated/huuki_h5ad_chunks_allgenes_full_maxcells0_chunk200/huuki_allgenes_chunk_0187.h5ad 
------------------------------------------------------------
SCE dimensions [genes x cells]:  36601  x  200 
Reading and transposing  counts ...
AnnData X dimensions [cells x genes]:  200  x  36601 
Reading and transposing layer:  logcounts 
Creating AnnData object...
AnnData dimensions [cells x genes]:  200  x  36601 
Writing H5AD...
Chunk completed successfully.
Chunk size MB:  127.37 

------------------------------------------------------------
Writing chunk  188 / 389 
Cells:  200 
Genes:  36601 
File:  /beegfs/labs/hulab/projects/mjabin/GeneBridge/data/processed/snrnaseq/sce_DLPFC_annotated/huuki_h5ad_chunks_allgenes_full_maxcells0_chunk200/huuki_allgenes_chunk_0188.h5ad 
------------------------------------------------------------
SCE dimensions [genes x cells]:  36601  x  200 
Reading and transposing  counts ...
AnnData X dimensions [cells x genes]:  200  x  36601 
Reading and transposing layer:  logcounts 
Creating AnnData object...
AnnData dimensions [cells x genes]:  200  x  36601 
Writing H5AD...
Chunk completed successfully.
Chunk size MB:  127.37 

------------------------------------------------------------
Writing chunk  189 / 389 
Cells:  200 
Genes:  36601 
File:  /beegfs/labs/hulab/projects/mjabin/GeneBridge/data/processed/snrnaseq/sce_DLPFC_annotated/huuki_h5ad_chunks_allgenes_full_maxcells0_chunk200/huuki_allgenes_chunk_0189.h5ad 
------------------------------------------------------------
SCE dimensions [genes x cells]:  36601  x  200 
Reading and transposing  counts ...
AnnData X dimensions [cells x genes]:  200  x  36601 
Reading and transposing layer:  logcounts 
Creating AnnData object...
AnnData dimensions [cells x genes]:  200  x  36601 
Writing H5AD...
Chunk completed successfully.
Chunk size MB:  127.37 

------------------------------------------------------------
Writing chunk  190 / 389 
Cells:  200 
Genes:  36601 
File:  /beegfs/labs/hulab/projects/mjabin/GeneBridge/data/processed/snrnaseq/sce_DLPFC_annotated/huuki_h5ad_chunks_allgenes_full_maxcells0_chunk200/huuki_allgenes_chunk_0190.h5ad 
------------------------------------------------------------
SCE dimensions [genes x cells]:  36601  x  200 
Reading and transposing  counts ...
AnnData X dimensions [cells x genes]:  200  x  36601 
Reading and transposing layer:  logcounts 
Creating AnnData object...
AnnData dimensions [cells x genes]:  200  x  36601 
Writing H5AD...
Chunk completed successfully.
Chunk size MB:  127.37 

------------------------------------------------------------
Writing chunk  191 / 389 
Cells:  200 
Genes:  36601 
File:  /beegfs/labs/hulab/projects/mjabin/GeneBridge/data/processed/snrnaseq/sce_DLPFC_annotated/huuki_h5ad_chunks_allgenes_full_maxcells0_chunk200/huuki_allgenes_chunk_0191.h5ad 
------------------------------------------------------------
SCE dimensions [genes x cells]:  36601  x  200 
Reading and transposing  counts ...
AnnData X dimensions [cells x genes]:  200  x  36601 
Reading and transposing layer:  logcounts 
Creating AnnData object...
AnnData dimensions [cells x genes]:  200  x  36601 
Writing H5AD...
Chunk completed successfully.
Chunk size MB:  127.37 

------------------------------------------------------------
Writing chunk  192 / 389 
Cells:  200 
Genes:  36601 
File:  /beegfs/labs/hulab/projects/mjabin/GeneBridge/data/processed/snrnaseq/sce_DLPFC_annotated/huuki_h5ad_chunks_allgenes_full_maxcells0_chunk200/huuki_allgenes_chunk_0192.h5ad 
------------------------------------------------------------
SCE dimensions [genes x cells]:  36601  x  200 
Reading and transposing  counts ...
AnnData X dimensions [cells x genes]:  200  x  36601 
Reading and transposing layer:  logcounts 
Creating AnnData object...
AnnData dimensions [cells x genes]:  200  x  36601 
Writing H5AD...
Chunk completed successfully.
Chunk size MB:  127.37 

------------------------------------------------------------
Writing chunk  193 / 389 
Cells:  200 
Genes:  36601 
File:  /beegfs/labs/hulab/projects/mjabin/GeneBridge/data/processed/snrnaseq/sce_DLPFC_annotated/huuki_h5ad_chunks_allgenes_full_maxcells0_chunk200/huuki_allgenes_chunk_0193.h5ad 
------------------------------------------------------------
SCE dimensions [genes x cells]:  36601  x  200 
Reading and transposing  counts ...
AnnData X dimensions [cells x genes]:  200  x  36601 
Reading and transposing layer:  logcounts 
Creating AnnData object...
AnnData dimensions [cells x genes]:  200  x  36601 
Writing H5AD...
Chunk completed successfully.
Chunk size MB:  127.37 

------------------------------------------------------------
Writing chunk  194 / 389 
Cells:  200 
Genes:  36601 
File:  /beegfs/labs/hulab/projects/mjabin/GeneBridge/data/processed/snrnaseq/sce_DLPFC_annotated/huuki_h5ad_chunks_allgenes_full_maxcells0_chunk200/huuki_allgenes_chunk_0194.h5ad 
------------------------------------------------------------
SCE dimensions [genes x cells]:  36601  x  200 
Reading and transposing  counts ...
AnnData X dimensions [cells x genes]:  200  x  36601 
Reading and transposing layer:  logcounts 
Creating AnnData object...
AnnData dimensions [cells x genes]:  200  x  36601 
Writing H5AD...
Chunk completed successfully.
Chunk size MB:  127.37 

------------------------------------------------------------
Writing chunk  195 / 389 
Cells:  200 
Genes:  36601 
File:  /beegfs/labs/hulab/projects/mjabin/GeneBridge/data/processed/snrnaseq/sce_DLPFC_annotated/huuki_h5ad_chunks_allgenes_full_maxcells0_chunk200/huuki_allgenes_chunk_0195.h5ad 
------------------------------------------------------------
SCE dimensions [genes x cells]:  36601  x  200 
Reading and transposing  counts ...
AnnData X dimensions [cells x genes]:  200  x  36601 
Reading and transposing layer:  logcounts 
Creating AnnData object...
AnnData dimensions [cells x genes]:  200  x  36601 
Writing H5AD...
Chunk completed successfully.
Chunk size MB:  127.37 

------------------------------------------------------------
Writing chunk  196 / 389 
Cells:  200 
Genes:  36601 
File:  /beegfs/labs/hulab/projects/mjabin/GeneBridge/data/processed/snrnaseq/sce_DLPFC_annotated/huuki_h5ad_chunks_allgenes_full_maxcells0_chunk200/huuki_allgenes_chunk_0196.h5ad 
------------------------------------------------------------
SCE dimensions [genes x cells]:  36601  x  200 
Reading and transposing  counts ...
AnnData X dimensions [cells x genes]:  200  x  36601 
Reading and transposing layer:  logcounts 
Creating AnnData object...
AnnData dimensions [cells x genes]:  200  x  36601 
Writing H5AD...
Chunk completed successfully.
Chunk size MB:  127.37 

------------------------------------------------------------
Writing chunk  197 / 389 
Cells:  200 
Genes:  36601 
File:  /beegfs/labs/hulab/projects/mjabin/GeneBridge/data/processed/snrnaseq/sce_DLPFC_annotated/huuki_h5ad_chunks_allgenes_full_maxcells0_chunk200/huuki_allgenes_chunk_0197.h5ad 
------------------------------------------------------------
SCE dimensions [genes x cells]:  36601  x  200 
Reading and transposing  counts ...
AnnData X dimensions [cells x genes]:  200  x  36601 
Reading and transposing layer:  logcounts 
Creating AnnData object...
AnnData dimensions [cells x genes]:  200  x  36601 
Writing H5AD...
Chunk completed successfully.
Chunk size MB:  127.37 

------------------------------------------------------------
Writing chunk  198 / 389 
Cells:  200 
Genes:  36601 
File:  /beegfs/labs/hulab/projects/mjabin/GeneBridge/data/processed/snrnaseq/sce_DLPFC_annotated/huuki_h5ad_chunks_allgenes_full_maxcells0_chunk200/huuki_allgenes_chunk_0198.h5ad 
------------------------------------------------------------
SCE dimensions [genes x cells]:  36601  x  200 
Reading and transposing  counts ...
AnnData X dimensions [cells x genes]:  200  x  36601 
Reading and transposing layer:  logcounts 
Creating AnnData object...
AnnData dimensions [cells x genes]:  200  x  36601 
Writing H5AD...
Chunk completed successfully.
Chunk size MB:  127.37 

------------------------------------------------------------
Writing chunk  199 / 389 
Cells:  200 
Genes:  36601 
File:  /beegfs/labs/hulab/projects/mjabin/GeneBridge/data/processed/snrnaseq/sce_DLPFC_annotated/huuki_h5ad_chunks_allgenes_full_maxcells0_chunk200/huuki_allgenes_chunk_0199.h5ad 
------------------------------------------------------------
SCE dimensions [genes x cells]:  36601  x  200 
Reading and transposing  counts ...
AnnData X dimensions [cells x genes]:  200  x  36601 
Reading and transposing layer:  logcounts 
Creating AnnData object...
AnnData dimensions [cells x genes]:  200  x  36601 
Writing H5AD...
Chunk completed successfully.
Chunk size MB:  127.37 

------------------------------------------------------------
Writing chunk  200 / 389 
Cells:  200 
Genes:  36601 
File:  /beegfs/labs/hulab/projects/mjabin/GeneBridge/data/processed/snrnaseq/sce_DLPFC_annotated/huuki_h5ad_chunks_allgenes_full_maxcells0_chunk200/huuki_allgenes_chunk_0200.h5ad 
------------------------------------------------------------
SCE dimensions [genes x cells]:  36601  x  200 
Reading and transposing  counts ...
AnnData X dimensions [cells x genes]:  200  x  36601 
Reading and transposing layer:  logcounts 
Creating AnnData object...
AnnData dimensions [cells x genes]:  200  x  36601 
Writing H5AD...
Chunk completed successfully.
Chunk size MB:  127.37 

------------------------------------------------------------
Writing chunk  201 / 389 
Cells:  200 
Genes:  36601 
File:  /beegfs/labs/hulab/projects/mjabin/GeneBridge/data/processed/snrnaseq/sce_DLPFC_annotated/huuki_h5ad_chunks_allgenes_full_maxcells0_chunk200/huuki_allgenes_chunk_0201.h5ad 
------------------------------------------------------------
SCE dimensions [genes x cells]:  36601  x  200 
Reading and transposing  counts ...
AnnData X dimensions [cells x genes]:  200  x  36601 
Reading and transposing layer:  logcounts 
Creating AnnData object...
AnnData dimensions [cells x genes]:  200  x  36601 
Writing H5AD...
Chunk completed successfully.
Chunk size MB:  127.37 

------------------------------------------------------------
Writing chunk  202 / 389 
Cells:  200 
Genes:  36601 
File:  /beegfs/labs/hulab/projects/mjabin/GeneBridge/data/processed/snrnaseq/sce_DLPFC_annotated/huuki_h5ad_chunks_allgenes_full_maxcells0_chunk200/huuki_allgenes_chunk_0202.h5ad 
------------------------------------------------------------
SCE dimensions [genes x cells]:  36601  x  200 
Reading and transposing  counts ...
AnnData X dimensions [cells x genes]:  200  x  36601 
Reading and transposing layer:  logcounts 
Creating AnnData object...
AnnData dimensions [cells x genes]:  200  x  36601 
Writing H5AD...
Chunk completed successfully.
Chunk size MB:  127.37 

------------------------------------------------------------
Writing chunk  203 / 389 
Cells:  200 
Genes:  36601 
File:  /beegfs/labs/hulab/projects/mjabin/GeneBridge/data/processed/snrnaseq/sce_DLPFC_annotated/huuki_h5ad_chunks_allgenes_full_maxcells0_chunk200/huuki_allgenes_chunk_0203.h5ad 
------------------------------------------------------------
SCE dimensions [genes x cells]:  36601  x  200 
Reading and transposing  counts ...
AnnData X dimensions [cells x genes]:  200  x  36601 
Reading and transposing layer:  logcounts 
Creating AnnData object...
AnnData dimensions [cells x genes]:  200  x  36601 
Writing H5AD...
Chunk completed successfully.
Chunk size MB:  127.37 

------------------------------------------------------------
Writing chunk  204 / 389 
Cells:  200 
Genes:  36601 
File:  /beegfs/labs/hulab/projects/mjabin/GeneBridge/data/processed/snrnaseq/sce_DLPFC_annotated/huuki_h5ad_chunks_allgenes_full_maxcells0_chunk200/huuki_allgenes_chunk_0204.h5ad 
------------------------------------------------------------
SCE dimensions [genes x cells]:  36601  x  200 
Reading and transposing  counts ...
AnnData X dimensions [cells x genes]:  200  x  36601 
Reading and transposing layer:  logcounts 
Creating AnnData object...
AnnData dimensions [cells x genes]:  200  x  36601 
Writing H5AD...
Chunk completed successfully.
Chunk size MB:  127.37 

------------------------------------------------------------
Writing chunk  205 / 389 
Cells:  200 
Genes:  36601 
File:  /beegfs/labs/hulab/projects/mjabin/GeneBridge/data/processed/snrnaseq/sce_DLPFC_annotated/huuki_h5ad_chunks_allgenes_full_maxcells0_chunk200/huuki_allgenes_chunk_0205.h5ad 
------------------------------------------------------------
SCE dimensions [genes x cells]:  36601  x  200 
Reading and transposing  counts ...
AnnData X dimensions [cells x genes]:  200  x  36601 
Reading and transposing layer:  logcounts 
Creating AnnData object...
AnnData dimensions [cells x genes]:  200  x  36601 
Writing H5AD...
Chunk completed successfully.
Chunk size MB:  127.37 

------------------------------------------------------------
Writing chunk  206 / 389 
Cells:  200 
Genes:  36601 
File:  /beegfs/labs/hulab/projects/mjabin/GeneBridge/data/processed/snrnaseq/sce_DLPFC_annotated/huuki_h5ad_chunks_allgenes_full_maxcells0_chunk200/huuki_allgenes_chunk_0206.h5ad 
------------------------------------------------------------
SCE dimensions [genes x cells]:  36601  x  200 
Reading and transposing  counts ...
AnnData X dimensions [cells x genes]:  200  x  36601 
Reading and transposing layer:  logcounts 
Creating AnnData object...
AnnData dimensions [cells x genes]:  200  x  36601 
Writing H5AD...
Chunk completed successfully.
Chunk size MB:  127.37 

------------------------------------------------------------
Writing chunk  207 / 389 
Cells:  200 
Genes:  36601 
File:  /beegfs/labs/hulab/projects/mjabin/GeneBridge/data/processed/snrnaseq/sce_DLPFC_annotated/huuki_h5ad_chunks_allgenes_full_maxcells0_chunk200/huuki_allgenes_chunk_0207.h5ad 
------------------------------------------------------------
SCE dimensions [genes x cells]:  36601  x  200 
Reading and transposing  counts ...
AnnData X dimensions [cells x genes]:  200  x  36601 
Reading and transposing layer:  logcounts 
Creating AnnData object...
AnnData dimensions [cells x genes]:  200  x  36601 
Writing H5AD...
Chunk completed successfully.
Chunk size MB:  127.37 

------------------------------------------------------------
Writing chunk  208 / 389 
Cells:  200 
Genes:  36601 
File:  /beegfs/labs/hulab/projects/mjabin/GeneBridge/data/processed/snrnaseq/sce_DLPFC_annotated/huuki_h5ad_chunks_allgenes_full_maxcells0_chunk200/huuki_allgenes_chunk_0208.h5ad 
------------------------------------------------------------
SCE dimensions [genes x cells]:  36601  x  200 
Reading and transposing  counts ...
AnnData X dimensions [cells x genes]:  200  x  36601 
Reading and transposing layer:  logcounts 
Creating AnnData object...
AnnData dimensions [cells x genes]:  200  x  36601 
Writing H5AD...
Chunk completed successfully.
Chunk size MB:  127.37 

------------------------------------------------------------
Writing chunk  209 / 389 
Cells:  200 
Genes:  36601 
File:  /beegfs/labs/hulab/projects/mjabin/GeneBridge/data/processed/snrnaseq/sce_DLPFC_annotated/huuki_h5ad_chunks_allgenes_full_maxcells0_chunk200/huuki_allgenes_chunk_0209.h5ad 
------------------------------------------------------------
SCE dimensions [genes x cells]:  36601  x  200 
Reading and transposing  counts ...
AnnData X dimensions [cells x genes]:  200  x  36601 
Reading and transposing layer:  logcounts 
Creating AnnData object...
AnnData dimensions [cells x genes]:  200  x  36601 
Writing H5AD...
Chunk completed successfully.
Chunk size MB:  127.37 

------------------------------------------------------------
Writing chunk  210 / 389 
Cells:  200 
Genes:  36601 
File:  /beegfs/labs/hulab/projects/mjabin/GeneBridge/data/processed/snrnaseq/sce_DLPFC_annotated/huuki_h5ad_chunks_allgenes_full_maxcells0_chunk200/huuki_allgenes_chunk_0210.h5ad 
------------------------------------------------------------
SCE dimensions [genes x cells]:  36601  x  200 
Reading and transposing  counts ...
AnnData X dimensions [cells x genes]:  200  x  36601 
Reading and transposing layer:  logcounts 
Creating AnnData object...
AnnData dimensions [cells x genes]:  200  x  36601 
Writing H5AD...
Chunk completed successfully.
Chunk size MB:  127.37 

------------------------------------------------------------
Writing chunk  211 / 389 
Cells:  200 
Genes:  36601 
File:  /beegfs/labs/hulab/projects/mjabin/GeneBridge/data/processed/snrnaseq/sce_DLPFC_annotated/huuki_h5ad_chunks_allgenes_full_maxcells0_chunk200/huuki_allgenes_chunk_0211.h5ad 
------------------------------------------------------------
SCE dimensions [genes x cells]:  36601  x  200 
Reading and transposing  counts ...
AnnData X dimensions [cells x genes]:  200  x  36601 
Reading and transposing layer:  logcounts 
Creating AnnData object...
AnnData dimensions [cells x genes]:  200  x  36601 
Writing H5AD...
Chunk completed successfully.
Chunk size MB:  127.37 

------------------------------------------------------------
Writing chunk  212 / 389 
Cells:  200 
Genes:  36601 
File:  /beegfs/labs/hulab/projects/mjabin/GeneBridge/data/processed/snrnaseq/sce_DLPFC_annotated/huuki_h5ad_chunks_allgenes_full_maxcells0_chunk200/huuki_allgenes_chunk_0212.h5ad 
------------------------------------------------------------
SCE dimensions [genes x cells]:  36601  x  200 
Reading and transposing  counts ...
AnnData X dimensions [cells x genes]:  200  x  36601 
Reading and transposing layer:  logcounts 
Creating AnnData object...
AnnData dimensions [cells x genes]:  200  x  36601 
Writing H5AD...
Chunk completed successfully.
Chunk size MB:  127.37 

------------------------------------------------------------
Writing chunk  213 / 389 
Cells:  200 
Genes:  36601 
File:  /beegfs/labs/hulab/projects/mjabin/GeneBridge/data/processed/snrnaseq/sce_DLPFC_annotated/huuki_h5ad_chunks_allgenes_full_maxcells0_chunk200/huuki_allgenes_chunk_0213.h5ad 
------------------------------------------------------------
SCE dimensions [genes x cells]:  36601  x  200 
Reading and transposing  counts ...
AnnData X dimensions [cells x genes]:  200  x  36601 
Reading and transposing layer:  logcounts 
Creating AnnData object...
AnnData dimensions [cells x genes]:  200  x  36601 
Writing H5AD...
Chunk completed successfully.
Chunk size MB:  127.37 

------------------------------------------------------------
Writing chunk  214 / 389 
Cells:  200 
Genes:  36601 
File:  /beegfs/labs/hulab/projects/mjabin/GeneBridge/data/processed/snrnaseq/sce_DLPFC_annotated/huuki_h5ad_chunks_allgenes_full_maxcells0_chunk200/huuki_allgenes_chunk_0214.h5ad 
------------------------------------------------------------
SCE dimensions [genes x cells]:  36601  x  200 
Reading and transposing  counts ...
AnnData X dimensions [cells x genes]:  200  x  36601 
Reading and transposing layer:  logcounts 
Creating AnnData object...
AnnData dimensions [cells x genes]:  200  x  36601 
Writing H5AD...
Chunk completed successfully.
Chunk size MB:  127.37 

------------------------------------------------------------
Writing chunk  215 / 389 
Cells:  200 
Genes:  36601 
File:  /beegfs/labs/hulab/projects/mjabin/GeneBridge/data/processed/snrnaseq/sce_DLPFC_annotated/huuki_h5ad_chunks_allgenes_full_maxcells0_chunk200/huuki_allgenes_chunk_0215.h5ad 
------------------------------------------------------------
SCE dimensions [genes x cells]:  36601  x  200 
Reading and transposing  counts ...
AnnData X dimensions [cells x genes]:  200  x  36601 
Reading and transposing layer:  logcounts 
Creating AnnData object...
AnnData dimensions [cells x genes]:  200  x  36601 
Writing H5AD...
Chunk completed successfully.
Chunk size MB:  127.37 

------------------------------------------------------------
Writing chunk  216 / 389 
Cells:  200 
Genes:  36601 
File:  /beegfs/labs/hulab/projects/mjabin/GeneBridge/data/processed/snrnaseq/sce_DLPFC_annotated/huuki_h5ad_chunks_allgenes_full_maxcells0_chunk200/huuki_allgenes_chunk_0216.h5ad 
------------------------------------------------------------
SCE dimensions [genes x cells]:  36601  x  200 
Reading and transposing  counts ...
AnnData X dimensions [cells x genes]:  200  x  36601 
Reading and transposing layer:  logcounts 
Creating AnnData object...
AnnData dimensions [cells x genes]:  200  x  36601 
Writing H5AD...
Chunk completed successfully.
Chunk size MB:  127.37 

------------------------------------------------------------
Writing chunk  217 / 389 
Cells:  200 
Genes:  36601 
File:  /beegfs/labs/hulab/projects/mjabin/GeneBridge/data/processed/snrnaseq/sce_DLPFC_annotated/huuki_h5ad_chunks_allgenes_full_maxcells0_chunk200/huuki_allgenes_chunk_0217.h5ad 
------------------------------------------------------------
SCE dimensions [genes x cells]:  36601  x  200 
Reading and transposing  counts ...
AnnData X dimensions [cells x genes]:  200  x  36601 
Reading and transposing layer:  logcounts 
Creating AnnData object...
AnnData dimensions [cells x genes]:  200  x  36601 
Writing H5AD...
Chunk completed successfully.
Chunk size MB:  127.37 

------------------------------------------------------------
Writing chunk  218 / 389 
Cells:  200 
Genes:  36601 
File:  /beegfs/labs/hulab/projects/mjabin/GeneBridge/data/processed/snrnaseq/sce_DLPFC_annotated/huuki_h5ad_chunks_allgenes_full_maxcells0_chunk200/huuki_allgenes_chunk_0218.h5ad 
------------------------------------------------------------
SCE dimensions [genes x cells]:  36601  x  200 
Reading and transposing  counts ...
AnnData X dimensions [cells x genes]:  200  x  36601 
Reading and transposing layer:  logcounts 
Creating AnnData object...
AnnData dimensions [cells x genes]:  200  x  36601 
Writing H5AD...
Chunk completed successfully.
Chunk size MB:  127.37 

------------------------------------------------------------
Writing chunk  219 / 389 
Cells:  200 
Genes:  36601 
File:  /beegfs/labs/hulab/projects/mjabin/GeneBridge/data/processed/snrnaseq/sce_DLPFC_annotated/huuki_h5ad_chunks_allgenes_full_maxcells0_chunk200/huuki_allgenes_chunk_0219.h5ad 
------------------------------------------------------------
SCE dimensions [genes x cells]:  36601  x  200 
Reading and transposing  counts ...
AnnData X dimensions [cells x genes]:  200  x  36601 
Reading and transposing layer:  logcounts 
Creating AnnData object...
AnnData dimensions [cells x genes]:  200  x  36601 
Writing H5AD...
Chunk completed successfully.
Chunk size MB:  127.37 

------------------------------------------------------------
Writing chunk  220 / 389 
Cells:  200 
Genes:  36601 
File:  /beegfs/labs/hulab/projects/mjabin/GeneBridge/data/processed/snrnaseq/sce_DLPFC_annotated/huuki_h5ad_chunks_allgenes_full_maxcells0_chunk200/huuki_allgenes_chunk_0220.h5ad 
------------------------------------------------------------
SCE dimensions [genes x cells]:  36601  x  200 
Reading and transposing  counts ...
AnnData X dimensions [cells x genes]:  200  x  36601 
Reading and transposing layer:  logcounts 
Creating AnnData object...
AnnData dimensions [cells x genes]:  200  x  36601 
Writing H5AD...
Chunk completed successfully.
Chunk size MB:  127.37 

------------------------------------------------------------
Writing chunk  221 / 389 
Cells:  200 
Genes:  36601 
File:  /beegfs/labs/hulab/projects/mjabin/GeneBridge/data/processed/snrnaseq/sce_DLPFC_annotated/huuki_h5ad_chunks_allgenes_full_maxcells0_chunk200/huuki_allgenes_chunk_0221.h5ad 
------------------------------------------------------------
SCE dimensions [genes x cells]:  36601  x  200 
Reading and transposing  counts ...
AnnData X dimensions [cells x genes]:  200  x  36601 
Reading and transposing layer:  logcounts 
Creating AnnData object...
AnnData dimensions [cells x genes]:  200  x  36601 
Writing H5AD...
Chunk completed successfully.
Chunk size MB:  127.38 

------------------------------------------------------------
Writing chunk  222 / 389 
Cells:  200 
Genes:  36601 
File:  /beegfs/labs/hulab/projects/mjabin/GeneBridge/data/processed/snrnaseq/sce_DLPFC_annotated/huuki_h5ad_chunks_allgenes_full_maxcells0_chunk200/huuki_allgenes_chunk_0222.h5ad 
------------------------------------------------------------
SCE dimensions [genes x cells]:  36601  x  200 
Reading and transposing  counts ...
AnnData X dimensions [cells x genes]:  200  x  36601 
Reading and transposing layer:  logcounts 
Creating AnnData object...
AnnData dimensions [cells x genes]:  200  x  36601 
Writing H5AD...
Chunk completed successfully.
Chunk size MB:  127.38 

------------------------------------------------------------
Writing chunk  223 / 389 
Cells:  200 
Genes:  36601 
File:  /beegfs/labs/hulab/projects/mjabin/GeneBridge/data/processed/snrnaseq/sce_DLPFC_annotated/huuki_h5ad_chunks_allgenes_full_maxcells0_chunk200/huuki_allgenes_chunk_0223.h5ad 
------------------------------------------------------------
SCE dimensions [genes x cells]:  36601  x  200 
Reading and transposing  counts ...
AnnData X dimensions [cells x genes]:  200  x  36601 
Reading and transposing layer:  logcounts 
Creating AnnData object...
AnnData dimensions [cells x genes]:  200  x  36601 
Writing H5AD...
Chunk completed successfully.
Chunk size MB:  127.38 

------------------------------------------------------------
Writing chunk  224 / 389 
Cells:  200 
Genes:  36601 
File:  /beegfs/labs/hulab/projects/mjabin/GeneBridge/data/processed/snrnaseq/sce_DLPFC_annotated/huuki_h5ad_chunks_allgenes_full_maxcells0_chunk200/huuki_allgenes_chunk_0224.h5ad 
------------------------------------------------------------
SCE dimensions [genes x cells]:  36601  x  200 
Reading and transposing  counts ...
AnnData X dimensions [cells x genes]:  200  x  36601 
Reading and transposing layer:  logcounts 
Creating AnnData object...
AnnData dimensions [cells x genes]:  200  x  36601 
Writing H5AD...
Chunk completed successfully.
Chunk size MB:  127.38 

------------------------------------------------------------
Writing chunk  225 / 389 
Cells:  200 
Genes:  36601 
File:  /beegfs/labs/hulab/projects/mjabin/GeneBridge/data/processed/snrnaseq/sce_DLPFC_annotated/huuki_h5ad_chunks_allgenes_full_maxcells0_chunk200/huuki_allgenes_chunk_0225.h5ad 
------------------------------------------------------------
SCE dimensions [genes x cells]:  36601  x  200 
Reading and transposing  counts ...
AnnData X dimensions [cells x genes]:  200  x  36601 
Reading and transposing layer:  logcounts 
Creating AnnData object...
AnnData dimensions [cells x genes]:  200  x  36601 
Writing H5AD...
Chunk completed successfully.
Chunk size MB:  127.38 

------------------------------------------------------------
Writing chunk  226 / 389 
Cells:  200 
Genes:  36601 
File:  /beegfs/labs/hulab/projects/mjabin/GeneBridge/data/processed/snrnaseq/sce_DLPFC_annotated/huuki_h5ad_chunks_allgenes_full_maxcells0_chunk200/huuki_allgenes_chunk_0226.h5ad 
------------------------------------------------------------
SCE dimensions [genes x cells]:  36601  x  200 
Reading and transposing  counts ...
AnnData X dimensions [cells x genes]:  200  x  36601 
Reading and transposing layer:  logcounts 
Creating AnnData object...
AnnData dimensions [cells x genes]:  200  x  36601 
Writing H5AD...
Chunk completed successfully.
Chunk size MB:  127.38 

------------------------------------------------------------
Writing chunk  227 / 389 
Cells:  200 
Genes:  36601 
File:  /beegfs/labs/hulab/projects/mjabin/GeneBridge/data/processed/snrnaseq/sce_DLPFC_annotated/huuki_h5ad_chunks_allgenes_full_maxcells0_chunk200/huuki_allgenes_chunk_0227.h5ad 
------------------------------------------------------------
SCE dimensions [genes x cells]:  36601  x  200 
Reading and transposing  counts ...
AnnData X dimensions [cells x genes]:  200  x  36601 
Reading and transposing layer:  logcounts 
Creating AnnData object...
AnnData dimensions [cells x genes]:  200  x  36601 
Writing H5AD...
Chunk completed successfully.
Chunk size MB:  127.38 

------------------------------------------------------------
Writing chunk  228 / 389 
Cells:  200 
Genes:  36601 
File:  /beegfs/labs/hulab/projects/mjabin/GeneBridge/data/processed/snrnaseq/sce_DLPFC_annotated/huuki_h5ad_chunks_allgenes_full_maxcells0_chunk200/huuki_allgenes_chunk_0228.h5ad 
------------------------------------------------------------
SCE dimensions [genes x cells]:  36601  x  200 
Reading and transposing  counts ...
AnnData X dimensions [cells x genes]:  200  x  36601 
Reading and transposing layer:  logcounts 
Creating AnnData object...
AnnData dimensions [cells x genes]:  200  x  36601 
Writing H5AD...
Chunk completed successfully.
Chunk size MB:  127.38 

------------------------------------------------------------
Writing chunk  229 / 389 
Cells:  200 
Genes:  36601 
File:  /beegfs/labs/hulab/projects/mjabin/GeneBridge/data/processed/snrnaseq/sce_DLPFC_annotated/huuki_h5ad_chunks_allgenes_full_maxcells0_chunk200/huuki_allgenes_chunk_0229.h5ad 
------------------------------------------------------------
SCE dimensions [genes x cells]:  36601  x  200 
Reading and transposing  counts ...
AnnData X dimensions [cells x genes]:  200  x  36601 
Reading and transposing layer:  logcounts 
Creating AnnData object...
AnnData dimensions [cells x genes]:  200  x  36601 
Writing H5AD...
Chunk completed successfully.
Chunk size MB:  127.38 

------------------------------------------------------------
Writing chunk  230 / 389 
Cells:  200 
Genes:  36601 
File:  /beegfs/labs/hulab/projects/mjabin/GeneBridge/data/processed/snrnaseq/sce_DLPFC_annotated/huuki_h5ad_chunks_allgenes_full_maxcells0_chunk200/huuki_allgenes_chunk_0230.h5ad 
------------------------------------------------------------
SCE dimensions [genes x cells]:  36601  x  200 
Reading and transposing  counts ...
AnnData X dimensions [cells x genes]:  200  x  36601 
Reading and transposing layer:  logcounts 
Creating AnnData object...
AnnData dimensions [cells x genes]:  200  x  36601 
Writing H5AD...
Chunk completed successfully.
Chunk size MB:  127.38 

------------------------------------------------------------
Writing chunk  231 / 389 
Cells:  200 
Genes:  36601 
File:  /beegfs/labs/hulab/projects/mjabin/GeneBridge/data/processed/snrnaseq/sce_DLPFC_annotated/huuki_h5ad_chunks_allgenes_full_maxcells0_chunk200/huuki_allgenes_chunk_0231.h5ad 
------------------------------------------------------------
SCE dimensions [genes x cells]:  36601  x  200 
Reading and transposing  counts ...
AnnData X dimensions [cells x genes]:  200  x  36601 
Reading and transposing layer:  logcounts 
Creating AnnData object...
AnnData dimensions [cells x genes]:  200  x  36601 
Writing H5AD...
Chunk completed successfully.
Chunk size MB:  127.38 

------------------------------------------------------------
Writing chunk  232 / 389 
Cells:  200 
Genes:  36601 
File:  /beegfs/labs/hulab/projects/mjabin/GeneBridge/data/processed/snrnaseq/sce_DLPFC_annotated/huuki_h5ad_chunks_allgenes_full_maxcells0_chunk200/huuki_allgenes_chunk_0232.h5ad 
------------------------------------------------------------
SCE dimensions [genes x cells]:  36601  x  200 
Reading and transposing  counts ...
AnnData X dimensions [cells x genes]:  200  x  36601 
Reading and transposing layer:  logcounts 
Creating AnnData object...
AnnData dimensions [cells x genes]:  200  x  36601 
Writing H5AD...
Chunk completed successfully.
Chunk size MB:  127.38 

------------------------------------------------------------
Writing chunk  233 / 389 
Cells:  200 
Genes:  36601 
File:  /beegfs/labs/hulab/projects/mjabin/GeneBridge/data/processed/snrnaseq/sce_DLPFC_annotated/huuki_h5ad_chunks_allgenes_full_maxcells0_chunk200/huuki_allgenes_chunk_0233.h5ad 
------------------------------------------------------------
SCE dimensions [genes x cells]:  36601  x  200 
Reading and transposing  counts ...
AnnData X dimensions [cells x genes]:  200  x  36601 
Reading and transposing layer:  logcounts 
Creating AnnData object...
AnnData dimensions [cells x genes]:  200  x  36601 
Writing H5AD...
Chunk completed successfully.
Chunk size MB:  127.38 

------------------------------------------------------------
Writing chunk  234 / 389 
Cells:  200 
Genes:  36601 
File:  /beegfs/labs/hulab/projects/mjabin/GeneBridge/data/processed/snrnaseq/sce_DLPFC_annotated/huuki_h5ad_chunks_allgenes_full_maxcells0_chunk200/huuki_allgenes_chunk_0234.h5ad 
------------------------------------------------------------
SCE dimensions [genes x cells]:  36601  x  200 
Reading and transposing  counts ...
AnnData X dimensions [cells x genes]:  200  x  36601 
Reading and transposing layer:  logcounts 
Creating AnnData object...
AnnData dimensions [cells x genes]:  200  x  36601 
Writing H5AD...
Chunk completed successfully.
Chunk size MB:  127.38 

------------------------------------------------------------
Writing chunk  235 / 389 
Cells:  200 
Genes:  36601 
File:  /beegfs/labs/hulab/projects/mjabin/GeneBridge/data/processed/snrnaseq/sce_DLPFC_annotated/huuki_h5ad_chunks_allgenes_full_maxcells0_chunk200/huuki_allgenes_chunk_0235.h5ad 
------------------------------------------------------------
SCE dimensions [genes x cells]:  36601  x  200 
Reading and transposing  counts ...
AnnData X dimensions [cells x genes]:  200  x  36601 
Reading and transposing layer:  logcounts 
Creating AnnData object...
AnnData dimensions [cells x genes]:  200  x  36601 
Writing H5AD...
Chunk completed successfully.
Chunk size MB:  127.38 

------------------------------------------------------------
Writing chunk  236 / 389 
Cells:  200 
Genes:  36601 
File:  /beegfs/labs/hulab/projects/mjabin/GeneBridge/data/processed/snrnaseq/sce_DLPFC_annotated/huuki_h5ad_chunks_allgenes_full_maxcells0_chunk200/huuki_allgenes_chunk_0236.h5ad 
------------------------------------------------------------
SCE dimensions [genes x cells]:  36601  x  200 
Reading and transposing  counts ...
AnnData X dimensions [cells x genes]:  200  x  36601 
Reading and transposing layer:  logcounts 
Creating AnnData object...
AnnData dimensions [cells x genes]:  200  x  36601 
Writing H5AD...
Chunk completed successfully.
Chunk size MB:  127.38 

------------------------------------------------------------
Writing chunk  237 / 389 
Cells:  200 
Genes:  36601 
File:  /beegfs/labs/hulab/projects/mjabin/GeneBridge/data/processed/snrnaseq/sce_DLPFC_annotated/huuki_h5ad_chunks_allgenes_full_maxcells0_chunk200/huuki_allgenes_chunk_0237.h5ad 
------------------------------------------------------------
SCE dimensions [genes x cells]:  36601  x  200 
Reading and transposing  counts ...
AnnData X dimensions [cells x genes]:  200  x  36601 
Reading and transposing layer:  logcounts 
Creating AnnData object...
AnnData dimensions [cells x genes]:  200  x  36601 
Writing H5AD...
Chunk completed successfully.
Chunk size MB:  127.38 

------------------------------------------------------------
Writing chunk  238 / 389 
Cells:  200 
Genes:  36601 
File:  /beegfs/labs/hulab/projects/mjabin/GeneBridge/data/processed/snrnaseq/sce_DLPFC_annotated/huuki_h5ad_chunks_allgenes_full_maxcells0_chunk200/huuki_allgenes_chunk_0238.h5ad 
------------------------------------------------------------
SCE dimensions [genes x cells]:  36601  x  200 
Reading and transposing  counts ...
AnnData X dimensions [cells x genes]:  200  x  36601 
Reading and transposing layer:  logcounts 
Creating AnnData object...
AnnData dimensions [cells x genes]:  200  x  36601 
Writing H5AD...
Chunk completed successfully.
Chunk size MB:  127.38 

------------------------------------------------------------
Writing chunk  239 / 389 
Cells:  200 
Genes:  36601 
File:  /beegfs/labs/hulab/projects/mjabin/GeneBridge/data/processed/snrnaseq/sce_DLPFC_annotated/huuki_h5ad_chunks_allgenes_full_maxcells0_chunk200/huuki_allgenes_chunk_0239.h5ad 
------------------------------------------------------------
SCE dimensions [genes x cells]:  36601  x  200 
Reading and transposing  counts ...
AnnData X dimensions [cells x genes]:  200  x  36601 
Reading and transposing layer:  logcounts 
Creating AnnData object...
AnnData dimensions [cells x genes]:  200  x  36601 
Writing H5AD...
Chunk completed successfully.
Chunk size MB:  127.38 

------------------------------------------------------------
Writing chunk  240 / 389 
Cells:  200 
Genes:  36601 
File:  /beegfs/labs/hulab/projects/mjabin/GeneBridge/data/processed/snrnaseq/sce_DLPFC_annotated/huuki_h5ad_chunks_allgenes_full_maxcells0_chunk200/huuki_allgenes_chunk_0240.h5ad 
------------------------------------------------------------
SCE dimensions [genes x cells]:  36601  x  200 
Reading and transposing  counts ...
AnnData X dimensions [cells x genes]:  200  x  36601 
Reading and transposing layer:  logcounts 
Creating AnnData object...
AnnData dimensions [cells x genes]:  200  x  36601 
Writing H5AD...
Chunk completed successfully.
Chunk size MB:  127.38 

------------------------------------------------------------
Writing chunk  241 / 389 
Cells:  200 
Genes:  36601 
File:  /beegfs/labs/hulab/projects/mjabin/GeneBridge/data/processed/snrnaseq/sce_DLPFC_annotated/huuki_h5ad_chunks_allgenes_full_maxcells0_chunk200/huuki_allgenes_chunk_0241.h5ad 
------------------------------------------------------------
SCE dimensions [genes x cells]:  36601  x  200 
Reading and transposing  counts ...
AnnData X dimensions [cells x genes]:  200  x  36601 
Reading and transposing layer:  logcounts 
Creating AnnData object...
AnnData dimensions [cells x genes]:  200  x  36601 
Writing H5AD...
Chunk completed successfully.
Chunk size MB:  127.38 

------------------------------------------------------------
Writing chunk  242 / 389 
Cells:  200 
Genes:  36601 
File:  /beegfs/labs/hulab/projects/mjabin/GeneBridge/data/processed/snrnaseq/sce_DLPFC_annotated/huuki_h5ad_chunks_allgenes_full_maxcells0_chunk200/huuki_allgenes_chunk_0242.h5ad 
------------------------------------------------------------
SCE dimensions [genes x cells]:  36601  x  200 
Reading and transposing  counts ...
AnnData X dimensions [cells x genes]:  200  x  36601 
Reading and transposing layer:  logcounts 
Creating AnnData object...
AnnData dimensions [cells x genes]:  200  x  36601 
Writing H5AD...
Chunk completed successfully.
Chunk size MB:  127.37 

------------------------------------------------------------
Writing chunk  243 / 389 
Cells:  200 
Genes:  36601 
File:  /beegfs/labs/hulab/projects/mjabin/GeneBridge/data/processed/snrnaseq/sce_DLPFC_annotated/huuki_h5ad_chunks_allgenes_full_maxcells0_chunk200/huuki_allgenes_chunk_0243.h5ad 
------------------------------------------------------------
SCE dimensions [genes x cells]:  36601  x  200 
Reading and transposing  counts ...
AnnData X dimensions [cells x genes]:  200  x  36601 
Reading and transposing layer:  logcounts 
Creating AnnData object...
AnnData dimensions [cells x genes]:  200  x  36601 
Writing H5AD...
Chunk completed successfully.
Chunk size MB:  127.37 

------------------------------------------------------------
Writing chunk  244 / 389 
Cells:  200 
Genes:  36601 
File:  /beegfs/labs/hulab/projects/mjabin/GeneBridge/data/processed/snrnaseq/sce_DLPFC_annotated/huuki_h5ad_chunks_allgenes_full_maxcells0_chunk200/huuki_allgenes_chunk_0244.h5ad 
------------------------------------------------------------
SCE dimensions [genes x cells]:  36601  x  200 
Reading and transposing  counts ...
AnnData X dimensions [cells x genes]:  200  x  36601 
Reading and transposing layer:  logcounts 
Creating AnnData object...
AnnData dimensions [cells x genes]:  200  x  36601 
Writing H5AD...
Chunk completed successfully.
Chunk size MB:  127.37 

------------------------------------------------------------
Writing chunk  245 / 389 
Cells:  200 
Genes:  36601 
File:  /beegfs/labs/hulab/projects/mjabin/GeneBridge/data/processed/snrnaseq/sce_DLPFC_annotated/huuki_h5ad_chunks_allgenes_full_maxcells0_chunk200/huuki_allgenes_chunk_0245.h5ad 
------------------------------------------------------------
SCE dimensions [genes x cells]:  36601  x  200 
Reading and transposing  counts ...
AnnData X dimensions [cells x genes]:  200  x  36601 
Reading and transposing layer:  logcounts 
Creating AnnData object...
AnnData dimensions [cells x genes]:  200  x  36601 
Writing H5AD...
Chunk completed successfully.
Chunk size MB:  127.37 

------------------------------------------------------------
Writing chunk  246 / 389 
Cells:  200 
Genes:  36601 
File:  /beegfs/labs/hulab/projects/mjabin/GeneBridge/data/processed/snrnaseq/sce_DLPFC_annotated/huuki_h5ad_chunks_allgenes_full_maxcells0_chunk200/huuki_allgenes_chunk_0246.h5ad 
------------------------------------------------------------
SCE dimensions [genes x cells]:  36601  x  200 
Reading and transposing  counts ...
AnnData X dimensions [cells x genes]:  200  x  36601 
Reading and transposing layer:  logcounts 
Creating AnnData object...
AnnData dimensions [cells x genes]:  200  x  36601 
Writing H5AD...
Chunk completed successfully.
Chunk size MB:  127.37 

------------------------------------------------------------
Writing chunk  247 / 389 
Cells:  200 
Genes:  36601 
File:  /beegfs/labs/hulab/projects/mjabin/GeneBridge/data/processed/snrnaseq/sce_DLPFC_annotated/huuki_h5ad_chunks_allgenes_full_maxcells0_chunk200/huuki_allgenes_chunk_0247.h5ad 
------------------------------------------------------------
SCE dimensions [genes x cells]:  36601  x  200 
Reading and transposing  counts ...
AnnData X dimensions [cells x genes]:  200  x  36601 
Reading and transposing layer:  logcounts 
Creating AnnData object...
AnnData dimensions [cells x genes]:  200  x  36601 
Writing H5AD...
Chunk completed successfully.
Chunk size MB:  127.37 

------------------------------------------------------------
Writing chunk  248 / 389 
Cells:  200 
Genes:  36601 
File:  /beegfs/labs/hulab/projects/mjabin/GeneBridge/data/processed/snrnaseq/sce_DLPFC_annotated/huuki_h5ad_chunks_allgenes_full_maxcells0_chunk200/huuki_allgenes_chunk_0248.h5ad 
------------------------------------------------------------
SCE dimensions [genes x cells]:  36601  x  200 
Reading and transposing  counts ...
AnnData X dimensions [cells x genes]:  200  x  36601 
Reading and transposing layer:  logcounts 
Creating AnnData object...
AnnData dimensions [cells x genes]:  200  x  36601 
Writing H5AD...
Chunk completed successfully.
Chunk size MB:  127.37 

------------------------------------------------------------
Writing chunk  249 / 389 
Cells:  200 
Genes:  36601 
File:  /beegfs/labs/hulab/projects/mjabin/GeneBridge/data/processed/snrnaseq/sce_DLPFC_annotated/huuki_h5ad_chunks_allgenes_full_maxcells0_chunk200/huuki_allgenes_chunk_0249.h5ad 
------------------------------------------------------------
SCE dimensions [genes x cells]:  36601  x  200 
Reading and transposing  counts ...
AnnData X dimensions [cells x genes]:  200  x  36601 
Reading and transposing layer:  logcounts 
Creating AnnData object...
AnnData dimensions [cells x genes]:  200  x  36601 
Writing H5AD...
Chunk completed successfully.
Chunk size MB:  127.37 

------------------------------------------------------------
Writing chunk  250 / 389 
Cells:  200 
Genes:  36601 
File:  /beegfs/labs/hulab/projects/mjabin/GeneBridge/data/processed/snrnaseq/sce_DLPFC_annotated/huuki_h5ad_chunks_allgenes_full_maxcells0_chunk200/huuki_allgenes_chunk_0250.h5ad 
------------------------------------------------------------
SCE dimensions [genes x cells]:  36601  x  200 
Reading and transposing  counts ...
AnnData X dimensions [cells x genes]:  200  x  36601 
Reading and transposing layer:  logcounts 
Creating AnnData object...
AnnData dimensions [cells x genes]:  200  x  36601 
Writing H5AD...
Chunk completed successfully.
Chunk size MB:  127.37 

------------------------------------------------------------
Writing chunk  251 / 389 
Cells:  200 
Genes:  36601 
File:  /beegfs/labs/hulab/projects/mjabin/GeneBridge/data/processed/snrnaseq/sce_DLPFC_annotated/huuki_h5ad_chunks_allgenes_full_maxcells0_chunk200/huuki_allgenes_chunk_0251.h5ad 
------------------------------------------------------------
SCE dimensions [genes x cells]:  36601  x  200 
Reading and transposing  counts ...
AnnData X dimensions [cells x genes]:  200  x  36601 
Reading and transposing layer:  logcounts 
Creating AnnData object...
AnnData dimensions [cells x genes]:  200  x  36601 
Writing H5AD...
Chunk completed successfully.
Chunk size MB:  127.37 

------------------------------------------------------------
Writing chunk  252 / 389 
Cells:  200 
Genes:  36601 
File:  /beegfs/labs/hulab/projects/mjabin/GeneBridge/data/processed/snrnaseq/sce_DLPFC_annotated/huuki_h5ad_chunks_allgenes_full_maxcells0_chunk200/huuki_allgenes_chunk_0252.h5ad 
------------------------------------------------------------
SCE dimensions [genes x cells]:  36601  x  200 
Reading and transposing  counts ...
AnnData X dimensions [cells x genes]:  200  x  36601 
Reading and transposing layer:  logcounts 
Creating AnnData object...
AnnData dimensions [cells x genes]:  200  x  36601 
Writing H5AD...
Chunk completed successfully.
Chunk size MB:  127.37 

------------------------------------------------------------
Writing chunk  253 / 389 
Cells:  200 
Genes:  36601 
File:  /beegfs/labs/hulab/projects/mjabin/GeneBridge/data/processed/snrnaseq/sce_DLPFC_annotated/huuki_h5ad_chunks_allgenes_full_maxcells0_chunk200/huuki_allgenes_chunk_0253.h5ad 
------------------------------------------------------------
SCE dimensions [genes x cells]:  36601  x  200 
Reading and transposing  counts ...
AnnData X dimensions [cells x genes]:  200  x  36601 
Reading and transposing layer:  logcounts 
Creating AnnData object...
AnnData dimensions [cells x genes]:  200  x  36601 
Writing H5AD...
Chunk completed successfully.
Chunk size MB:  127.37 

------------------------------------------------------------
Writing chunk  254 / 389 
Cells:  200 
Genes:  36601 
File:  /beegfs/labs/hulab/projects/mjabin/GeneBridge/data/processed/snrnaseq/sce_DLPFC_annotated/huuki_h5ad_chunks_allgenes_full_maxcells0_chunk200/huuki_allgenes_chunk_0254.h5ad 
------------------------------------------------------------
SCE dimensions [genes x cells]:  36601  x  200 
Reading and transposing  counts ...
AnnData X dimensions [cells x genes]:  200  x  36601 
Reading and transposing layer:  logcounts 
Creating AnnData object...
AnnData dimensions [cells x genes]:  200  x  36601 
Writing H5AD...
Chunk completed successfully.
Chunk size MB:  127.37 

------------------------------------------------------------
Writing chunk  255 / 389 
Cells:  200 
Genes:  36601 
File:  /beegfs/labs/hulab/projects/mjabin/GeneBridge/data/processed/snrnaseq/sce_DLPFC_annotated/huuki_h5ad_chunks_allgenes_full_maxcells0_chunk200/huuki_allgenes_chunk_0255.h5ad 
------------------------------------------------------------
SCE dimensions [genes x cells]:  36601  x  200 
Reading and transposing  counts ...
AnnData X dimensions [cells x genes]:  200  x  36601 
Reading and transposing layer:  logcounts 
Creating AnnData object...
AnnData dimensions [cells x genes]:  200  x  36601 
Writing H5AD...
Chunk completed successfully.
Chunk size MB:  127.37 

------------------------------------------------------------
Writing chunk  256 / 389 
Cells:  200 
Genes:  36601 
File:  /beegfs/labs/hulab/projects/mjabin/GeneBridge/data/processed/snrnaseq/sce_DLPFC_annotated/huuki_h5ad_chunks_allgenes_full_maxcells0_chunk200/huuki_allgenes_chunk_0256.h5ad 
------------------------------------------------------------
SCE dimensions [genes x cells]:  36601  x  200 
Reading and transposing  counts ...
AnnData X dimensions [cells x genes]:  200  x  36601 
Reading and transposing layer:  logcounts 
Creating AnnData object...
AnnData dimensions [cells x genes]:  200  x  36601 
Writing H5AD...
Chunk completed successfully.
Chunk size MB:  127.37 

------------------------------------------------------------
Writing chunk  257 / 389 
Cells:  200 
Genes:  36601 
File:  /beegfs/labs/hulab/projects/mjabin/GeneBridge/data/processed/snrnaseq/sce_DLPFC_annotated/huuki_h5ad_chunks_allgenes_full_maxcells0_chunk200/huuki_allgenes_chunk_0257.h5ad 
------------------------------------------------------------
SCE dimensions [genes x cells]:  36601  x  200 
Reading and transposing  counts ...
AnnData X dimensions [cells x genes]:  200  x  36601 
Reading and transposing layer:  logcounts 
Creating AnnData object...
AnnData dimensions [cells x genes]:  200  x  36601 
Writing H5AD...
Chunk completed successfully.
Chunk size MB:  127.37 

------------------------------------------------------------
Writing chunk  258 / 389 
Cells:  200 
Genes:  36601 
File:  /beegfs/labs/hulab/projects/mjabin/GeneBridge/data/processed/snrnaseq/sce_DLPFC_annotated/huuki_h5ad_chunks_allgenes_full_maxcells0_chunk200/huuki_allgenes_chunk_0258.h5ad 
------------------------------------------------------------
SCE dimensions [genes x cells]:  36601  x  200 
Reading and transposing  counts ...
AnnData X dimensions [cells x genes]:  200  x  36601 
Reading and transposing layer:  logcounts 
Creating AnnData object...
AnnData dimensions [cells x genes]:  200  x  36601 
Writing H5AD...
Chunk completed successfully.
Chunk size MB:  127.37 

------------------------------------------------------------
Writing chunk  259 / 389 
Cells:  200 
Genes:  36601 
File:  /beegfs/labs/hulab/projects/mjabin/GeneBridge/data/processed/snrnaseq/sce_DLPFC_annotated/huuki_h5ad_chunks_allgenes_full_maxcells0_chunk200/huuki_allgenes_chunk_0259.h5ad 
------------------------------------------------------------
SCE dimensions [genes x cells]:  36601  x  200 
Reading and transposing  counts ...
AnnData X dimensions [cells x genes]:  200  x  36601 
Reading and transposing layer:  logcounts 
Creating AnnData object...
AnnData dimensions [cells x genes]:  200  x  36601 
Writing H5AD...
Chunk completed successfully.
Chunk size MB:  127.37 

------------------------------------------------------------
Writing chunk  260 / 389 
Cells:  200 
Genes:  36601 
File:  /beegfs/labs/hulab/projects/mjabin/GeneBridge/data/processed/snrnaseq/sce_DLPFC_annotated/huuki_h5ad_chunks_allgenes_full_maxcells0_chunk200/huuki_allgenes_chunk_0260.h5ad 
------------------------------------------------------------
SCE dimensions [genes x cells]:  36601  x  200 
Reading and transposing  counts ...
AnnData X dimensions [cells x genes]:  200  x  36601 
Reading and transposing layer:  logcounts 
Creating AnnData object...
AnnData dimensions [cells x genes]:  200  x  36601 
Writing H5AD...
Chunk completed successfully.
Chunk size MB:  127.37 

------------------------------------------------------------
Writing chunk  261 / 389 
Cells:  200 
Genes:  36601 
File:  /beegfs/labs/hulab/projects/mjabin/GeneBridge/data/processed/snrnaseq/sce_DLPFC_annotated/huuki_h5ad_chunks_allgenes_full_maxcells0_chunk200/huuki_allgenes_chunk_0261.h5ad 
------------------------------------------------------------
SCE dimensions [genes x cells]:  36601  x  200 
Reading and transposing  counts ...
AnnData X dimensions [cells x genes]:  200  x  36601 
Reading and transposing layer:  logcounts 
Creating AnnData object...
AnnData dimensions [cells x genes]:  200  x  36601 
Writing H5AD...
Chunk completed successfully.
Chunk size MB:  127.37 

------------------------------------------------------------
Writing chunk  262 / 389 
Cells:  200 
Genes:  36601 
File:  /beegfs/labs/hulab/projects/mjabin/GeneBridge/data/processed/snrnaseq/sce_DLPFC_annotated/huuki_h5ad_chunks_allgenes_full_maxcells0_chunk200/huuki_allgenes_chunk_0262.h5ad 
------------------------------------------------------------
SCE dimensions [genes x cells]:  36601  x  200 
Reading and transposing  counts ...
AnnData X dimensions [cells x genes]:  200  x  36601 
Reading and transposing layer:  logcounts 
Creating AnnData object...
AnnData dimensions [cells x genes]:  200  x  36601 
Writing H5AD...
Chunk completed successfully.
Chunk size MB:  127.37 

------------------------------------------------------------
Writing chunk  263 / 389 
Cells:  200 
Genes:  36601 
File:  /beegfs/labs/hulab/projects/mjabin/GeneBridge/data/processed/snrnaseq/sce_DLPFC_annotated/huuki_h5ad_chunks_allgenes_full_maxcells0_chunk200/huuki_allgenes_chunk_0263.h5ad 
------------------------------------------------------------
SCE dimensions [genes x cells]:  36601  x  200 
Reading and transposing  counts ...
AnnData X dimensions [cells x genes]:  200  x  36601 
Reading and transposing layer:  logcounts 
Creating AnnData object...
AnnData dimensions [cells x genes]:  200  x  36601 
Writing H5AD...
Chunk completed successfully.
Chunk size MB:  127.37 

------------------------------------------------------------
Writing chunk  264 / 389 
Cells:  200 
Genes:  36601 
File:  /beegfs/labs/hulab/projects/mjabin/GeneBridge/data/processed/snrnaseq/sce_DLPFC_annotated/huuki_h5ad_chunks_allgenes_full_maxcells0_chunk200/huuki_allgenes_chunk_0264.h5ad 
------------------------------------------------------------
SCE dimensions [genes x cells]:  36601  x  200 
Reading and transposing  counts ...
AnnData X dimensions [cells x genes]:  200  x  36601 
Reading and transposing layer:  logcounts 
Creating AnnData object...
AnnData dimensions [cells x genes]:  200  x  36601 
Writing H5AD...
Chunk completed successfully.
Chunk size MB:  127.37 

------------------------------------------------------------
Writing chunk  265 / 389 
Cells:  200 
Genes:  36601 
File:  /beegfs/labs/hulab/projects/mjabin/GeneBridge/data/processed/snrnaseq/sce_DLPFC_annotated/huuki_h5ad_chunks_allgenes_full_maxcells0_chunk200/huuki_allgenes_chunk_0265.h5ad 
------------------------------------------------------------
SCE dimensions [genes x cells]:  36601  x  200 
Reading and transposing  counts ...
AnnData X dimensions [cells x genes]:  200  x  36601 
Reading and transposing layer:  logcounts 
Creating AnnData object...
AnnData dimensions [cells x genes]:  200  x  36601 
Writing H5AD...
Chunk completed successfully.
Chunk size MB:  127.37 

------------------------------------------------------------
Writing chunk  266 / 389 
Cells:  200 
Genes:  36601 
File:  /beegfs/labs/hulab/projects/mjabin/GeneBridge/data/processed/snrnaseq/sce_DLPFC_annotated/huuki_h5ad_chunks_allgenes_full_maxcells0_chunk200/huuki_allgenes_chunk_0266.h5ad 
------------------------------------------------------------
SCE dimensions [genes x cells]:  36601  x  200 
Reading and transposing  counts ...
AnnData X dimensions [cells x genes]:  200  x  36601 
Reading and transposing layer:  logcounts 
Creating AnnData object...
AnnData dimensions [cells x genes]:  200  x  36601 
Writing H5AD...
Chunk completed successfully.
Chunk size MB:  127.37 

------------------------------------------------------------
Writing chunk  267 / 389 
Cells:  200 
Genes:  36601 
File:  /beegfs/labs/hulab/projects/mjabin/GeneBridge/data/processed/snrnaseq/sce_DLPFC_annotated/huuki_h5ad_chunks_allgenes_full_maxcells0_chunk200/huuki_allgenes_chunk_0267.h5ad 
------------------------------------------------------------
SCE dimensions [genes x cells]:  36601  x  200 
Reading and transposing  counts ...
AnnData X dimensions [cells x genes]:  200  x  36601 
Reading and transposing layer:  logcounts 
Creating AnnData object...
AnnData dimensions [cells x genes]:  200  x  36601 
Writing H5AD...
Chunk completed successfully.
Chunk size MB:  127.37 

------------------------------------------------------------
Writing chunk  268 / 389 
Cells:  200 
Genes:  36601 
File:  /beegfs/labs/hulab/projects/mjabin/GeneBridge/data/processed/snrnaseq/sce_DLPFC_annotated/huuki_h5ad_chunks_allgenes_full_maxcells0_chunk200/huuki_allgenes_chunk_0268.h5ad 
------------------------------------------------------------
SCE dimensions [genes x cells]:  36601  x  200 
Reading and transposing  counts ...
AnnData X dimensions [cells x genes]:  200  x  36601 
Reading and transposing layer:  logcounts 
Creating AnnData object...
AnnData dimensions [cells x genes]:  200  x  36601 
Writing H5AD...
Chunk completed successfully.
Chunk size MB:  127.37 

------------------------------------------------------------
Writing chunk  269 / 389 
Cells:  200 
Genes:  36601 
File:  /beegfs/labs/hulab/projects/mjabin/GeneBridge/data/processed/snrnaseq/sce_DLPFC_annotated/huuki_h5ad_chunks_allgenes_full_maxcells0_chunk200/huuki_allgenes_chunk_0269.h5ad 
------------------------------------------------------------
SCE dimensions [genes x cells]:  36601  x  200 
Reading and transposing  counts ...
AnnData X dimensions [cells x genes]:  200  x  36601 
Reading and transposing layer:  logcounts 
Creating AnnData object...
AnnData dimensions [cells x genes]:  200  x  36601 
Writing H5AD...
Chunk completed successfully.
Chunk size MB:  127.37 

------------------------------------------------------------
Writing chunk  270 / 389 
Cells:  200 
Genes:  36601 
File:  /beegfs/labs/hulab/projects/mjabin/GeneBridge/data/processed/snrnaseq/sce_DLPFC_annotated/huuki_h5ad_chunks_allgenes_full_maxcells0_chunk200/huuki_allgenes_chunk_0270.h5ad 
------------------------------------------------------------
SCE dimensions [genes x cells]:  36601  x  200 
Reading and transposing  counts ...
AnnData X dimensions [cells x genes]:  200  x  36601 
Reading and transposing layer:  logcounts 
Creating AnnData object...
AnnData dimensions [cells x genes]:  200  x  36601 
Writing H5AD...
Chunk completed successfully.
Chunk size MB:  127.37 

------------------------------------------------------------
Writing chunk  271 / 389 
Cells:  200 
Genes:  36601 
File:  /beegfs/labs/hulab/projects/mjabin/GeneBridge/data/processed/snrnaseq/sce_DLPFC_annotated/huuki_h5ad_chunks_allgenes_full_maxcells0_chunk200/huuki_allgenes_chunk_0271.h5ad 
------------------------------------------------------------
SCE dimensions [genes x cells]:  36601  x  200 
Reading and transposing  counts ...
AnnData X dimensions [cells x genes]:  200  x  36601 
Reading and transposing layer:  logcounts 
Creating AnnData object...
AnnData dimensions [cells x genes]:  200  x  36601 
Writing H5AD...
Chunk completed successfully.
Chunk size MB:  127.37 

------------------------------------------------------------
Writing chunk  272 / 389 
Cells:  200 
Genes:  36601 
File:  /beegfs/labs/hulab/projects/mjabin/GeneBridge/data/processed/snrnaseq/sce_DLPFC_annotated/huuki_h5ad_chunks_allgenes_full_maxcells0_chunk200/huuki_allgenes_chunk_0272.h5ad 
------------------------------------------------------------
SCE dimensions [genes x cells]:  36601  x  200 
Reading and transposing  counts ...
AnnData X dimensions [cells x genes]:  200  x  36601 
Reading and transposing layer:  logcounts 
Creating AnnData object...
AnnData dimensions [cells x genes]:  200  x  36601 
Writing H5AD...
Chunk completed successfully.
Chunk size MB:  127.37 

------------------------------------------------------------
Writing chunk  273 / 389 
Cells:  200 
Genes:  36601 
File:  /beegfs/labs/hulab/projects/mjabin/GeneBridge/data/processed/snrnaseq/sce_DLPFC_annotated/huuki_h5ad_chunks_allgenes_full_maxcells0_chunk200/huuki_allgenes_chunk_0273.h5ad 
------------------------------------------------------------
SCE dimensions [genes x cells]:  36601  x  200 
Reading and transposing  counts ...
AnnData X dimensions [cells x genes]:  200  x  36601 
Reading and transposing layer:  logcounts 
Creating AnnData object...
AnnData dimensions [cells x genes]:  200  x  36601 
Writing H5AD...
Chunk completed successfully.
Chunk size MB:  127.37 

------------------------------------------------------------
Writing chunk  274 / 389 
Cells:  200 
Genes:  36601 
File:  /beegfs/labs/hulab/projects/mjabin/GeneBridge/data/processed/snrnaseq/sce_DLPFC_annotated/huuki_h5ad_chunks_allgenes_full_maxcells0_chunk200/huuki_allgenes_chunk_0274.h5ad 
------------------------------------------------------------
SCE dimensions [genes x cells]:  36601  x  200 
Reading and transposing  counts ...
AnnData X dimensions [cells x genes]:  200  x  36601 
Reading and transposing layer:  logcounts 
Creating AnnData object...
AnnData dimensions [cells x genes]:  200  x  36601 
Writing H5AD...
Chunk completed successfully.
Chunk size MB:  127.37 

------------------------------------------------------------
Writing chunk  275 / 389 
Cells:  200 
Genes:  36601 
File:  /beegfs/labs/hulab/projects/mjabin/GeneBridge/data/processed/snrnaseq/sce_DLPFC_annotated/huuki_h5ad_chunks_allgenes_full_maxcells0_chunk200/huuki_allgenes_chunk_0275.h5ad 
------------------------------------------------------------
SCE dimensions [genes x cells]:  36601  x  200 
Reading and transposing  counts ...
AnnData X dimensions [cells x genes]:  200  x  36601 
Reading and transposing layer:  logcounts 
Creating AnnData object...
AnnData dimensions [cells x genes]:  200  x  36601 
Writing H5AD...
Chunk completed successfully.
Chunk size MB:  127.37 

------------------------------------------------------------
Writing chunk  276 / 389 
Cells:  200 
Genes:  36601 
File:  /beegfs/labs/hulab/projects/mjabin/GeneBridge/data/processed/snrnaseq/sce_DLPFC_annotated/huuki_h5ad_chunks_allgenes_full_maxcells0_chunk200/huuki_allgenes_chunk_0276.h5ad 
------------------------------------------------------------
SCE dimensions [genes x cells]:  36601  x  200 
Reading and transposing  counts ...
AnnData X dimensions [cells x genes]:  200  x  36601 
Reading and transposing layer:  logcounts 
Creating AnnData object...
AnnData dimensions [cells x genes]:  200  x  36601 
Writing H5AD...
Chunk completed successfully.
Chunk size MB:  127.37 

------------------------------------------------------------
Writing chunk  277 / 389 
Cells:  200 
Genes:  36601 
File:  /beegfs/labs/hulab/projects/mjabin/GeneBridge/data/processed/snrnaseq/sce_DLPFC_annotated/huuki_h5ad_chunks_allgenes_full_maxcells0_chunk200/huuki_allgenes_chunk_0277.h5ad 
------------------------------------------------------------
SCE dimensions [genes x cells]:  36601  x  200 
Reading and transposing  counts ...
AnnData X dimensions [cells x genes]:  200  x  36601 
Reading and transposing layer:  logcounts 
Creating AnnData object...
AnnData dimensions [cells x genes]:  200  x  36601 
Writing H5AD...
Chunk completed successfully.
Chunk size MB:  127.37 

------------------------------------------------------------
Writing chunk  278 / 389 
Cells:  200 
Genes:  36601 
File:  /beegfs/labs/hulab/projects/mjabin/GeneBridge/data/processed/snrnaseq/sce_DLPFC_annotated/huuki_h5ad_chunks_allgenes_full_maxcells0_chunk200/huuki_allgenes_chunk_0278.h5ad 
------------------------------------------------------------
SCE dimensions [genes x cells]:  36601  x  200 
Reading and transposing  counts ...
AnnData X dimensions [cells x genes]:  200  x  36601 
Reading and transposing layer:  logcounts 
Creating AnnData object...
AnnData dimensions [cells x genes]:  200  x  36601 
Writing H5AD...
Chunk completed successfully.
Chunk size MB:  127.37 

------------------------------------------------------------
Writing chunk  279 / 389 
Cells:  200 
Genes:  36601 
File:  /beegfs/labs/hulab/projects/mjabin/GeneBridge/data/processed/snrnaseq/sce_DLPFC_annotated/huuki_h5ad_chunks_allgenes_full_maxcells0_chunk200/huuki_allgenes_chunk_0279.h5ad 
------------------------------------------------------------
SCE dimensions [genes x cells]:  36601  x  200 
Reading and transposing  counts ...
AnnData X dimensions [cells x genes]:  200  x  36601 
Reading and transposing layer:  logcounts 
Creating AnnData object...
AnnData dimensions [cells x genes]:  200  x  36601 
Writing H5AD...
Chunk completed successfully.
Chunk size MB:  127.37 

------------------------------------------------------------
Writing chunk  280 / 389 
Cells:  200 
Genes:  36601 
File:  /beegfs/labs/hulab/projects/mjabin/GeneBridge/data/processed/snrnaseq/sce_DLPFC_annotated/huuki_h5ad_chunks_allgenes_full_maxcells0_chunk200/huuki_allgenes_chunk_0280.h5ad 
------------------------------------------------------------
SCE dimensions [genes x cells]:  36601  x  200 
Reading and transposing  counts ...
AnnData X dimensions [cells x genes]:  200  x  36601 
Reading and transposing layer:  logcounts 
Creating AnnData object...
AnnData dimensions [cells x genes]:  200  x  36601 
Writing H5AD...
Chunk completed successfully.
Chunk size MB:  127.37 

------------------------------------------------------------
Writing chunk  281 / 389 
Cells:  200 
Genes:  36601 
File:  /beegfs/labs/hulab/projects/mjabin/GeneBridge/data/processed/snrnaseq/sce_DLPFC_annotated/huuki_h5ad_chunks_allgenes_full_maxcells0_chunk200/huuki_allgenes_chunk_0281.h5ad 
------------------------------------------------------------
SCE dimensions [genes x cells]:  36601  x  200 
Reading and transposing  counts ...
AnnData X dimensions [cells x genes]:  200  x  36601 
Reading and transposing layer:  logcounts 
Creating AnnData object...
AnnData dimensions [cells x genes]:  200  x  36601 
Writing H5AD...
Chunk completed successfully.
Chunk size MB:  127.37 

------------------------------------------------------------
Writing chunk  282 / 389 
Cells:  200 
Genes:  36601 
File:  /beegfs/labs/hulab/projects/mjabin/GeneBridge/data/processed/snrnaseq/sce_DLPFC_annotated/huuki_h5ad_chunks_allgenes_full_maxcells0_chunk200/huuki_allgenes_chunk_0282.h5ad 
------------------------------------------------------------
SCE dimensions [genes x cells]:  36601  x  200 
Reading and transposing  counts ...
AnnData X dimensions [cells x genes]:  200  x  36601 
Reading and transposing layer:  logcounts 
Creating AnnData object...
AnnData dimensions [cells x genes]:  200  x  36601 
Writing H5AD...
Chunk completed successfully.
Chunk size MB:  127.37 

------------------------------------------------------------
Writing chunk  283 / 389 
Cells:  200 
Genes:  36601 
File:  /beegfs/labs/hulab/projects/mjabin/GeneBridge/data/processed/snrnaseq/sce_DLPFC_annotated/huuki_h5ad_chunks_allgenes_full_maxcells0_chunk200/huuki_allgenes_chunk_0283.h5ad 
------------------------------------------------------------
SCE dimensions [genes x cells]:  36601  x  200 
Reading and transposing  counts ...
AnnData X dimensions [cells x genes]:  200  x  36601 
Reading and transposing layer:  logcounts 
Creating AnnData object...
AnnData dimensions [cells x genes]:  200  x  36601 
Writing H5AD...
Chunk completed successfully.
Chunk size MB:  127.37 

------------------------------------------------------------
Writing chunk  284 / 389 
Cells:  200 
Genes:  36601 
File:  /beegfs/labs/hulab/projects/mjabin/GeneBridge/data/processed/snrnaseq/sce_DLPFC_annotated/huuki_h5ad_chunks_allgenes_full_maxcells0_chunk200/huuki_allgenes_chunk_0284.h5ad 
------------------------------------------------------------
SCE dimensions [genes x cells]:  36601  x  200 
Reading and transposing  counts ...
AnnData X dimensions [cells x genes]:  200  x  36601 
Reading and transposing layer:  logcounts 
Creating AnnData object...
AnnData dimensions [cells x genes]:  200  x  36601 
Writing H5AD...
Chunk completed successfully.
Chunk size MB:  127.37 

------------------------------------------------------------
Writing chunk  285 / 389 
Cells:  200 
Genes:  36601 
File:  /beegfs/labs/hulab/projects/mjabin/GeneBridge/data/processed/snrnaseq/sce_DLPFC_annotated/huuki_h5ad_chunks_allgenes_full_maxcells0_chunk200/huuki_allgenes_chunk_0285.h5ad 
------------------------------------------------------------
SCE dimensions [genes x cells]:  36601  x  200 
Reading and transposing  counts ...
AnnData X dimensions [cells x genes]:  200  x  36601 
Reading and transposing layer:  logcounts 
Creating AnnData object...
AnnData dimensions [cells x genes]:  200  x  36601 
Writing H5AD...
Chunk completed successfully.
Chunk size MB:  127.37 

------------------------------------------------------------
Writing chunk  286 / 389 
Cells:  200 
Genes:  36601 
File:  /beegfs/labs/hulab/projects/mjabin/GeneBridge/data/processed/snrnaseq/sce_DLPFC_annotated/huuki_h5ad_chunks_allgenes_full_maxcells0_chunk200/huuki_allgenes_chunk_0286.h5ad 
------------------------------------------------------------
SCE dimensions [genes x cells]:  36601  x  200 
Reading and transposing  counts ...
AnnData X dimensions [cells x genes]:  200  x  36601 
Reading and transposing layer:  logcounts 
Creating AnnData object...
AnnData dimensions [cells x genes]:  200  x  36601 
Writing H5AD...
Chunk completed successfully.
Chunk size MB:  127.37 

------------------------------------------------------------
Writing chunk  287 / 389 
Cells:  200 
Genes:  36601 
File:  /beegfs/labs/hulab/projects/mjabin/GeneBridge/data/processed/snrnaseq/sce_DLPFC_annotated/huuki_h5ad_chunks_allgenes_full_maxcells0_chunk200/huuki_allgenes_chunk_0287.h5ad 
------------------------------------------------------------
SCE dimensions [genes x cells]:  36601  x  200 
Reading and transposing  counts ...
AnnData X dimensions [cells x genes]:  200  x  36601 
Reading and transposing layer:  logcounts 
Creating AnnData object...
AnnData dimensions [cells x genes]:  200  x  36601 
Writing H5AD...
Chunk completed successfully.
Chunk size MB:  127.37 

------------------------------------------------------------
Writing chunk  288 / 389 
Cells:  200 
Genes:  36601 
File:  /beegfs/labs/hulab/projects/mjabin/GeneBridge/data/processed/snrnaseq/sce_DLPFC_annotated/huuki_h5ad_chunks_allgenes_full_maxcells0_chunk200/huuki_allgenes_chunk_0288.h5ad 
------------------------------------------------------------
SCE dimensions [genes x cells]:  36601  x  200 
Reading and transposing  counts ...
AnnData X dimensions [cells x genes]:  200  x  36601 
Reading and transposing layer:  logcounts 
Creating AnnData object...
AnnData dimensions [cells x genes]:  200  x  36601 
Writing H5AD...
Chunk completed successfully.
Chunk size MB:  127.37 

------------------------------------------------------------
Writing chunk  289 / 389 
Cells:  200 
Genes:  36601 
File:  /beegfs/labs/hulab/projects/mjabin/GeneBridge/data/processed/snrnaseq/sce_DLPFC_annotated/huuki_h5ad_chunks_allgenes_full_maxcells0_chunk200/huuki_allgenes_chunk_0289.h5ad 
------------------------------------------------------------
SCE dimensions [genes x cells]:  36601  x  200 
Reading and transposing  counts ...
AnnData X dimensions [cells x genes]:  200  x  36601 
Reading and transposing layer:  logcounts 
Creating AnnData object...
AnnData dimensions [cells x genes]:  200  x  36601 
Writing H5AD...
Chunk completed successfully.
Chunk size MB:  127.37 

------------------------------------------------------------
Writing chunk  290 / 389 
Cells:  200 
Genes:  36601 
File:  /beegfs/labs/hulab/projects/mjabin/GeneBridge/data/processed/snrnaseq/sce_DLPFC_annotated/huuki_h5ad_chunks_allgenes_full_maxcells0_chunk200/huuki_allgenes_chunk_0290.h5ad 
------------------------------------------------------------
SCE dimensions [genes x cells]:  36601  x  200 
Reading and transposing  counts ...
AnnData X dimensions [cells x genes]:  200  x  36601 
Reading and transposing layer:  logcounts 
Creating AnnData object...
AnnData dimensions [cells x genes]:  200  x  36601 
Writing H5AD...
Chunk completed successfully.
Chunk size MB:  127.37 

------------------------------------------------------------
Writing chunk  291 / 389 
Cells:  200 
Genes:  36601 
File:  /beegfs/labs/hulab/projects/mjabin/GeneBridge/data/processed/snrnaseq/sce_DLPFC_annotated/huuki_h5ad_chunks_allgenes_full_maxcells0_chunk200/huuki_allgenes_chunk_0291.h5ad 
------------------------------------------------------------
SCE dimensions [genes x cells]:  36601  x  200 
Reading and transposing  counts ...
AnnData X dimensions [cells x genes]:  200  x  36601 
Reading and transposing layer:  logcounts 
Creating AnnData object...
AnnData dimensions [cells x genes]:  200  x  36601 
Writing H5AD...
Chunk completed successfully.
Chunk size MB:  127.37 

------------------------------------------------------------
Writing chunk  292 / 389 
Cells:  200 
Genes:  36601 
File:  /beegfs/labs/hulab/projects/mjabin/GeneBridge/data/processed/snrnaseq/sce_DLPFC_annotated/huuki_h5ad_chunks_allgenes_full_maxcells0_chunk200/huuki_allgenes_chunk_0292.h5ad 
------------------------------------------------------------
SCE dimensions [genes x cells]:  36601  x  200 
Reading and transposing  counts ...
AnnData X dimensions [cells x genes]:  200  x  36601 
Reading and transposing layer:  logcounts 
Creating AnnData object...
AnnData dimensions [cells x genes]:  200  x  36601 
Writing H5AD...
Chunk completed successfully.
Chunk size MB:  127.37 

------------------------------------------------------------
Writing chunk  293 / 389 
Cells:  200 
Genes:  36601 
File:  /beegfs/labs/hulab/projects/mjabin/GeneBridge/data/processed/snrnaseq/sce_DLPFC_annotated/huuki_h5ad_chunks_allgenes_full_maxcells0_chunk200/huuki_allgenes_chunk_0293.h5ad 
------------------------------------------------------------
SCE dimensions [genes x cells]:  36601  x  200 
Reading and transposing  counts ...
AnnData X dimensions [cells x genes]:  200  x  36601 
Reading and transposing layer:  logcounts 
Creating AnnData object...
AnnData dimensions [cells x genes]:  200  x  36601 
Writing H5AD...
Chunk completed successfully.
Chunk size MB:  127.37 

------------------------------------------------------------
Writing chunk  294 / 389 
Cells:  200 
Genes:  36601 
File:  /beegfs/labs/hulab/projects/mjabin/GeneBridge/data/processed/snrnaseq/sce_DLPFC_annotated/huuki_h5ad_chunks_allgenes_full_maxcells0_chunk200/huuki_allgenes_chunk_0294.h5ad 
------------------------------------------------------------
SCE dimensions [genes x cells]:  36601  x  200 
Reading and transposing  counts ...
AnnData X dimensions [cells x genes]:  200  x  36601 
Reading and transposing layer:  logcounts 
Creating AnnData object...
AnnData dimensions [cells x genes]:  200  x  36601 
Writing H5AD...
Chunk completed successfully.
Chunk size MB:  127.37 

------------------------------------------------------------
Writing chunk  295 / 389 
Cells:  200 
Genes:  36601 
File:  /beegfs/labs/hulab/projects/mjabin/GeneBridge/data/processed/snrnaseq/sce_DLPFC_annotated/huuki_h5ad_chunks_allgenes_full_maxcells0_chunk200/huuki_allgenes_chunk_0295.h5ad 
------------------------------------------------------------
SCE dimensions [genes x cells]:  36601  x  200 
Reading and transposing  counts ...
AnnData X dimensions [cells x genes]:  200  x  36601 
Reading and transposing layer:  logcounts 
Creating AnnData object...
AnnData dimensions [cells x genes]:  200  x  36601 
Writing H5AD...
Chunk completed successfully.
Chunk size MB:  127.37 

------------------------------------------------------------
Writing chunk  296 / 389 
Cells:  200 
Genes:  36601 
File:  /beegfs/labs/hulab/projects/mjabin/GeneBridge/data/processed/snrnaseq/sce_DLPFC_annotated/huuki_h5ad_chunks_allgenes_full_maxcells0_chunk200/huuki_allgenes_chunk_0296.h5ad 
------------------------------------------------------------
SCE dimensions [genes x cells]:  36601  x  200 
Reading and transposing  counts ...
AnnData X dimensions [cells x genes]:  200  x  36601 
Reading and transposing layer:  logcounts 
Creating AnnData object...
AnnData dimensions [cells x genes]:  200  x  36601 
Writing H5AD...
Chunk completed successfully.
Chunk size MB:  127.37 

------------------------------------------------------------
Writing chunk  297 / 389 
Cells:  200 
Genes:  36601 
File:  /beegfs/labs/hulab/projects/mjabin/GeneBridge/data/processed/snrnaseq/sce_DLPFC_annotated/huuki_h5ad_chunks_allgenes_full_maxcells0_chunk200/huuki_allgenes_chunk_0297.h5ad 
------------------------------------------------------------
SCE dimensions [genes x cells]:  36601  x  200 
Reading and transposing  counts ...
AnnData X dimensions [cells x genes]:  200  x  36601 
Reading and transposing layer:  logcounts 
Creating AnnData object...
AnnData dimensions [cells x genes]:  200  x  36601 
Writing H5AD...
Chunk completed successfully.
Chunk size MB:  127.37 

------------------------------------------------------------
Writing chunk  298 / 389 
Cells:  200 
Genes:  36601 
File:  /beegfs/labs/hulab/projects/mjabin/GeneBridge/data/processed/snrnaseq/sce_DLPFC_annotated/huuki_h5ad_chunks_allgenes_full_maxcells0_chunk200/huuki_allgenes_chunk_0298.h5ad 
------------------------------------------------------------
SCE dimensions [genes x cells]:  36601  x  200 
Reading and transposing  counts ...
AnnData X dimensions [cells x genes]:  200  x  36601 
Reading and transposing layer:  logcounts 
Creating AnnData object...
AnnData dimensions [cells x genes]:  200  x  36601 
Writing H5AD...
Chunk completed successfully.
Chunk size MB:  127.37 

------------------------------------------------------------
Writing chunk  299 / 389 
Cells:  200 
Genes:  36601 
File:  /beegfs/labs/hulab/projects/mjabin/GeneBridge/data/processed/snrnaseq/sce_DLPFC_annotated/huuki_h5ad_chunks_allgenes_full_maxcells0_chunk200/huuki_allgenes_chunk_0299.h5ad 
------------------------------------------------------------
SCE dimensions [genes x cells]:  36601  x  200 
Reading and transposing  counts ...
AnnData X dimensions [cells x genes]:  200  x  36601 
Reading and transposing layer:  logcounts 
Creating AnnData object...
AnnData dimensions [cells x genes]:  200  x  36601 
Writing H5AD...
Chunk completed successfully.
Chunk size MB:  127.37 

------------------------------------------------------------
Writing chunk  300 / 389 
Cells:  200 
Genes:  36601 
File:  /beegfs/labs/hulab/projects/mjabin/GeneBridge/data/processed/snrnaseq/sce_DLPFC_annotated/huuki_h5ad_chunks_allgenes_full_maxcells0_chunk200/huuki_allgenes_chunk_0300.h5ad 
------------------------------------------------------------
SCE dimensions [genes x cells]:  36601  x  200 
Reading and transposing  counts ...
AnnData X dimensions [cells x genes]:  200  x  36601 
Reading and transposing layer:  logcounts 
Creating AnnData object...
AnnData dimensions [cells x genes]:  200  x  36601 
Writing H5AD...
Chunk completed successfully.
Chunk size MB:  127.37 

------------------------------------------------------------
Writing chunk  301 / 389 
Cells:  200 
Genes:  36601 
File:  /beegfs/labs/hulab/projects/mjabin/GeneBridge/data/processed/snrnaseq/sce_DLPFC_annotated/huuki_h5ad_chunks_allgenes_full_maxcells0_chunk200/huuki_allgenes_chunk_0301.h5ad 
------------------------------------------------------------
SCE dimensions [genes x cells]:  36601  x  200 
Reading and transposing  counts ...
AnnData X dimensions [cells x genes]:  200  x  36601 
Reading and transposing layer:  logcounts 
Creating AnnData object...
AnnData dimensions [cells x genes]:  200  x  36601 
Writing H5AD...
Chunk completed successfully.
Chunk size MB:  127.37 

------------------------------------------------------------
Writing chunk  302 / 389 
Cells:  200 
Genes:  36601 
File:  /beegfs/labs/hulab/projects/mjabin/GeneBridge/data/processed/snrnaseq/sce_DLPFC_annotated/huuki_h5ad_chunks_allgenes_full_maxcells0_chunk200/huuki_allgenes_chunk_0302.h5ad 
------------------------------------------------------------
SCE dimensions [genes x cells]:  36601  x  200 
Reading and transposing  counts ...
AnnData X dimensions [cells x genes]:  200  x  36601 
Reading and transposing layer:  logcounts 
Creating AnnData object...
AnnData dimensions [cells x genes]:  200  x  36601 
Writing H5AD...
Chunk completed successfully.
Chunk size MB:  127.37 

------------------------------------------------------------
Writing chunk  303 / 389 
Cells:  200 
Genes:  36601 
File:  /beegfs/labs/hulab/projects/mjabin/GeneBridge/data/processed/snrnaseq/sce_DLPFC_annotated/huuki_h5ad_chunks_allgenes_full_maxcells0_chunk200/huuki_allgenes_chunk_0303.h5ad 
------------------------------------------------------------
SCE dimensions [genes x cells]:  36601  x  200 
Reading and transposing  counts ...
AnnData X dimensions [cells x genes]:  200  x  36601 
Reading and transposing layer:  logcounts 
Creating AnnData object...
AnnData dimensions [cells x genes]:  200  x  36601 
Writing H5AD...
Chunk completed successfully.
Chunk size MB:  127.37 

------------------------------------------------------------
Writing chunk  304 / 389 
Cells:  200 
Genes:  36601 
File:  /beegfs/labs/hulab/projects/mjabin/GeneBridge/data/processed/snrnaseq/sce_DLPFC_annotated/huuki_h5ad_chunks_allgenes_full_maxcells0_chunk200/huuki_allgenes_chunk_0304.h5ad 
------------------------------------------------------------
SCE dimensions [genes x cells]:  36601  x  200 
Reading and transposing  counts ...
AnnData X dimensions [cells x genes]:  200  x  36601 
Reading and transposing layer:  logcounts 
Creating AnnData object...
AnnData dimensions [cells x genes]:  200  x  36601 
Writing H5AD...
Chunk completed successfully.
Chunk size MB:  127.37 

------------------------------------------------------------
Writing chunk  305 / 389 
Cells:  200 
Genes:  36601 
File:  /beegfs/labs/hulab/projects/mjabin/GeneBridge/data/processed/snrnaseq/sce_DLPFC_annotated/huuki_h5ad_chunks_allgenes_full_maxcells0_chunk200/huuki_allgenes_chunk_0305.h5ad 
------------------------------------------------------------
SCE dimensions [genes x cells]:  36601  x  200 
Reading and transposing  counts ...
AnnData X dimensions [cells x genes]:  200  x  36601 
Reading and transposing layer:  logcounts 
Creating AnnData object...
AnnData dimensions [cells x genes]:  200  x  36601 
Writing H5AD...
Chunk completed successfully.
Chunk size MB:  127.37 

------------------------------------------------------------
Writing chunk  306 / 389 
Cells:  200 
Genes:  36601 
File:  /beegfs/labs/hulab/projects/mjabin/GeneBridge/data/processed/snrnaseq/sce_DLPFC_annotated/huuki_h5ad_chunks_allgenes_full_maxcells0_chunk200/huuki_allgenes_chunk_0306.h5ad 
------------------------------------------------------------
SCE dimensions [genes x cells]:  36601  x  200 
Reading and transposing  counts ...
AnnData X dimensions [cells x genes]:  200  x  36601 
Reading and transposing layer:  logcounts 
Creating AnnData object...
AnnData dimensions [cells x genes]:  200  x  36601 
Writing H5AD...
Chunk completed successfully.
Chunk size MB:  127.37 

------------------------------------------------------------
Writing chunk  307 / 389 
Cells:  200 
Genes:  36601 
File:  /beegfs/labs/hulab/projects/mjabin/GeneBridge/data/processed/snrnaseq/sce_DLPFC_annotated/huuki_h5ad_chunks_allgenes_full_maxcells0_chunk200/huuki_allgenes_chunk_0307.h5ad 
------------------------------------------------------------
SCE dimensions [genes x cells]:  36601  x  200 
Reading and transposing  counts ...
AnnData X dimensions [cells x genes]:  200  x  36601 
Reading and transposing layer:  logcounts 
Creating AnnData object...
AnnData dimensions [cells x genes]:  200  x  36601 
Writing H5AD...
Chunk completed successfully.
Chunk size MB:  127.37 

------------------------------------------------------------
Writing chunk  308 / 389 
Cells:  200 
Genes:  36601 
File:  /beegfs/labs/hulab/projects/mjabin/GeneBridge/data/processed/snrnaseq/sce_DLPFC_annotated/huuki_h5ad_chunks_allgenes_full_maxcells0_chunk200/huuki_allgenes_chunk_0308.h5ad 
------------------------------------------------------------
SCE dimensions [genes x cells]:  36601  x  200 
Reading and transposing  counts ...
AnnData X dimensions [cells x genes]:  200  x  36601 
Reading and transposing layer:  logcounts 
Creating AnnData object...
AnnData dimensions [cells x genes]:  200  x  36601 
Writing H5AD...
Chunk completed successfully.
Chunk size MB:  127.37 

------------------------------------------------------------
Writing chunk  309 / 389 
Cells:  200 
Genes:  36601 
File:  /beegfs/labs/hulab/projects/mjabin/GeneBridge/data/processed/snrnaseq/sce_DLPFC_annotated/huuki_h5ad_chunks_allgenes_full_maxcells0_chunk200/huuki_allgenes_chunk_0309.h5ad 
------------------------------------------------------------
SCE dimensions [genes x cells]:  36601  x  200 
Reading and transposing  counts ...
AnnData X dimensions [cells x genes]:  200  x  36601 
Reading and transposing layer:  logcounts 
Creating AnnData object...
AnnData dimensions [cells x genes]:  200  x  36601 
Writing H5AD...
Chunk completed successfully.
Chunk size MB:  127.37 

------------------------------------------------------------
Writing chunk  310 / 389 
Cells:  200 
Genes:  36601 
File:  /beegfs/labs/hulab/projects/mjabin/GeneBridge/data/processed/snrnaseq/sce_DLPFC_annotated/huuki_h5ad_chunks_allgenes_full_maxcells0_chunk200/huuki_allgenes_chunk_0310.h5ad 
------------------------------------------------------------
SCE dimensions [genes x cells]:  36601  x  200 
Reading and transposing  counts ...
AnnData X dimensions [cells x genes]:  200  x  36601 
Reading and transposing layer:  logcounts 
Creating AnnData object...
AnnData dimensions [cells x genes]:  200  x  36601 
Writing H5AD...
Chunk completed successfully.
Chunk size MB:  127.37 

------------------------------------------------------------
Writing chunk  311 / 389 
Cells:  200 
Genes:  36601 
File:  /beegfs/labs/hulab/projects/mjabin/GeneBridge/data/processed/snrnaseq/sce_DLPFC_annotated/huuki_h5ad_chunks_allgenes_full_maxcells0_chunk200/huuki_allgenes_chunk_0311.h5ad 
------------------------------------------------------------
SCE dimensions [genes x cells]:  36601  x  200 
Reading and transposing  counts ...
AnnData X dimensions [cells x genes]:  200  x  36601 
Reading and transposing layer:  logcounts 
Creating AnnData object...
AnnData dimensions [cells x genes]:  200  x  36601 
Writing H5AD...
Chunk completed successfully.
Chunk size MB:  127.37 

------------------------------------------------------------
Writing chunk  312 / 389 
Cells:  200 
Genes:  36601 
File:  /beegfs/labs/hulab/projects/mjabin/GeneBridge/data/processed/snrnaseq/sce_DLPFC_annotated/huuki_h5ad_chunks_allgenes_full_maxcells0_chunk200/huuki_allgenes_chunk_0312.h5ad 
------------------------------------------------------------
SCE dimensions [genes x cells]:  36601  x  200 
Reading and transposing  counts ...
AnnData X dimensions [cells x genes]:  200  x  36601 
Reading and transposing layer:  logcounts 
Creating AnnData object...
AnnData dimensions [cells x genes]:  200  x  36601 
Writing H5AD...
Chunk completed successfully.
Chunk size MB:  127.37 

------------------------------------------------------------
Writing chunk  313 / 389 
Cells:  200 
Genes:  36601 
File:  /beegfs/labs/hulab/projects/mjabin/GeneBridge/data/processed/snrnaseq/sce_DLPFC_annotated/huuki_h5ad_chunks_allgenes_full_maxcells0_chunk200/huuki_allgenes_chunk_0313.h5ad 
------------------------------------------------------------
SCE dimensions [genes x cells]:  36601  x  200 
Reading and transposing  counts ...
AnnData X dimensions [cells x genes]:  200  x  36601 
Reading and transposing layer:  logcounts 
Creating AnnData object...
AnnData dimensions [cells x genes]:  200  x  36601 
Writing H5AD...
Chunk completed successfully.
Chunk size MB:  127.37 

------------------------------------------------------------
Writing chunk  314 / 389 
Cells:  200 
Genes:  36601 
File:  /beegfs/labs/hulab/projects/mjabin/GeneBridge/data/processed/snrnaseq/sce_DLPFC_annotated/huuki_h5ad_chunks_allgenes_full_maxcells0_chunk200/huuki_allgenes_chunk_0314.h5ad 
------------------------------------------------------------
SCE dimensions [genes x cells]:  36601  x  200 
Reading and transposing  counts ...
AnnData X dimensions [cells x genes]:  200  x  36601 
Reading and transposing layer:  logcounts 
Creating AnnData object...
AnnData dimensions [cells x genes]:  200  x  36601 
Writing H5AD...
Chunk completed successfully.
Chunk size MB:  127.37 

------------------------------------------------------------
Writing chunk  315 / 389 
Cells:  200 
Genes:  36601 
File:  /beegfs/labs/hulab/projects/mjabin/GeneBridge/data/processed/snrnaseq/sce_DLPFC_annotated/huuki_h5ad_chunks_allgenes_full_maxcells0_chunk200/huuki_allgenes_chunk_0315.h5ad 
------------------------------------------------------------
SCE dimensions [genes x cells]:  36601  x  200 
Reading and transposing  counts ...
AnnData X dimensions [cells x genes]:  200  x  36601 
Reading and transposing layer:  logcounts 
Creating AnnData object...
AnnData dimensions [cells x genes]:  200  x  36601 
Writing H5AD...
Chunk completed successfully.
Chunk size MB:  127.37 

------------------------------------------------------------
Writing chunk  316 / 389 
Cells:  200 
Genes:  36601 
File:  /beegfs/labs/hulab/projects/mjabin/GeneBridge/data/processed/snrnaseq/sce_DLPFC_annotated/huuki_h5ad_chunks_allgenes_full_maxcells0_chunk200/huuki_allgenes_chunk_0316.h5ad 
------------------------------------------------------------
SCE dimensions [genes x cells]:  36601  x  200 
Reading and transposing  counts ...
AnnData X dimensions [cells x genes]:  200  x  36601 
Reading and transposing layer:  logcounts 
Creating AnnData object...
AnnData dimensions [cells x genes]:  200  x  36601 
Writing H5AD...
Chunk completed successfully.
Chunk size MB:  127.37 

------------------------------------------------------------
Writing chunk  317 / 389 
Cells:  200 
Genes:  36601 
File:  /beegfs/labs/hulab/projects/mjabin/GeneBridge/data/processed/snrnaseq/sce_DLPFC_annotated/huuki_h5ad_chunks_allgenes_full_maxcells0_chunk200/huuki_allgenes_chunk_0317.h5ad 
------------------------------------------------------------
SCE dimensions [genes x cells]:  36601  x  200 
Reading and transposing  counts ...
AnnData X dimensions [cells x genes]:  200  x  36601 
Reading and transposing layer:  logcounts 
Creating AnnData object...
AnnData dimensions [cells x genes]:  200  x  36601 
Writing H5AD...
Chunk completed successfully.
Chunk size MB:  127.37 

------------------------------------------------------------
Writing chunk  318 / 389 
Cells:  200 
Genes:  36601 
File:  /beegfs/labs/hulab/projects/mjabin/GeneBridge/data/processed/snrnaseq/sce_DLPFC_annotated/huuki_h5ad_chunks_allgenes_full_maxcells0_chunk200/huuki_allgenes_chunk_0318.h5ad 
------------------------------------------------------------
SCE dimensions [genes x cells]:  36601  x  200 
Reading and transposing  counts ...
AnnData X dimensions [cells x genes]:  200  x  36601 
Reading and transposing layer:  logcounts 
Creating AnnData object...
AnnData dimensions [cells x genes]:  200  x  36601 
Writing H5AD...
Chunk completed successfully.
Chunk size MB:  127.37 

------------------------------------------------------------
Writing chunk  319 / 389 
Cells:  200 
Genes:  36601 
File:  /beegfs/labs/hulab/projects/mjabin/GeneBridge/data/processed/snrnaseq/sce_DLPFC_annotated/huuki_h5ad_chunks_allgenes_full_maxcells0_chunk200/huuki_allgenes_chunk_0319.h5ad 
------------------------------------------------------------
SCE dimensions [genes x cells]:  36601  x  200 
Reading and transposing  counts ...
AnnData X dimensions [cells x genes]:  200  x  36601 
Reading and transposing layer:  logcounts 
Creating AnnData object...
AnnData dimensions [cells x genes]:  200  x  36601 
Writing H5AD...
Chunk completed successfully.
Chunk size MB:  127.37 

------------------------------------------------------------
Writing chunk  320 / 389 
Cells:  200 
Genes:  36601 
File:  /beegfs/labs/hulab/projects/mjabin/GeneBridge/data/processed/snrnaseq/sce_DLPFC_annotated/huuki_h5ad_chunks_allgenes_full_maxcells0_chunk200/huuki_allgenes_chunk_0320.h5ad 
------------------------------------------------------------
SCE dimensions [genes x cells]:  36601  x  200 
Reading and transposing  counts ...
AnnData X dimensions [cells x genes]:  200  x  36601 
Reading and transposing layer:  logcounts 
Creating AnnData object...
AnnData dimensions [cells x genes]:  200  x  36601 
Writing H5AD...
Chunk completed successfully.
Chunk size MB:  127.37 

------------------------------------------------------------
Writing chunk  321 / 389 
Cells:  200 
Genes:  36601 
File:  /beegfs/labs/hulab/projects/mjabin/GeneBridge/data/processed/snrnaseq/sce_DLPFC_annotated/huuki_h5ad_chunks_allgenes_full_maxcells0_chunk200/huuki_allgenes_chunk_0321.h5ad 
------------------------------------------------------------
SCE dimensions [genes x cells]:  36601  x  200 
Reading and transposing  counts ...
AnnData X dimensions [cells x genes]:  200  x  36601 
Reading and transposing layer:  logcounts 
Creating AnnData object...
AnnData dimensions [cells x genes]:  200  x  36601 
Writing H5AD...
Chunk completed successfully.
Chunk size MB:  127.37 

------------------------------------------------------------
Writing chunk  322 / 389 
Cells:  200 
Genes:  36601 
File:  /beegfs/labs/hulab/projects/mjabin/GeneBridge/data/processed/snrnaseq/sce_DLPFC_annotated/huuki_h5ad_chunks_allgenes_full_maxcells0_chunk200/huuki_allgenes_chunk_0322.h5ad 
------------------------------------------------------------
SCE dimensions [genes x cells]:  36601  x  200 
Reading and transposing  counts ...
AnnData X dimensions [cells x genes]:  200  x  36601 
Reading and transposing layer:  logcounts 
Creating AnnData object...
AnnData dimensions [cells x genes]:  200  x  36601 
Writing H5AD...
Chunk completed successfully.
Chunk size MB:  127.37 

------------------------------------------------------------
Writing chunk  323 / 389 
Cells:  200 
Genes:  36601 
File:  /beegfs/labs/hulab/projects/mjabin/GeneBridge/data/processed/snrnaseq/sce_DLPFC_annotated/huuki_h5ad_chunks_allgenes_full_maxcells0_chunk200/huuki_allgenes_chunk_0323.h5ad 
------------------------------------------------------------
SCE dimensions [genes x cells]:  36601  x  200 
Reading and transposing  counts ...
AnnData X dimensions [cells x genes]:  200  x  36601 
Reading and transposing layer:  logcounts 
Creating AnnData object...
AnnData dimensions [cells x genes]:  200  x  36601 
Writing H5AD...
Chunk completed successfully.
Chunk size MB:  127.37 

------------------------------------------------------------
Writing chunk  324 / 389 
Cells:  200 
Genes:  36601 
File:  /beegfs/labs/hulab/projects/mjabin/GeneBridge/data/processed/snrnaseq/sce_DLPFC_annotated/huuki_h5ad_chunks_allgenes_full_maxcells0_chunk200/huuki_allgenes_chunk_0324.h5ad 
------------------------------------------------------------
SCE dimensions [genes x cells]:  36601  x  200 
Reading and transposing  counts ...
AnnData X dimensions [cells x genes]:  200  x  36601 
Reading and transposing layer:  logcounts 
Creating AnnData object...
AnnData dimensions [cells x genes]:  200  x  36601 
Writing H5AD...
Chunk completed successfully.
Chunk size MB:  127.37 

------------------------------------------------------------
Writing chunk  325 / 389 
Cells:  200 
Genes:  36601 
File:  /beegfs/labs/hulab/projects/mjabin/GeneBridge/data/processed/snrnaseq/sce_DLPFC_annotated/huuki_h5ad_chunks_allgenes_full_maxcells0_chunk200/huuki_allgenes_chunk_0325.h5ad 
------------------------------------------------------------
SCE dimensions [genes x cells]:  36601  x  200 
Reading and transposing  counts ...
AnnData X dimensions [cells x genes]:  200  x  36601 
Reading and transposing layer:  logcounts 
Creating AnnData object...
AnnData dimensions [cells x genes]:  200  x  36601 
Writing H5AD...
Chunk completed successfully.
Chunk size MB:  127.37 

------------------------------------------------------------
Writing chunk  326 / 389 
Cells:  200 
Genes:  36601 
File:  /beegfs/labs/hulab/projects/mjabin/GeneBridge/data/processed/snrnaseq/sce_DLPFC_annotated/huuki_h5ad_chunks_allgenes_full_maxcells0_chunk200/huuki_allgenes_chunk_0326.h5ad 
------------------------------------------------------------
SCE dimensions [genes x cells]:  36601  x  200 
Reading and transposing  counts ...
AnnData X dimensions [cells x genes]:  200  x  36601 
Reading and transposing layer:  logcounts 
Creating AnnData object...
AnnData dimensions [cells x genes]:  200  x  36601 
Writing H5AD...
Chunk completed successfully.
Chunk size MB:  127.37 

------------------------------------------------------------
Writing chunk  327 / 389 
Cells:  200 
Genes:  36601 
File:  /beegfs/labs/hulab/projects/mjabin/GeneBridge/data/processed/snrnaseq/sce_DLPFC_annotated/huuki_h5ad_chunks_allgenes_full_maxcells0_chunk200/huuki_allgenes_chunk_0327.h5ad 
------------------------------------------------------------
SCE dimensions [genes x cells]:  36601  x  200 
Reading and transposing  counts ...
AnnData X dimensions [cells x genes]:  200  x  36601 
Reading and transposing layer:  logcounts 
Creating AnnData object...
AnnData dimensions [cells x genes]:  200  x  36601 
Writing H5AD...
Chunk completed successfully.
Chunk size MB:  127.37 

------------------------------------------------------------
Writing chunk  328 / 389 
Cells:  200 
Genes:  36601 
File:  /beegfs/labs/hulab/projects/mjabin/GeneBridge/data/processed/snrnaseq/sce_DLPFC_annotated/huuki_h5ad_chunks_allgenes_full_maxcells0_chunk200/huuki_allgenes_chunk_0328.h5ad 
------------------------------------------------------------
SCE dimensions [genes x cells]:  36601  x  200 
Reading and transposing  counts ...
AnnData X dimensions [cells x genes]:  200  x  36601 
Reading and transposing layer:  logcounts 
Creating AnnData object...
AnnData dimensions [cells x genes]:  200  x  36601 
Writing H5AD...
Chunk completed successfully.
Chunk size MB:  127.37 

------------------------------------------------------------
Writing chunk  329 / 389 
Cells:  200 
Genes:  36601 
File:  /beegfs/labs/hulab/projects/mjabin/GeneBridge/data/processed/snrnaseq/sce_DLPFC_annotated/huuki_h5ad_chunks_allgenes_full_maxcells0_chunk200/huuki_allgenes_chunk_0329.h5ad 
------------------------------------------------------------
SCE dimensions [genes x cells]:  36601  x  200 
Reading and transposing  counts ...
AnnData X dimensions [cells x genes]:  200  x  36601 
Reading and transposing layer:  logcounts 
Creating AnnData object...
AnnData dimensions [cells x genes]:  200  x  36601 
Writing H5AD...
Chunk completed successfully.
Chunk size MB:  127.37 

------------------------------------------------------------
Writing chunk  330 / 389 
Cells:  200 
Genes:  36601 
File:  /beegfs/labs/hulab/projects/mjabin/GeneBridge/data/processed/snrnaseq/sce_DLPFC_annotated/huuki_h5ad_chunks_allgenes_full_maxcells0_chunk200/huuki_allgenes_chunk_0330.h5ad 
------------------------------------------------------------
SCE dimensions [genes x cells]:  36601  x  200 
Reading and transposing  counts ...
AnnData X dimensions [cells x genes]:  200  x  36601 
Reading and transposing layer:  logcounts 
Creating AnnData object...
AnnData dimensions [cells x genes]:  200  x  36601 
Writing H5AD...
Chunk completed successfully.
Chunk size MB:  127.37 

------------------------------------------------------------
Writing chunk  331 / 389 
Cells:  200 
Genes:  36601 
File:  /beegfs/labs/hulab/projects/mjabin/GeneBridge/data/processed/snrnaseq/sce_DLPFC_annotated/huuki_h5ad_chunks_allgenes_full_maxcells0_chunk200/huuki_allgenes_chunk_0331.h5ad 
------------------------------------------------------------
SCE dimensions [genes x cells]:  36601  x  200 
Reading and transposing  counts ...
AnnData X dimensions [cells x genes]:  200  x  36601 
Reading and transposing layer:  logcounts 
Creating AnnData object...
AnnData dimensions [cells x genes]:  200  x  36601 
Writing H5AD...
Chunk completed successfully.
Chunk size MB:  127.37 

------------------------------------------------------------
Writing chunk  332 / 389 
Cells:  200 
Genes:  36601 
File:  /beegfs/labs/hulab/projects/mjabin/GeneBridge/data/processed/snrnaseq/sce_DLPFC_annotated/huuki_h5ad_chunks_allgenes_full_maxcells0_chunk200/huuki_allgenes_chunk_0332.h5ad 
------------------------------------------------------------
SCE dimensions [genes x cells]:  36601  x  200 
Reading and transposing  counts ...
AnnData X dimensions [cells x genes]:  200  x  36601 
Reading and transposing layer:  logcounts 
Creating AnnData object...
AnnData dimensions [cells x genes]:  200  x  36601 
Writing H5AD...
Chunk completed successfully.
Chunk size MB:  127.37 

------------------------------------------------------------
Writing chunk  333 / 389 
Cells:  200 
Genes:  36601 
File:  /beegfs/labs/hulab/projects/mjabin/GeneBridge/data/processed/snrnaseq/sce_DLPFC_annotated/huuki_h5ad_chunks_allgenes_full_maxcells0_chunk200/huuki_allgenes_chunk_0333.h5ad 
------------------------------------------------------------
SCE dimensions [genes x cells]:  36601  x  200 
Reading and transposing  counts ...
AnnData X dimensions [cells x genes]:  200  x  36601 
Reading and transposing layer:  logcounts 
Creating AnnData object...
AnnData dimensions [cells x genes]:  200  x  36601 
Writing H5AD...
Chunk completed successfully.
Chunk size MB:  127.37 

------------------------------------------------------------
Writing chunk  334 / 389 
Cells:  200 
Genes:  36601 
File:  /beegfs/labs/hulab/projects/mjabin/GeneBridge/data/processed/snrnaseq/sce_DLPFC_annotated/huuki_h5ad_chunks_allgenes_full_maxcells0_chunk200/huuki_allgenes_chunk_0334.h5ad 
------------------------------------------------------------
SCE dimensions [genes x cells]:  36601  x  200 
Reading and transposing  counts ...
AnnData X dimensions [cells x genes]:  200  x  36601 
Reading and transposing layer:  logcounts 
Creating AnnData object...
AnnData dimensions [cells x genes]:  200  x  36601 
Writing H5AD...
Chunk completed successfully.
Chunk size MB:  127.37 

------------------------------------------------------------
Writing chunk  335 / 389 
Cells:  200 
Genes:  36601 
File:  /beegfs/labs/hulab/projects/mjabin/GeneBridge/data/processed/snrnaseq/sce_DLPFC_annotated/huuki_h5ad_chunks_allgenes_full_maxcells0_chunk200/huuki_allgenes_chunk_0335.h5ad 
------------------------------------------------------------
SCE dimensions [genes x cells]:  36601  x  200 
Reading and transposing  counts ...
AnnData X dimensions [cells x genes]:  200  x  36601 
Reading and transposing layer:  logcounts 
Creating AnnData object...
AnnData dimensions [cells x genes]:  200  x  36601 
Writing H5AD...
Chunk completed successfully.
Chunk size MB:  127.37 

------------------------------------------------------------
Writing chunk  336 / 389 
Cells:  200 
Genes:  36601 
File:  /beegfs/labs/hulab/projects/mjabin/GeneBridge/data/processed/snrnaseq/sce_DLPFC_annotated/huuki_h5ad_chunks_allgenes_full_maxcells0_chunk200/huuki_allgenes_chunk_0336.h5ad 
------------------------------------------------------------
SCE dimensions [genes x cells]:  36601  x  200 
Reading and transposing  counts ...
AnnData X dimensions [cells x genes]:  200  x  36601 
Reading and transposing layer:  logcounts 
Creating AnnData object...
AnnData dimensions [cells x genes]:  200  x  36601 
Writing H5AD...
Chunk completed successfully.
Chunk size MB:  127.37 

------------------------------------------------------------
Writing chunk  337 / 389 
Cells:  200 
Genes:  36601 
File:  /beegfs/labs/hulab/projects/mjabin/GeneBridge/data/processed/snrnaseq/sce_DLPFC_annotated/huuki_h5ad_chunks_allgenes_full_maxcells0_chunk200/huuki_allgenes_chunk_0337.h5ad 
------------------------------------------------------------
SCE dimensions [genes x cells]:  36601  x  200 
Reading and transposing  counts ...
AnnData X dimensions [cells x genes]:  200  x  36601 
Reading and transposing layer:  logcounts 
Creating AnnData object...
AnnData dimensions [cells x genes]:  200  x  36601 
Writing H5AD...
Chunk completed successfully.
Chunk size MB:  127.37 

------------------------------------------------------------
Writing chunk  338 / 389 
Cells:  200 
Genes:  36601 
File:  /beegfs/labs/hulab/projects/mjabin/GeneBridge/data/processed/snrnaseq/sce_DLPFC_annotated/huuki_h5ad_chunks_allgenes_full_maxcells0_chunk200/huuki_allgenes_chunk_0338.h5ad 
------------------------------------------------------------
SCE dimensions [genes x cells]:  36601  x  200 
Reading and transposing  counts ...
AnnData X dimensions [cells x genes]:  200  x  36601 
Reading and transposing layer:  logcounts 
Creating AnnData object...
AnnData dimensions [cells x genes]:  200  x  36601 
Writing H5AD...
Chunk completed successfully.
Chunk size MB:  127.37 

------------------------------------------------------------
Writing chunk  339 / 389 
Cells:  200 
Genes:  36601 
File:  /beegfs/labs/hulab/projects/mjabin/GeneBridge/data/processed/snrnaseq/sce_DLPFC_annotated/huuki_h5ad_chunks_allgenes_full_maxcells0_chunk200/huuki_allgenes_chunk_0339.h5ad 
------------------------------------------------------------
SCE dimensions [genes x cells]:  36601  x  200 
Reading and transposing  counts ...
AnnData X dimensions [cells x genes]:  200  x  36601 
Reading and transposing layer:  logcounts 
Creating AnnData object...
AnnData dimensions [cells x genes]:  200  x  36601 
Writing H5AD...
Chunk completed successfully.
Chunk size MB:  127.37 

------------------------------------------------------------
Writing chunk  340 / 389 
Cells:  200 
Genes:  36601 
File:  /beegfs/labs/hulab/projects/mjabin/GeneBridge/data/processed/snrnaseq/sce_DLPFC_annotated/huuki_h5ad_chunks_allgenes_full_maxcells0_chunk200/huuki_allgenes_chunk_0340.h5ad 
------------------------------------------------------------
SCE dimensions [genes x cells]:  36601  x  200 
Reading and transposing  counts ...
AnnData X dimensions [cells x genes]:  200  x  36601 
Reading and transposing layer:  logcounts 
Creating AnnData object...
AnnData dimensions [cells x genes]:  200  x  36601 
Writing H5AD...
Chunk completed successfully.
Chunk size MB:  127.37 

------------------------------------------------------------
Writing chunk  341 / 389 
Cells:  200 
Genes:  36601 
File:  /beegfs/labs/hulab/projects/mjabin/GeneBridge/data/processed/snrnaseq/sce_DLPFC_annotated/huuki_h5ad_chunks_allgenes_full_maxcells0_chunk200/huuki_allgenes_chunk_0341.h5ad 
------------------------------------------------------------
SCE dimensions [genes x cells]:  36601  x  200 
Reading and transposing  counts ...
AnnData X dimensions [cells x genes]:  200  x  36601 
Reading and transposing layer:  logcounts 
Creating AnnData object...
AnnData dimensions [cells x genes]:  200  x  36601 
Writing H5AD...
Chunk completed successfully.
Chunk size MB:  127.37 

------------------------------------------------------------
Writing chunk  342 / 389 
Cells:  200 
Genes:  36601 
File:  /beegfs/labs/hulab/projects/mjabin/GeneBridge/data/processed/snrnaseq/sce_DLPFC_annotated/huuki_h5ad_chunks_allgenes_full_maxcells0_chunk200/huuki_allgenes_chunk_0342.h5ad 
------------------------------------------------------------
SCE dimensions [genes x cells]:  36601  x  200 
Reading and transposing  counts ...
AnnData X dimensions [cells x genes]:  200  x  36601 
Reading and transposing layer:  logcounts 
Creating AnnData object...
AnnData dimensions [cells x genes]:  200  x  36601 
Writing H5AD...
Chunk completed successfully.
Chunk size MB:  127.37 

------------------------------------------------------------
Writing chunk  343 / 389 
Cells:  200 
Genes:  36601 
File:  /beegfs/labs/hulab/projects/mjabin/GeneBridge/data/processed/snrnaseq/sce_DLPFC_annotated/huuki_h5ad_chunks_allgenes_full_maxcells0_chunk200/huuki_allgenes_chunk_0343.h5ad 
------------------------------------------------------------
SCE dimensions [genes x cells]:  36601  x  200 
Reading and transposing  counts ...
AnnData X dimensions [cells x genes]:  200  x  36601 
Reading and transposing layer:  logcounts 
Creating AnnData object...
AnnData dimensions [cells x genes]:  200  x  36601 
Writing H5AD...
Chunk completed successfully.
Chunk size MB:  127.37 

------------------------------------------------------------
Writing chunk  344 / 389 
Cells:  200 
Genes:  36601 
File:  /beegfs/labs/hulab/projects/mjabin/GeneBridge/data/processed/snrnaseq/sce_DLPFC_annotated/huuki_h5ad_chunks_allgenes_full_maxcells0_chunk200/huuki_allgenes_chunk_0344.h5ad 
------------------------------------------------------------
SCE dimensions [genes x cells]:  36601  x  200 
Reading and transposing  counts ...
AnnData X dimensions [cells x genes]:  200  x  36601 
Reading and transposing layer:  logcounts 
Creating AnnData object...
AnnData dimensions [cells x genes]:  200  x  36601 
Writing H5AD...
Chunk completed successfully.
Chunk size MB:  127.37 

------------------------------------------------------------
Writing chunk  345 / 389 
Cells:  200 
Genes:  36601 
File:  /beegfs/labs/hulab/projects/mjabin/GeneBridge/data/processed/snrnaseq/sce_DLPFC_annotated/huuki_h5ad_chunks_allgenes_full_maxcells0_chunk200/huuki_allgenes_chunk_0345.h5ad 
------------------------------------------------------------
SCE dimensions [genes x cells]:  36601  x  200 
Reading and transposing  counts ...
AnnData X dimensions [cells x genes]:  200  x  36601 
Reading and transposing layer:  logcounts 
Creating AnnData object...
AnnData dimensions [cells x genes]:  200  x  36601 
Writing H5AD...
Chunk completed successfully.
Chunk size MB:  127.37 

------------------------------------------------------------
Writing chunk  346 / 389 
Cells:  200 
Genes:  36601 
File:  /beegfs/labs/hulab/projects/mjabin/GeneBridge/data/processed/snrnaseq/sce_DLPFC_annotated/huuki_h5ad_chunks_allgenes_full_maxcells0_chunk200/huuki_allgenes_chunk_0346.h5ad 
------------------------------------------------------------
SCE dimensions [genes x cells]:  36601  x  200 
Reading and transposing  counts ...
AnnData X dimensions [cells x genes]:  200  x  36601 
Reading and transposing layer:  logcounts 
Creating AnnData object...
AnnData dimensions [cells x genes]:  200  x  36601 
Writing H5AD...
Chunk completed successfully.
Chunk size MB:  127.37 

------------------------------------------------------------
Writing chunk  347 / 389 
Cells:  200 
Genes:  36601 
File:  /beegfs/labs/hulab/projects/mjabin/GeneBridge/data/processed/snrnaseq/sce_DLPFC_annotated/huuki_h5ad_chunks_allgenes_full_maxcells0_chunk200/huuki_allgenes_chunk_0347.h5ad 
------------------------------------------------------------
SCE dimensions [genes x cells]:  36601  x  200 
Reading and transposing  counts ...
AnnData X dimensions [cells x genes]:  200  x  36601 
Reading and transposing layer:  logcounts 
Creating AnnData object...
AnnData dimensions [cells x genes]:  200  x  36601 
Writing H5AD...
Chunk completed successfully.
Chunk size MB:  127.37 

------------------------------------------------------------
Writing chunk  348 / 389 
Cells:  200 
Genes:  36601 
File:  /beegfs/labs/hulab/projects/mjabin/GeneBridge/data/processed/snrnaseq/sce_DLPFC_annotated/huuki_h5ad_chunks_allgenes_full_maxcells0_chunk200/huuki_allgenes_chunk_0348.h5ad 
------------------------------------------------------------
SCE dimensions [genes x cells]:  36601  x  200 
Reading and transposing  counts ...
AnnData X dimensions [cells x genes]:  200  x  36601 
Reading and transposing layer:  logcounts 
Creating AnnData object...
AnnData dimensions [cells x genes]:  200  x  36601 
Writing H5AD...
Chunk completed successfully.
Chunk size MB:  127.37 

------------------------------------------------------------
Writing chunk  349 / 389 
Cells:  200 
Genes:  36601 
File:  /beegfs/labs/hulab/projects/mjabin/GeneBridge/data/processed/snrnaseq/sce_DLPFC_annotated/huuki_h5ad_chunks_allgenes_full_maxcells0_chunk200/huuki_allgenes_chunk_0349.h5ad 
------------------------------------------------------------
SCE dimensions [genes x cells]:  36601  x  200 
Reading and transposing  counts ...
AnnData X dimensions [cells x genes]:  200  x  36601 
Reading and transposing layer:  logcounts 
Creating AnnData object...
AnnData dimensions [cells x genes]:  200  x  36601 
Writing H5AD...
Chunk completed successfully.
Chunk size MB:  127.37 

------------------------------------------------------------
Writing chunk  350 / 389 
Cells:  200 
Genes:  36601 
File:  /beegfs/labs/hulab/projects/mjabin/GeneBridge/data/processed/snrnaseq/sce_DLPFC_annotated/huuki_h5ad_chunks_allgenes_full_maxcells0_chunk200/huuki_allgenes_chunk_0350.h5ad 
------------------------------------------------------------
SCE dimensions [genes x cells]:  36601  x  200 
Reading and transposing  counts ...
AnnData X dimensions [cells x genes]:  200  x  36601 
Reading and transposing layer:  logcounts 
Creating AnnData object...
AnnData dimensions [cells x genes]:  200  x  36601 
Writing H5AD...
Chunk completed successfully.
Chunk size MB:  127.37 

------------------------------------------------------------
Writing chunk  351 / 389 
Cells:  200 
Genes:  36601 
File:  /beegfs/labs/hulab/projects/mjabin/GeneBridge/data/processed/snrnaseq/sce_DLPFC_annotated/huuki_h5ad_chunks_allgenes_full_maxcells0_chunk200/huuki_allgenes_chunk_0351.h5ad 
------------------------------------------------------------
SCE dimensions [genes x cells]:  36601  x  200 
Reading and transposing  counts ...
AnnData X dimensions [cells x genes]:  200  x  36601 
Reading and transposing layer:  logcounts 
Creating AnnData object...
AnnData dimensions [cells x genes]:  200  x  36601 
Writing H5AD...
Chunk completed successfully.
Chunk size MB:  127.37 

------------------------------------------------------------
Writing chunk  352 / 389 
Cells:  200 
Genes:  36601 
File:  /beegfs/labs/hulab/projects/mjabin/GeneBridge/data/processed/snrnaseq/sce_DLPFC_annotated/huuki_h5ad_chunks_allgenes_full_maxcells0_chunk200/huuki_allgenes_chunk_0352.h5ad 
------------------------------------------------------------
SCE dimensions [genes x cells]:  36601  x  200 
Reading and transposing  counts ...
AnnData X dimensions [cells x genes]:  200  x  36601 
Reading and transposing layer:  logcounts 
Creating AnnData object...
AnnData dimensions [cells x genes]:  200  x  36601 
Writing H5AD...
Chunk completed successfully.
Chunk size MB:  127.37 

------------------------------------------------------------
Writing chunk  353 / 389 
Cells:  200 
Genes:  36601 
File:  /beegfs/labs/hulab/projects/mjabin/GeneBridge/data/processed/snrnaseq/sce_DLPFC_annotated/huuki_h5ad_chunks_allgenes_full_maxcells0_chunk200/huuki_allgenes_chunk_0353.h5ad 
------------------------------------------------------------
SCE dimensions [genes x cells]:  36601  x  200 
Reading and transposing  counts ...
AnnData X dimensions [cells x genes]:  200  x  36601 
Reading and transposing layer:  logcounts 
Creating AnnData object...
AnnData dimensions [cells x genes]:  200  x  36601 
Writing H5AD...
Chunk completed successfully.
Chunk size MB:  127.37 

------------------------------------------------------------
Writing chunk  354 / 389 
Cells:  200 
Genes:  36601 
File:  /beegfs/labs/hulab/projects/mjabin/GeneBridge/data/processed/snrnaseq/sce_DLPFC_annotated/huuki_h5ad_chunks_allgenes_full_maxcells0_chunk200/huuki_allgenes_chunk_0354.h5ad 
------------------------------------------------------------
SCE dimensions [genes x cells]:  36601  x  200 
Reading and transposing  counts ...
AnnData X dimensions [cells x genes]:  200  x  36601 
Reading and transposing layer:  logcounts 
Creating AnnData object...
AnnData dimensions [cells x genes]:  200  x  36601 
Writing H5AD...
Chunk completed successfully.
Chunk size MB:  127.37 

------------------------------------------------------------
Writing chunk  355 / 389 
Cells:  200 
Genes:  36601 
File:  /beegfs/labs/hulab/projects/mjabin/GeneBridge/data/processed/snrnaseq/sce_DLPFC_annotated/huuki_h5ad_chunks_allgenes_full_maxcells0_chunk200/huuki_allgenes_chunk_0355.h5ad 
------------------------------------------------------------
SCE dimensions [genes x cells]:  36601  x  200 
Reading and transposing  counts ...
AnnData X dimensions [cells x genes]:  200  x  36601 
Reading and transposing layer:  logcounts 
Creating AnnData object...
AnnData dimensions [cells x genes]:  200  x  36601 
Writing H5AD...
Chunk completed successfully.
Chunk size MB:  127.37 

------------------------------------------------------------
Writing chunk  356 / 389 
Cells:  200 
Genes:  36601 
File:  /beegfs/labs/hulab/projects/mjabin/GeneBridge/data/processed/snrnaseq/sce_DLPFC_annotated/huuki_h5ad_chunks_allgenes_full_maxcells0_chunk200/huuki_allgenes_chunk_0356.h5ad 
------------------------------------------------------------
SCE dimensions [genes x cells]:  36601  x  200 
Reading and transposing  counts ...
AnnData X dimensions [cells x genes]:  200  x  36601 
Reading and transposing layer:  logcounts 
Creating AnnData object...
AnnData dimensions [cells x genes]:  200  x  36601 
Writing H5AD...
Chunk completed successfully.
Chunk size MB:  127.37 

------------------------------------------------------------
Writing chunk  357 / 389 
Cells:  200 
Genes:  36601 
File:  /beegfs/labs/hulab/projects/mjabin/GeneBridge/data/processed/snrnaseq/sce_DLPFC_annotated/huuki_h5ad_chunks_allgenes_full_maxcells0_chunk200/huuki_allgenes_chunk_0357.h5ad 
------------------------------------------------------------
SCE dimensions [genes x cells]:  36601  x  200 
Reading and transposing  counts ...
AnnData X dimensions [cells x genes]:  200  x  36601 
Reading and transposing layer:  logcounts 
Creating AnnData object...
AnnData dimensions [cells x genes]:  200  x  36601 
Writing H5AD...
Chunk completed successfully.
Chunk size MB:  127.37 

------------------------------------------------------------
Writing chunk  358 / 389 
Cells:  200 
Genes:  36601 
File:  /beegfs/labs/hulab/projects/mjabin/GeneBridge/data/processed/snrnaseq/sce_DLPFC_annotated/huuki_h5ad_chunks_allgenes_full_maxcells0_chunk200/huuki_allgenes_chunk_0358.h5ad 
------------------------------------------------------------
SCE dimensions [genes x cells]:  36601  x  200 
Reading and transposing  counts ...
AnnData X dimensions [cells x genes]:  200  x  36601 
Reading and transposing layer:  logcounts 
Creating AnnData object...
AnnData dimensions [cells x genes]:  200  x  36601 
Writing H5AD...
Chunk completed successfully.
Chunk size MB:  127.37 

------------------------------------------------------------
Writing chunk  359 / 389 
Cells:  200 
Genes:  36601 
File:  /beegfs/labs/hulab/projects/mjabin/GeneBridge/data/processed/snrnaseq/sce_DLPFC_annotated/huuki_h5ad_chunks_allgenes_full_maxcells0_chunk200/huuki_allgenes_chunk_0359.h5ad 
------------------------------------------------------------
SCE dimensions [genes x cells]:  36601  x  200 
Reading and transposing  counts ...
AnnData X dimensions [cells x genes]:  200  x  36601 
Reading and transposing layer:  logcounts 
Creating AnnData object...
AnnData dimensions [cells x genes]:  200  x  36601 
Writing H5AD...
Chunk completed successfully.
Chunk size MB:  127.37 

------------------------------------------------------------
Writing chunk  360 / 389 
Cells:  200 
Genes:  36601 
File:  /beegfs/labs/hulab/projects/mjabin/GeneBridge/data/processed/snrnaseq/sce_DLPFC_annotated/huuki_h5ad_chunks_allgenes_full_maxcells0_chunk200/huuki_allgenes_chunk_0360.h5ad 
------------------------------------------------------------
SCE dimensions [genes x cells]:  36601  x  200 
Reading and transposing  counts ...
AnnData X dimensions [cells x genes]:  200  x  36601 
Reading and transposing layer:  logcounts 
Creating AnnData object...
AnnData dimensions [cells x genes]:  200  x  36601 
Writing H5AD...
Chunk completed successfully.
Chunk size MB:  127.37 

------------------------------------------------------------
Writing chunk  361 / 389 
Cells:  200 
Genes:  36601 
File:  /beegfs/labs/hulab/projects/mjabin/GeneBridge/data/processed/snrnaseq/sce_DLPFC_annotated/huuki_h5ad_chunks_allgenes_full_maxcells0_chunk200/huuki_allgenes_chunk_0361.h5ad 
------------------------------------------------------------
SCE dimensions [genes x cells]:  36601  x  200 
Reading and transposing  counts ...
AnnData X dimensions [cells x genes]:  200  x  36601 
Reading and transposing layer:  logcounts 
Creating AnnData object...
AnnData dimensions [cells x genes]:  200  x  36601 
Writing H5AD...
Chunk completed successfully.
Chunk size MB:  127.37 

------------------------------------------------------------
Writing chunk  362 / 389 
Cells:  200 
Genes:  36601 
File:  /beegfs/labs/hulab/projects/mjabin/GeneBridge/data/processed/snrnaseq/sce_DLPFC_annotated/huuki_h5ad_chunks_allgenes_full_maxcells0_chunk200/huuki_allgenes_chunk_0362.h5ad 
------------------------------------------------------------
SCE dimensions [genes x cells]:  36601  x  200 
Reading and transposing  counts ...
AnnData X dimensions [cells x genes]:  200  x  36601 
Reading and transposing layer:  logcounts 
Creating AnnData object...
AnnData dimensions [cells x genes]:  200  x  36601 
Writing H5AD...
Chunk completed successfully.
Chunk size MB:  127.37 

------------------------------------------------------------
Writing chunk  363 / 389 
Cells:  200 
Genes:  36601 
File:  /beegfs/labs/hulab/projects/mjabin/GeneBridge/data/processed/snrnaseq/sce_DLPFC_annotated/huuki_h5ad_chunks_allgenes_full_maxcells0_chunk200/huuki_allgenes_chunk_0363.h5ad 
------------------------------------------------------------
SCE dimensions [genes x cells]:  36601  x  200 
Reading and transposing  counts ...
AnnData X dimensions [cells x genes]:  200  x  36601 
Reading and transposing layer:  logcounts 
Creating AnnData object...
AnnData dimensions [cells x genes]:  200  x  36601 
Writing H5AD...
Chunk completed successfully.
Chunk size MB:  127.37 

------------------------------------------------------------
Writing chunk  364 / 389 
Cells:  200 
Genes:  36601 
File:  /beegfs/labs/hulab/projects/mjabin/GeneBridge/data/processed/snrnaseq/sce_DLPFC_annotated/huuki_h5ad_chunks_allgenes_full_maxcells0_chunk200/huuki_allgenes_chunk_0364.h5ad 
------------------------------------------------------------
SCE dimensions [genes x cells]:  36601  x  200 
Reading and transposing  counts ...
AnnData X dimensions [cells x genes]:  200  x  36601 
Reading and transposing layer:  logcounts 
Creating AnnData object...
AnnData dimensions [cells x genes]:  200  x  36601 
Writing H5AD...
Chunk completed successfully.
Chunk size MB:  127.37 

------------------------------------------------------------
Writing chunk  365 / 389 
Cells:  200 
Genes:  36601 
File:  /beegfs/labs/hulab/projects/mjabin/GeneBridge/data/processed/snrnaseq/sce_DLPFC_annotated/huuki_h5ad_chunks_allgenes_full_maxcells0_chunk200/huuki_allgenes_chunk_0365.h5ad 
------------------------------------------------------------
SCE dimensions [genes x cells]:  36601  x  200 
Reading and transposing  counts ...
AnnData X dimensions [cells x genes]:  200  x  36601 
Reading and transposing layer:  logcounts 
Creating AnnData object...
AnnData dimensions [cells x genes]:  200  x  36601 
Writing H5AD...
Chunk completed successfully.
Chunk size MB:  127.37 

------------------------------------------------------------
Writing chunk  366 / 389 
Cells:  200 
Genes:  36601 
File:  /beegfs/labs/hulab/projects/mjabin/GeneBridge/data/processed/snrnaseq/sce_DLPFC_annotated/huuki_h5ad_chunks_allgenes_full_maxcells0_chunk200/huuki_allgenes_chunk_0366.h5ad 
------------------------------------------------------------
SCE dimensions [genes x cells]:  36601  x  200 
Reading and transposing  counts ...
AnnData X dimensions [cells x genes]:  200  x  36601 
Reading and transposing layer:  logcounts 
Creating AnnData object...
AnnData dimensions [cells x genes]:  200  x  36601 
Writing H5AD...
Chunk completed successfully.
Chunk size MB:  127.37 

------------------------------------------------------------
Writing chunk  367 / 389 
Cells:  200 
Genes:  36601 
File:  /beegfs/labs/hulab/projects/mjabin/GeneBridge/data/processed/snrnaseq/sce_DLPFC_annotated/huuki_h5ad_chunks_allgenes_full_maxcells0_chunk200/huuki_allgenes_chunk_0367.h5ad 
------------------------------------------------------------
SCE dimensions [genes x cells]:  36601  x  200 
Reading and transposing  counts ...
AnnData X dimensions [cells x genes]:  200  x  36601 
Reading and transposing layer:  logcounts 
Creating AnnData object...
AnnData dimensions [cells x genes]:  200  x  36601 
Writing H5AD...
Chunk completed successfully.
Chunk size MB:  127.37 

------------------------------------------------------------
Writing chunk  368 / 389 
Cells:  200 
Genes:  36601 
File:  /beegfs/labs/hulab/projects/mjabin/GeneBridge/data/processed/snrnaseq/sce_DLPFC_annotated/huuki_h5ad_chunks_allgenes_full_maxcells0_chunk200/huuki_allgenes_chunk_0368.h5ad 
------------------------------------------------------------
SCE dimensions [genes x cells]:  36601  x  200 
Reading and transposing  counts ...
AnnData X dimensions [cells x genes]:  200  x  36601 
Reading and transposing layer:  logcounts 
Creating AnnData object...
AnnData dimensions [cells x genes]:  200  x  36601 
Writing H5AD...
Chunk completed successfully.
Chunk size MB:  127.37 

------------------------------------------------------------
Writing chunk  369 / 389 
Cells:  200 
Genes:  36601 
File:  /beegfs/labs/hulab/projects/mjabin/GeneBridge/data/processed/snrnaseq/sce_DLPFC_annotated/huuki_h5ad_chunks_allgenes_full_maxcells0_chunk200/huuki_allgenes_chunk_0369.h5ad 
------------------------------------------------------------
SCE dimensions [genes x cells]:  36601  x  200 
Reading and transposing  counts ...
AnnData X dimensions [cells x genes]:  200  x  36601 
Reading and transposing layer:  logcounts 
Creating AnnData object...
AnnData dimensions [cells x genes]:  200  x  36601 
Writing H5AD...
Chunk completed successfully.
Chunk size MB:  127.37 

------------------------------------------------------------
Writing chunk  370 / 389 
Cells:  200 
Genes:  36601 
File:  /beegfs/labs/hulab/projects/mjabin/GeneBridge/data/processed/snrnaseq/sce_DLPFC_annotated/huuki_h5ad_chunks_allgenes_full_maxcells0_chunk200/huuki_allgenes_chunk_0370.h5ad 
------------------------------------------------------------
SCE dimensions [genes x cells]:  36601  x  200 
Reading and transposing  counts ...
AnnData X dimensions [cells x genes]:  200  x  36601 
Reading and transposing layer:  logcounts 
Creating AnnData object...
AnnData dimensions [cells x genes]:  200  x  36601 
Writing H5AD...
Chunk completed successfully.
Chunk size MB:  127.37 

------------------------------------------------------------
Writing chunk  371 / 389 
Cells:  200 
Genes:  36601 
File:  /beegfs/labs/hulab/projects/mjabin/GeneBridge/data/processed/snrnaseq/sce_DLPFC_annotated/huuki_h5ad_chunks_allgenes_full_maxcells0_chunk200/huuki_allgenes_chunk_0371.h5ad 
------------------------------------------------------------
SCE dimensions [genes x cells]:  36601  x  200 
Reading and transposing  counts ...
AnnData X dimensions [cells x genes]:  200  x  36601 
Reading and transposing layer:  logcounts 
Creating AnnData object...
AnnData dimensions [cells x genes]:  200  x  36601 
Writing H5AD...
Chunk completed successfully.
Chunk size MB:  127.37 

------------------------------------------------------------
Writing chunk  372 / 389 
Cells:  200 
Genes:  36601 
File:  /beegfs/labs/hulab/projects/mjabin/GeneBridge/data/processed/snrnaseq/sce_DLPFC_annotated/huuki_h5ad_chunks_allgenes_full_maxcells0_chunk200/huuki_allgenes_chunk_0372.h5ad 
------------------------------------------------------------
SCE dimensions [genes x cells]:  36601  x  200 
Reading and transposing  counts ...
AnnData X dimensions [cells x genes]:  200  x  36601 
Reading and transposing layer:  logcounts 
Creating AnnData object...
AnnData dimensions [cells x genes]:  200  x  36601 
Writing H5AD...
Chunk completed successfully.
Chunk size MB:  127.37 

------------------------------------------------------------
Writing chunk  373 / 389 
Cells:  200 
Genes:  36601 
File:  /beegfs/labs/hulab/projects/mjabin/GeneBridge/data/processed/snrnaseq/sce_DLPFC_annotated/huuki_h5ad_chunks_allgenes_full_maxcells0_chunk200/huuki_allgenes_chunk_0373.h5ad 
------------------------------------------------------------
SCE dimensions [genes x cells]:  36601  x  200 
Reading and transposing  counts ...
AnnData X dimensions [cells x genes]:  200  x  36601 
Reading and transposing layer:  logcounts 
Creating AnnData object...
AnnData dimensions [cells x genes]:  200  x  36601 
Writing H5AD...
Chunk completed successfully.
Chunk size MB:  127.37 

------------------------------------------------------------
Writing chunk  374 / 389 
Cells:  200 
Genes:  36601 
File:  /beegfs/labs/hulab/projects/mjabin/GeneBridge/data/processed/snrnaseq/sce_DLPFC_annotated/huuki_h5ad_chunks_allgenes_full_maxcells0_chunk200/huuki_allgenes_chunk_0374.h5ad 
------------------------------------------------------------
SCE dimensions [genes x cells]:  36601  x  200 
Reading and transposing  counts ...
AnnData X dimensions [cells x genes]:  200  x  36601 
Reading and transposing layer:  logcounts 
Creating AnnData object...
AnnData dimensions [cells x genes]:  200  x  36601 
Writing H5AD...
Chunk completed successfully.
Chunk size MB:  127.37 

------------------------------------------------------------
Writing chunk  375 / 389 
Cells:  200 
Genes:  36601 
File:  /beegfs/labs/hulab/projects/mjabin/GeneBridge/data/processed/snrnaseq/sce_DLPFC_annotated/huuki_h5ad_chunks_allgenes_full_maxcells0_chunk200/huuki_allgenes_chunk_0375.h5ad 
------------------------------------------------------------
SCE dimensions [genes x cells]:  36601  x  200 
Reading and transposing  counts ...
AnnData X dimensions [cells x genes]:  200  x  36601 
Reading and transposing layer:  logcounts 
Creating AnnData object...
AnnData dimensions [cells x genes]:  200  x  36601 
Writing H5AD...
Chunk completed successfully.
Chunk size MB:  127.37 

------------------------------------------------------------
Writing chunk  376 / 389 
Cells:  200 
Genes:  36601 
File:  /beegfs/labs/hulab/projects/mjabin/GeneBridge/data/processed/snrnaseq/sce_DLPFC_annotated/huuki_h5ad_chunks_allgenes_full_maxcells0_chunk200/huuki_allgenes_chunk_0376.h5ad 
------------------------------------------------------------
SCE dimensions [genes x cells]:  36601  x  200 
Reading and transposing  counts ...
AnnData X dimensions [cells x genes]:  200  x  36601 
Reading and transposing layer:  logcounts 
Creating AnnData object...
AnnData dimensions [cells x genes]:  200  x  36601 
Writing H5AD...
Chunk completed successfully.
Chunk size MB:  127.37 

------------------------------------------------------------
Writing chunk  377 / 389 
Cells:  200 
Genes:  36601 
File:  /beegfs/labs/hulab/projects/mjabin/GeneBridge/data/processed/snrnaseq/sce_DLPFC_annotated/huuki_h5ad_chunks_allgenes_full_maxcells0_chunk200/huuki_allgenes_chunk_0377.h5ad 
------------------------------------------------------------
SCE dimensions [genes x cells]:  36601  x  200 
Reading and transposing  counts ...
AnnData X dimensions [cells x genes]:  200  x  36601 
Reading and transposing layer:  logcounts 
Creating AnnData object...
AnnData dimensions [cells x genes]:  200  x  36601 
Writing H5AD...
Chunk completed successfully.
Chunk size MB:  127.37 

------------------------------------------------------------
Writing chunk  378 / 389 
Cells:  200 
Genes:  36601 
File:  /beegfs/labs/hulab/projects/mjabin/GeneBridge/data/processed/snrnaseq/sce_DLPFC_annotated/huuki_h5ad_chunks_allgenes_full_maxcells0_chunk200/huuki_allgenes_chunk_0378.h5ad 
------------------------------------------------------------
SCE dimensions [genes x cells]:  36601  x  200 
Reading and transposing  counts ...
AnnData X dimensions [cells x genes]:  200  x  36601 
Reading and transposing layer:  logcounts 
Creating AnnData object...
AnnData dimensions [cells x genes]:  200  x  36601 
Writing H5AD...
Chunk completed successfully.
Chunk size MB:  127.37 

------------------------------------------------------------
Writing chunk  379 / 389 
Cells:  200 
Genes:  36601 
File:  /beegfs/labs/hulab/projects/mjabin/GeneBridge/data/processed/snrnaseq/sce_DLPFC_annotated/huuki_h5ad_chunks_allgenes_full_maxcells0_chunk200/huuki_allgenes_chunk_0379.h5ad 
------------------------------------------------------------
SCE dimensions [genes x cells]:  36601  x  200 
Reading and transposing  counts ...
AnnData X dimensions [cells x genes]:  200  x  36601 
Reading and transposing layer:  logcounts 
Creating AnnData object...
AnnData dimensions [cells x genes]:  200  x  36601 
Writing H5AD...
Chunk completed successfully.
Chunk size MB:  127.37 

------------------------------------------------------------
Writing chunk  380 / 389 
Cells:  200 
Genes:  36601 
File:  /beegfs/labs/hulab/projects/mjabin/GeneBridge/data/processed/snrnaseq/sce_DLPFC_annotated/huuki_h5ad_chunks_allgenes_full_maxcells0_chunk200/huuki_allgenes_chunk_0380.h5ad 
------------------------------------------------------------
SCE dimensions [genes x cells]:  36601  x  200 
Reading and transposing  counts ...
AnnData X dimensions [cells x genes]:  200  x  36601 
Reading and transposing layer:  logcounts 
Creating AnnData object...
AnnData dimensions [cells x genes]:  200  x  36601 
Writing H5AD...
Chunk completed successfully.
Chunk size MB:  127.37 

------------------------------------------------------------
Writing chunk  381 / 389 
Cells:  200 
Genes:  36601 
File:  /beegfs/labs/hulab/projects/mjabin/GeneBridge/data/processed/snrnaseq/sce_DLPFC_annotated/huuki_h5ad_chunks_allgenes_full_maxcells0_chunk200/huuki_allgenes_chunk_0381.h5ad 
------------------------------------------------------------
SCE dimensions [genes x cells]:  36601  x  200 
Reading and transposing  counts ...
AnnData X dimensions [cells x genes]:  200  x  36601 
Reading and transposing layer:  logcounts 
Creating AnnData object...
AnnData dimensions [cells x genes]:  200  x  36601 
Writing H5AD...
Chunk completed successfully.
Chunk size MB:  127.37 

------------------------------------------------------------
Writing chunk  382 / 389 
Cells:  200 
Genes:  36601 
File:  /beegfs/labs/hulab/projects/mjabin/GeneBridge/data/processed/snrnaseq/sce_DLPFC_annotated/huuki_h5ad_chunks_allgenes_full_maxcells0_chunk200/huuki_allgenes_chunk_0382.h5ad 
------------------------------------------------------------
SCE dimensions [genes x cells]:  36601  x  200 
Reading and transposing  counts ...
AnnData X dimensions [cells x genes]:  200  x  36601 
Reading and transposing layer:  logcounts 
Creating AnnData object...
AnnData dimensions [cells x genes]:  200  x  36601 
Writing H5AD...
Chunk completed successfully.
Chunk size MB:  127.37 

------------------------------------------------------------
Writing chunk  383 / 389 
Cells:  200 
Genes:  36601 
File:  /beegfs/labs/hulab/projects/mjabin/GeneBridge/data/processed/snrnaseq/sce_DLPFC_annotated/huuki_h5ad_chunks_allgenes_full_maxcells0_chunk200/huuki_allgenes_chunk_0383.h5ad 
------------------------------------------------------------
SCE dimensions [genes x cells]:  36601  x  200 
Reading and transposing  counts ...
AnnData X dimensions [cells x genes]:  200  x  36601 
Reading and transposing layer:  logcounts 
Creating AnnData object...
AnnData dimensions [cells x genes]:  200  x  36601 
Writing H5AD...
Chunk completed successfully.
Chunk size MB:  127.37 

------------------------------------------------------------
Writing chunk  384 / 389 
Cells:  200 
Genes:  36601 
File:  /beegfs/labs/hulab/projects/mjabin/GeneBridge/data/processed/snrnaseq/sce_DLPFC_annotated/huuki_h5ad_chunks_allgenes_full_maxcells0_chunk200/huuki_allgenes_chunk_0384.h5ad 
------------------------------------------------------------
SCE dimensions [genes x cells]:  36601  x  200 
Reading and transposing  counts ...
AnnData X dimensions [cells x genes]:  200  x  36601 
Reading and transposing layer:  logcounts 
Creating AnnData object...
AnnData dimensions [cells x genes]:  200  x  36601 
Writing H5AD...
Chunk completed successfully.
Chunk size MB:  127.37 

------------------------------------------------------------
Writing chunk  385 / 389 
Cells:  200 
Genes:  36601 
File:  /beegfs/labs/hulab/projects/mjabin/GeneBridge/data/processed/snrnaseq/sce_DLPFC_annotated/huuki_h5ad_chunks_allgenes_full_maxcells0_chunk200/huuki_allgenes_chunk_0385.h5ad 
------------------------------------------------------------
SCE dimensions [genes x cells]:  36601  x  200 
Reading and transposing  counts ...
AnnData X dimensions [cells x genes]:  200  x  36601 
Reading and transposing layer:  logcounts 
Creating AnnData object...
AnnData dimensions [cells x genes]:  200  x  36601 
Writing H5AD...
Chunk completed successfully.
Chunk size MB:  127.37 

------------------------------------------------------------
Writing chunk  386 / 389 
Cells:  200 
Genes:  36601 
File:  /beegfs/labs/hulab/projects/mjabin/GeneBridge/data/processed/snrnaseq/sce_DLPFC_annotated/huuki_h5ad_chunks_allgenes_full_maxcells0_chunk200/huuki_allgenes_chunk_0386.h5ad 
------------------------------------------------------------
SCE dimensions [genes x cells]:  36601  x  200 
Reading and transposing  counts ...
AnnData X dimensions [cells x genes]:  200  x  36601 
Reading and transposing layer:  logcounts 
Creating AnnData object...
AnnData dimensions [cells x genes]:  200  x  36601 
Writing H5AD...
Chunk completed successfully.
Chunk size MB:  127.37 

------------------------------------------------------------
Writing chunk  387 / 389 
Cells:  200 
Genes:  36601 
File:  /beegfs/labs/hulab/projects/mjabin/GeneBridge/data/processed/snrnaseq/sce_DLPFC_annotated/huuki_h5ad_chunks_allgenes_full_maxcells0_chunk200/huuki_allgenes_chunk_0387.h5ad 
------------------------------------------------------------
SCE dimensions [genes x cells]:  36601  x  200 
Reading and transposing  counts ...
AnnData X dimensions [cells x genes]:  200  x  36601 
Reading and transposing layer:  logcounts 
Creating AnnData object...
AnnData dimensions [cells x genes]:  200  x  36601 
Writing H5AD...
Chunk completed successfully.
Chunk size MB:  127.37 

------------------------------------------------------------
Writing chunk  388 / 389 
Cells:  200 
Genes:  36601 
File:  /beegfs/labs/hulab/projects/mjabin/GeneBridge/data/processed/snrnaseq/sce_DLPFC_annotated/huuki_h5ad_chunks_allgenes_full_maxcells0_chunk200/huuki_allgenes_chunk_0388.h5ad 
------------------------------------------------------------
SCE dimensions [genes x cells]:  36601  x  200 
Reading and transposing  counts ...
AnnData X dimensions [cells x genes]:  200  x  36601 
Reading and transposing layer:  logcounts 
Creating AnnData object...
AnnData dimensions [cells x genes]:  200  x  36601 
Writing H5AD...
Chunk completed successfully.
Chunk size MB:  127.37 

------------------------------------------------------------
Writing chunk  389 / 389 
Cells:  4 
Genes:  36601 
File:  /beegfs/labs/hulab/projects/mjabin/GeneBridge/data/processed/snrnaseq/sce_DLPFC_annotated/huuki_h5ad_chunks_allgenes_full_maxcells0_chunk200/huuki_allgenes_chunk_0389.h5ad 
------------------------------------------------------------
SCE dimensions [genes x cells]:  36601  x  4 
Reading and transposing  counts ...
AnnData X dimensions [cells x genes]:  4  x  36601 
Reading and transposing layer:  logcounts 
Creating AnnData object...
AnnData dimensions [cells x genes]:  4  x  36601 
Writing H5AD...
Chunk completed successfully.
Chunk size MB:  12.46 

============================================================
DONE writing all H5AD chunks.
============================================================
Total chunks:  389 
Total cells:  77604 
Genes per chunk:  36601 
AnnData X:  counts 
AnnData layers:  logcounts 
Manifest:  /beegfs/labs/hulab/projects/mjabin/GeneBridge/data/processed/snrnaseq/sce_DLPFC_annotated/huuki_h5ad_chunks_allgenes_full_maxcells0_chunk200/chunk_manifest.csv 
Output directory:  /beegfs/labs/hulab/projects/mjabin/GeneBridge/data/processed/snrnaseq/sce_DLPFC_annotated/huuki_h5ad_chunks_allgenes_full_maxcells0_chunk200 

Conversion completed successfully.

========================================
Completed successfully
Finished: Thu Jul 23 15:17:20 EDT 2026
========================================
